UPA,CD_MUN,AAA,GG,S,n_setores,DPPO,renda_media,renda_mediana,estrato_geografico,atinge_minimo,renda_imputada,absorvida_de,E,Estrato_reconstruido
2211001_1_013,2211001,221,00,1,1,166,974.46,800,221001,TRUE,FALSE,NA,1,2210011
2211001_1_011,2211001,221,00,1,1,144,985.39,1200,221001,TRUE,FALSE,NA,1,2210011
2211001_1_269,2211001,221,00,1,1,341,995.99,1000,221001,TRUE,FALSE,NA,1,2210011
2211001_1_887,2211001,221,00,1,1,171,1014.1900000000002,1200,221001,TRUE,FALSE,NA,1,2210011
2211001_1_009,2211001,221,00,1,1,159,1056.56,825,221001,TRUE,FALSE,NA,1,2210011
2211001_1_898,2211001,221,00,1,1,181,1067.93,1200,221001,TRUE,FALSE,NA,1,2210011
2211001_1_781,2211001,221,00,1,1,155,1073.49,1000,221001,TRUE,FALSE,NA,1,2210011
2211001_1_929,2211001,221,00,1,1,104,1076.56,1112,221001,TRUE,FALSE,NA,1,2210011
2211001_1_001,2211001,221,00,1,1,162,1082.77,1200,221001,TRUE,FALSE,NA,1,2210011
2211001_1_002,2211001,221,00,1,1,177,1094.28,1212,221001,TRUE,FALSE,NA,1,2210011
2211001_1_890,2211001,221,00,1,1,160,1101.28,1212,221001,TRUE,FALSE,NA,1,2210011
2211001_1_004,2211001,221,00,1,1,213,1126.42,1212,221001,TRUE,FALSE,NA,1,2210011
2211001_1_012,2211001,221,00,1,1,116,1130.85,1212,221001,TRUE,FALSE,NA,1,2210011
2211001_1_841,2211001,221,00,1,1,181,1132.33,1212,221001,TRUE,FALSE,NA,1,2210011
2211001_1_005,2211001,221,00,1,1,197,1134.28,1212,221001,TRUE,FALSE,NA,1,2210011
2211001_1_847,2211001,221,00,1,1,186,1148.74,1212,221001,TRUE,FALSE,NA,1,2210011
2211001_1_462,2211001,221,00,1,1,238,1157.25,1212,221001,TRUE,FALSE,NA,1,2210011
2211001_1_883,2211001,221,00,1,1,108,1158.75,1212,221001,TRUE,FALSE,NA,1,2210011
2211001_1_900,2211001,221,00,1,1,137,1163.34,1200,221001,TRUE,FALSE,NA,1,2210011
2211001_1_839,2211001,221,00,1,1,303,1166.22,1212,221001,TRUE,FALSE,NA,1,2210011
2211001_1_899,2211001,221,00,1,1,119,1166.72,1212,221001,TRUE,FALSE,NA,1,2210011
2211001_1_528,2211001,221,00,1,1,164,1168.39,1212,221001,TRUE,FALSE,NA,1,2210011
2211001_1_519,2211001,221,00,1,1,211,1175.44,1200,221001,TRUE,FALSE,NA,1,2210011
2211001_1_017,2211001,221,00,1,1,162,1179.5,1000,221001,TRUE,FALSE,NA,1,2210011
2211001_1_848,2211001,221,00,1,1,223,1183.85,1200,221001,TRUE,FALSE,NA,1,2210011
2211001_1_460,2211001,221,00,1,1,319,1187.61,1212,221001,TRUE,FALSE,NA,1,2210011
2211001_1_496,2211001,221,00,1,1,259,1192.32,1200,221001,TRUE,FALSE,NA,1,2210011
2211001_1_020,2211001,221,00,1,1,93,1198.01,1206,221001,TRUE,FALSE,NA,1,2210011
2211001_1_911,2211001,221,00,1,1,202,1208.13,1212,221001,TRUE,FALSE,NA,1,2210011
2211001_1_533,2211001,221,00,1,1,208,1215.66,1212,221001,TRUE,FALSE,NA,1,2210011
2211001_1_919,2211001,221,00,1,1,158,1221.87,1212,221001,TRUE,FALSE,NA,1,2210011
2211001_1_003,2211001,221,00,1,1,185,1222.72,1210,221001,TRUE,FALSE,NA,1,2210011
2211001_1_882,2211001,221,00,1,1,181,1224.75,1212,221001,TRUE,FALSE,NA,1,2210011
2211001_1_435,2211001,221,00,1,1,259,1226.55,1200,221001,TRUE,FALSE,NA,1,2210011
2211001_1_015,2211001,221,00,1,1,102,1230.24,1212,221001,TRUE,FALSE,NA,1,2210011
2211001_1_527,2211001,221,00,1,1,167,1239.64,1200,221001,TRUE,FALSE,NA,1,2210011
2211001_1_889,2211001,221,00,1,1,146,1241.96,1212,221001,TRUE,FALSE,NA,1,2210011
2211001_1_881,2211001,221,00,1,1,195,1248.88,1212,221001,TRUE,FALSE,NA,1,2210011
2211001_1_844,2211001,221,00,1,1,213,1252.68,1212,221001,TRUE,FALSE,NA,1,2210011
2211001_1_879,2211001,221,00,1,2,213,1253.7423943661972,1212,221001,TRUE,FALSE,NA,1,2210011
2211001_1_891,2211001,221,00,1,1,175,1261.4,1200,221001,TRUE,FALSE,NA,1,2210011
2211001_1_850,2211001,221,00,1,1,171,1262.66,1200,221001,TRUE,FALSE,NA,1,2210011
2211001_1_006,2211001,221,00,1,1,123,1264.68,1212,221001,TRUE,FALSE,NA,1,2210011
2211001_1_897,2211001,221,00,1,1,275,1265.78,1212,221001,TRUE,FALSE,NA,1,2210011
2211001_1_763,2211001,221,00,1,1,139,1268.14,1212,221001,TRUE,FALSE,NA,1,2210011
2211001_1_458,2211001,221,00,1,1,294,1271.39,1212,221001,TRUE,FALSE,NA,1,2210011
2211001_1_849,2211001,221,00,1,1,127,1272.6,1212,221001,TRUE,FALSE,NA,1,2210011
2211001_1_537,2211001,221,00,1,1,199,1273.72,1212,221001,TRUE,FALSE,NA,1,2210011
2211001_1_595,2211001,221,00,1,1,182,1273.77,1212,221001,TRUE,FALSE,NA,1,2210011
2211001_1_833,2211001,221,00,1,1,299,1275.1,1212,221001,TRUE,FALSE,NA,1,2210011
2211001_1_654,2211001,221,00,1,1,205,1275.79,1200,221001,TRUE,FALSE,NA,1,2210011
2211001_1_518,2211001,221,00,1,1,217,1284.12,1212,221001,TRUE,FALSE,NA,1,2210011
2211001_1_880,2211001,221,00,1,1,176,1289.88,1212,221001,TRUE,FALSE,NA,1,2210011
2211001_1_631,2211001,221,00,1,1,90,1290.92,1212,221001,TRUE,FALSE,NA,1,2210011
2211001_1_846,2211001,221,00,1,4,113,1291.77,1212,221001,TRUE,FALSE,NA,1,2210011
2211001_1_066,2211001,221,00,1,1,194,1292.71,1212,221001,TRUE,FALSE,NA,1,2210011
2211001_1_014,2211001,221,00,1,1,145,1293.36,1212,221001,TRUE,FALSE,NA,1,2210011
2211001_1_396,2211001,221,00,1,1,197,1293.43,1212,221001,TRUE,FALSE,NA,1,2210011
2211001_1_843,2211001,221,00,1,1,210,1297.25,1212,221001,TRUE,FALSE,NA,1,2210011
2211001_1_521,2211001,221,00,1,1,230,1298.2799999999995,1212,221001,TRUE,FALSE,NA,1,2210011
2211001_1_280,2211001,221,00,1,1,313,1299.37,1212,221001,TRUE,FALSE,NA,1,2210011
2211001_1_372,2211001,221,00,1,1,165,1299.9,1212,221001,TRUE,FALSE,NA,1,2210011
2211001_1_668,2211001,221,00,1,1,196,1304.47,1212,221001,TRUE,FALSE,NA,1,2210011
2211001_1_908,2211001,221,00,1,1,179,1306.31,1212,221001,TRUE,FALSE,NA,1,2210011
2211001_1_917,2211001,221,00,1,1,143,1307.25,1206,221001,TRUE,FALSE,NA,1,2210011
2211001_1_851,2211001,221,00,1,1,171,1307.31,1212,221001,TRUE,FALSE,NA,1,2210011
2211001_1_302,2211001,221,00,1,1,333,1309.28,1212,221001,TRUE,FALSE,NA,1,2210011
2211001_1_482,2211001,221,00,1,3,233,1311.2094849785408,1216.978540772532,221001,TRUE,FALSE,NA,1,2210011
2211001_1_665,2211001,221,00,1,1,294,1313.13,1212,221001,TRUE,FALSE,NA,1,2210011
2211001_1_310,2211001,221,00,1,3,300,1314.9248333333337,1076.6666666666667,221001,TRUE,FALSE,NA,1,2210011
2211001_1_239,2211001,221,00,1,1,260,1317.07,1200,221001,TRUE,FALSE,NA,1,2210011
2211001_1_675,2211001,221,00,1,1,181,1317.9,1210,221001,TRUE,FALSE,NA,1,2210011
2211001_1_789,2211001,221,00,1,1,237,1321.16,1212,221001,TRUE,FALSE,NA,1,2210011
2211001_1_794,2211001,221,00,1,1,142,1327.46,1212,221001,TRUE,FALSE,NA,1,2210011
2211001_1_869,2211001,221,00,1,1,349,1328.19,1212,221001,TRUE,FALSE,NA,1,2210011
2211001_1_726,2211001,221,00,1,1,254,1330.57,1212,221001,TRUE,FALSE,NA,1,2210011
2211001_1_008,2211001,221,00,1,1,216,1336.03,1212,221001,TRUE,FALSE,NA,1,2210011
2211001_1_861,2211001,221,00,1,1,268,1337.58,1212,221001,TRUE,FALSE,NA,1,2210011
2211001_1_457,2211001,221,00,1,1,323,1346.37,1212,221001,TRUE,FALSE,NA,1,2210011
2211001_1_766,2211001,221,00,1,1,184,1346.59,1212,221001,TRUE,FALSE,NA,1,2210011
2211001_1_913,2211001,221,00,1,1,193,1347.64,1200,221001,TRUE,FALSE,NA,1,2210011
2211001_1_921,2211001,221,00,1,1,158,1349.55,1200,221001,TRUE,FALSE,NA,1,2210011
2211001_1_534,2211001,221,00,1,1,250,1350.06,1212,221001,TRUE,FALSE,NA,1,2210011
2211001_1_484,2211001,221,00,1,1,317,1357.57,1212,221001,TRUE,FALSE,NA,1,2210011
2211001_1_459,2211001,221,00,1,1,224,1363.44,1212,221001,TRUE,FALSE,NA,1,2210011
2211001_1_663,2211001,221,00,1,1,124,1368.69,1212,221001,TRUE,FALSE,NA,1,2210011
2211001_1_236,2211001,221,00,1,2,226,1372.160088495575,1212,221001,TRUE,FALSE,NA,1,2210011
2211001_1_615,2211001,221,00,1,1,243,1372.17,1212,221001,TRUE,FALSE,NA,1,2210011
2211001_1_831,2211001,221,00,1,1,174,1379.8,1212,221001,TRUE,FALSE,NA,1,2210011
2211001_1_454,2211001,221,00,1,2,172,1383.32,1212,221001,TRUE,FALSE,NA,1,2210011
2211001_1_294,2211001,221,00,1,2,278,1385.0496043165467,1212,221001,TRUE,FALSE,NA,1,2210011
2211001_1_501,2211001,221,00,1,1,287,1385.12,1212,221001,TRUE,FALSE,NA,1,2210011
2211001_1_395,2211001,221,00,1,1,259,1388.67,1212,221001,TRUE,FALSE,NA,1,2210011
2211001_1_604,2211001,221,00,1,1,216,1390.87,1212,221001,TRUE,FALSE,NA,1,2210011
2211001_1_824,2211001,221,00,1,1,199,1394.2900000000002,1212,221001,TRUE,FALSE,NA,1,2210011
2211001_1_916,2211001,221,00,1,1,173,1398.47,1212,221001,TRUE,FALSE,NA,1,2210011
2211001_1_456,2211001,221,00,1,1,228,1399.7599999999998,1112,221001,TRUE,FALSE,NA,1,2210011
2211001_1_067,2211001,221,00,1,1,149,1400.1,1212,221001,TRUE,FALSE,NA,1,2210011
2211001_1_007,2211001,221,00,1,1,216,1402.67,1212,221001,TRUE,FALSE,NA,1,2210011
2211001_1_276,2211001,221,00,1,1,135,1402.84,1200,221001,TRUE,FALSE,NA,1,2210011
2211001_1_503,2211001,221,00,1,1,272,1404.22,1220,221001,TRUE,FALSE,NA,1,2210011
2211001_1_463,2211001,221,00,1,1,268,1405.51,1212,221001,TRUE,FALSE,NA,1,2210011
2211001_1_888,2211001,221,00,1,1,146,1409.34,1212,221001,TRUE,FALSE,NA,1,2210011
2211001_1_544,2211001,221,00,1,2,152,1415.75,1200,221001,TRUE,FALSE,NA,1,2210011
2211001_1_340,2211001,221,00,1,1,226,1420.12,1212,221001,TRUE,FALSE,NA,1,2210011
2211001_1_465,2211001,221,00,1,1,302,1421.2,1212,221001,TRUE,FALSE,NA,1,2210011
2211001_1_842,2211001,221,00,1,1,192,1421.63,1212,221001,TRUE,FALSE,NA,1,2210011
2211001_1_830,2211001,221,00,1,1,244,1425.63,1212,221001,TRUE,FALSE,NA,1,2210011
2211001_1_779,2211001,221,00,1,1,282,1427.69,1212,221001,TRUE,FALSE,NA,1,2210011
2211001_1_616,2211001,221,00,1,1,362,1433.61,1212,221001,TRUE,FALSE,NA,1,2210011
2211001_1_021,2211001,221,00,1,2,199,1439.1713567839197,1208.2613065326634,221001,TRUE,FALSE,NA,1,2210011
2211001_1_640,2211001,221,00,1,1,155,1441.67,1212,221001,TRUE,FALSE,NA,1,2210011
2211001_1_481,2211001,221,00,1,1,162,1449.89,1200,221001,TRUE,FALSE,NA,1,2210011
2211001_1_371,2211001,221,00,1,1,218,1451.6,1212,221001,TRUE,FALSE,NA,1,2210011
2211001_1_402,2211001,221,00,1,1,226,1452.38,1200,221001,TRUE,FALSE,NA,1,2210011
2211001_1_392,2211001,221,00,1,1,332,1453.87,1212,221001,TRUE,FALSE,NA,1,2210011
2211001_1_923,2211001,221,00,1,1,175,1454.8,1212,221001,TRUE,FALSE,NA,1,2210011
2211001_1_436,2211001,221,00,1,1,345,1457.27,1200,221001,TRUE,FALSE,NA,1,2210011
2211001_1_461,2211001,221,00,1,1,300,1460.98,1212,221001,TRUE,FALSE,NA,1,2210011
2211001_1_403,2211001,221,00,1,1,194,1462.22,1212,221001,TRUE,FALSE,NA,1,2210011
2211001_1_238,2211001,221,00,1,1,253,1463.93,1212,221001,TRUE,FALSE,NA,1,2210011
2211001_1_419,2211001,221,00,1,1,267,1464.3,1212,221001,TRUE,FALSE,NA,1,2210011
2211001_1_594,2211001,221,00,1,1,152,1471.39,1200,221001,TRUE,FALSE,NA,1,2210011
2211001_1_835,2211001,221,00,1,2,126,1473.4666666666665,1212,221001,TRUE,FALSE,NA,1,2210011
2211001_1_464,2211001,221,00,1,1,216,1475.08,1212,221001,TRUE,FALSE,NA,1,2210011
2211001_1_793,2211001,221,00,1,1,140,1475.66,1212,221001,TRUE,FALSE,NA,1,2210011
2211001_1_231,2211001,221,00,1,1,230,1477.4100000000003,1212,221001,TRUE,FALSE,NA,1,2210011
2211001_1_590,2211001,221,00,1,1,102,1480.38,1212,221001,TRUE,FALSE,NA,1,2210011
2211001_1_233,2211001,221,00,1,1,245,1480.67,1200,221001,TRUE,FALSE,NA,1,2210011
2211001_1_575,2211001,221,00,1,1,271,1482.54,1212,221001,TRUE,FALSE,NA,1,2210011
2211001_1_684,2211001,221,00,1,1,188,1482.89,1212,221001,TRUE,FALSE,NA,1,2210011
2211001_1_592,2211001,221,00,1,1,328,1485.86,1200,221001,TRUE,FALSE,NA,1,2210011
2211001_1_473,2211001,221,00,1,1,254,1489.5,1212,221001,TRUE,FALSE,NA,1,2210011
2211001_1_434,2211001,221,00,1,1,196,1494.2899999999995,1200,221001,TRUE,FALSE,NA,1,2210011
2211001_1_612,2211001,221,00,1,1,287,1510.13,1212,221001,TRUE,FALSE,NA,1,2210011
2211001_1_554,2211001,221,00,1,1,178,1511.8399999999997,1212,221001,TRUE,FALSE,NA,1,2210011
2211001_1_920,2211001,221,00,1,1,147,1521.46,1212,221001,TRUE,FALSE,NA,1,2210011
2211001_1_508,2211001,221,00,1,3,174,1521.7237931034483,1204.4827586206898,221001,TRUE,FALSE,NA,1,2210011
2211001_1_906,2211001,221,00,1,1,201,1522.77,1212,221001,TRUE,FALSE,NA,1,2210011
2211001_1_455,2211001,221,00,1,1,207,1527.83,1220,221001,TRUE,FALSE,NA,1,2210011
2211001_1_022,2211001,221,00,1,1,149,1527.9,1212,221001,TRUE,FALSE,NA,1,2210011
2211001_1_918,2211001,221,00,1,1,229,1529.22,1212,221001,TRUE,FALSE,NA,1,2210011
2211001_1_065,2211001,221,00,1,2,145,1532.11,1220,221001,TRUE,FALSE,NA,1,2210011
2211001_1_845,2211001,221,00,1,1,224,1534,1200,221001,TRUE,FALSE,NA,1,2210011
2211001_1_870,2211001,221,00,1,1,191,1534.82,1212,221001,TRUE,FALSE,NA,1,2210011
2211001_1_400,2211001,221,00,1,1,241,1540.71,1212,221001,TRUE,FALSE,NA,1,2210011
2211001_1_795,2211001,221,00,1,1,285,1541.38,1212,221001,TRUE,FALSE,NA,1,2210011
2211001_1_801,2211001,221,00,1,1,178,1545.15,1212,221001,TRUE,FALSE,NA,1,2210011
2211001_1_529,2211001,221,00,1,1,201,1546.68,1212,221001,TRUE,FALSE,NA,1,2210011
2211001_1_671,2211001,221,00,1,1,326,1549.91,1212,221001,TRUE,FALSE,NA,1,2210011
2211001_1_854,2211001,221,00,1,1,253,1549.92,1212,221001,TRUE,FALSE,NA,1,2210011
2211001_1_778,2211001,221,00,1,1,283,1552.14,1212,221001,TRUE,FALSE,NA,1,2210011
2211001_1_259,2211001,221,00,1,1,208,1552.87,1212,221001,TRUE,FALSE,NA,1,2210011
2211001_1_150,2211001,221,00,1,1,182,1553.9,1212,221001,TRUE,FALSE,NA,1,2210011
2211001_1_397,2211001,221,00,1,1,265,1554.14,1212,221001,TRUE,FALSE,NA,1,2210011
2211001_1_491,2211001,221,00,1,1,265,1559.93,1212,221001,TRUE,FALSE,NA,1,2210011
2211001_1_780,2211001,221,00,1,1,277,1562,1212,221001,TRUE,FALSE,NA,1,2210011
2211001_1_389,2211001,221,00,1,1,175,1562.66,1212,221001,TRUE,FALSE,NA,1,2210011
2211001_1_832,2211001,221,00,1,1,263,1568.58,1212,221001,TRUE,FALSE,NA,1,2210011
2211001_1_840,2211001,221,00,1,1,207,1573.24,1212,221001,TRUE,FALSE,NA,1,2210011
2211001_1_922,2211001,221,00,1,1,220,1575.38,1212,221001,TRUE,FALSE,NA,1,2210011
2211001_1_602,2211001,221,00,1,1,346,1576.49,1212,221001,TRUE,FALSE,NA,1,2210011
2211001_1_268,2211001,221,00,1,3,278,1580.382014388489,1212.5935251798562,221001,TRUE,FALSE,NA,1,2210011
2211001_1_475,2211001,221,00,1,1,225,1583.64,1212,221001,TRUE,FALSE,NA,1,2210011
2211001_1_486,2211001,221,00,1,1,269,1583.83,1212,221001,TRUE,FALSE,NA,1,2210011
2211001_1_412,2211001,221,00,1,1,222,1584.73,1212,221001,TRUE,FALSE,NA,1,2210011
2211001_1_286,2211001,221,00,1,1,272,1585.22,1212,221001,TRUE,FALSE,NA,1,2210011
2211001_1_791,2211001,221,00,1,1,209,1590.29,1212,221001,TRUE,FALSE,NA,1,2210011
2211001_1_912,2211001,221,00,1,1,171,1591.0399999999995,1212,221001,TRUE,FALSE,NA,1,2210011
2211001_1_567,2211001,221,00,1,1,300,1598.85,1220,221001,TRUE,FALSE,NA,1,2210011
2211001_1_611,2211001,221,00,1,1,187,1604.51,1212,221001,TRUE,FALSE,NA,1,2210011
2211001_1_292,2211001,221,00,1,1,209,1606.2199999999998,1212,221001,TRUE,FALSE,NA,1,2210011
2211001_1_184,2211001,221,00,1,1,299,1607.79,1212,221001,TRUE,FALSE,NA,1,2210011
2211001_1_792,2211001,221,00,1,1,321,1618.27,1212,221001,TRUE,FALSE,NA,1,2210011
2211001_1_729,2211001,221,00,1,1,160,1619.07,1212,221001,TRUE,FALSE,NA,1,2210011
2211001_1_878,2211001,221,00,1,1,188,1629.88,1212,221001,TRUE,FALSE,NA,1,2210011
2211001_1_488,2211001,221,00,1,1,295,1630.64,1212,221001,TRUE,FALSE,NA,1,2210011
2211001_1_808,2211001,221,00,1,1,168,1635.65,1212,221001,TRUE,FALSE,NA,1,2210011
2211001_1_472,2211001,221,00,1,1,169,1643.96,1212,221001,TRUE,FALSE,NA,1,2210011
2211001_1_483,2211001,221,00,1,1,281,1646.91,1212,221001,TRUE,FALSE,NA,1,2210011
2211001_1_480,2211001,221,00,1,1,189,1650.12,1212,221001,TRUE,FALSE,NA,1,2210011
2211001_1_497,2211001,221,00,1,1,173,1650.12,1212,221001,TRUE,FALSE,NA,1,2210011
2211001_1_520,2211001,221,00,1,1,289,1651.07,1212,221001,TRUE,FALSE,NA,1,2210011
2211001_1_721,2211001,221,00,1,1,174,1652.49,1212,221001,TRUE,FALSE,NA,1,2210011
2211001_1_822,2211001,221,00,1,1,348,1652.67,1212,221001,TRUE,FALSE,NA,1,2210011
2211001_1_510,2211001,221,00,1,1,272,1654.38,1212,221001,TRUE,FALSE,NA,1,2210011
2211001_1_388,2211001,221,00,1,1,279,1657.16,1212,221001,TRUE,FALSE,NA,1,2210011
2211001_1_502,2211001,221,00,1,1,277,1660.51,1212,221001,TRUE,FALSE,NA,1,2210011
2211001_1_788,2211001,221,00,1,1,263,1661.85,1212,221001,TRUE,FALSE,NA,1,2210011
2211001_1_571,2211001,221,00,1,1,179,1663.06,1212,221001,TRUE,FALSE,NA,1,2210011
2211001_1_515,2211001,221,00,1,1,239,1663.48,1200,221001,TRUE,FALSE,NA,1,2210011
2211001_1_196,2211001,221,00,1,1,303,1668.79,1212,221001,TRUE,FALSE,NA,1,2210011
2211001_1_583,2211001,221,00,1,1,323,1671.49,1200,221001,TRUE,FALSE,NA,1,2210011
2211001_1_619,2211001,221,00,1,1,290,1674.59,1212,221001,TRUE,FALSE,NA,1,2210011
2211001_1_171,2211001,221,00,1,1,207,1677.41,1240,221001,TRUE,FALSE,NA,1,2210011
2211001_1_584,2211001,221,00,1,1,313,1677.9399999999998,1212,221001,TRUE,FALSE,NA,1,2210011
2211001_1_019,2211001,221,00,1,1,94,1680.89,1212,221001,TRUE,FALSE,NA,1,2210011
2211001_1_596,2211001,221,00,1,1,261,1683.72,1212,221001,TRUE,FALSE,NA,1,2210011
2211001_1_234,2211001,221,00,1,1,288,1688.85,1200,221001,TRUE,FALSE,NA,1,2210011
2211001_1_717,2211001,221,00,1,1,198,1689.5499999999995,1212,221001,TRUE,FALSE,NA,1,2210011
2211001_1_693,2211001,221,00,1,1,149,1691.29,1212,221001,TRUE,FALSE,NA,1,2210011
2211001_1_617,2211001,221,00,1,1,181,1692.34,1212,221001,TRUE,FALSE,NA,1,2210011
2211001_1_493,2211001,221,00,1,1,187,1693.5899999999997,1212,221001,TRUE,FALSE,NA,1,2210011
2211001_1_786,2211001,221,00,1,1,112,1694.49,1200,221001,TRUE,FALSE,NA,1,2210011
2211001_1_417,2211001,221,00,1,2,171,1696.4271345029242,1212,221001,TRUE,FALSE,NA,1,2210011
2211001_1_485,2211001,221,00,1,1,280,1697.33,1212,221001,TRUE,FALSE,NA,1,2210011
2211001_1_620,2211001,221,00,1,1,178,1699.67,1212,221001,TRUE,FALSE,NA,1,2210011
2211001_1_812,2211001,221,00,1,1,160,1700.86,1212,221001,TRUE,FALSE,NA,1,2210011
2211001_1_398,2211001,221,00,1,2,243,1701.16,1215,221001,TRUE,FALSE,NA,1,2210011
2211001_1_023,2211001,221,00,1,2,212,1702.5537735849057,1200,221001,TRUE,FALSE,NA,1,2210011
2211001_1_708,2211001,221,00,1,1,312,1708.79,1212,221001,TRUE,FALSE,NA,1,2210011
2211001_1_859,2211001,221,00,1,1,298,1709.25,1212,221001,TRUE,FALSE,NA,1,2210011
2211001_1_494,2211001,221,00,1,1,162,1712.64,1200,221001,TRUE,FALSE,NA,1,2210011
2211001_1_549,2211001,221,00,1,1,220,1714.71,1212,221001,TRUE,FALSE,NA,1,2210011
2211001_1_623,2211001,221,00,1,1,292,1715.17,1200,221001,TRUE,FALSE,NA,1,2210011
2211001_1_542,2211001,221,00,1,1,159,1718.16,1212,221001,TRUE,FALSE,NA,1,2210011
2211001_1_489,2211001,221,00,1,1,298,1724.56,1212,221001,TRUE,FALSE,NA,1,2210011
2211001_1_597,2211001,221,00,1,1,220,1731.26,1231,221001,TRUE,FALSE,NA,1,2210011
2211001_1_425,2211001,221,00,1,1,306,1734.63,1212,221001,TRUE,FALSE,NA,1,2210011
2211001_1_637,2211001,221,00,1,1,176,1735.3299999999997,1212,221001,TRUE,FALSE,NA,1,2210011
2211001_1_492,2211001,221,00,1,1,316,1739.09,1212,221001,TRUE,FALSE,NA,1,2210011
2211001_1_543,2211001,221,00,1,1,373,1741.4,1212,221001,TRUE,FALSE,NA,1,2210011
2211001_1_829,2211001,221,00,1,8,134,1744.6581343283583,1311.2089552238806,221001,TRUE,FALSE,NA,1,2210011
2211001_1_625,2211001,221,00,1,1,322,1748.21,1212,221001,TRUE,FALSE,NA,1,2210011
2211001_1_511,2211001,221,00,1,1,120,1749.03,1212,221001,TRUE,FALSE,NA,1,2210011
2211001_1_896,2211001,221,00,1,1,99,1755.9799999999998,1212,221001,TRUE,FALSE,NA,1,2210011
2211001_1_618,2211001,221,00,1,2,204,1758.4900980392156,1207.1764705882354,221001,TRUE,FALSE,NA,1,2210011
2211001_1_723,2211001,221,00,1,1,269,1759.2,1212,221001,TRUE,FALSE,NA,1,2210011
2211001_1_674,2211001,221,00,1,1,93,1759.6,1212,221001,TRUE,FALSE,NA,1,2210011
2211001_1_237,2211001,221,00,1,1,197,1760.55,1214,221001,TRUE,FALSE,NA,1,2210011
2211001_1_553,2211001,221,00,1,1,215,1770.2399999999998,1212,221001,TRUE,FALSE,NA,1,2210011
2211001_1_391,2211001,221,00,1,1,323,1774.8900000000003,1212,221001,TRUE,FALSE,NA,1,2210011
2211001_1_901,2211001,221,00,1,1,108,1775,1200,221001,TRUE,FALSE,NA,1,2210011
2211001_1_884,2211001,221,00,1,1,137,1776.88,1200,221001,TRUE,FALSE,NA,1,2210011
2211001_1_293,2211001,221,00,1,2,210,1778.5173333333337,1275.7904761904765,221001,TRUE,FALSE,NA,1,2210011
2211001_1_198,2211001,221,00,1,1,247,1784.05,1212,221001,TRUE,FALSE,NA,1,2210011
2211001_1_561,2211001,221,00,1,1,196,1789.55,1200,221001,TRUE,FALSE,NA,1,2210011
2211001_1_609,2211001,221,00,1,1,328,1794.0199999999998,1212,221001,TRUE,FALSE,NA,1,2210011
2211001_1_650,2211001,221,00,1,1,178,1795.9900000000002,1212,221001,TRUE,FALSE,NA,1,2210011
2211001_1_566,2211001,221,00,1,1,289,1796.78,1220,221001,TRUE,FALSE,NA,1,2210011
2211001_1_564,2211001,221,00,1,1,203,1802.33,1212,221001,TRUE,FALSE,NA,1,2210011
2211001_1_285,2211001,221,00,1,1,261,1803.37,1212,221001,TRUE,FALSE,NA,1,2210011
2211001_1_522,2211001,221,00,1,1,170,1810.9300000000003,1212,221001,TRUE,FALSE,NA,1,2210011
2211001_1_718,2211001,221,00,1,1,146,1811.74,1212,221001,TRUE,FALSE,NA,1,2210011
2211001_1_722,2211001,221,00,1,1,302,1813.2200000000005,1212,221001,TRUE,FALSE,NA,1,2210011
2211001_1_727,2211001,221,00,1,1,182,1814.1,1212,221001,TRUE,FALSE,NA,1,2210011
2211001_1_010,2211001,221,00,1,1,168,1817.68,1400,221001,TRUE,FALSE,NA,1,2210011
2211001_1_885,2211001,221,00,1,1,156,1818.77,1212,221001,TRUE,FALSE,NA,1,2210011
2211001_1_587,2211001,221,00,1,1,200,1819.06,1212,221001,TRUE,FALSE,NA,1,2210011
2211001_1_507,2211001,221,00,1,1,212,1820.28,1212,221001,TRUE,FALSE,NA,1,2210011
2211001_1_124,2211001,221,00,1,3,144,1825.00625,1212,221001,TRUE,FALSE,NA,1,2210011
2211001_1_260,2211001,221,00,1,1,342,1826.25,1247,221001,TRUE,FALSE,NA,1,2210011
2211001_1_895,2211001,221,00,1,1,106,1826.3499999999997,1212,221001,TRUE,FALSE,NA,1,2210011
2211001_1_452,2211001,221,00,1,1,250,1828.86,1212,221001,TRUE,FALSE,NA,1,2210011
2211001_1_635,2211001,221,00,1,1,229,1829.35,1220,221001,TRUE,FALSE,NA,1,2210011
2211001_1_235,2211001,221,00,1,1,321,1831.28,1250,221001,TRUE,FALSE,NA,1,2210011
2211001_1_500,2211001,221,00,1,1,290,1833.66,1212,221001,TRUE,FALSE,NA,1,2210011
2211001_1_719,2211001,221,00,1,1,239,1836.23,1212,221001,TRUE,FALSE,NA,1,2210011
2211001_1_803,2211001,221,00,1,1,172,1837,1212,221001,TRUE,FALSE,NA,1,2210011
2211001_1_622,2211001,221,00,1,1,197,1838.55,1212,221001,TRUE,FALSE,NA,1,2210011
2211001_1_909,2211001,221,00,1,1,167,1839.37,1295,221001,TRUE,FALSE,NA,1,2210011
2211001_1_815,2211001,221,00,1,1,178,1840.27,1212,221001,TRUE,FALSE,NA,1,2210011
2211001_1_411,2211001,221,00,1,1,358,1840.41,1200,221001,TRUE,FALSE,NA,1,2210011
2211001_1_429,2211001,221,00,1,1,154,1841.73,1280,221001,TRUE,FALSE,NA,1,2210011
2211001_1_570,2211001,221,00,1,1,297,1848.53,1212,221001,TRUE,FALSE,NA,1,2210011
2211001_1_393,2211001,221,00,1,1,178,1848.99,1212,221001,TRUE,FALSE,NA,1,2210011
2211001_1_649,2211001,221,00,1,1,150,1849.9,1212,221001,TRUE,FALSE,NA,1,2210011
2211001_1_504,2211001,221,00,1,1,108,1850.0599999999995,1212,221001,TRUE,FALSE,NA,1,2210011
2211001_1_705,2211001,221,00,1,1,346,1850.93,1212,221001,TRUE,FALSE,NA,1,2210011
2211001_1_438,2211001,221,00,1,1,181,1853.37,1200,221001,TRUE,FALSE,NA,1,2210011
2211001_1_580,2211001,221,00,1,1,268,1857.42,1212,221001,TRUE,FALSE,NA,1,2210011
2211001_1_427,2211001,221,00,1,2,273,1860.7972527472523,1212,221001,TRUE,FALSE,NA,1,2210011
2211001_1_634,2211001,221,00,1,1,186,1863.2,1212,221001,TRUE,FALSE,NA,1,2210011
2211001_1_394,2211001,221,00,1,1,312,1864.33,1212,221001,TRUE,FALSE,NA,1,2210011
2211001_1_548,2211001,221,00,1,1,280,1865.1,1212,221001,TRUE,FALSE,NA,1,2210011
2211001_1_809,2211001,221,00,1,1,195,1865.9,1212,221001,TRUE,FALSE,NA,1,2210011
2211001_1_509,2211001,221,00,1,1,220,1869.65,1212,221001,TRUE,FALSE,NA,1,2210011
2211001_1_706,2211001,221,00,1,1,305,1873.2,1212,221001,TRUE,FALSE,NA,1,2210011
2211001_1_593,2211001,221,00,1,1,207,1874.41,1220,221001,TRUE,FALSE,NA,1,2210011
2211001_1_707,2211001,221,00,1,1,160,1876.49,1212,221001,TRUE,FALSE,NA,1,2210011
2211001_1_639,2211001,221,00,1,1,162,1878.62,1212,221001,TRUE,FALSE,NA,1,2210011
2211001_1_420,2211001,221,00,1,1,428,1878.93,1212,221001,TRUE,FALSE,NA,1,2210011
2211001_1_495,2211001,221,00,1,1,274,1879.13,1212,221001,TRUE,FALSE,NA,1,2210011
2211001_1_696,2211001,221,00,1,1,313,1888.36,1500,221001,TRUE,FALSE,NA,1,2210011
2211001_1_683,2211001,221,00,1,1,202,1892.61,1212,221001,TRUE,FALSE,NA,1,2210011
2211001_1_232,2211001,221,00,1,1,308,1895.95,1212,221001,TRUE,FALSE,NA,1,2210011
2211001_1_725,2211001,221,00,1,1,220,1903.73,1212,221001,TRUE,FALSE,NA,1,2210011
2211001_1_557,2211001,221,00,1,1,242,1904.94,1212,221001,TRUE,FALSE,NA,1,2210011
2211001_1_651,2211001,221,00,1,1,287,1906.42,1200,221001,TRUE,FALSE,NA,1,2210011
2211001_1_470,2211001,221,00,1,1,175,1906.89,1212,221001,TRUE,FALSE,NA,1,2210011
2211001_1_415,2211001,221,00,1,1,295,1912.83,1212,221001,TRUE,FALSE,NA,1,2210011
2211001_1_525,2211001,221,00,1,1,215,1913.18,1212,221001,TRUE,FALSE,NA,1,2210011
2211001_1_628,2211001,221,00,1,1,192,1913.92,1800,221001,TRUE,FALSE,NA,1,2210011
2211001_1_169,2211001,221,00,1,1,119,1914.15,1250,221001,TRUE,FALSE,NA,1,2210011
2211001_1_200,2211001,221,00,1,1,298,1914.55,1212,221001,TRUE,FALSE,NA,1,2210011
2211001_1_724,2211001,221,00,1,1,297,1918.3900000000003,1212,221001,TRUE,FALSE,NA,1,2210011
2211001_1_230,2211001,221,00,1,1,193,1919.59,1212,221001,TRUE,FALSE,NA,1,2210011
2211001_1_401,2211001,221,00,1,1,332,1920.75,1212,221001,TRUE,FALSE,NA,1,2210011
2211001_1_487,2211001,221,00,1,1,281,1922.23,1212,221001,TRUE,FALSE,NA,1,2210011
2211001_1_421,2211001,221,00,1,1,303,1922.67,1212,221001,TRUE,FALSE,NA,1,2210011
2211001_1_586,2211001,221,00,1,1,242,1926.62,1212,221001,TRUE,FALSE,NA,1,2210011
2211001_1_605,2211001,221,00,1,1,365,1927.87,1212,221001,TRUE,FALSE,NA,1,2210011
2211001_1_582,2211001,221,00,1,1,329,1934.01,1212,221001,TRUE,FALSE,NA,1,2210011
2211001_1_407,2211001,221,00,1,1,221,1935.17,1212,221001,TRUE,FALSE,NA,1,2210011
2211001_1_573,2211001,221,00,1,1,272,1935.1900000000005,1212,221001,TRUE,FALSE,NA,1,2210011
2211001_1_821,2211001,221,00,1,1,293,1937.41,1212,221001,TRUE,FALSE,NA,1,2210011
2211001_1_197,2211001,221,00,1,1,251,1941.02,1300,221001,TRUE,FALSE,NA,1,2210011
2211001_1_418,2211001,221,00,1,1,219,1942.33,1212,221001,TRUE,FALSE,NA,1,2210011
2211001_1_018,2211001,221,00,1,1,91,1945.45,1212,221001,TRUE,FALSE,NA,1,2210011
2211001_1_532,2211001,221,00,1,1,210,1945.98,1212,221001,TRUE,FALSE,NA,1,2210011
2211001_1_698,2211001,221,00,1,1,145,1947.2799999999995,1240,221001,TRUE,FALSE,NA,1,2210011
2211001_1_826,2211001,221,00,1,1,215,1947.9,1212,221001,TRUE,FALSE,NA,1,2210011
2211001_1_555,2211001,221,00,1,1,252,1952.13,1212,221001,TRUE,FALSE,NA,1,2210011
2211001_1_568,2211001,221,00,1,1,335,1958.68,1212,221001,TRUE,FALSE,NA,1,2210011
2211001_1_782,2211001,221,00,1,1,345,1959.58,1212,221001,TRUE,FALSE,NA,1,2210011
2211001_1_545,2211001,221,00,1,1,271,1962.75,1212,221001,TRUE,FALSE,NA,1,2210011
2211001_1_574,2211001,221,00,1,1,226,1964.34,1300,221001,TRUE,FALSE,NA,1,2210011
2211001_1_399,2211001,221,00,1,1,249,1973.03,1212,221001,TRUE,FALSE,NA,1,2210011
2211001_1_633,2211001,221,00,1,1,225,1973.26,1212,221001,TRUE,FALSE,NA,1,2210011
2211001_1_836,2211001,221,00,1,1,339,1980.01,1500,221001,TRUE,FALSE,NA,1,2210011
2211001_1_151,2211001,221,00,1,1,163,1982.86,1212,221001,TRUE,FALSE,NA,1,2210011
2211001_1_626,2211001,221,00,1,1,364,1983.77,1300,221001,TRUE,FALSE,NA,1,2210011
2211001_1_068,2211001,221,00,1,2,238,1989.2822268907564,1212,221001,TRUE,FALSE,NA,1,2210011
2211001_1_559,2211001,221,00,1,1,214,1990.33,1200,221001,TRUE,FALSE,NA,1,2210011
2211001_1_291,2211001,221,00,1,2,308,1990.523246753247,1437.8181818181818,221001,TRUE,FALSE,NA,1,2210011
2211001_1_426,2211001,221,00,1,1,269,1993.02,1212,221001,TRUE,FALSE,NA,1,2210011
2211001_1_648,2211001,221,00,1,1,191,2000.88,1212,221001,TRUE,FALSE,NA,1,2210011
2211001_1_453,2211001,221,00,1,1,192,2002.84,1500,221001,TRUE,FALSE,NA,1,2210011
2211001_1_560,2211001,221,00,1,1,198,2004.39,1300,221001,TRUE,FALSE,NA,1,2210011
2211001_1_588,2211001,221,00,1,1,163,2005.93,1212,221001,TRUE,FALSE,NA,1,2210011
2211001_1_477,2211001,221,00,1,1,183,2011.31,1300,221001,TRUE,FALSE,NA,1,2210011
2211001_1_524,2211001,221,00,1,1,282,2014.14,1400,221001,TRUE,FALSE,NA,1,2210011
2211001_1_551,2211001,221,00,1,1,277,2016.88,1212,221001,TRUE,FALSE,NA,1,2210011
2211001_1_687,2211001,221,00,1,1,171,2020.27,1212,221001,TRUE,FALSE,NA,1,2210011
2211001_1_264,2211001,221,00,1,1,143,2021.19,1500,221001,TRUE,FALSE,NA,1,2210011
2211001_1_636,2211001,221,00,1,1,218,2022.15,1275,221001,TRUE,FALSE,NA,1,2210011
2211001_1_165,2211001,221,00,1,1,256,2025.17,1212,221001,TRUE,FALSE,NA,1,2210011
2211001_1_576,2211001,221,00,1,1,285,2035.38,1212,221001,TRUE,FALSE,NA,1,2210011
2211001_1_767,2211001,221,00,1,1,314,2039.99,1300,221001,TRUE,FALSE,NA,1,2210011
2211001_1_606,2211001,221,00,1,1,238,2040.9,1212,221001,TRUE,FALSE,NA,1,2210011
2211001_1_645,2211001,221,00,1,1,177,2041.46,1400,221001,TRUE,FALSE,NA,1,2210011
2211001_1_915,2211001,221,00,1,1,246,2042.13,1200,221001,TRUE,FALSE,NA,1,2210011
2211001_1_697,2211001,221,00,1,1,145,2044.55,1212,221001,TRUE,FALSE,NA,1,2210011
2211001_1_428,2211001,221,00,1,1,259,2045.93,1212,221001,TRUE,FALSE,NA,1,2210011
2211001_1_410,2211001,221,00,1,1,332,2047.25,1200,221001,TRUE,FALSE,NA,1,2210011
2211001_1_431,2211001,221,00,1,1,368,2052.38,1212,221001,TRUE,FALSE,NA,1,2210011
2211001_1_579,2211001,221,00,1,1,216,2053.4,1200,221001,TRUE,FALSE,NA,1,2210011
2211001_1_720,2211001,221,00,1,1,284,2054.5,1300,221001,TRUE,FALSE,NA,1,2210011
2211001_1_647,2211001,221,00,1,1,337,2054.82,1212,221001,TRUE,FALSE,NA,1,2210011
2211001_1_526,2211001,221,00,1,1,267,2057.26,1215,221001,TRUE,FALSE,NA,1,2210011
2211001_1_799,2211001,221,00,1,1,219,2058.98,1212,221001,TRUE,FALSE,NA,1,2210011
2211001_1_823,2211001,221,00,1,1,333,2062.58,1500,221001,TRUE,FALSE,NA,1,2210011
2211001_1_728,2211001,221,00,1,1,170,2063.29,1212,221001,TRUE,FALSE,NA,1,2210011
2211001_1_547,2211001,221,00,1,1,108,2067.91,1200,221001,TRUE,FALSE,NA,1,2210011
2211001_1_903,2211001,221,00,1,3,116,2070.574224137931,1369.1379310344828,221001,TRUE,FALSE,NA,1,2210011
2211001_1_585,2211001,221,00,1,1,342,2071.02,1212,221001,TRUE,FALSE,NA,1,2210011
2211001_1_195,2211001,221,00,1,1,221,2072.52,1212,221001,TRUE,FALSE,NA,1,2210011
2211001_1_796,2211001,221,00,1,1,136,2074.12,1200,221001,TRUE,FALSE,NA,1,2210011
2211001_1_603,2211001,221,00,1,1,210,2075.57,1212,221001,TRUE,FALSE,NA,1,2210011
2211001_1_643,2211001,221,00,1,1,203,2080.16,1400,221001,TRUE,FALSE,NA,1,2210011
2211001_1_641,2211001,221,00,1,1,199,2080.57,1212,221001,TRUE,FALSE,NA,1,2210011
2211001_1_690,2211001,221,00,1,1,387,2081.57,1400,221001,TRUE,FALSE,NA,1,2210011
2211001_1_550,2211001,221,00,1,1,180,2090.6,1500,221001,TRUE,FALSE,NA,1,2210011
2211001_1_552,2211001,221,00,1,1,269,2093.36,1400,221001,TRUE,FALSE,NA,1,2210011
2211001_1_565,2211001,221,00,1,1,295,2096.86,1212,221001,TRUE,FALSE,NA,1,2210011
2211001_1_474,2211001,221,00,1,1,214,2097.96,1212,221001,TRUE,FALSE,NA,1,2210011
2211001_1_422,2211001,221,00,1,1,261,2102.32,1212,221001,TRUE,FALSE,NA,1,2210011
2211001_1_607,2211001,221,00,1,1,310,2103.7,1212,221001,TRUE,FALSE,NA,1,2210011
2211001_1_652,2211001,221,00,1,1,162,2106.94,1400,221001,TRUE,FALSE,NA,1,2210011
2211001_1_773,2211001,221,00,1,1,235,2109.17,1212,221001,TRUE,FALSE,NA,1,2210011
2211001_1_409,2211001,221,00,1,1,170,2109.75,1212,221001,TRUE,FALSE,NA,1,2210011
2211001_1_864,2211001,221,00,1,1,99,2114.83,1212,221001,TRUE,FALSE,NA,1,2210011
2211001_1_374,2211001,221,00,1,1,223,2114.86,1212,221001,TRUE,FALSE,NA,1,2210011
2211001_1_476,2211001,221,00,1,1,244,2119,1400,221001,TRUE,FALSE,NA,1,2210011
2211001_1_872,2211001,221,00,1,1,298,2130.14,1245.5,221001,TRUE,FALSE,NA,1,2210011
2211001_1_432,2211001,221,00,1,1,260,2130.44,1210,221001,TRUE,FALSE,NA,1,2210011
2211001_1_578,2211001,221,00,1,1,266,2135.97,1252,221001,TRUE,FALSE,NA,1,2210011
2211001_1_716,2211001,221,00,1,1,367,2136.39,1500,221001,TRUE,FALSE,NA,1,2210011
2211001_1_572,2211001,221,00,1,1,219,2136.73,1400,221001,TRUE,FALSE,NA,1,2210011
2211001_1_610,2211001,221,00,1,1,160,2140.82,1500,221001,TRUE,FALSE,NA,1,2210011
2211001_1_736,2211001,221,00,1,1,180,2141.29,1212,221001,TRUE,FALSE,NA,1,2210011
2211001_1_892,2211001,221,00,1,2,242,2145.2044628099175,1555.9917355371902,221001,TRUE,FALSE,NA,1,2210011
2211001_1_313,2211001,221,00,1,2,219,2145.651095890411,1394.7945205479452,221001,TRUE,FALSE,NA,1,2210011
2211001_1_490,2211001,221,00,1,1,122,2146.77,1212,221001,TRUE,FALSE,NA,1,2210011
2211001_1_146,2211001,221,00,1,1,176,2150.59,1400,221001,TRUE,FALSE,NA,1,2210011
2211001_1_387,2211001,221,00,1,1,279,2153.07,1212,221001,TRUE,FALSE,NA,1,2210011
2211001_1_614,2211001,221,00,1,1,207,2158.25,1212,221001,TRUE,FALSE,NA,1,2210011
2211001_1_771,2211001,221,00,1,1,203,2161.11,1500,221001,TRUE,FALSE,NA,1,2210011
2211001_1_104,2211001,221,00,1,1,332,2163.46,1275,221001,TRUE,FALSE,NA,1,2210011
2211001_1_373,2211001,221,00,1,2,241,2164.63,1212,221001,TRUE,FALSE,NA,1,2210011
2211001_1_240,2211001,221,00,1,1,196,2167.03,2000,221001,TRUE,FALSE,NA,1,2210011
2211001_1_556,2211001,221,00,1,1,291,2167.14,1250,221001,TRUE,FALSE,NA,1,2210011
2211001_1_867,2211001,221,00,1,1,235,2170.74,1700,221001,TRUE,FALSE,NA,1,2210011
2211001_1_621,2211001,221,00,1,1,168,2175.9,1212,221001,TRUE,FALSE,NA,1,2210011
2211001_1_692,2211001,221,00,1,1,193,2176.63,1212,221001,TRUE,FALSE,NA,1,2210011
2211001_1_926,2211001,221,00,1,1,192,2179.05,1500,221001,TRUE,FALSE,NA,1,2210011
2211001_1_608,2211001,221,00,1,1,294,2180.5,1212,221001,TRUE,FALSE,NA,1,2210011
2211001_1_904,2211001,221,00,1,1,325,2183.25,1600,221001,TRUE,FALSE,NA,1,2210011
2211001_1_810,2211001,221,00,1,1,166,2188.6,1500,221001,TRUE,FALSE,NA,1,2210011
2211001_1_581,2211001,221,00,1,1,211,2191.04,1300,221001,TRUE,FALSE,NA,1,2210011
2211001_1_925,2211001,221,00,1,1,155,2193.95,1345,221001,TRUE,FALSE,NA,1,2210011
2211001_1_862,2211001,221,00,1,1,353,2195.64,1300,221001,TRUE,FALSE,NA,1,2210011
2211001_1_777,2211001,221,00,1,1,192,2197.87,1500,221001,TRUE,FALSE,NA,1,2210011
2211001_1_827,2211001,221,00,1,1,330,2208.85,1500,221001,TRUE,FALSE,NA,1,2210011
2211001_1_910,2211001,221,00,1,1,166,2214.3,1850,221001,TRUE,FALSE,NA,1,2210011
2211001_1_598,2211001,221,00,1,1,354,2215.62,1500,221001,TRUE,FALSE,NA,1,2210011
2211001_1_775,2211001,221,00,1,1,176,2216.13,1400,221001,TRUE,FALSE,NA,1,2210011
2211001_1_187,2211001,221,00,1,1,126,2223.14,1692.5,221001,TRUE,FALSE,NA,1,2210011
2211001_1_868,2211001,221,00,1,1,232,2238.85,1369,221001,TRUE,FALSE,NA,1,2210011
2211001_1_893,2211001,221,00,1,1,101,2241.33,2000,221001,TRUE,FALSE,NA,1,2210011
2211001_1_133,2211001,221,00,1,1,182,2243.54,1212,221001,TRUE,FALSE,NA,1,2210011
2211001_1_546,2211001,221,00,1,1,290,2251.52,1800,221001,TRUE,FALSE,NA,1,2210011
2211001_1_577,2211001,221,00,1,1,336,2252.01,1212,221001,TRUE,FALSE,NA,1,2210011
2211001_1_471,2211001,221,00,1,1,159,2253.83,1400,221001,TRUE,FALSE,NA,1,2210011
2211001_1_691,2211001,221,00,1,3,108,2254.916574074074,1212,221001,TRUE,FALSE,NA,1,2210011
2211001_1_768,2211001,221,00,1,1,280,2255.87,1212,221001,TRUE,FALSE,NA,1,2210011
2211001_1_770,2211001,221,00,1,1,214,2266.05,1500,221001,TRUE,FALSE,NA,1,2210011
2211001_1_914,2211001,221,00,1,1,227,2266.14,1500,221001,TRUE,FALSE,NA,1,2210011
2211001_1_905,2211001,221,00,1,1,165,2267.97,1500,221001,TRUE,FALSE,NA,1,2210011
2211001_1_569,2211001,221,00,1,1,186,2272.17,1500,221001,TRUE,FALSE,NA,1,2210011
2211001_1_563,2211001,221,00,1,1,181,2274.57,1300,221001,TRUE,FALSE,NA,1,2210011
2211001_1_613,2211001,221,00,1,1,209,2277,1600,221001,TRUE,FALSE,NA,1,2210011
2211001_1_658,2211001,221,00,1,2,249,2277.9307228915663,1678.955823293173,221001,TRUE,FALSE,NA,1,2210011
2211001_1_599,2211001,221,00,1,1,280,2278.94,1500,221001,TRUE,FALSE,NA,1,2210011
2211001_1_838,2211001,221,00,1,3,92,2282.693043478261,1831.8260869565215,221001,TRUE,FALSE,NA,1,2210011
2211001_1_201,2211001,221,00,1,1,216,2283.38,1600,221001,TRUE,FALSE,NA,1,2210011
2211001_1_085,2211001,221,00,1,1,313,2285.45,1300,221001,TRUE,FALSE,NA,1,2210011
2211001_1_656,2211001,221,00,1,2,450,2287.777688888889,1485.9555555555555,221001,TRUE,FALSE,NA,1,2210011
2211001_1_820,2211001,221,00,1,1,174,2291.69,1212,221001,TRUE,FALSE,NA,1,2210011
2211001_1_783,2211001,221,00,1,1,327,2297.56,1297.5,221001,TRUE,FALSE,NA,1,2210011
2211001_1_733,2211001,221,00,1,1,161,2299.28,1212,221001,TRUE,FALSE,NA,1,2210011
2211001_1_143,2211001,221,00,1,1,254,2299.5,1212,221001,TRUE,FALSE,NA,1,2210011
2211001_1_644,2211001,221,00,1,1,412,2299.96,1500,221001,TRUE,FALSE,NA,1,2210011
2211001_1_886,2211001,221,00,1,1,275,2302.91,1212,221001,TRUE,FALSE,NA,1,2210011
2211001_1_205,2211001,221,00,1,1,266,2304.63,1400,221001,TRUE,FALSE,NA,1,2210011
2211001_1_776,2211001,221,00,1,1,230,2312.45,1600,221001,TRUE,FALSE,NA,1,2210011
2211001_1_430,2211001,221,00,1,1,251,2318.39,1212,221001,TRUE,FALSE,NA,1,2210011
2211001_1_600,2211001,221,00,1,1,186,2330.29,1500,221001,TRUE,FALSE,NA,1,2210011
2211001_1_769,2211001,221,00,1,1,152,2330.44,1500,221001,TRUE,FALSE,NA,1,2210011
2211001_1_837,2211001,221,00,1,1,119,2338.41,1500,221001,TRUE,FALSE,NA,1,2210011
2211001_1_283,2211001,221,00,1,1,273,2342.92,1450,221001,TRUE,FALSE,NA,1,2210011
2211001_1_202,2211001,221,00,1,1,240,2345.0900000000006,1800,221001,TRUE,FALSE,NA,1,2210011
2211001_1_713,2211001,221,00,1,1,283,2350.22,1421,221001,TRUE,FALSE,NA,1,2210011
2211001_1_071,2211001,221,00,1,1,193,2355.61,1500,221001,TRUE,FALSE,NA,1,2210011
2211001_1_558,2211001,221,00,1,1,242,2356.47,1400,221001,TRUE,FALSE,NA,1,2210011
2211001_1_877,2211001,221,00,1,1,261,2367.95,2000,221001,TRUE,FALSE,NA,1,2210011
2211001_1_710,2211001,221,00,1,1,172,2373.17,1600,221001,TRUE,FALSE,NA,1,2210011
2211001_1_505,2211001,221,00,1,1,274,2377.43,1212,221001,TRUE,FALSE,NA,1,2210011
2211001_1_907,2211001,221,00,1,1,221,2382.76,2000,221001,TRUE,FALSE,NA,1,2210011
2211001_1_375,2211001,221,00,1,1,216,2386.84,2000,221001,TRUE,FALSE,NA,1,2210011
2211001_1_130,2211001,221,00,1,1,155,2388.16,1212,221001,TRUE,FALSE,NA,1,2210011
2211001_1_204,2211001,221,00,1,1,218,2391.8,1500,221001,TRUE,FALSE,NA,1,2210011
2211001_1_856,2211001,221,00,1,1,258,2395.11,1600,221001,TRUE,FALSE,NA,1,2210011
2211001_1_498,2211001,221,00,1,1,341,2396.58,1640,221001,TRUE,FALSE,NA,1,2210011
2211001_1_630,2211001,221,00,1,1,164,2407.78,1600,221001,TRUE,FALSE,NA,1,2210011
2211001_1_664,2211001,221,00,1,1,119,2410.36,1212,221001,TRUE,FALSE,NA,1,2210011
2211001_1_688,2211001,221,00,1,1,302,2413.97,1500,221001,TRUE,FALSE,NA,1,2210011
2211001_1_206,2211001,221,00,1,1,236,2419.56,1600,221001,TRUE,FALSE,NA,1,2210011
2211001_1_709,2211001,221,00,1,1,207,2419.7,1212,221001,TRUE,FALSE,NA,1,2210011
2211001_1_701,2211001,221,00,1,1,228,2421.26,1320,221001,TRUE,FALSE,NA,1,2210011
2211001_1_123,2211001,221,00,1,1,282,2423.64,1212,221001,TRUE,FALSE,NA,1,2210011
2211001_1_077,2211001,221,00,1,2,142,2423.68,1500,221001,TRUE,FALSE,NA,1,2210011
2211001_1_834,2211001,221,00,1,1,284,2426.78,1700,221001,TRUE,FALSE,NA,1,2210011
2211001_1_106,2211001,221,00,1,1,259,2429.6,1250,221001,TRUE,FALSE,NA,1,2210011
2211001_1_164,2211001,221,00,1,1,100,2435.91,2000,221001,TRUE,FALSE,NA,1,2210011
2211001_1_653,2211001,221,00,1,1,243,2437.93,1212,221001,TRUE,FALSE,NA,1,2210011
2211001_1_811,2211001,221,00,1,1,180,2443.82,2000,221001,TRUE,FALSE,NA,1,2210011
2211001_1_075,2211001,221,00,1,2,146,2445.404109589041,1228.1917808219175,221001,TRUE,FALSE,NA,1,2210011
2211001_1_629,2211001,221,00,1,1,208,2445.76,2200,221001,TRUE,FALSE,NA,1,2210011
2211001_1_774,2211001,221,00,1,1,220,2448.4599999999996,1500,221001,TRUE,FALSE,NA,1,2210011
2211001_1_199,2211001,221,00,1,1,323,2449.97,1900,221001,TRUE,FALSE,NA,1,2210011
2211001_1_203,2211001,221,00,1,1,220,2450.47,1626.5,221001,TRUE,FALSE,NA,1,2210011
2211001_1_646,2211001,221,00,1,1,164,2452.07,1212,221001,TRUE,FALSE,NA,1,2210011
2211001_1_153,2211001,221,00,1,1,148,2453.55,1212,221001,TRUE,FALSE,NA,1,2210011
2211001_1_341,2211001,221,00,1,1,227,2460.21,1212,221001,TRUE,FALSE,NA,1,2210011
2211001_1_638,2211001,221,00,1,1,187,2464.32,1400,221001,TRUE,FALSE,NA,1,2210011
2211001_1_686,2211001,221,00,1,2,277,2471.216642599278,1564.2599277978338,221001,TRUE,FALSE,NA,1,2210011
2211001_1_406,2211001,221,00,1,1,362,2474.59,1212,221001,TRUE,FALSE,NA,1,2210011
2211001_1_659,2211001,221,00,1,1,227,2476.28,1900,221001,TRUE,FALSE,NA,1,2210011
2211001_1_739,2211001,221,00,1,1,337,2478.83,1500,221001,TRUE,FALSE,NA,1,2210011
2211001_1_086,2211001,221,00,1,1,303,2482.35,1500,221001,TRUE,FALSE,NA,1,2210011
2211001_1_681,2211001,221,00,1,1,245,2483.52,1212,221001,TRUE,FALSE,NA,1,2210011
2211001_1_390,2211001,221,00,1,1,202,2484.75,1212,221001,TRUE,FALSE,NA,1,2210011
2211001_1_175,2211001,221,00,1,1,238,2497.4,1212,221001,TRUE,FALSE,NA,1,2210011
2211001_1_186,2211001,221,00,1,1,165,2499.08,1835,221001,TRUE,FALSE,NA,1,2210011
2211001_1_083,2211001,221,00,1,1,330,2504.72,1365,221001,TRUE,FALSE,NA,1,2210011
2211001_1_871,2211001,221,00,1,1,179,2510.67,1212,221001,TRUE,FALSE,NA,1,2210011
2211001_1_105,2211001,221,00,1,1,293,2512.68,1212,221001,TRUE,FALSE,NA,1,2210011
2211001_1_874,2211001,221,00,1,1,203,2522.61,1700,221001,TRUE,FALSE,NA,1,2210011
2211001_1_311,2211001,221,00,1,1,312,2526.03,1800,221001,TRUE,FALSE,NA,1,2210011
2211001_1_655,2211001,221,00,1,1,126,2531.7,1600,221001,TRUE,FALSE,NA,1,2210011
2211001_1_069,2211001,221,00,1,1,191,2532.64,2200,221001,TRUE,FALSE,NA,1,2210011
2211001_1_499,2211001,221,00,1,1,305,2533.77,1600,221001,TRUE,FALSE,NA,1,2210011
2211001_1_284,2211001,221,00,1,1,259,2536.45,1500,221001,TRUE,FALSE,NA,1,2210011
2211001_1_858,2211001,221,00,1,1,267,2544.29,1500,221001,TRUE,FALSE,NA,1,2210011
2211001_1_825,2211001,221,00,1,1,208,2549.3399999999997,1600,221001,TRUE,FALSE,NA,1,2210011
2211001_1_055,2211001,221,00,1,1,215,2553.24,1500,221001,TRUE,FALSE,NA,1,2210011
2211001_1_064,2211001,221,00,1,1,176,2557.04,1212,221001,TRUE,FALSE,NA,1,2210011
2211001_1_682,2211001,221,00,1,3,121,2562.357107438016,1984.198347107438,221001,TRUE,FALSE,NA,1,2210011
2211001_1_790,2211001,221,00,1,1,257,2579.78,1800,221001,TRUE,FALSE,NA,2,2210012
2211001_1_046,2211001,221,00,1,2,238,2582.270756302521,1345.2773109243697,221001,TRUE,FALSE,NA,2,2210012
2211001_1_531,2211001,221,00,1,12,227,2585.71268722467,1532.4405286343613,221001,TRUE,FALSE,NA,2,2210012
2211001_1_735,2211001,221,00,1,1,209,2593.7700000000004,1212,221001,TRUE,FALSE,NA,2,2210012
2211001_1_852,2211001,221,00,1,1,274,2596.22,1500,221001,TRUE,FALSE,NA,2,2210012
2211001_1_141,2211001,221,00,1,1,203,2600.3899999999994,1400,221001,TRUE,FALSE,NA,2,2210012
2211001_1_514,2211001,221,00,1,1,208,2602,2000,221001,TRUE,FALSE,NA,2,2210012
2211001_1_760,2211001,221,00,1,1,230,2605.85,2000,221001,TRUE,FALSE,NA,2,2210012
2211001_1_742,2211001,221,00,1,1,238,2613.12,2000,221001,TRUE,FALSE,NA,2,2210012
2211001_1_414,2211001,221,00,1,1,275,2615.54,1600,221001,TRUE,FALSE,NA,2,2210012
2211001_1_589,2211001,221,00,1,1,274,2619.34,2000,221001,TRUE,FALSE,NA,2,2210012
2211001_1_731,2211001,221,00,1,1,265,2629.66,1575,221001,TRUE,FALSE,NA,2,2210012
2211001_1_449,2211001,221,00,1,2,154,2629.99,1800,221001,TRUE,FALSE,NA,2,2210012
2211001_1_732,2211001,221,00,1,1,265,2630.02,1813,221001,TRUE,FALSE,NA,2,2210012
2211001_1_873,2211001,221,00,1,1,245,2630.64,1600,221001,TRUE,FALSE,NA,2,2210012
2211001_1_513,2211001,221,00,1,1,144,2631.61,2000,221001,TRUE,FALSE,NA,2,2210012
2211001_1_103,2211001,221,00,1,1,227,2633.94,1500,221001,TRUE,FALSE,NA,2,2210012
2211001_1_562,2211001,221,00,1,1,190,2640.93,2000,221001,TRUE,FALSE,NA,2,2210012
2211001_1_478,2211001,221,00,1,1,176,2644.31,2000,221001,TRUE,FALSE,NA,2,2210012
2211001_1_211,2211001,221,00,1,2,241,2653.9458506224064,1694.1908713692949,221001,TRUE,FALSE,NA,2,2210012
2211001_1_115,2211001,221,00,1,1,206,2654.06,1250,221001,TRUE,FALSE,NA,2,2210012
2211001_1_512,2211001,221,00,1,1,232,2667.47,2000,221001,TRUE,FALSE,NA,2,2210012
2211001_1_056,2211001,221,00,1,1,156,2672.19,1212,221001,TRUE,FALSE,NA,2,2210012
2211001_1_712,2211001,221,00,1,1,258,2672.96,1606,221001,TRUE,FALSE,NA,2,2210012
2211001_1_332,2211001,221,00,1,1,151,2677.37,1212,221001,TRUE,FALSE,NA,2,2210012
2211001_1_042,2211001,221,00,1,1,216,2685.75,1500,221001,TRUE,FALSE,NA,2,2210012
2211001_1_043,2211001,221,00,1,1,159,2689.14,1500,221001,TRUE,FALSE,NA,2,2210012
2211001_1_902,2211001,221,00,1,1,92,2690.97,2500,221001,TRUE,FALSE,NA,2,2210012
2211001_1_715,2211001,221,00,1,1,181,2699.99,1791,221001,TRUE,FALSE,NA,2,2210012
2211001_1_816,2211001,221,00,1,1,187,2700.92,1425,221001,TRUE,FALSE,NA,2,2210012
2211001_1_784,2211001,221,00,1,1,237,2710.65,2000,221001,TRUE,FALSE,NA,2,2210012
2211001_1_761,2211001,221,00,1,1,222,2719.76,2400,221001,TRUE,FALSE,NA,2,2210012
2211001_1_451,2211001,221,00,1,1,197,2721.5199999999995,2000,221001,TRUE,FALSE,NA,2,2210012
2211001_1_785,2211001,221,00,1,1,278,2726.76,1788.5,221001,TRUE,FALSE,NA,2,2210012
2211001_1_404,2211001,221,00,1,1,306,2729.74,2000,221001,TRUE,FALSE,NA,2,2210012
2211001_1_443,2211001,221,00,1,1,272,2736.71,2000,221001,TRUE,FALSE,NA,2,2210012
2211001_1_765,2211001,221,00,1,1,308,2747.17,2000,221001,TRUE,FALSE,NA,2,2210012
2211001_1_163,2211001,221,00,1,1,158,2748.42,1600,221001,TRUE,FALSE,NA,2,2210012
2211001_1_866,2211001,221,00,1,1,250,2751.89,2000,221001,TRUE,FALSE,NA,2,2210012
2211001_1_853,2211001,221,00,1,1,245,2751.98,2000,221001,TRUE,FALSE,NA,2,2210012
2211001_1_433,2211001,221,00,1,1,209,2765.1899999999996,2000,221001,TRUE,FALSE,NA,2,2210012
2211001_1_377,2211001,221,00,1,1,216,2765.41,1700,221001,TRUE,FALSE,NA,2,2210012
2211001_1_380,2211001,221,00,1,1,297,2769.5,1500,221001,TRUE,FALSE,NA,2,2210012
2211001_1_818,2211001,221,00,1,1,156,2769.52,1212,221001,TRUE,FALSE,NA,2,2210012
2211001_1_667,2211001,221,00,1,1,253,2790.52,2000,221001,TRUE,FALSE,NA,2,2210012
2211001_1_772,2211001,221,00,1,1,248,2792.07,1700,221001,TRUE,FALSE,NA,2,2210012
2211001_1_738,2211001,221,00,1,1,263,2797.11,2400,221001,TRUE,FALSE,NA,2,2210012
2211001_1_367,2211001,221,00,1,1,185,2798.8,1500,221001,TRUE,FALSE,NA,2,2210012
2211001_1_059,2211001,221,00,1,1,234,2799.25,2000,221001,TRUE,FALSE,NA,2,2210012
2211001_1_437,2211001,221,00,1,1,332,2802.19,1800,221001,TRUE,FALSE,NA,2,2210012
2211001_1_329,2211001,221,00,1,4,185,2803.1998918918916,1946.6594594594592,221001,TRUE,FALSE,NA,2,2210012
2211001_1_876,2211001,221,00,1,1,262,2806.02,1873,221001,TRUE,FALSE,NA,2,2210012
2211001_1_092,2211001,221,00,1,1,123,2809.5,1200,221001,TRUE,FALSE,NA,2,2210012
2211001_1_523,2211001,221,00,1,1,199,2823.52,1212,221001,TRUE,FALSE,NA,2,2210012
2211001_1_208,2211001,221,00,1,1,240,2829.18,2000,221001,TRUE,FALSE,NA,2,2210012
2211001_1_666,2211001,221,00,1,1,223,2829.49,2424,221001,TRUE,FALSE,NA,2,2210012
2211001_1_601,2211001,221,00,1,1,326,2830.22,2400,221001,TRUE,FALSE,NA,2,2210012
2211001_1_384,2211001,221,00,1,1,181,2833.97,1500,221001,TRUE,FALSE,NA,2,2210012
2211001_1_094,2211001,221,00,1,1,239,2837.99,2120,221001,TRUE,FALSE,NA,2,2210012
2211001_1_289,2211001,221,00,1,1,256,2845.16,2000,221001,TRUE,FALSE,NA,2,2210012
2211001_1_800,2211001,221,00,1,1,314,2865.82,2000,221001,TRUE,FALSE,NA,2,2210012
2211001_1_444,2211001,221,00,1,1,303,2869.17,2000,221001,TRUE,FALSE,NA,2,2210012
2211001_1_704,2211001,221,00,1,1,238,2869.63,2000,221001,TRUE,FALSE,NA,2,2210012
2211001_1_740,2211001,221,00,1,1,288,2871.64,1900,221001,TRUE,FALSE,NA,2,2210012
2211001_1_875,2211001,221,00,1,1,143,2873.36,2050,221001,TRUE,FALSE,NA,2,2210012
2211001_1_517,2211001,221,00,1,3,248,2873.7487096774194,1546.8064516129032,221001,TRUE,FALSE,NA,2,2210012
2211001_1_734,2211001,221,00,1,1,192,2876.5399999999995,1600,221001,TRUE,FALSE,NA,2,2210012
2211001_1_804,2211001,221,00,1,1,148,2887.75,2000,221001,TRUE,FALSE,NA,2,2210012
2211001_1_155,2211001,221,00,1,1,165,2888.14,2000,221001,TRUE,FALSE,NA,2,2210012
2211001_1_121,2211001,221,00,1,1,176,2889.67,1800,221001,TRUE,FALSE,NA,2,2210012
2211001_1_685,2211001,221,00,1,2,99,2895.629393939394,1212,221001,TRUE,FALSE,NA,2,2210012
2211001_1_385,2211001,221,00,1,1,240,2900.28,1740,221001,TRUE,FALSE,NA,2,2210012
2211001_1_516,2211001,221,00,1,1,115,2903.58,1500,221001,TRUE,FALSE,NA,2,2210012
2211001_1_054,2211001,221,00,1,2,171,2905.41,1656,221001,TRUE,FALSE,NA,2,2210012
2211001_1_756,2211001,221,00,1,1,234,2912.06,2000,221001,TRUE,FALSE,NA,2,2210012
2211001_1_711,2211001,221,00,1,1,168,2920.41,2000,221001,TRUE,FALSE,NA,2,2210012
2211001_1_137,2211001,221,00,1,1,128,2921.24,2200,221001,TRUE,FALSE,NA,2,2210012
2211001_1_730,2211001,221,00,1,1,262,2923.65,2400,221001,TRUE,FALSE,NA,2,2210012
2211001_1_442,2211001,221,00,1,1,302,2924.62,2000,221001,TRUE,FALSE,NA,2,2210012
2211001_1_440,2211001,221,00,1,1,312,2927.3,2424,221001,TRUE,FALSE,NA,2,2210012
2211001_1_074,2211001,221,00,1,1,260,2927.53,1500,221001,TRUE,FALSE,NA,2,2210012
2211001_1_669,2211001,221,00,1,1,308,2931.97,2000,221001,TRUE,FALSE,NA,2,2210012
2211001_1_045,2211001,221,00,1,1,285,2933.84,2000,221001,TRUE,FALSE,NA,2,2210012
2211001_1_119,2211001,221,00,1,1,170,2935.89,1350,221001,TRUE,FALSE,NA,2,2210012
2211001_1_209,2211001,221,00,1,1,207,2936.9,2000,221001,TRUE,FALSE,NA,2,2210012
2211001_1_079,2211001,221,00,1,1,181,2943.87,1800,221001,TRUE,FALSE,NA,2,2210012
2211001_1_813,2211001,221,00,1,1,209,2955.34,2000,221001,TRUE,FALSE,NA,2,2210012
2211001_1_540,2211001,221,00,1,1,219,2961.66,2000,221001,TRUE,FALSE,NA,2,2210012
2211001_1_865,2211001,221,00,1,1,285,2976.33,2000,221001,TRUE,FALSE,NA,2,2210012
2211001_1_758,2211001,221,00,1,1,218,2979.8499999999995,2150,221001,TRUE,FALSE,NA,2,2210012
2211001_1_466,2211001,221,00,1,2,260,2981.3015384615383,1794.6461538461538,221001,TRUE,FALSE,NA,2,2210012
2211001_1_328,2211001,221,00,1,1,187,2984.35,2000,221001,TRUE,FALSE,NA,2,2210012
2211001_1_441,2211001,221,00,1,1,241,2990.22,2000,221001,TRUE,FALSE,NA,2,2210012
2211001_1_044,2211001,221,00,1,1,176,2992.33,2000,221001,TRUE,FALSE,NA,2,2210012
2211001_1_408,2211001,221,00,1,1,300,2995.95,1500,221001,TRUE,FALSE,NA,2,2210012
2211001_1_541,2211001,221,00,1,1,359,2999.68,1500,221001,TRUE,FALSE,NA,2,2210012
2211001_1_536,2211001,221,00,1,1,223,3004.57,2400,221001,TRUE,FALSE,NA,2,2210012
2211001_1_109,2211001,221,00,1,1,182,3014.77,1500,221001,TRUE,FALSE,NA,2,2210012
2211001_1_642,2211001,221,00,1,2,231,3015.5440259740262,2224.311688311688,221001,TRUE,FALSE,NA,2,2210012
2211001_1_073,2211001,221,00,1,1,244,3028.56,1800,221001,TRUE,FALSE,NA,2,2210012
2211001_1_702,2211001,221,00,1,1,150,3040.42,1800,221001,TRUE,FALSE,NA,2,2210012
2211001_1_207,2211001,221,00,1,1,246,3041,2000,221001,TRUE,FALSE,NA,2,2210012
2211001_1_113,2211001,221,00,1,1,221,3043.69,2000,221001,TRUE,FALSE,NA,2,2210012
2211001_1_185,2211001,221,00,1,1,268,3052.35,1756,221001,TRUE,FALSE,NA,2,2210012
2211001_1_188,2211001,221,00,1,1,322,3053.6,2000,221001,TRUE,FALSE,NA,2,2210012
2211001_1_764,2211001,221,00,1,1,257,3054.92,2400,221001,TRUE,FALSE,NA,2,2210012
2211001_1_530,2211001,221,00,1,1,363,3056.21,1520,221001,TRUE,FALSE,NA,2,2210012
2211001_1_368,2211001,221,00,1,1,272,3057.1,1600,221001,TRUE,FALSE,NA,2,2210012
2211001_1_445,2211001,221,00,1,1,297,3081.22,2000,221001,TRUE,FALSE,NA,2,2210012
2211001_1_423,2211001,221,00,1,1,282,3085.7,2000,221001,TRUE,FALSE,NA,2,2210012
2211001_1_170,2211001,221,00,1,1,191,3087.58,2000,221001,TRUE,FALSE,NA,2,2210012
2211001_1_469,2211001,221,00,1,1,145,3092.72,1800,221001,TRUE,FALSE,NA,2,2210012
2211001_1_099,2211001,221,00,1,1,227,3098.18,2362,221001,TRUE,FALSE,NA,2,2210012
2211001_1_117,2211001,221,00,1,1,187,3105.21,2200,221001,TRUE,FALSE,NA,2,2210012
2211001_1_699,2211001,221,00,1,1,244,3116.23,2500,221001,TRUE,FALSE,NA,2,2210012
2211001_1_210,2211001,221,00,1,1,183,3117.8,2350,221001,TRUE,FALSE,NA,2,2210012
2211001_1_450,2211001,221,00,1,1,323,3120.81,2400,221001,TRUE,FALSE,NA,2,2210012
2211001_1_828,2211001,221,00,1,1,189,3131.7899999999995,2000,221001,TRUE,FALSE,NA,2,2210012
2211001_1_479,2211001,221,00,1,1,167,3137.12,2000,221001,TRUE,FALSE,NA,2,2210012
2211001_1_126,2211001,221,00,1,1,179,3146.24,1550,221001,TRUE,FALSE,NA,2,2210012
2211001_1_122,2211001,221,00,1,1,284,3148.74,1500,221001,TRUE,FALSE,NA,2,2210012
2211001_1_161,2211001,221,00,1,1,95,3152.2,2500,221001,TRUE,FALSE,NA,2,2210012
2211001_1_737,2211001,221,00,1,1,296,3158.41,2200,221001,TRUE,FALSE,NA,2,2210012
2211001_1_814,2211001,221,00,1,1,200,3160.4,1600,221001,TRUE,FALSE,NA,2,2210012
2211001_1_624,2211001,221,00,1,1,220,3162.23,2800,221001,TRUE,FALSE,NA,2,2210012
2211001_1_058,2211001,221,00,1,1,225,3162.34,2050,221001,TRUE,FALSE,NA,2,2210012
2211001_1_860,2211001,221,00,1,1,319,3165.46,2500,221001,TRUE,FALSE,NA,2,2210012
2211001_1_413,2211001,221,00,1,1,303,3168.6,2000,221001,TRUE,FALSE,NA,2,2210012
2211001_1_112,2211001,221,00,1,1,145,3168.76,2000,221001,TRUE,FALSE,NA,2,2210012
2211001_1_156,2211001,221,00,1,1,259,3188.96,1800,221001,TRUE,FALSE,NA,2,2210012
2211001_1_755,2211001,221,00,1,1,192,3200.82,2350,221001,TRUE,FALSE,NA,2,2210012
2211001_1_127,2211001,221,00,1,1,160,3208.38,2000,221001,TRUE,FALSE,NA,2,2210012
2211001_1_093,2211001,221,00,1,1,273,3209.2,2462,221001,TRUE,FALSE,NA,2,2210012
2211001_1_762,2211001,221,00,1,2,213,3214.6645070422537,1921.12676056338,221001,TRUE,FALSE,NA,2,2210012
2211001_1_924,2211001,221,00,1,1,346,3218,2000,221001,TRUE,FALSE,NA,2,2210012
2211001_1_098,2211001,221,00,1,1,135,3224.04,2500,221001,TRUE,FALSE,NA,2,2210012
2211001_1_102,2211001,221,00,1,1,145,3226.09,2424,221001,TRUE,FALSE,NA,2,2210012
2211001_1_802,2211001,221,00,1,1,124,3228.19,2300,221001,TRUE,FALSE,NA,2,2210012
2211001_1_107,2211001,221,00,1,1,181,3228.48,2000,221001,TRUE,FALSE,NA,2,2210012
2211001_1_538,2211001,221,00,1,1,241,3246.46,2000,221001,TRUE,FALSE,NA,2,2210012
2211001_1_405,2211001,221,00,1,1,277,3259.56,2000,221001,TRUE,FALSE,NA,2,2210012
2211001_1_439,2211001,221,00,1,1,305,3260.49,2424,221001,TRUE,FALSE,NA,2,2210012
2211001_1_120,2211001,221,00,1,1,159,3264.88,2000,221001,TRUE,FALSE,NA,2,2210012
2211001_1_894,2211001,221,00,1,1,117,3278.25,2200,221001,TRUE,FALSE,NA,2,2210012
2211001_1_759,2211001,221,00,1,1,237,3286.68,2500,221001,TRUE,FALSE,NA,2,2210012
2211001_1_082,2211001,221,00,1,1,262,3287.03,2000,221001,TRUE,FALSE,NA,2,2210012
2211001_1_129,2211001,221,00,1,1,160,3309.88,2400,221001,TRUE,FALSE,NA,2,2210012
2211001_1_714,2211001,221,00,1,1,162,3313.7799999999997,2400,221001,TRUE,FALSE,NA,2,2210012
2211001_1_806,2211001,221,00,1,1,157,3317.91,2500,221001,TRUE,FALSE,NA,2,2210012
2211001_1_087,2211001,221,00,1,1,307,3323.79,2200,221001,TRUE,FALSE,NA,2,2210012
2211001_1_084,2211001,221,00,1,1,271,3324.24,2000,221001,TRUE,FALSE,NA,2,2210012
2211001_1_535,2211001,221,00,1,1,190,3333.28,3000,221001,TRUE,FALSE,NA,2,2210012
2211001_1_424,2211001,221,00,1,1,261,3335.22,2424,221001,TRUE,FALSE,NA,2,2210012
2211001_1_741,2211001,221,00,1,1,271,3340.74,1800,221001,TRUE,FALSE,NA,2,2210012
2211001_1_379,2211001,221,00,1,2,247,3342.741700404858,1856.259109311741,221001,TRUE,FALSE,NA,2,2210012
2211001_1_376,2211001,221,00,1,1,197,3350.39,2125,221001,TRUE,FALSE,NA,2,2210012
2211001_1_053,2211001,221,00,1,1,219,3364.43,2000,221001,TRUE,FALSE,NA,2,2210012
2211001_1_787,2211001,221,00,1,1,244,3365.27,2000,221001,TRUE,FALSE,NA,2,2210012
2211001_1_131,2211001,221,00,1,1,159,3367.3100000000004,2400,221001,TRUE,FALSE,NA,2,2210012
2211001_1_152,2211001,221,00,1,1,146,3384.91,2000,221001,TRUE,FALSE,NA,2,2210012
2211001_1_819,2211001,221,00,1,1,175,3396,2000,221001,TRUE,FALSE,NA,2,2210012
2211001_1_805,2211001,221,00,1,1,175,3404.09,2475,221001,TRUE,FALSE,NA,2,2210012
2211001_1_744,2211001,221,00,1,1,165,3422.32,2000,221001,TRUE,FALSE,NA,2,2210012
2211001_1_446,2211001,221,00,1,1,293,3427.16,2424,221001,TRUE,FALSE,NA,2,2210012
2211001_1_627,2211001,221,00,1,1,391,3429.63,2047,221001,TRUE,FALSE,NA,2,2210012
2211001_1_290,2211001,221,00,1,1,115,3436.61,2500,221001,TRUE,FALSE,NA,2,2210012
2211001_1_288,2211001,221,00,1,1,263,3436.75,2915,221001,TRUE,FALSE,NA,2,2210012
2211001_1_145,2211001,221,00,1,1,147,3439.05,2212,221001,TRUE,FALSE,NA,2,2210012
2211001_1_110,2211001,221,00,1,1,305,3443.380000000001,2000,221001,TRUE,FALSE,NA,2,2210012
2211001_1_144,2211001,221,00,1,1,163,3465.630000000001,1700,221001,TRUE,FALSE,NA,2,2210012
2211001_1_221,2211001,221,00,1,1,112,3473.4,2300,221001,TRUE,FALSE,NA,2,2210012
2211001_1_757,2211001,221,00,1,1,234,3482.93,2412,221001,TRUE,FALSE,NA,2,2210012
2211001_1_078,2211001,221,00,1,1,182,3496.24,2150,221001,TRUE,FALSE,NA,2,2210012
2211001_1_061,2211001,221,00,1,1,262,3497.14,2400,221001,TRUE,FALSE,NA,2,2210012
2211001_1_447,2211001,221,00,1,1,334,3497.64,2424,221001,TRUE,FALSE,NA,2,2210012
2211001_1_051,2211001,221,00,1,1,124,3511.63,2500,221001,TRUE,FALSE,NA,2,2210012
2211001_1_097,2211001,221,00,1,1,245,3513.55,2661,221001,TRUE,FALSE,NA,2,2210012
2211001_1_346,2211001,221,00,1,1,266,3523.43,1800,221001,TRUE,FALSE,NA,2,2210012
2211001_1_749,2211001,221,00,1,1,320,3550.38,2500,221001,TRUE,FALSE,NA,2,2210012
2211001_1_448,2211001,221,00,1,1,354,3563.74,2400,221001,TRUE,FALSE,NA,2,2210012
2211001_1_147,2211001,221,00,1,1,158,3575.7100000000005,2023,221001,TRUE,FALSE,NA,2,2210012
2211001_1_750,2211001,221,00,1,1,253,3595.29,2424,221001,TRUE,FALSE,NA,2,2210012
2211001_1_751,2211001,221,00,1,1,283,3598.92,2900,221001,TRUE,FALSE,NA,2,2210012
2211001_1_703,2211001,221,00,1,1,279,3602.88,2400,221001,TRUE,FALSE,NA,2,2210012
2211001_1_672,2211001,221,00,1,1,302,3608.9299999999994,3100,221001,TRUE,FALSE,NA,2,2210012
2211001_1_060,2211001,221,00,1,1,252,3612.4,2400,221001,TRUE,FALSE,NA,2,2210012
2211001_1_035,2211001,221,00,1,1,149,3612.5,2500,221001,TRUE,FALSE,NA,2,2210012
2211001_1_076,2211001,221,00,1,1,182,3622.69,2500,221001,TRUE,FALSE,NA,2,2210012
2211001_1_038,2211001,221,00,1,1,204,3638.72,2500,221001,TRUE,FALSE,NA,2,2210012
2211001_1_048,2211001,221,00,1,1,196,3643.25,2500,221001,TRUE,FALSE,NA,2,2210012
2211001_1_807,2211001,221,00,1,1,160,3644.08,2500,221001,TRUE,FALSE,NA,2,2210012
2211001_1_798,2211001,221,00,1,1,101,3674.18,2500,221001,TRUE,FALSE,NA,2,2210012
2211001_1_745,2211001,221,00,1,1,299,3685.02,2424,221001,TRUE,FALSE,NA,2,2210012
2211001_1_101,2211001,221,00,1,1,264,3694.08,2050,221001,TRUE,FALSE,NA,2,2210012
2211001_1_312,2211001,221,00,1,1,94,3698.02,2500,221001,TRUE,FALSE,NA,2,2210012
2211001_1_218,2211001,221,00,1,1,243,3702.25,2150,221001,TRUE,FALSE,NA,2,2210012
2211001_1_287,2211001,221,00,1,1,251,3710.35,3000,221001,TRUE,FALSE,NA,2,2210012
2211001_1_142,2211001,221,00,1,1,136,3710.36,2274,221001,TRUE,FALSE,NA,2,2210012
2211001_1_070,2211001,221,00,1,1,147,3768.89,2500,221001,TRUE,FALSE,NA,2,2210012
2211001_1_057,2211001,221,00,1,1,257,3810.06,2400,221001,TRUE,FALSE,NA,2,2210012
2211001_1_695,2211001,221,00,1,1,155,3813.38,3000,221001,TRUE,FALSE,NA,2,2210012
2211001_1_677,2211001,221,00,1,1,146,3847.4899999999993,3000,221001,TRUE,FALSE,NA,2,2210012
2211001_1_345,2211001,221,00,1,1,281,3860.0700000000006,2001,221001,TRUE,FALSE,NA,2,2210012
2211001_1_031,2211001,221,00,1,1,210,3867.7,2450,221001,TRUE,FALSE,NA,2,2210012
2211001_1_157,2211001,221,00,1,1,195,3875.91,3000,221001,TRUE,FALSE,NA,2,2210012
2211001_1_047,2211001,221,00,1,1,200,3883.36,2000,221001,TRUE,FALSE,NA,2,2210012
2211001_1_030,2211001,221,00,1,2,105,3888.484571428571,2544.7619047619046,221001,TRUE,FALSE,NA,2,2210012
2211001_1_754,2211001,221,00,1,1,151,3889.04,2650,221001,TRUE,FALSE,NA,2,2210012
2211001_1_100,2211001,221,00,1,1,221,3891.17,3000,221001,TRUE,FALSE,NA,2,2210012
2211001_1_817,2211001,221,00,1,1,272,3907.86,2500,221001,TRUE,FALSE,NA,2,2210012
2211001_1_676,2211001,221,00,1,1,118,3923.07,3200,221001,TRUE,FALSE,NA,2,2210012
2211001_1_081,2211001,221,00,1,1,129,3935.32,3000,221001,TRUE,FALSE,NA,2,2210012
2211001_1_467,2211001,221,00,1,1,160,3942.71,2600,221001,TRUE,FALSE,NA,2,2210012
2211001_1_096,2211001,221,00,1,1,162,3950,2500,221001,TRUE,FALSE,NA,2,2210012
2211001_1_748,2211001,221,00,1,1,284,3952.3200000000006,3000,221001,TRUE,FALSE,NA,2,2210012
2211001_1_694,2211001,221,00,1,1,100,3953.38,3000,221001,TRUE,FALSE,NA,2,2210012
2211001_1_080,2211001,221,00,1,1,176,3955.5900000000006,2500,221001,TRUE,FALSE,NA,2,2210012
2211001_1_670,2211001,221,00,1,1,236,3970.33,3000,221001,TRUE,FALSE,NA,2,2210012
2211001_1_052,2211001,221,00,1,1,118,3988.14,2500,221001,TRUE,FALSE,NA,2,2210012
2211001_1_182,2211001,221,00,1,1,118,3990.21,3001,221001,TRUE,FALSE,NA,2,2210012
2211001_1_261,2211001,221,00,1,1,186,4017.22,3000,221001,TRUE,FALSE,NA,2,2210012
2211001_1_148,2211001,221,00,1,1,152,4017.81,2600,221001,TRUE,FALSE,NA,2,2210012
2211001_1_158,2211001,221,00,1,1,128,4033.51,3100,221001,TRUE,FALSE,NA,2,2210012
2211001_1_132,2211001,221,00,1,1,125,4042.61,2500,221001,TRUE,FALSE,NA,2,2210012
2211001_1_468,2211001,221,00,1,1,201,4047.95,3000,221001,TRUE,FALSE,NA,2,2210012
2211001_1_034,2211001,221,00,1,1,112,4065.09,2450,221001,TRUE,FALSE,NA,2,2210012
2211001_1_125,2211001,221,00,1,1,105,4085.14,1500,221001,TRUE,FALSE,NA,2,2210012
2211001_1_657,2211001,221,00,1,1,316,4088.25,3300,221001,TRUE,FALSE,NA,2,2210012
2211001_1_797,2211001,221,00,1,1,198,4113.45,3450,221001,TRUE,FALSE,NA,2,2210012
2211001_1_680,2211001,221,00,1,1,223,4135.92,3500,221001,TRUE,FALSE,NA,2,2210012
2211001_1_114,2211001,221,00,1,1,174,4152.74,2000,221001,TRUE,FALSE,NA,2,2210012
2211001_1_857,2211001,221,00,1,1,301,4189.8,3500,221001,TRUE,FALSE,NA,2,2210012
2211001_1_027,2211001,221,00,1,1,146,4191.87,2500,221001,TRUE,FALSE,NA,2,2210012
2211001_1_339,2211001,221,00,1,1,149,4208.43,4000,221001,TRUE,FALSE,NA,2,2210012
2211001_1_359,2211001,221,00,1,1,263,4226.36,2112,221001,TRUE,FALSE,NA,2,2210012
2211001_1_149,2211001,221,00,1,1,169,4226.77,3050,221001,TRUE,FALSE,NA,2,2210012
2211001_1_062,2211001,221,00,1,1,220,4241.69,3000,221001,TRUE,FALSE,NA,2,2210012
2211001_1_752,2211001,221,00,1,1,312,4249.22,3000,221001,TRUE,FALSE,NA,2,2210012
2211001_1_032,2211001,221,00,1,3,162,4264.354197530864,2791.0493827160494,221001,TRUE,FALSE,NA,2,2210012
2211001_1_037,2211001,221,00,1,1,138,4281.45,3000,221001,TRUE,FALSE,NA,2,2210012
2211001_1_050,2211001,221,00,1,1,151,4295.21,3000,221001,TRUE,FALSE,NA,2,2210012
2211001_1_383,2211001,221,00,1,1,235,4336.16,3000,221001,TRUE,FALSE,NA,2,2210012
2211001_1_863,2211001,221,00,1,1,129,4340.48,3600,221001,TRUE,FALSE,NA,2,2210012
2211001_1_118,2211001,221,00,1,4,111,4416.270450450451,3104.054054054054,221001,TRUE,FALSE,NA,2,2210012
2211001_1_128,2211001,221,00,1,1,107,4430.74,2050,221001,TRUE,FALSE,NA,2,2210012
2211001_1_108,2211001,221,00,1,1,160,4455.49,3000,221001,TRUE,FALSE,NA,2,2210012
2211001_1_330,2211001,221,00,1,1,227,4492.3,3500,221001,TRUE,FALSE,NA,2,2210012
2211001_1_747,2211001,221,00,1,1,241,4504.54,3612,221001,TRUE,FALSE,NA,2,2210012
2211001_1_095,2211001,221,00,1,1,238,4508.9,3000,221001,TRUE,FALSE,NA,2,2210012
2211001_1_314,2211001,221,00,1,1,235,4523.11,3000.5,221001,TRUE,FALSE,NA,2,2210012
2211001_1_135,2211001,221,00,1,1,154,4532.11,3000,221001,TRUE,FALSE,NA,2,2210012
2211001_1_743,2211001,221,00,1,1,184,4554.47,2462,221001,TRUE,FALSE,NA,2,2210012
2211001_1_382,2211001,221,00,1,1,215,4688.2,3000,221001,TRUE,FALSE,NA,2,2210012
2211001_1_190,2211001,221,00,1,1,284,4689.11,2400,221001,TRUE,FALSE,NA,2,2210012
2211001_1_689,2211001,221,00,1,1,116,4701.59,4000,221001,TRUE,FALSE,NA,2,2210012
2211001_1_063,2211001,221,00,1,1,119,4706.83,2600,221001,TRUE,FALSE,NA,2,2210012
2211001_1_167,2211001,221,00,1,1,94,4719.61,4000,221001,TRUE,FALSE,NA,2,2210012
2211001_1_088,2211001,221,00,1,1,311,4726.67,3600,221001,TRUE,FALSE,NA,2,2210012
2211001_1_331,2211001,221,00,1,1,219,4767.23,4000,221001,TRUE,FALSE,NA,2,2210012
2211001_1_219,2211001,221,00,1,1,307,4798.23,2600,221001,TRUE,FALSE,NA,2,2210012
2211001_1_338,2211001,221,00,1,1,147,4803.74,3800,221001,TRUE,FALSE,NA,2,2210012
2211001_1_267,2211001,221,00,1,1,257,4920.81,3000,221001,TRUE,FALSE,NA,2,2210012
2211001_1_746,2211001,221,00,1,1,293,4947.14,3500,221001,TRUE,FALSE,NA,2,2210012
2211001_1_298,2211001,221,00,1,1,111,5011.25,3000,221001,TRUE,FALSE,NA,2,2210012
2211001_1_091,2211001,221,00,1,1,159,5073.24,3500,221001,TRUE,FALSE,NA,2,2210012
2211001_1_173,2211001,221,00,1,1,330,5111.31,1500,221001,TRUE,FALSE,NA,2,2210012
2211001_1_353,2211001,221,00,1,1,191,5137.33,4000,221001,TRUE,FALSE,NA,2,2210012
2211001_1_539,2211001,221,00,1,1,246,5210.56,4000,221001,TRUE,FALSE,NA,2,2210012
2211001_1_281,2211001,221,00,1,1,114,5259.119999999999,2275,221001,TRUE,FALSE,NA,2,2210012
2211001_1_024,2211001,221,00,1,3,216,5290.635092592593,3685.4583333333335,221001,TRUE,FALSE,NA,2,2210012
2211001_1_036,2211001,221,00,1,1,222,5290.77,4000,221001,TRUE,FALSE,NA,2,2210012
2211001_1_116,2211001,221,00,1,1,141,5311.87,3700,221001,TRUE,FALSE,NA,2,2210012
2211001_1_217,2211001,221,00,1,1,323,5325.15,3000,221001,TRUE,FALSE,NA,2,2210012
2211001_1_134,2211001,221,00,1,1,142,5393.66,3000,221001,TRUE,FALSE,NA,2,2210012
2211001_1_349,2211001,221,00,1,1,155,5420.21,3200,221001,TRUE,FALSE,NA,2,2210012
2211001_1_049,2211001,221,00,1,1,104,5479.36,3330,221001,TRUE,FALSE,NA,2,2210012
2211001_1_089,2211001,221,00,1,1,149,5499.53,3500,221001,TRUE,FALSE,NA,2,2210012
2211001_1_220,2211001,221,00,1,1,257,5554.53,3200,221001,TRUE,FALSE,NA,2,2210012
2211001_1_308,2211001,221,00,1,1,93,5559.02,3100,221001,TRUE,FALSE,NA,2,2210012
2211001_1_072,2211001,221,00,1,1,205,5561.91,4000,221001,TRUE,FALSE,NA,2,2210012
2211001_1_215,2211001,221,00,1,2,150,5602.320000000001,3453.3333333333335,221001,TRUE,FALSE,NA,3,2210013
2211001_1_136,2211001,221,00,1,1,133,5603.72,4315,221001,TRUE,FALSE,NA,3,2210013
2211001_1_277,2211001,221,00,1,1,155,5627.58,3850,221001,TRUE,FALSE,NA,3,2210013
2211001_1_673,2211001,221,00,1,1,247,5654.22,5000,221001,TRUE,FALSE,NA,3,2210013
2211001_1_355,2211001,221,00,1,1,188,5658.72,5000,221001,TRUE,FALSE,NA,3,2210013
2211001_1_351,2211001,221,00,1,1,128,5665.26,5000,221001,TRUE,FALSE,NA,3,2210013
2211001_1_753,2211001,221,00,1,1,100,5742.15,4000,221001,TRUE,FALSE,NA,3,2210013
2211001_1_029,2211001,221,00,1,1,112,5772.47,4000,221001,TRUE,FALSE,NA,3,2210013
2211001_1_386,2211001,221,00,1,1,305,5772.58,4600,221001,TRUE,FALSE,NA,3,2210013
2211001_1_365,2211001,221,00,1,2,183,5776.562459016394,3590.5737704918033,221001,TRUE,FALSE,NA,3,2210013
2211001_1_927,2211001,221,00,1,1,107,5798.76,5000,221001,TRUE,FALSE,NA,3,2210013
2211001_1_381,2211001,221,00,1,1,159,5826.61,4000,221001,TRUE,FALSE,NA,3,2210013
2211001_1_138,2211001,221,00,1,1,207,5837.879999999999,4400,221001,TRUE,FALSE,NA,3,2210013
2211001_1_033,2211001,221,00,1,1,184,5849.51,3950,221001,TRUE,FALSE,NA,3,2210013
2211001_1_162,2211001,221,00,1,1,308,5866.45,4000,221001,TRUE,FALSE,NA,3,2210013
2211001_1_416,2211001,221,00,1,1,270,5920.72,4600,221001,TRUE,FALSE,NA,3,2210013
2211001_1_700,2211001,221,00,1,1,100,5945.04,4000,221001,TRUE,FALSE,NA,3,2210013
2211001_1_111,2211001,221,00,1,1,148,5983.18,4000,221001,TRUE,FALSE,NA,3,2210013
2211001_1_303,2211001,221,00,1,1,207,5987.74,4000,221001,TRUE,FALSE,NA,3,2210013
2211001_1_039,2211001,221,00,1,1,221,6032.51,2362,221001,TRUE,FALSE,NA,3,2210013
2211001_1_315,2211001,221,00,1,1,277,6033.93,4200,221001,TRUE,FALSE,NA,3,2210013
2211001_1_274,2211001,221,00,1,2,259,6122.414864864864,4351.351351351352,221001,TRUE,FALSE,NA,3,2210013
2211001_1_317,2211001,221,00,1,1,302,6133.33,5001,221001,TRUE,FALSE,NA,3,2210013
2211001_1_168,2211001,221,00,1,1,242,6221.02,2400,221001,TRUE,FALSE,NA,3,2210013
2211001_1_360,2211001,221,00,1,2,171,6230.672280701754,4043.8596491228072,221001,TRUE,FALSE,NA,3,2210013
2211001_1_192,2211001,221,00,1,1,170,6266.15,4824,221001,TRUE,FALSE,NA,3,2210013
2211001_1_245,2211001,221,00,1,1,284,6274.96,4000,221001,TRUE,FALSE,NA,3,2210013
2211001_1_378,2211001,221,00,1,1,181,6434.77,4400,221001,TRUE,FALSE,NA,3,2210013
2211001_1_678,2211001,221,00,1,1,231,6435.66,5000,221001,TRUE,FALSE,NA,3,2210013
2211001_1_506,2211001,221,00,1,1,358,6498.35,5000,221001,TRUE,FALSE,NA,3,2210013
2211001_1_369,2211001,221,00,1,1,213,6519.28,4800,221001,TRUE,FALSE,NA,3,2210013
2211001_1_928,2211001,221,00,1,1,250,6571.19,6000,221001,TRUE,FALSE,NA,3,2210013
2211001_1_166,2211001,221,00,1,1,249,6641.54,5001,221001,TRUE,FALSE,NA,3,2210013
2211001_1_177,2211001,221,00,1,1,349,6646.4000000000005,4000,221001,TRUE,FALSE,NA,3,2210013
2211001_1_026,2211001,221,00,1,1,120,6704.47,5000,221001,TRUE,FALSE,NA,3,2210013
2211001_1_679,2211001,221,00,1,1,190,6707.5,4950,221001,TRUE,FALSE,NA,3,2210013
2211001_1_183,2211001,221,00,1,1,202,6738.530000000001,5700,221001,TRUE,FALSE,NA,3,2210013
2211001_1_172,2211001,221,00,1,3,124,6763.75870967742,4916.129032258064,221001,TRUE,FALSE,NA,3,2210013
2211001_1_176,2211001,221,00,1,1,247,6771.39,4000,221001,TRUE,FALSE,NA,3,2210013
2211001_1_316,2211001,221,00,1,1,246,6799.48,5000,221001,TRUE,FALSE,NA,3,2210013
2211001_1_348,2211001,221,00,1,1,277,6801.84,2160,221001,TRUE,FALSE,NA,3,2210013
2211001_1_140,2211001,221,00,1,1,271,6818.94,5000,221001,TRUE,FALSE,NA,3,2210013
2211001_1_139,2211001,221,00,1,1,306,6820.95,5000,221001,TRUE,FALSE,NA,3,2210013
2211001_1_028,2211001,221,00,1,2,166,6860.66204819277,5542.168674698795,221001,TRUE,FALSE,NA,3,2210013
2211001_1_304,2211001,221,00,1,1,205,7065.84,5000,221001,TRUE,FALSE,NA,3,2210013
2211001_1_214,2211001,221,00,1,1,232,7084.370000000001,5001,221001,TRUE,FALSE,NA,3,2210013
2211001_1_212,2211001,221,00,1,1,255,7142.51,5000,221001,TRUE,FALSE,NA,3,2210013
2211001_1_243,2211001,221,00,1,1,191,7189.25,4650,221001,TRUE,FALSE,NA,3,2210013
2211001_1_252,2211001,221,00,1,1,159,7190.950000000001,5001,221001,TRUE,FALSE,NA,3,2210013
2211001_1_358,2211001,221,00,1,1,226,7203.48,5850,221001,TRUE,FALSE,NA,3,2210013
2211001_1_160,2211001,221,00,1,1,275,7220.69,5700,221001,TRUE,FALSE,NA,3,2210013
2211001_1_325,2211001,221,00,1,1,172,7279.8,5001,221001,TRUE,FALSE,NA,3,2210013
2211001_1_337,2211001,221,00,1,1,117,7292.28,5000,221001,TRUE,FALSE,NA,3,2210013
2211001_1_305,2211001,221,00,1,1,174,7322.72,6000,221001,TRUE,FALSE,NA,3,2210013
2211001_1_248,2211001,221,00,1,1,271,7325.33,5000,221001,TRUE,FALSE,NA,3,2210013
2211001_1_299,2211001,221,00,1,1,130,7392.76,4000,221001,TRUE,FALSE,NA,3,2210013
2211001_1_296,2211001,221,00,1,1,108,7396.68,6500,221001,TRUE,FALSE,NA,3,2210013
2211001_1_090,2211001,221,00,1,1,198,7503.49,6000,221001,TRUE,FALSE,NA,3,2210013
2211001_1_350,2211001,221,00,1,1,187,7569.16,6000,221001,TRUE,FALSE,NA,3,2210013
2211001_1_270,2211001,221,00,1,1,277,7569.35,5000,221001,TRUE,FALSE,NA,3,2210013
2211001_1_660,2211001,221,00,1,1,169,7651.79,5800,221001,TRUE,FALSE,NA,3,2210013
2211001_1_356,2211001,221,00,1,2,183,7669.29,4000,221001,TRUE,FALSE,NA,3,2210013
2211001_1_241,2211001,221,00,1,1,161,7752.670000000001,5000,221001,TRUE,FALSE,NA,3,2210013
2211001_1_213,2211001,221,00,1,2,134,7848.863955223881,6000,221001,TRUE,FALSE,NA,3,2210013
2211001_1_591,2211001,221,00,1,1,288,7912.490000000001,5001,221001,TRUE,FALSE,NA,3,2210013
2211001_1_250,2211001,221,00,1,1,249,7929.85,4800,221001,TRUE,FALSE,NA,3,2210013
2211001_1_343,2211001,221,00,1,3,344,7973.129098837209,3197.9651162790697,221001,TRUE,FALSE,NA,3,2210013
2211001_1_025,2211001,221,00,1,2,181,8030.180386740331,5491.712707182321,221001,TRUE,FALSE,NA,3,2210013
2211001_1_282,2211001,221,00,1,1,219,8035.17,6000,221001,TRUE,FALSE,NA,3,2210013
2211001_1_154,2211001,221,00,1,1,104,8049.03,3000,221001,TRUE,FALSE,NA,3,2210013
2211001_1_262,2211001,221,00,1,1,152,8064.7,6000,221001,TRUE,FALSE,NA,3,2210013
2211001_1_222,2211001,221,00,1,1,190,8083.179999999999,6180,221001,TRUE,FALSE,NA,3,2210013
2211001_1_275,2211001,221,00,1,1,238,8168.82,5500,221001,TRUE,FALSE,NA,3,2210013
2211001_1_295,2211001,221,00,1,1,308,8218.84,6000,221001,TRUE,FALSE,NA,3,2210013
2211001_1_297,2211001,221,00,1,1,205,8274.2,7000,221001,TRUE,FALSE,NA,3,2210013
2211001_1_354,2211001,221,00,1,2,210,8302.020666666665,6686.666666666667,221001,TRUE,FALSE,NA,3,2210013
2211001_1_226,2211001,221,00,1,1,169,8380.36,5500,221001,TRUE,FALSE,NA,3,2210013
2211001_1_344,2211001,221,00,1,1,96,8396.73,9000,221001,TRUE,FALSE,NA,3,2210013
2211001_1_194,2211001,221,00,1,1,209,8478.35,5000,221001,TRUE,FALSE,NA,3,2210013
2211001_1_223,2211001,221,00,1,1,189,8559.35,5350.5,221001,TRUE,FALSE,NA,3,2210013
2211001_1_247,2211001,221,00,1,1,298,8665.46,6000,221001,TRUE,FALSE,NA,3,2210013
2211001_1_357,2211001,221,00,1,1,383,8872.41,6466,221001,TRUE,FALSE,NA,3,2210013
2211001_1_258,2211001,221,00,1,1,186,9073.44,5300,221001,TRUE,FALSE,NA,3,2210013
2211001_1_242,2211001,221,00,1,1,154,9163.34,7000,221001,TRUE,FALSE,NA,3,2210013
2211001_1_227,2211001,221,00,1,1,250,9173.99,6000,221001,TRUE,FALSE,NA,3,2210013
2211001_1_342,2211001,221,00,1,1,284,9228,7000,221001,TRUE,FALSE,NA,3,2210013
2211001_1_300,2211001,221,00,1,1,191,9280.64,7000,221001,TRUE,FALSE,NA,3,2210013
2211001_1_361,2211001,221,00,1,1,233,9312.55,6000,221001,TRUE,FALSE,NA,3,2210013
2211001_1_272,2211001,221,00,1,1,146,9316.87,8000,221001,TRUE,FALSE,NA,3,2210013
2211001_1_189,2211001,221,00,1,1,307,9388.82,7000,221001,TRUE,FALSE,NA,3,2210013
2211001_1_181,2211001,221,00,1,1,304,9495.7,7000,221001,TRUE,FALSE,NA,3,2210013
2211001_1_366,2211001,221,00,1,1,173,9579.06,7000,221001,TRUE,FALSE,NA,3,2210013
2211001_1_254,2211001,221,00,1,1,151,9593.48,5750,221001,TRUE,FALSE,NA,3,2210013
2211001_1_306,2211001,221,00,1,1,237,9626.69,7500,221001,TRUE,FALSE,NA,3,2210013
2211001_1_244,2211001,221,00,1,1,209,9665.2,7250,221001,TRUE,FALSE,NA,3,2210013
2211001_1_229,2211001,221,00,1,1,194,9702.49,7000,221001,TRUE,FALSE,NA,3,2210013
2211001_1_216,2211001,221,00,1,1,266,9719.7,8000,221001,TRUE,FALSE,NA,3,2210013
2211001_1_178,2211001,221,00,1,1,303,9810.89,7000,221001,TRUE,FALSE,NA,3,2210013
2211001_1_249,2211001,221,00,1,1,146,9870.55,6250,221001,TRUE,FALSE,NA,3,2210013
2211001_1_347,2211001,221,00,1,1,309,9944.58,8000,221001,TRUE,FALSE,NA,3,2210013
2211001_1_335,2211001,221,00,1,1,135,9950.01,7000,221001,TRUE,FALSE,NA,3,2210013
2211001_1_301,2211001,221,00,1,1,105,9952.95,7000,221001,TRUE,FALSE,NA,3,2210013
2211001_1_324,2211001,221,00,1,1,139,10006.24,7000,221001,TRUE,FALSE,NA,3,2210013
2211001_1_370,2211001,221,00,1,1,384,10142.61,8000,221001,TRUE,FALSE,NA,3,2210013
2211001_1_271,2211001,221,00,1,1,303,10263.47,8000,221001,TRUE,FALSE,NA,3,2210013
2211001_1_307,2211001,221,00,1,1,165,10375.93,9500,221001,TRUE,FALSE,NA,3,2210013
2211001_1_364,2211001,221,00,1,1,180,10465.76,9000,221001,TRUE,FALSE,NA,3,2210013
2211001_1_224,2211001,221,00,1,1,167,10551.4,8000,221001,TRUE,FALSE,NA,3,2210013
2211001_1_855,2211001,221,00,1,1,120,10584.12,7000,221001,TRUE,FALSE,NA,3,2210013
2211001_1_174,2211001,221,00,1,1,223,10607.63,10000,221001,TRUE,FALSE,NA,3,2210013
2211001_1_321,2211001,221,00,1,1,204,10716.08,7000,221001,TRUE,FALSE,NA,3,2210013
2211001_1_193,2211001,221,00,1,1,259,10804.5,8000,221001,TRUE,FALSE,NA,3,2210013
2211001_1_191,2211001,221,00,1,1,173,10826.04,8000,221001,TRUE,FALSE,NA,3,2210013
2211001_1_352,2211001,221,00,1,2,272,11071.65444852941,7835.308823529412,221001,TRUE,FALSE,NA,3,2210013
2211001_1_322,2211001,221,00,1,1,205,11079.1,9000,221001,TRUE,FALSE,NA,3,2210013
2211001_1_041,2211001,221,00,1,1,296,11244.47,8000,221001,TRUE,FALSE,NA,3,2210013
2211001_1_228,2211001,221,00,1,1,256,11368.4,10000,221001,TRUE,FALSE,NA,3,2210013
2211001_1_180,2211001,221,00,1,1,291,11500.47,10000,221001,TRUE,FALSE,NA,3,2210013
2211001_1_040,2211001,221,00,1,1,360,11603.79,10001,221001,TRUE,FALSE,NA,3,2210013
2211001_1_323,2211001,221,00,1,1,400,11662.42,10000,221001,TRUE,FALSE,NA,3,2210013
2211001_1_255,2211001,221,00,1,1,133,11769.17,10000,221001,TRUE,FALSE,NA,3,2210013
2211001_1_320,2211001,221,00,1,1,230,11786.45,10000,221001,TRUE,FALSE,NA,3,2210013
2211001_1_265,2211001,221,00,1,1,174,11883.57,8000,221001,TRUE,FALSE,NA,3,2210013
2211001_1_363,2211001,221,00,1,1,251,12121.24,10000,221001,TRUE,FALSE,NA,3,2210013
2211001_1_266,2211001,221,00,1,1,232,12201.04,5000,221001,TRUE,FALSE,NA,3,2210013
2211001_1_362,2211001,221,00,1,2,423,12368.16,10000,221001,TRUE,FALSE,NA,3,2210013
2211001_1_179,2211001,221,00,1,1,307,12650.22,10000,221001,TRUE,FALSE,NA,3,2210013
2211001_1_251,2211001,221,00,1,1,228,12985,10001,221001,TRUE,FALSE,NA,3,2210013
2211001_1_246,2211001,221,00,1,1,233,13006,10000,221001,TRUE,FALSE,NA,3,2210013
2211001_1_263,2211001,221,00,1,1,171,13195.180000000002,10000,221001,TRUE,FALSE,NA,3,2210013
2211001_1_661,2211001,221,00,1,1,210,13309.31,6250,221001,TRUE,FALSE,NA,3,2210013
2211001_1_225,2211001,221,00,1,1,366,13434.399999999998,10000,221001,TRUE,FALSE,NA,3,2210013
2211001_1_016,2211001,221,00,1,1,155,13530,6000,221001,TRUE,FALSE,NA,3,2210013
2211001_1_278,2211001,221,00,1,1,324,13530.08,10000,221001,TRUE,FALSE,NA,3,2210013
2211001_1_273,2211001,221,00,1,1,93,13548.22,10000,221001,TRUE,FALSE,NA,3,2210013
2211001_1_257,2211001,221,00,1,1,311,13715.55,10000,221001,TRUE,FALSE,NA,3,2210013
2211001_1_253,2211001,221,00,1,1,218,14436.66,10000,221001,TRUE,FALSE,NA,3,2210013
2211001_1_662,2211001,221,00,1,2,271,15065.19,10500.5,221001,TRUE,FALSE,NA,3,2210013
2211001_1_632,2211001,221,00,1,1,239,15451.81,1600,221001,TRUE,FALSE,NA,3,2210013
2211001_1_159,2211001,221,00,1,5,167,15561.751796407185,12425.149700598802,221001,TRUE,FALSE,NA,3,2210013
2211001_1_334,2211001,221,00,1,1,176,15878.94,15000,221001,TRUE,FALSE,NA,3,2210013
2211001_1_336,2211001,221,00,1,1,126,16470.4,15000,221001,TRUE,FALSE,NA,3,2210013
2211001_1_279,2211001,221,00,1,1,293,16628.64,15000,221001,TRUE,FALSE,NA,3,2210013
2211001_1_333,2211001,221,00,1,1,163,17045.91,15000,221001,TRUE,FALSE,NA,3,2210013
2211001_1_318,2211001,221,00,1,1,374,17187.17,12000,221001,TRUE,FALSE,NA,3,2210013
2211001_1_309,2211001,221,00,1,1,219,17962.77,16000,221001,TRUE,FALSE,NA,3,2210013
2211001_1_256,2211001,221,00,1,1,344,17988.9,16500,221001,TRUE,FALSE,NA,3,2210013
2211001_1_319,2211001,221,00,1,1,262,18185.73,19250,221001,TRUE,FALSE,NA,3,2210013
2211001_1_326,2211001,221,00,1,1,175,19498.75,17500,221001,TRUE,FALSE,NA,3,2210013
2211001_1_327,2211001,221,00,1,1,296,19704.42,18000,221001,TRUE,FALSE,NA,3,2210013
2211001_2_091,2211001,221,00,2,1,125,705.75,460,221002,TRUE,FALSE,NA,0,2210020
2211001_2_081,2211001,221,00,2,1,64,765.04,450,221002,TRUE,FALSE,NA,0,2210020
2211001_2_012,2211001,221,00,2,1,273,773.18,450,221002,TRUE,FALSE,NA,0,2210020
2211001_2_008,2211001,221,00,2,1,216,859.89,600,221002,TRUE,FALSE,NA,0,2210020
2211001_2_026,2211001,221,00,2,1,149,885.7000000000002,800,221002,TRUE,FALSE,NA,0,2210020
2211001_2_079,2211001,221,00,2,2,79,916.3108860759494,907.2911392405064,221002,TRUE,FALSE,NA,0,2210020
2211001_2_030,2211001,221,00,2,1,102,956.49,1206,221002,TRUE,FALSE,NA,0,2210020
2211001_2_040,2211001,221,00,2,2,100,992.7775,981.6,221002,TRUE,FALSE,NA,0,2210020
2211001_2_007,2211001,221,00,2,2,261,994.3875478927204,1200,221002,TRUE,FALSE,NA,0,2210020
2211001_2_033,2211001,221,00,2,1,116,1009.54,1212,221002,TRUE,FALSE,NA,0,2210020
2211001_2_097,2211001,221,00,2,1,72,1012.38,1200,221002,TRUE,FALSE,NA,0,2210020
2211001_2_027,2211001,221,00,2,1,105,1027.22,1212,221002,TRUE,FALSE,NA,0,2210020
2211001_2_057,2211001,221,00,2,1,87,1030.67,1212,221002,TRUE,FALSE,NA,0,2210020
2211001_2_058,2211001,221,00,2,1,68,1034.02,950,221002,TRUE,FALSE,NA,0,2210020
2211001_2_050,2211001,221,00,2,1,87,1049.56,1212,221002,TRUE,FALSE,NA,0,2210020
2211001_2_103,2211001,221,00,2,1,213,1052.63,1200,221002,TRUE,FALSE,NA,0,2210020
2211001_2_006,2211001,221,00,2,1,200,1059.6,1200,221002,TRUE,FALSE,NA,0,2210020
2211001_2_004,2211001,221,00,2,1,192,1067.95,1212,221002,TRUE,FALSE,NA,0,2210020
2211001_2_051,2211001,221,00,2,1,137,1072.48,1212,221002,TRUE,FALSE,NA,0,2210020
2211001_2_059,2211001,221,00,2,1,144,1084.24,600,221002,TRUE,FALSE,NA,0,2210020
2211001_2_084,2211001,221,00,2,1,85,1085.94,1212,221002,TRUE,FALSE,NA,0,2210020
2211001_2_078,2211001,221,00,2,2,141,1092.9,1204.5106382978724,221002,TRUE,FALSE,NA,0,2210020
2211001_2_020,2211001,221,00,2,1,115,1094.34,1212,221002,TRUE,FALSE,NA,0,2210020
2211001_2_041,2211001,221,00,2,1,217,1103.95,1100,221002,TRUE,FALSE,NA,0,2210020
2211001_2_098,2211001,221,00,2,2,199,1134.7823618090451,1212,221002,TRUE,FALSE,NA,0,2210020
2211001_2_019,2211001,221,00,2,2,322,1162.147826086957,1209.9130434782608,221002,TRUE,FALSE,NA,0,2210020
2211001_2_056,2211001,221,00,2,1,81,1165.89,1212,221002,TRUE,FALSE,NA,0,2210020
2211001_2_099,2211001,221,00,2,1,65,1171.21,1145,221002,TRUE,FALSE,NA,0,2210020
2211001_2_075,2211001,221,00,2,1,118,1172.11,1212,221002,TRUE,FALSE,NA,0,2210020
2211001_2_046,2211001,221,00,2,1,104,1179.22,1212,221002,TRUE,FALSE,NA,0,2210020
2211001_2_064,2211001,221,00,2,1,62,1183.21,1212,221002,TRUE,FALSE,NA,0,2210020
2211001_2_096,2211001,221,00,2,2,188,1208.4481914893618,999.468085106383,221002,TRUE,FALSE,NA,0,2210020
2211001_2_024,2211001,221,00,2,1,99,1212.5,1212,221002,TRUE,FALSE,NA,0,2210020
2211001_2_003,2211001,221,00,2,1,145,1216.34,1212,221002,TRUE,FALSE,NA,0,2210020
2211001_2_032,2211001,221,00,2,1,129,1219.72,1206,221002,TRUE,FALSE,NA,0,2210020
2211001_2_037,2211001,221,00,2,1,95,1239.96,1200,221002,TRUE,FALSE,NA,0,2210020
2211001_2_095,2211001,221,00,2,1,79,1244.85,1212,221002,TRUE,FALSE,NA,0,2210020
2211001_2_062,2211001,221,00,2,2,127,1252.6014173228348,1212,221002,TRUE,FALSE,NA,0,2210020
2211001_2_101,2211001,221,00,2,1,84,1254.3,1200,221002,TRUE,FALSE,NA,0,2210020
2211001_2_060,2211001,221,00,2,1,106,1259.42,1212,221002,TRUE,FALSE,NA,0,2210020
2211001_2_061,2211001,221,00,2,1,80,1268.15,1100,221002,TRUE,FALSE,NA,0,2210020
2211001_2_077,2211001,221,00,2,1,119,1284.14,1212,221002,TRUE,FALSE,NA,0,2210020
2211001_2_025,2211001,221,00,2,1,113,1286.3,1212,221002,TRUE,FALSE,NA,0,2210020
2211001_2_090,2211001,221,00,2,2,233,1289.0635622317595,1209.3218884120172,221002,TRUE,FALSE,NA,0,2210020
2211001_2_044,2211001,221,00,2,1,155,1294.62,1212,221002,TRUE,FALSE,NA,0,2210020
2211001_2_045,2211001,221,00,2,1,113,1298.77,1212,221002,TRUE,FALSE,NA,0,2210020
2211001_2_076,2211001,221,00,2,1,101,1299.89,1200,221002,TRUE,FALSE,NA,0,2210020
2211001_2_094,2211001,221,00,2,3,131,1302.787786259542,1212,221002,TRUE,FALSE,NA,0,2210020
2211001_2_042,2211001,221,00,2,1,148,1310.59,1200,221002,TRUE,FALSE,NA,0,2210020
2211001_2_100,2211001,221,00,2,1,92,1319.84,1200,221002,TRUE,FALSE,NA,0,2210020
2211001_2_013,2211001,221,00,2,1,148,1321.68,1212,221002,TRUE,FALSE,NA,0,2210020
2211001_2_011,2211001,221,00,2,1,108,1331.98,1212,221002,TRUE,FALSE,NA,0,2210020
2211001_2_015,2211001,221,00,2,1,94,1338.66,1212,221002,TRUE,FALSE,NA,0,2210020
2211001_2_102,2211001,221,00,2,1,67,1339,1212,221002,TRUE,FALSE,NA,0,2210020
2211001_2_086,2211001,221,00,2,2,110,1342.345,1206,221002,TRUE,FALSE,NA,0,2210020
2211001_2_054,2211001,221,00,2,1,132,1355.59,1212,221002,TRUE,FALSE,NA,0,2210020
2211001_2_043,2211001,221,00,2,1,191,1355.74,1212,221002,TRUE,FALSE,NA,0,2210020
2211001_2_047,2211001,221,00,2,1,70,1359.21,1212,221002,TRUE,FALSE,NA,0,2210020
2211001_2_010,2211001,221,00,2,1,170,1375.26,1212,221002,TRUE,FALSE,NA,0,2210020
2211001_2_031,2211001,221,00,2,1,113,1396.96,1212,221002,TRUE,FALSE,NA,0,2210020
2211001_2_083,2211001,221,00,2,2,86,1407.0967441860466,1110.9302325581396,221002,TRUE,FALSE,NA,0,2210020
2211001_2_069,2211001,221,00,2,1,88,1408.77,1212,221002,TRUE,FALSE,NA,0,2210020
2211001_2_009,2211001,221,00,2,1,137,1409.48,1200,221002,TRUE,FALSE,NA,0,2210020
2211001_2_035,2211001,221,00,2,1,303,1439.62,1212,221002,TRUE,FALSE,NA,0,2210020
2211001_2_063,2211001,221,00,2,1,114,1447.5,1212,221002,TRUE,FALSE,NA,0,2210020
2211001_2_002,2211001,221,00,2,1,168,1457.18,1212,221002,TRUE,FALSE,NA,0,2210020
2211001_2_082,2211001,221,00,2,1,257,1482.18,1212,221002,TRUE,FALSE,NA,0,2210020
2211001_2_052,2211001,221,00,2,1,190,1483.11,1212,221002,TRUE,FALSE,NA,0,2210020
2211001_2_068,2211001,221,00,2,2,149,1491.0255033557046,1202.0939597315437,221002,TRUE,FALSE,NA,0,2210020
2211001_2_029,2211001,221,00,2,1,105,1497.33,1212,221002,TRUE,FALSE,NA,0,2210020
2211001_2_001,2211001,221,00,2,1,96,1510.75,1200,221002,TRUE,FALSE,NA,0,2210020
2211001_2_034,2211001,221,00,2,1,228,1516.73,1212,221002,TRUE,FALSE,NA,0,2210020
2211001_2_093,2211001,221,00,2,1,103,1518.03,1212,221002,TRUE,FALSE,NA,0,2210020
2211001_2_018,2211001,221,00,2,2,147,1533.5757142857144,1207.34693877551,221002,TRUE,FALSE,NA,0,2210020
2211001_2_023,2211001,221,00,2,1,210,1537.36,1212,221002,TRUE,FALSE,NA,0,2210020
2211001_2_021,2211001,221,00,2,1,304,1546.74,1212,221002,TRUE,FALSE,NA,0,2210020
2211001_2_038,2211001,221,00,2,2,108,1561.948888888889,1212,221002,TRUE,FALSE,NA,0,2210020
2211001_2_104,2211001,221,00,2,1,107,1574.76,1212,221002,TRUE,FALSE,NA,0,2210020
2211001_2_049,2211001,221,00,2,1,130,1581.74,1212,221002,TRUE,FALSE,NA,0,2210020
2211001_2_067,2211001,221,00,2,1,110,1615.44,1200,221002,TRUE,FALSE,NA,0,2210020
2211001_2_085,2211001,221,00,2,1,228,1618.32,1212,221002,TRUE,FALSE,NA,0,2210020
2211001_2_072,2211001,221,00,2,2,87,1619.981379310345,1025.8620689655172,221002,TRUE,FALSE,NA,0,2210020
2211001_2_028,2211001,221,00,2,1,152,1668.47,1212,221002,TRUE,FALSE,NA,0,2210020
2211001_2_087,2211001,221,00,2,1,75,1675.86,1212,221002,TRUE,FALSE,NA,0,2210020
2211001_2_053,2211001,221,00,2,1,133,1678.08,1212,221002,TRUE,FALSE,NA,0,2210020
2211001_2_092,2211001,221,00,2,2,75,1690.4847999999995,1212,221002,TRUE,FALSE,NA,0,2210020
2211001_2_055,2211001,221,00,2,2,166,1699.08,1212,221002,TRUE,FALSE,NA,0,2210020
2211001_2_088,2211001,221,00,2,1,116,1744.65,1212,221002,TRUE,FALSE,NA,0,2210020
2211001_2_073,2211001,221,00,2,1,116,1778.16,1212,221002,TRUE,FALSE,NA,0,2210020
2211001_2_014,2211001,221,00,2,1,123,1795.36,1250,221002,TRUE,FALSE,NA,0,2210020
2211001_2_005,2211001,221,00,2,1,122,1892.52,1550,221002,TRUE,FALSE,NA,0,2210020
2211001_2_022,2211001,221,00,2,1,86,1906.23,1212,221002,TRUE,FALSE,NA,0,2210020
2211001_2_036,2211001,221,00,2,1,127,1911.03,1212,221002,TRUE,FALSE,NA,0,2210020
2211001_2_089,2211001,221,00,2,1,201,1911.11,1212,221002,TRUE,FALSE,NA,0,2210020
2211001_2_066,2211001,221,00,2,1,85,1930.33,1212,221002,TRUE,FALSE,NA,0,2210020
2211001_2_048,2211001,221,00,2,1,70,1933.6099999999997,1212,221002,TRUE,FALSE,NA,0,2210020
2211001_2_080,2211001,221,00,2,2,121,2070.094876033058,923.702479338843,221002,TRUE,FALSE,NA,0,2210020
2211001_2_074,2211001,221,00,2,3,264,2094.6076515151512,1212,221002,TRUE,FALSE,NA,0,2210020
2211001_2_065,2211001,221,00,2,1,96,2217.76,1212,221002,TRUE,FALSE,NA,0,2210020
2211001_2_039,2211001,221,00,2,1,165,2227.42,1212,221002,TRUE,FALSE,NA,0,2210020
2211001_2_016,2211001,221,00,2,1,108,2337.79,1212,221002,TRUE,FALSE,NA,0,2210020
2211001_2_071,2211001,221,00,2,1,78,2366.57,1212,221002,TRUE,FALSE,NA,0,2210020
2211001_2_017,2211001,221,00,2,2,92,2547.142608695652,1212,221002,TRUE,FALSE,NA,0,2210020
2211001_2_070,2211001,221,00,2,1,91,3042.1899999999996,1212,221002,TRUE,FALSE,NA,0,2210020
2211001_3_170,2211001,221,00,3,1,136,865.69,600,221003,TRUE,FALSE,NA,0,2210030
2211001_3_276,2211001,221,00,3,1,287,893.09,400,221003,TRUE,FALSE,NA,0,2210030
2211001_3_234,2211001,221,00,3,1,167,894.31,603,221003,TRUE,FALSE,NA,0,2210030
2211001_3_095,2211001,221,00,3,1,95,902.58,600,221003,TRUE,FALSE,NA,0,2210030
2211001_3_165,2211001,221,00,3,2,165,950.0582424242424,837.5757575757576,221003,TRUE,FALSE,NA,0,2210030
2211001_3_287,2211001,221,00,3,1,115,954.54,1100,221003,TRUE,FALSE,NA,0,2210030
2211001_3_171,2211001,221,00,3,1,192,956.26,1100,221003,TRUE,FALSE,NA,0,2210030
2211001_3_271,2211001,221,00,3,1,311,976.3,1100,221003,TRUE,FALSE,NA,0,2210030
2211001_3_115,2211001,221,00,3,1,186,995.94,1212,221003,TRUE,FALSE,NA,0,2210030
2211001_3_175,2211001,221,00,3,1,188,996.95,1212,221003,TRUE,FALSE,NA,0,2210030
2211001_3_274,2211001,221,00,3,1,257,1001.71,1000,221003,TRUE,FALSE,NA,0,2210030
2211001_3_061,2211001,221,00,3,2,124,1005.9082258064516,1202.032258064516,221003,TRUE,FALSE,NA,0,2210030
2211001_3_294,2211001,221,00,3,1,106,1010.62,1206,221003,TRUE,FALSE,NA,0,2210030
2211001_3_222,2211001,221,00,3,1,199,1027.2,1200,221003,TRUE,FALSE,NA,0,2210030
2211001_3_183,2211001,221,00,3,1,155,1030.03,1200,221003,TRUE,FALSE,NA,0,2210030
2211001_3_014,2211001,221,00,3,1,226,1034.76,1212,221003,TRUE,FALSE,NA,0,2210030
2211001_3_231,2211001,221,00,3,1,250,1035.16,1000,221003,TRUE,FALSE,NA,0,2210030
2211001_3_131,2211001,221,00,3,1,148,1040.97,1000,221003,TRUE,FALSE,NA,0,2210030
2211001_3_023,2211001,221,00,3,1,179,1046.87,1212,221003,TRUE,FALSE,NA,0,2210030
2211001_3_256,2211001,221,00,3,1,156,1051.63,1212,221003,TRUE,FALSE,NA,0,2210030
2211001_3_177,2211001,221,00,3,1,134,1052.88,1200,221003,TRUE,FALSE,NA,0,2210030
2211001_3_182,2211001,221,00,3,2,221,1054.6757466063348,930.316742081448,221003,TRUE,FALSE,NA,0,2210030
2211001_3_124,2211001,221,00,3,1,259,1056.51,1212,221003,TRUE,FALSE,NA,0,2210030
2211001_3_162,2211001,221,00,3,1,266,1056.8,1200,221003,TRUE,FALSE,NA,0,2210030
2211001_3_282,2211001,221,00,3,1,132,1060.55,1212,221003,TRUE,FALSE,NA,0,2210030
2211001_3_016,2211001,221,00,3,1,110,1062.25,1212,221003,TRUE,FALSE,NA,0,2210030
2211001_3_248,2211001,221,00,3,1,406,1073.65,1212,221003,TRUE,FALSE,NA,0,2210030
2211001_3_221,2211001,221,00,3,1,180,1074.3,600,221003,TRUE,FALSE,NA,0,2210030
2211001_3_081,2211001,221,00,3,1,128,1075.19,1200,221003,TRUE,FALSE,NA,0,2210030
2211001_3_176,2211001,221,00,3,1,154,1076.47,1200,221003,TRUE,FALSE,NA,0,2210030
2211001_3_164,2211001,221,00,3,1,146,1080.89,1112,221003,TRUE,FALSE,NA,0,2210030
2211001_3_025,2211001,221,00,3,1,142,1081.29,1212,221003,TRUE,FALSE,NA,0,2210030
2211001_3_272,2211001,221,00,3,1,331,1082.17,1100,221003,TRUE,FALSE,NA,0,2210030
2211001_3_283,2211001,221,00,3,1,126,1084.84,1202,221003,TRUE,FALSE,NA,0,2210030
2211001_3_123,2211001,221,00,3,1,189,1087.3,1212,221003,TRUE,FALSE,NA,0,2210030
2211001_3_296,2211001,221,00,3,2,169,1087.3189349112426,1098.224852071006,221003,TRUE,FALSE,NA,0,2210030
2211001_3_230,2211001,221,00,3,1,191,1088.06,1212,221003,TRUE,FALSE,NA,0,2210030
2211001_3_273,2211001,221,00,3,1,314,1090.65,1212,221003,TRUE,FALSE,NA,0,2210030
2211001_3_269,2211001,221,00,3,1,163,1097.03,1212,221003,TRUE,FALSE,NA,0,2210030
2211001_3_151,2211001,221,00,3,1,237,1097.69,1212,221003,TRUE,FALSE,NA,0,2210030
2211001_3_257,2211001,221,00,3,1,133,1099.23,1212,221003,TRUE,FALSE,NA,0,2210030
2211001_3_060,2211001,221,00,3,1,99,1103.02,1212,221003,TRUE,FALSE,NA,0,2210030
2211001_3_213,2211001,221,00,3,1,262,1106.45,1212,221003,TRUE,FALSE,NA,0,2210030
2211001_3_292,2211001,221,00,3,1,290,1106.91,1200,221003,TRUE,FALSE,NA,0,2210030
2211001_3_207,2211001,221,00,3,1,114,1112.95,1200,221003,TRUE,FALSE,NA,0,2210030
2211001_3_121,2211001,221,00,3,1,271,1113.97,1212,221003,TRUE,FALSE,NA,0,2210030
2211001_3_169,2211001,221,00,3,1,144,1114.92,1200,221003,TRUE,FALSE,NA,0,2210030
2211001_3_145,2211001,221,00,3,1,268,1115.53,1212,221003,TRUE,FALSE,NA,0,2210030
2211001_3_219,2211001,221,00,3,1,269,1119.5,1050.5,221003,TRUE,FALSE,NA,0,2210030
2211001_3_080,2211001,221,00,3,2,198,1120.3369696969696,1207.2727272727273,221003,TRUE,FALSE,NA,0,2210030
2211001_3_216,2211001,221,00,3,2,270,1121.2587037037038,1202.888888888889,221003,TRUE,FALSE,NA,0,2210030
2211001_3_237,2211001,221,00,3,1,223,1121.31,1212,221003,TRUE,FALSE,NA,0,2210030
2211001_3_268,2211001,221,00,3,1,129,1123.67,1212,221003,TRUE,FALSE,NA,0,2210030
2211001_3_190,2211001,221,00,3,1,292,1125,1212,221003,TRUE,FALSE,NA,0,2210030
2211001_3_286,2211001,221,00,3,1,136,1125.95,1212,221003,TRUE,FALSE,NA,0,2210030
2211001_3_099,2211001,221,00,3,1,130,1128.6,1200,221003,TRUE,FALSE,NA,0,2210030
2211001_3_158,2211001,221,00,3,2,345,1132.090376811594,1212,221003,TRUE,FALSE,NA,0,2210030
2211001_3_224,2211001,221,00,3,1,114,1134.07,1212,221003,TRUE,FALSE,NA,0,2210030
2211001_3_270,2211001,221,00,3,1,282,1135.56,1212,221003,TRUE,FALSE,NA,0,2210030
2211001_3_262,2211001,221,00,3,1,222,1136.29,1200,221003,TRUE,FALSE,NA,0,2210030
2211001_3_178,2211001,221,00,3,2,147,1137.6660544217686,1203.591836734694,221003,TRUE,FALSE,NA,0,2210030
2211001_3_251,2211001,221,00,3,2,129,1137.782558139535,1212,221003,TRUE,FALSE,NA,0,2210030
2211001_3_249,2211001,221,00,3,2,183,1145.6404918032788,1075.3005464480875,221003,TRUE,FALSE,NA,0,2210030
2211001_3_084,2211001,221,00,3,2,177,1145.770395480226,1110.19209039548,221003,TRUE,FALSE,NA,0,2210030
2211001_3_148,2211001,221,00,3,2,189,1154.0757142857142,1148.2857142857142,221003,TRUE,FALSE,NA,0,2210030
2211001_3_032,2211001,221,00,3,1,311,1156.6,1200,221003,TRUE,FALSE,NA,0,2210030
2211001_3_194,2211001,221,00,3,1,102,1157.39,1212,221003,TRUE,FALSE,NA,0,2210030
2211001_3_021,2211001,221,00,3,1,118,1159.01,1212,221003,TRUE,FALSE,NA,0,2210030
2211001_3_046,2211001,221,00,3,2,278,1160.3822661870504,1208.589928057554,221003,TRUE,FALSE,NA,0,2210030
2211001_3_189,2211001,221,00,3,2,223,1164.3926905829596,1200,221003,TRUE,FALSE,NA,0,2210030
2211001_3_278,2211001,221,00,3,1,220,1165.14,1212,221003,TRUE,FALSE,NA,0,2210030
2211001_3_026,2211001,221,00,3,2,313,1165.8866134185305,1212,221003,TRUE,FALSE,NA,0,2210030
2211001_3_091,2211001,221,00,3,1,95,1171.5,1200,221003,TRUE,FALSE,NA,0,2210030
2211001_3_253,2211001,221,00,3,1,180,1172.74,1200,221003,TRUE,FALSE,NA,0,2210030
2211001_3_076,2211001,221,00,3,1,157,1174.2,1212,221003,TRUE,FALSE,NA,0,2210030
2211001_3_247,2211001,221,00,3,1,189,1175.02,1200,221003,TRUE,FALSE,NA,0,2210030
2211001_3_078,2211001,221,00,3,1,96,1175.42,1212,221003,TRUE,FALSE,NA,0,2210030
2211001_3_074,2211001,221,00,3,1,111,1179.1,1212,221003,TRUE,FALSE,NA,0,2210030
2211001_3_119,2211001,221,00,3,1,215,1182.29,1200,221003,TRUE,FALSE,NA,0,2210030
2211001_3_240,2211001,221,00,3,1,200,1182.57,1212,221003,TRUE,FALSE,NA,0,2210030
2211001_3_252,2211001,221,00,3,1,166,1183.34,1212,221003,TRUE,FALSE,NA,0,2210030
2211001_3_200,2211001,221,00,3,1,276,1188.88,1200,221003,TRUE,FALSE,NA,0,2210030
2211001_3_155,2211001,221,00,3,1,225,1190.72,1212,221003,TRUE,FALSE,NA,0,2210030
2211001_3_295,2211001,221,00,3,1,130,1191.69,1000,221003,TRUE,FALSE,NA,0,2210030
2211001_3_065,2211001,221,00,3,1,319,1192.35,1212,221003,TRUE,FALSE,NA,0,2210030
2211001_3_159,2211001,221,00,3,1,192,1192.55,1212,221003,TRUE,FALSE,NA,0,2210030
2211001_3_300,2211001,221,00,3,2,200,1193.7149,1162.18,221003,TRUE,FALSE,NA,0,2210030
2211001_3_129,2211001,221,00,3,1,247,1194.15,1212,221003,TRUE,FALSE,NA,0,2210030
2211001_3_259,2211001,221,00,3,1,163,1194.19,1212,221003,TRUE,FALSE,NA,0,2210030
2211001_3_029,2211001,221,00,3,1,235,1195.64,1212,221003,TRUE,FALSE,NA,0,2210030
2211001_3_210,2211001,221,00,3,1,249,1196.49,1212,221003,TRUE,FALSE,NA,0,2210030
2211001_3_018,2211001,221,00,3,1,167,1197.4,1212,221003,TRUE,FALSE,NA,0,2210030
2211001_3_075,2211001,221,00,3,1,188,1198.04,1200,221003,TRUE,FALSE,NA,0,2210030
2211001_3_094,2211001,221,00,3,1,181,1198.88,1200,221003,TRUE,FALSE,NA,0,2210030
2211001_3_167,2211001,221,00,3,1,173,1200.17,1212,221003,TRUE,FALSE,NA,0,2210030
2211001_3_261,2211001,221,00,3,1,197,1201.22,1212,221003,TRUE,FALSE,NA,0,2210030
2211001_3_288,2211001,221,00,3,1,159,1201.37,1212,221003,TRUE,FALSE,NA,0,2210030
2211001_3_036,2211001,221,00,3,1,296,1201.49,1212,221003,TRUE,FALSE,NA,0,2210030
2211001_3_298,2211001,221,00,3,1,284,1203.93,1212,221003,TRUE,FALSE,NA,0,2210030
2211001_3_130,2211001,221,00,3,1,237,1204.45,1200,221003,TRUE,FALSE,NA,0,2210030
2211001_3_027,2211001,221,00,3,1,239,1204.66,1200,221003,TRUE,FALSE,NA,0,2210030
2211001_3_243,2211001,221,00,3,1,254,1206.99,1212,221003,TRUE,FALSE,NA,0,2210030
2211001_3_174,2211001,221,00,3,1,140,1210.33,1212,221003,TRUE,FALSE,NA,0,2210030
2211001_3_293,2211001,221,00,3,1,178,1212.29,1212,221003,TRUE,FALSE,NA,0,2210030
2211001_3_144,2211001,221,00,3,1,291,1215.7,1212,221003,TRUE,FALSE,NA,0,2210030
2211001_3_180,2211001,221,00,3,1,104,1215.9,1212,221003,TRUE,FALSE,NA,0,2210030
2211001_3_168,2211001,221,00,3,1,248,1217.01,1212,221003,TRUE,FALSE,NA,0,2210030
2211001_3_196,2211001,221,00,3,1,117,1222.44,1212,221003,TRUE,FALSE,NA,0,2210030
2211001_3_024,2211001,221,00,3,1,324,1222.99,1212,221003,TRUE,FALSE,NA,0,2210030
2211001_3_066,2211001,221,00,3,1,270,1229.05,1212,221003,TRUE,FALSE,NA,0,2210030
2211001_3_193,2211001,221,00,3,1,209,1229.69,1212,221003,TRUE,FALSE,NA,0,2210030
2211001_3_143,2211001,221,00,3,1,292,1233.49,1212,221003,TRUE,FALSE,NA,0,2210030
2211001_3_239,2211001,221,00,3,1,127,1233.56,1212,221003,TRUE,FALSE,NA,0,2210030
2211001_3_220,2211001,221,00,3,1,187,1238.14,1212,221003,TRUE,FALSE,NA,0,2210030
2211001_3_217,2211001,221,00,3,1,98,1239.37,1212,221003,TRUE,FALSE,NA,0,2210030
2211001_3_290,2211001,221,00,3,2,230,1239.6034782608697,1203.9130434782608,221003,TRUE,FALSE,NA,0,2210030
2211001_3_030,2211001,221,00,3,1,331,1242.37,1212,221003,TRUE,FALSE,NA,0,2210030
2211001_3_013,2211001,221,00,3,1,253,1243.7,1212,221003,TRUE,FALSE,NA,0,2210030
2211001_3_266,2211001,221,00,3,1,238,1246.48,1200,221003,TRUE,FALSE,NA,0,2210030
2211001_3_118,2211001,221,00,3,1,243,1247.6900000000005,1200,221003,TRUE,FALSE,NA,0,2210030
2211001_3_001,2211001,221,00,3,1,109,1248.77,1212,221003,TRUE,FALSE,NA,0,2210030
2211001_3_152,2211001,221,00,3,1,180,1250.18,1212,221003,TRUE,FALSE,NA,0,2210030
2211001_3_138,2211001,221,00,3,1,186,1253.38,1212,221003,TRUE,FALSE,NA,0,2210030
2211001_3_166,2211001,221,00,3,1,232,1253.4699999999998,1212,221003,TRUE,FALSE,NA,0,2210030
2211001_3_038,2211001,221,00,3,1,322,1255.72,1200,221003,TRUE,FALSE,NA,0,2210030
2211001_3_005,2211001,221,00,3,2,169,1257.8644970414202,1212,221003,TRUE,FALSE,NA,0,2210030
2211001_3_229,2211001,221,00,3,1,186,1261.04,1212,221003,TRUE,FALSE,NA,0,2210030
2211001_3_242,2211001,221,00,3,1,188,1263.97,1200,221003,TRUE,FALSE,NA,0,2210030
2211001_3_004,2211001,221,00,3,1,119,1265.78,1212,221003,TRUE,FALSE,NA,0,2210030
2211001_3_156,2211001,221,00,3,1,174,1266.31,1200,221003,TRUE,FALSE,NA,0,2210030
2211001_3_149,2211001,221,00,3,1,204,1267.23,1212,221003,TRUE,FALSE,NA,0,2210030
2211001_3_280,2211001,221,00,3,3,329,1268.2944376899695,1212,221003,TRUE,FALSE,NA,0,2210030
2211001_3_140,2211001,221,00,3,1,136,1268.95,1212,221003,TRUE,FALSE,NA,0,2210030
2211001_3_281,2211001,221,00,3,2,180,1269.238,1146.8,221003,TRUE,FALSE,NA,0,2210030
2211001_3_214,2211001,221,00,3,2,265,1271.670150943396,1212,221003,TRUE,FALSE,NA,0,2210030
2211001_3_040,2211001,221,00,3,1,334,1271.76,1200,221003,TRUE,FALSE,NA,0,2210030
2211001_3_246,2211001,221,00,3,1,212,1272.71,1212,221003,TRUE,FALSE,NA,0,2210030
2211001_3_055,2211001,221,00,3,2,187,1275.4727272727273,1206.48128342246,221003,TRUE,FALSE,NA,0,2210030
2211001_3_185,2211001,221,00,3,1,112,1275.85,1200,221003,TRUE,FALSE,NA,0,2210030
2211001_3_058,2211001,221,00,3,1,185,1276.73,1200,221003,TRUE,FALSE,NA,0,2210030
2211001_3_111,2211001,221,00,3,2,101,1278.9946534653463,1212,221003,TRUE,FALSE,NA,0,2210030
2211001_3_150,2211001,221,00,3,1,422,1279.45,1212,221003,TRUE,FALSE,NA,0,2210030
2211001_3_203,2211001,221,00,3,1,319,1279.99,1200,221003,TRUE,FALSE,NA,0,2210030
2211001_3_063,2211001,221,00,3,2,156,1280.8821794871794,1209.076923076923,221003,TRUE,FALSE,NA,0,2210030
2211001_3_028,2211001,221,00,3,1,192,1282.06,1212,221003,TRUE,FALSE,NA,0,2210030
2211001_3_114,2211001,221,00,3,1,175,1285.69,1200,221003,TRUE,FALSE,NA,0,2210030
2211001_3_265,2211001,221,00,3,1,240,1287.52,1212,221003,TRUE,FALSE,NA,0,2210030
2211001_3_260,2211001,221,00,3,1,188,1288.46,1200,221003,TRUE,FALSE,NA,0,2210030
2211001_3_241,2211001,221,00,3,1,202,1291.3,1212,221003,TRUE,FALSE,NA,0,2210030
2211001_3_254,2211001,221,00,3,1,106,1291.7,1212,221003,TRUE,FALSE,NA,0,2210030
2211001_3_037,2211001,221,00,3,1,338,1293.26,1212,221003,TRUE,FALSE,NA,0,2210030
2211001_3_042,2211001,221,00,3,1,353,1293.52,1212,221003,TRUE,FALSE,NA,0,2210030
2211001_3_116,2211001,221,00,3,1,327,1294.23,1212,221003,TRUE,FALSE,NA,0,2210030
2211001_3_235,2211001,221,00,3,2,206,1297.801650485437,1212,221003,TRUE,FALSE,NA,0,2210030
2211001_3_275,2211001,221,00,3,1,242,1299.9800000000002,1212,221003,TRUE,FALSE,NA,0,2210030
2211001_3_097,2211001,221,00,3,4,267,1303.011011235955,1204.119850187266,221003,TRUE,FALSE,NA,0,2210030
2211001_3_192,2211001,221,00,3,1,122,1303.75,1200,221003,TRUE,FALSE,NA,0,2210030
2211001_3_264,2211001,221,00,3,3,434,1304.7327880184332,1212,221003,TRUE,FALSE,NA,0,2210030
2211001_3_154,2211001,221,00,3,1,199,1305.65,1212,221003,TRUE,FALSE,NA,0,2210030
2211001_3_153,2211001,221,00,3,1,189,1310.2,1212,221003,TRUE,FALSE,NA,0,2210030
2211001_3_070,2211001,221,00,3,1,90,1312.96,1212,221003,TRUE,FALSE,NA,0,2210030
2211001_3_086,2211001,221,00,3,1,128,1314.09,1212,221003,TRUE,FALSE,NA,0,2210030
2211001_3_146,2211001,221,00,3,1,93,1316.68,1212,221003,TRUE,FALSE,NA,0,2210030
2211001_3_161,2211001,221,00,3,2,152,1320.435789473684,1205.2894736842106,221003,TRUE,FALSE,NA,0,2210030
2211001_3_244,2211001,221,00,3,1,268,1320.73,1212,221003,TRUE,FALSE,NA,0,2210030
2211001_3_108,2211001,221,00,3,1,273,1323.38,1212,221003,TRUE,FALSE,NA,0,2210030
2211001_3_072,2211001,221,00,3,1,206,1323.94,1212,221003,TRUE,FALSE,NA,0,2210030
2211001_3_120,2211001,221,00,3,2,177,1326.9773446327683,1200,221003,TRUE,FALSE,NA,0,2210030
2211001_3_208,2211001,221,00,3,3,268,1328.767947761194,1212,221003,TRUE,FALSE,NA,0,2210030
2211001_3_082,2211001,221,00,3,1,265,1329.52,1200,221003,TRUE,FALSE,NA,0,2210030
2211001_3_041,2211001,221,00,3,1,411,1330.65,1200,221003,TRUE,FALSE,NA,0,2210030
2211001_3_238,2211001,221,00,3,1,294,1331.21,1200,221003,TRUE,FALSE,NA,0,2210030
2211001_3_006,2211001,221,00,3,1,218,1332.36,1212,221003,TRUE,FALSE,NA,0,2210030
2211001_3_126,2211001,221,00,3,1,231,1335.01,1212,221003,TRUE,FALSE,NA,0,2210030
2211001_3_087,2211001,221,00,3,3,306,1342.0183986928105,1209.0588235294117,221003,TRUE,FALSE,NA,0,2210030
2211001_3_199,2211001,221,00,3,1,134,1348.34,1250,221003,TRUE,FALSE,NA,0,2210030
2211001_3_022,2211001,221,00,3,1,198,1349.31,1200,221003,TRUE,FALSE,NA,0,2210030
2211001_3_232,2211001,221,00,3,1,169,1349.32,1212,221003,TRUE,FALSE,NA,0,2210030
2211001_3_047,2211001,221,00,3,1,170,1349.95,1212,221003,TRUE,FALSE,NA,0,2210030
2211001_3_202,2211001,221,00,3,1,379,1352.41,1212,221003,TRUE,FALSE,NA,0,2210030
2211001_3_127,2211001,221,00,3,1,237,1355.46,1212,221003,TRUE,FALSE,NA,0,2210030
2211001_3_088,2211001,221,00,3,2,269,1355.8314126394052,1200,221003,TRUE,FALSE,NA,0,2210030
2211001_3_160,2211001,221,00,3,1,150,1358.31,1212,221003,TRUE,FALSE,NA,0,2210030
2211001_3_079,2211001,221,00,3,1,109,1359.17,1212,221003,TRUE,FALSE,NA,0,2210030
2211001_3_191,2211001,221,00,3,1,326,1360.22,1212,221003,TRUE,FALSE,NA,0,2210030
2211001_3_062,2211001,221,00,3,1,201,1362.85,1200,221003,TRUE,FALSE,NA,0,2210030
2211001_3_205,2211001,221,00,3,1,253,1364.74,1212,221003,TRUE,FALSE,NA,0,2210030
2211001_3_007,2211001,221,00,3,1,237,1367.12,1212,221003,TRUE,FALSE,NA,0,2210030
2211001_3_096,2211001,221,00,3,2,219,1367.7245205479453,1148.109589041096,221003,TRUE,FALSE,NA,0,2210030
2211001_3_135,2211001,221,00,3,1,187,1370.43,1200,221003,TRUE,FALSE,NA,0,2210030
2211001_3_003,2211001,221,00,3,2,207,1373.0277777777778,1212,221003,TRUE,FALSE,NA,0,2210030
2211001_3_236,2211001,221,00,3,1,204,1373.8,1200,221003,TRUE,FALSE,NA,0,2210030
2211001_3_263,2211001,221,00,3,1,102,1374.23,1212,221003,TRUE,FALSE,NA,0,2210030
2211001_3_045,2211001,221,00,3,2,210,1374.8631904761903,1209.3142857142857,221003,TRUE,FALSE,NA,0,2210030
2211001_3_291,2211001,221,00,3,1,155,1387.16,1200,221003,TRUE,FALSE,NA,0,2210030
2211001_3_085,2211001,221,00,3,1,197,1389.55,1212,221003,TRUE,FALSE,NA,0,2210030
2211001_3_299,2211001,221,00,3,1,187,1390.15,1212,221003,TRUE,FALSE,NA,0,2210030
2211001_3_093,2211001,221,00,3,3,200,1390.80605,1212,221003,TRUE,FALSE,NA,0,2210030
2211001_3_051,2211001,221,00,3,1,204,1392.97,1212,221003,TRUE,FALSE,NA,0,2210030
2211001_3_136,2211001,221,00,3,2,158,1393.038987341772,1211.012658227848,221003,TRUE,FALSE,NA,0,2210030
2211001_3_077,2211001,221,00,3,1,169,1393.33,1200,221003,TRUE,FALSE,NA,0,2210030
2211001_3_067,2211001,221,00,3,1,259,1393.55,1212,221003,TRUE,FALSE,NA,0,2210030
2211001_3_233,2211001,221,00,3,2,211,1396.9636492890995,1200,221003,TRUE,FALSE,NA,0,2210030
2211001_3_211,2211001,221,00,3,1,248,1397.91,1212,221003,TRUE,FALSE,NA,0,2210030
2211001_3_197,2211001,221,00,3,3,222,1402.9566666666667,1212,221003,TRUE,FALSE,NA,0,2210030
2211001_3_107,2211001,221,00,3,1,154,1403.06,1200,221003,TRUE,FALSE,NA,0,2210030
2211001_3_122,2211001,221,00,3,1,211,1403.6,1200,221003,TRUE,FALSE,NA,0,2210030
2211001_3_092,2211001,221,00,3,1,101,1407.44,1212,221003,TRUE,FALSE,NA,0,2210030
2211001_3_048,2211001,221,00,3,1,312,1408.12,1212,221003,TRUE,FALSE,NA,0,2210030
2211001_3_044,2211001,221,00,3,1,286,1410.84,1212,221003,TRUE,FALSE,NA,0,2210030
2211001_3_206,2211001,221,00,3,2,141,1415.4672340425532,1260.6808510638298,221003,TRUE,FALSE,NA,0,2210030
2211001_3_279,2211001,221,00,3,2,155,1422.9867096774194,1212,221003,TRUE,FALSE,NA,0,2210030
2211001_3_090,2211001,221,00,3,2,129,1427.6629457364345,1205.4883720930231,221003,TRUE,FALSE,NA,0,2210030
2211001_3_284,2211001,221,00,3,1,179,1429.11,1212,221003,TRUE,FALSE,NA,0,2210030
2211001_3_215,2211001,221,00,3,1,171,1431.4,1212,221003,TRUE,FALSE,NA,0,2210030
2211001_3_015,2211001,221,00,3,1,337,1435.07,1212,221003,TRUE,FALSE,NA,0,2210030
2211001_3_064,2211001,221,00,3,1,204,1437.69,1200,221003,TRUE,FALSE,NA,0,2210030
2211001_3_186,2211001,221,00,3,2,151,1438.199072847682,1212,221003,TRUE,FALSE,NA,0,2210030
2211001_3_019,2211001,221,00,3,1,124,1440.91,1212,221003,TRUE,FALSE,NA,0,2210030
2211001_3_117,2211001,221,00,3,1,300,1445.39,1212,221003,TRUE,FALSE,NA,0,2210030
2211001_3_103,2211001,221,00,3,1,99,1447.57,1212,221003,TRUE,FALSE,NA,0,2210030
2211001_3_101,2211001,221,00,3,1,91,1449.05,1200,221003,TRUE,FALSE,NA,0,2210030
2211001_3_277,2211001,221,00,3,3,272,1457.0384926470588,1212,221003,TRUE,FALSE,NA,0,2210030
2211001_3_227,2211001,221,00,3,1,177,1459.9,1200,221003,TRUE,FALSE,NA,0,2210030
2211001_3_141,2211001,221,00,3,1,95,1460.9899999999998,1230,221003,TRUE,FALSE,NA,0,2210030
2211001_3_297,2211001,221,00,3,1,209,1462.45,1212,221003,TRUE,FALSE,NA,0,2210030
2211001_3_105,2211001,221,00,3,1,180,1462.86,1200,221003,TRUE,FALSE,NA,0,2210030
2211001_3_184,2211001,221,00,3,1,156,1464.13,1212,221003,TRUE,FALSE,NA,0,2210030
2211001_3_195,2211001,221,00,3,2,167,1464.3541916167665,1216.9820359281437,221003,TRUE,FALSE,NA,0,2210030
2211001_3_112,2211001,221,00,3,1,364,1468.99,1200,221003,TRUE,FALSE,NA,0,2210030
2211001_3_173,2211001,221,00,3,2,161,1474.2961490683228,1204.472049689441,221003,TRUE,FALSE,NA,0,2210030
2211001_3_250,2211001,221,00,3,1,309,1474.31,1200,221003,TRUE,FALSE,NA,0,2210030
2211001_3_010,2211001,221,00,3,1,152,1480.97,1212,221003,TRUE,FALSE,NA,0,2210030
2211001_3_057,2211001,221,00,3,2,190,1481.2176842105262,1153.0947368421052,221003,TRUE,FALSE,NA,0,2210030
2211001_3_043,2211001,221,00,3,1,231,1487.77,1212,221003,TRUE,FALSE,NA,0,2210030
2211001_3_258,2211001,221,00,3,1,153,1490.01,1212,221003,TRUE,FALSE,NA,0,2210030
2211001_3_187,2211001,221,00,3,1,152,1494.52,1212,221003,TRUE,FALSE,NA,0,2210030
2211001_3_225,2211001,221,00,3,1,185,1494.6,1212,221003,TRUE,FALSE,NA,0,2210030
2211001_3_035,2211001,221,00,3,1,102,1500.78,1212,221003,TRUE,FALSE,NA,0,2210030
2211001_3_053,2211001,221,00,3,1,319,1500.98,1212,221003,TRUE,FALSE,NA,0,2210030
2211001_3_201,2211001,221,00,3,1,332,1518.26,1252,221003,TRUE,FALSE,NA,0,2210030
2211001_3_002,2211001,221,00,3,1,102,1519.69,1212,221003,TRUE,FALSE,NA,0,2210030
2211001_3_209,2211001,221,00,3,1,112,1520.2899999999995,1212,221003,TRUE,FALSE,NA,0,2210030
2211001_3_198,2211001,221,00,3,3,342,1522.025029239766,1209.508771929825,221003,TRUE,FALSE,NA,0,2210030
2211001_3_031,2211001,221,00,3,1,459,1522.14,1212,221003,TRUE,FALSE,NA,0,2210030
2211001_3_157,2211001,221,00,3,1,207,1522.62,1245,221003,TRUE,FALSE,NA,0,2210030
2211001_3_137,2211001,221,00,3,1,283,1525.64,1212,221003,TRUE,FALSE,NA,0,2210030
2211001_3_052,2211001,221,00,3,1,194,1526.03,1212,221003,TRUE,FALSE,NA,0,2210030
2211001_3_163,2211001,221,00,3,1,118,1529.73,1212,221003,TRUE,FALSE,NA,0,2210030
2211001_3_223,2211001,221,00,3,1,182,1531.2100000000005,1254,221003,TRUE,FALSE,NA,0,2210030
2211001_3_110,2211001,221,00,3,1,194,1540.87,1212,221003,TRUE,FALSE,NA,0,2210030
2211001_3_104,2211001,221,00,3,1,123,1543.55,1200,221003,TRUE,FALSE,NA,0,2210030
2211001_3_017,2211001,221,00,3,1,270,1551.06,1212,221003,TRUE,FALSE,NA,0,2210030
2211001_3_245,2211001,221,00,3,1,160,1551.41,1212,221003,TRUE,FALSE,NA,0,2210030
2211001_3_068,2211001,221,00,3,1,208,1558.84,1212,221003,TRUE,FALSE,NA,0,2210030
2211001_3_011,2211001,221,00,3,1,214,1561.33,1212,221003,TRUE,FALSE,NA,0,2210030
2211001_3_172,2211001,221,00,3,2,102,1561.9614705882354,1204.3529411764705,221003,TRUE,FALSE,NA,0,2210030
2211001_3_125,2211001,221,00,3,1,301,1563.4,1212,221003,TRUE,FALSE,NA,0,2210030
2211001_3_289,2211001,221,00,3,1,142,1566.2,1200,221003,TRUE,FALSE,NA,0,2210030
2211001_3_226,2211001,221,00,3,1,180,1567.9699999999998,1212,221003,TRUE,FALSE,NA,0,2210030
2211001_3_034,2211001,221,00,3,2,303,1570.2735643564356,1175.6171617161715,221003,TRUE,FALSE,NA,0,2210030
2211001_3_039,2211001,221,00,3,1,102,1570.32,1200,221003,TRUE,FALSE,NA,0,2210030
2211001_3_133,2211001,221,00,3,1,152,1572.13,1212,221003,TRUE,FALSE,NA,0,2210030
2211001_3_139,2211001,221,00,3,1,204,1582.47,1220,221003,TRUE,FALSE,NA,0,2210030
2211001_3_267,2211001,221,00,3,1,188,1599.25,1212,221003,TRUE,FALSE,NA,0,2210030
2211001_3_134,2211001,221,00,3,1,139,1602.82,1200,221003,TRUE,FALSE,NA,0,2210030
2211001_3_073,2211001,221,00,3,2,221,1603.6799095022625,1209.393665158371,221003,TRUE,FALSE,NA,0,2210030
2211001_3_049,2211001,221,00,3,1,97,1604.49,1212,221003,TRUE,FALSE,NA,0,2210030
2211001_3_204,2211001,221,00,3,1,333,1628.37,1252,221003,TRUE,FALSE,NA,0,2210030
2211001_3_285,2211001,221,00,3,1,204,1631.59,1212,221003,TRUE,FALSE,NA,0,2210030
2211001_3_228,2211001,221,00,3,1,164,1639.4400000000005,1212,221003,TRUE,FALSE,NA,0,2210030
2211001_3_142,2211001,221,00,3,1,124,1641.14,1200,221003,TRUE,FALSE,NA,0,2210030
2211001_3_089,2211001,221,00,3,1,168,1643.27,1212,221003,TRUE,FALSE,NA,0,2210030
2211001_3_012,2211001,221,00,3,1,187,1644,1212,221003,TRUE,FALSE,NA,0,2210030
2211001_3_100,2211001,221,00,3,2,279,1645.998458781362,1200,221003,TRUE,FALSE,NA,0,2210030
2211001_3_008,2211001,221,00,3,1,233,1651.9,1212,221003,TRUE,FALSE,NA,0,2210030
2211001_3_033,2211001,221,00,3,1,190,1653.7399999999998,1212,221003,TRUE,FALSE,NA,0,2210030
2211001_3_128,2211001,221,00,3,1,209,1665.89,1200,221003,TRUE,FALSE,NA,0,2210030
2211001_3_132,2211001,221,00,3,1,134,1676.09,1212,221003,TRUE,FALSE,NA,0,2210030
2211001_3_009,2211001,221,00,3,1,291,1690.59,1212,221003,TRUE,FALSE,NA,0,2210030
2211001_3_071,2211001,221,00,3,1,125,1707.55,1212,221003,TRUE,FALSE,NA,0,2210030
2211001_3_059,2211001,221,00,3,1,193,1708.9399999999998,1212,221003,TRUE,FALSE,NA,0,2210030
2211001_3_218,2211001,221,00,3,2,258,1709.4247674418605,1208.7906976744189,221003,TRUE,FALSE,NA,0,2210030
2211001_3_212,2211001,221,00,3,1,112,1743.82,1400,221003,TRUE,FALSE,NA,0,2210030
2211001_3_098,2211001,221,00,3,1,172,1757.46,1200,221003,TRUE,FALSE,NA,0,2210030
2211001_3_050,2211001,221,00,3,1,195,1788.1800000000003,1212,221003,TRUE,FALSE,NA,0,2210030
2211001_3_113,2211001,221,00,3,1,205,1794.2,1212,221003,TRUE,FALSE,NA,0,2210030
2211001_3_083,2211001,221,00,3,1,124,1794.72,1200,221003,TRUE,FALSE,NA,0,2210030
2211001_3_147,2211001,221,00,3,1,90,1805.56,1212,221003,TRUE,FALSE,NA,0,2210030
2211001_3_181,2211001,221,00,3,1,152,1808.38,1212,221003,TRUE,FALSE,NA,0,2210030
2211001_3_109,2211001,221,00,3,1,192,1816.4000000000003,1212,221003,TRUE,FALSE,NA,0,2210030
2211001_3_188,2211001,221,00,3,1,163,1820.07,1212,221003,TRUE,FALSE,NA,0,2210030
2211001_3_106,2211001,221,00,3,1,352,1836.07,1212,221003,TRUE,FALSE,NA,0,2210030
2211001_3_054,2211001,221,00,3,3,149,1853.7187919463088,1212,221003,TRUE,FALSE,NA,0,2210030
2211001_3_179,2211001,221,00,3,1,97,1887.6700000000003,1200,221003,TRUE,FALSE,NA,0,2210030
2211001_3_102,2211001,221,00,3,2,159,1896.6766666666667,1208,221003,TRUE,FALSE,NA,0,2210030
2211001_3_056,2211001,221,00,3,1,174,1967.23,1212,221003,TRUE,FALSE,NA,0,2210030
2211001_3_020,2211001,221,00,3,3,246,1992.4723170731709,1212,221003,TRUE,FALSE,NA,0,2210030
2211001_3_069,2211001,221,00,3,1,209,2483.1,1499.5,221003,TRUE,FALSE,NA,0,2210030
2211001_3_255,2211001,221,00,3,2,200,6320.59,1208.4,221003,TRUE,FALSE,NA,0,2210030
2205508_1_024,2205508,222,00,1,1,164,774.3,400,222001,TRUE,FALSE,NA,0,2220010
2201606_1_011,2201606,222,00,1,1,90,794.5,500,222001,TRUE,FALSE,NA,0,2220010
2211100_1_035,2211100,222,00,1,1,255,797.15,450,222001,TRUE,FALSE,NA,0,2220010
2205508_1_017,2205508,222,00,1,1,148,823.6,700,222001,TRUE,FALSE,NA,0,2220010
2211100_1_031,2211100,222,00,1,1,273,835.38,500,222001,TRUE,FALSE,NA,0,2220010
2201606_1_007,2201606,222,00,1,1,225,875.03,600,222001,TRUE,FALSE,NA,0,2220010
2200400_1_024,2200400,222,00,1,1,268,880.04,700,222001,TRUE,FALSE,NA,0,2220010
2211100_1_034,2211100,222,00,1,1,128,897.17,600,222001,TRUE,FALSE,NA,0,2220010
2205508_1_023,2205508,222,00,1,1,189,924.38,600,222001,TRUE,FALSE,NA,0,2220010
2205508_1_016,2205508,222,00,1,1,202,936.48,1000,222001,TRUE,FALSE,NA,0,2220010
2211100_1_030,2211100,222,00,1,1,232,937.55,600,222001,TRUE,FALSE,NA,0,2220010
2206720_1_003,2206720,222,00,1,1,100,941.61,1200,222001,TRUE,FALSE,NA,0,2220010
2200400_1_038,2200400,222,00,1,2,172,954.690930232558,759.5348837209302,222001,TRUE,FALSE,NA,0,2220010
2211100_1_028,2211100,222,00,1,1,163,1011.76,1212,222001,TRUE,FALSE,NA,0,2220010
2200400_1_037,2200400,222,00,1,1,162,1032.15,1150,222001,TRUE,FALSE,NA,0,2220010
2205508_1_025,2205508,222,00,1,1,182,1035.53,1200,222001,TRUE,FALSE,NA,0,2220010
2201606_1_003,2201606,222,00,1,1,179,1039.99,1200,222001,TRUE,FALSE,NA,0,2220010
2201606_1_005,2201606,222,00,1,1,128,1054.05,1212,222001,TRUE,FALSE,NA,0,2220010
2206720_1_001,2206720,222,00,1,1,118,1054.21,1200,222001,TRUE,FALSE,NA,0,2220010
2205508_1_027,2205508,222,00,1,1,108,1056.45,1200,222001,TRUE,FALSE,NA,0,2220010
2211100_1_014,2211100,222,00,1,1,317,1058.84,1212,222001,TRUE,FALSE,NA,0,2220010
2205508_1_033,2205508,222,00,1,1,196,1075.09,1212,222001,TRUE,FALSE,NA,0,2220010
2201606_1_010,2201606,222,00,1,2,200,1091.2028,1203.84,222001,TRUE,FALSE,NA,0,2220010
2211100_1_029,2211100,222,00,1,4,156,1092.141346153846,1061.5384615384614,222001,TRUE,FALSE,NA,0,2220010
2206407_1_003,2206407,222,00,1,1,293,1098.08,1069,222001,TRUE,FALSE,NA,0,2220010
2211100_1_010,2211100,222,00,1,3,223,1101.2086098654709,1141.766816143498,222001,TRUE,FALSE,NA,0,2220010
2203305_1_012,2203305,222,00,1,3,206,1107.03,1212,222001,TRUE,FALSE,NA,0,2220010
2205508_1_031,2205508,222,00,1,1,181,1110.52,900,222001,TRUE,FALSE,NA,0,2220010
2211100_1_027,2211100,222,00,1,1,233,1111.07,1212,222001,TRUE,FALSE,NA,0,2220010
2205508_1_014,2205508,222,00,1,1,207,1124.39,1150,222001,TRUE,FALSE,NA,0,2220010
2206720_1_005,2206720,222,00,1,1,184,1128.81,1200,222001,TRUE,FALSE,NA,0,2220010
2201606_1_001,2201606,222,00,1,1,211,1132.22,1212,222001,TRUE,FALSE,NA,0,2220010
2211100_1_033,2211100,222,00,1,1,355,1134.83,1212,222001,TRUE,FALSE,NA,0,2220010
2200400_1_031,2200400,222,00,1,1,216,1147.25,1212,222001,TRUE,FALSE,NA,0,2220010
2205508_1_030,2205508,222,00,1,1,148,1151.44,1250,222001,TRUE,FALSE,NA,0,2220010
2206407_1_004,2206407,222,00,1,1,239,1155.54,1212,222001,TRUE,FALSE,NA,0,2220010
2205508_1_034,2205508,222,00,1,1,245,1164.31,1212,222001,TRUE,FALSE,NA,0,2220010
2205508_1_006,2205508,222,00,1,1,358,1164.36,1212,222001,TRUE,FALSE,NA,0,2220010
2205508_1_022,2205508,222,00,1,1,197,1170.58,1212,222001,TRUE,FALSE,NA,0,2220010
2201606_1_002,2201606,222,00,1,1,207,1171.16,1212,222001,TRUE,FALSE,NA,0,2220010
2202737_1_001,2202737,222,00,1,2,309,1171.601067961165,1161.271844660194,222001,TRUE,FALSE,NA,0,2220010
2211100_1_038,2211100,222,00,1,1,114,1174.88,1212,222001,TRUE,FALSE,NA,0,2220010
2211100_1_024,2211100,222,00,1,1,183,1175.25,1212,222001,TRUE,FALSE,NA,0,2220010
2203255_1_001,2203255,222,00,1,1,337,1185.48,1212,222001,TRUE,FALSE,NA,0,2220010
2211100_1_026,2211100,222,00,1,1,239,1191.11,1212,222001,TRUE,FALSE,NA,0,2220010
2206720_1_002,2206720,222,00,1,1,138,1191.24,1212,222001,TRUE,FALSE,NA,0,2220010
2211100_1_003,2211100,222,00,1,1,137,1195.83,1200,222001,TRUE,FALSE,NA,0,2220010
2203305_1_014,2203305,222,00,1,2,221,1195.965429864253,1212,222001,TRUE,FALSE,NA,0,2220010
2205508_1_032,2205508,222,00,1,1,267,1202.61,1212,222001,TRUE,FALSE,NA,0,2220010
2205508_1_020,2205508,222,00,1,1,222,1206.68,1212,222001,TRUE,FALSE,NA,0,2220010
2205508_1_019,2205508,222,00,1,1,243,1211.14,1212,222001,TRUE,FALSE,NA,0,2220010
2203255_1_002,2203255,222,00,1,1,258,1213.81,1200,222001,TRUE,FALSE,NA,0,2220010
2205508_1_029,2205508,222,00,1,1,233,1214.3299999999997,1200,222001,TRUE,FALSE,NA,0,2220010
2205557_1_001,2205557,222,00,1,1,257,1216.21,1100,222001,TRUE,FALSE,NA,0,2220010
2200400_1_028,2200400,222,00,1,1,175,1224.75,1200,222001,TRUE,FALSE,NA,0,2220010
2200400_1_030,2200400,222,00,1,1,263,1225.6,1212,222001,TRUE,FALSE,NA,0,2220010
2206407_1_009,2206407,222,00,1,1,228,1233.41,1212,222001,TRUE,FALSE,NA,0,2220010
2200400_1_043,2200400,222,00,1,1,170,1241.46,1212,222001,TRUE,FALSE,NA,0,2220010
2200400_1_033,2200400,222,00,1,1,210,1241.94,1200,222001,TRUE,FALSE,NA,0,2220010
2203305_1_019,2203305,222,00,1,1,207,1244.69,1212,222001,TRUE,FALSE,NA,0,2220010
2205508_1_036,2205508,222,00,1,1,215,1250.19,1212,222001,TRUE,FALSE,NA,0,2220010
2205508_1_018,2205508,222,00,1,1,103,1252.58,1212,222001,TRUE,FALSE,NA,0,2220010
2206407_1_006,2206407,222,00,1,1,195,1256.2,1212,222001,TRUE,FALSE,NA,0,2220010
2201606_1_009,2201606,222,00,1,1,225,1268.42,1212,222001,TRUE,FALSE,NA,0,2220010
2205508_1_010,2205508,222,00,1,1,275,1273.48,1212,222001,TRUE,FALSE,NA,0,2220010
2200400_1_039,2200400,222,00,1,2,257,1275.2415564202336,1212,222001,TRUE,FALSE,NA,0,2220010
2200400_1_010,2200400,222,00,1,1,207,1277.32,1212,222001,TRUE,FALSE,NA,0,2220010
2203305_1_018,2203305,222,00,1,1,177,1277.53,1212,222001,TRUE,FALSE,NA,0,2220010
2200400_1_019,2200400,222,00,1,2,245,1281.6793877551015,1242.2448979591836,222001,TRUE,FALSE,NA,0,2220010
2200400_1_040,2200400,222,00,1,1,195,1285.88,1212,222001,TRUE,FALSE,NA,0,2220010
2211100_1_013,2211100,222,00,1,2,130,1289.291846153846,1200,222001,TRUE,FALSE,NA,0,2220010
2206720_1_004,2206720,222,00,1,1,194,1296.34,1212,222001,TRUE,FALSE,NA,0,2220010
2200400_1_026,2200400,222,00,1,1,223,1296.62,1200,222001,TRUE,FALSE,NA,0,2220010
2200400_1_005,2200400,222,00,1,1,344,1297.94,1212,222001,TRUE,FALSE,NA,0,2220010
2211100_1_004,2211100,222,00,1,1,106,1309.69,1212,222001,TRUE,FALSE,NA,0,2220010
2206407_1_007,2206407,222,00,1,2,249,1313.2159036144578,1212,222001,TRUE,FALSE,NA,0,2220010
2205581_1_001,2205581,222,00,1,1,221,1315.98,1212,222001,TRUE,FALSE,NA,0,2220010
2203305_1_017,2203305,222,00,1,1,190,1316.41,1212,222001,TRUE,FALSE,NA,0,2220010
2203305_1_021,2203305,222,00,1,2,108,1318.3562962962965,1212,222001,TRUE,FALSE,NA,0,2220010
2205557_1_004,2205557,222,00,1,1,247,1322.24,1200,222001,TRUE,FALSE,NA,0,2220010
2206407_1_001,2206407,222,00,1,1,192,1328.14,1212,222001,TRUE,FALSE,NA,0,2220010
2206720_1_007,2206720,222,00,1,1,132,1334.54,1300,222001,TRUE,FALSE,NA,0,2220010
2200400_1_045,2200400,222,00,1,1,187,1342.49,1212,222001,TRUE,FALSE,NA,0,2220010
2203305_1_003,2203305,222,00,1,2,249,1349.3702008032128,1212,222001,TRUE,FALSE,NA,0,2220010
2200400_1_014,2200400,222,00,1,1,279,1351.5,1212,222001,TRUE,FALSE,NA,0,2220010
2200400_1_035,2200400,222,00,1,1,181,1355.95,1212,222001,TRUE,FALSE,NA,0,2220010
2211100_1_005,2211100,222,00,1,1,292,1363.88,1212,222001,TRUE,FALSE,NA,0,2220010
2200400_1_016,2200400,222,00,1,1,148,1364.61,1212,222001,TRUE,FALSE,NA,0,2220010
2211100_1_009,2211100,222,00,1,1,279,1369.51,1212,222001,TRUE,FALSE,NA,0,2220010
2211100_1_025,2211100,222,00,1,1,175,1372.65,1212,222001,TRUE,FALSE,NA,0,2220010
2203305_1_009,2203305,222,00,1,2,139,1381.3045323741007,1203.7122302158273,222001,TRUE,FALSE,NA,0,2220010
2203305_1_015,2203305,222,00,1,1,369,1382.81,1212,222001,TRUE,FALSE,NA,0,2220010
2200400_1_034,2200400,222,00,1,1,176,1389.24,1200,222001,TRUE,FALSE,NA,0,2220010
2205508_1_035,2205508,222,00,1,1,213,1390.92,1212,222001,TRUE,FALSE,NA,0,2220010
2205508_1_009,2205508,222,00,1,1,205,1395.06,1200,222001,TRUE,FALSE,NA,0,2220010
2200400_1_042,2200400,222,00,1,1,203,1399.9300000000003,1212,222001,TRUE,FALSE,NA,0,2220010
2200400_1_013,2200400,222,00,1,1,317,1407.81,1212,222001,TRUE,FALSE,NA,0,2220010
2206407_1_005,2206407,222,00,1,1,217,1436.34,1212,222001,TRUE,FALSE,NA,0,2220010
2205508_1_021,2205508,222,00,1,1,289,1439.77,1212,222001,TRUE,FALSE,NA,0,2220010
2211100_1_021,2211100,222,00,1,1,158,1447.03,1212,222001,TRUE,FALSE,NA,0,2220010
2200400_1_018,2200400,222,00,1,1,262,1447.51,1212,222001,TRUE,FALSE,NA,0,2220010
2205581_1_003,2205581,222,00,1,2,256,1449.38765625,1207.96875,222001,TRUE,FALSE,NA,0,2220010
2205508_1_003,2205508,222,00,1,1,246,1454.8,1212,222001,TRUE,FALSE,NA,0,2220010
2205508_1_015,2205508,222,00,1,1,327,1459.38,1212,222001,TRUE,FALSE,NA,0,2220010
2211100_1_008,2211100,222,00,1,1,340,1478.59,1212,222001,TRUE,FALSE,NA,0,2220010
2200400_1_015,2200400,222,00,1,1,336,1491.9,1212,222001,TRUE,FALSE,NA,0,2220010
2203305_1_016,2203305,222,00,1,1,236,1498.37,1200,222001,TRUE,FALSE,NA,0,2220010
2205557_1_002,2205557,222,00,1,1,329,1502.25,1200,222001,TRUE,FALSE,NA,0,2220010
2203305_1_010,2203305,222,00,1,1,188,1503.2099999999998,1200,222001,TRUE,FALSE,NA,0,2220010
2203305_1_022,2203305,222,00,1,1,138,1509.34,1212,222001,TRUE,FALSE,NA,0,2220010
2203305_1_013,2203305,222,00,1,1,212,1512.26,1212,222001,TRUE,FALSE,NA,0,2220010
2203305_1_011,2203305,222,00,1,1,138,1519.43,1212,222001,TRUE,FALSE,NA,0,2220010
2205557_1_003,2205557,222,00,1,1,214,1522.9800000000002,1212,222001,TRUE,FALSE,NA,0,2220010
2211100_1_012,2211100,222,00,1,1,90,1523.79,1200,222001,TRUE,FALSE,NA,0,2220010
2205508_1_008,2205508,222,00,1,1,194,1525.23,1212,222001,TRUE,FALSE,NA,0,2220010
2205508_1_002,2205508,222,00,1,1,340,1528.16,1212,222001,TRUE,FALSE,NA,0,2220010
2200400_1_046,2200400,222,00,1,1,186,1530.44,1212,222001,TRUE,FALSE,NA,0,2220010
2205508_1_001,2205508,222,00,1,1,196,1535.11,1212,222001,TRUE,FALSE,NA,0,2220010
2200400_1_025,2200400,222,00,1,1,313,1547.08,1212,222001,TRUE,FALSE,NA,0,2220010
2200400_1_029,2200400,222,00,1,1,230,1553.83,1212,222001,TRUE,FALSE,NA,0,2220010
2206720_1_006,2206720,222,00,1,1,173,1561.99,1216,222001,TRUE,FALSE,NA,0,2220010
2211100_1_001,2211100,222,00,1,1,163,1574.61,1212,222001,TRUE,FALSE,NA,0,2220010
2206308_1_001,2206308,222,00,1,2,267,1584.6676404494383,1156.9887640449438,222001,TRUE,FALSE,NA,0,2220010
2203305_1_002,2203305,222,00,1,1,345,1594.55,1212,222001,TRUE,FALSE,NA,0,2220010
2211100_1_022,2211100,222,00,1,2,180,1594.9233333333334,1212,222001,TRUE,FALSE,NA,0,2220010
2200400_1_036,2200400,222,00,1,1,269,1598.51,1212,222001,TRUE,FALSE,NA,0,2220010
2202737_1_002,2202737,222,00,1,1,226,1605.38,1212,222001,TRUE,FALSE,NA,0,2220010
2201606_1_004,2201606,222,00,1,1,199,1611.28,1200,222001,TRUE,FALSE,NA,0,2220010
2200400_1_044,2200400,222,00,1,1,195,1623.84,1212,222001,TRUE,FALSE,NA,0,2220010
2203305_1_005,2203305,222,00,1,1,185,1630.08,1212,222001,TRUE,FALSE,NA,0,2220010
2203305_1_007,2203305,222,00,1,1,223,1633.15,1200,222001,TRUE,FALSE,NA,0,2220010
2211100_1_037,2211100,222,00,1,1,260,1634.77,1212,222001,TRUE,FALSE,NA,0,2220010
2205581_1_002,2205581,222,00,1,1,211,1647,1212,222001,TRUE,FALSE,NA,0,2220010
2211100_1_023,2211100,222,00,1,1,121,1648.65,1200,222001,TRUE,FALSE,NA,0,2220010
2200400_1_017,2200400,222,00,1,5,243,1663.5267489711937,1239.8847736625514,222001,TRUE,FALSE,NA,0,2220010
2200400_1_006,2200400,222,00,1,1,331,1682.5099999999998,1212,222001,TRUE,FALSE,NA,0,2220010
2211100_1_011,2211100,222,00,1,1,171,1683.44,1212,222001,TRUE,FALSE,NA,0,2220010
2211100_1_032,2211100,222,00,1,3,92,1693.346739130435,1203.6521739130435,222001,TRUE,FALSE,NA,0,2220010
2205508_1_005,2205508,222,00,1,1,255,1698.04,1212,222001,TRUE,FALSE,NA,0,2220010
2205508_1_011,2205508,222,00,1,1,215,1710.36,1212,222001,TRUE,FALSE,NA,0,2220010
2201606_1_012,2201606,222,00,1,1,126,1710.5,1212,222001,TRUE,FALSE,NA,0,2220010
2211100_1_018,2211100,222,00,1,1,116,1711.92,1212,222001,TRUE,FALSE,NA,0,2220010
2205508_1_028,2205508,222,00,1,1,303,1713.21,1212,222001,TRUE,FALSE,NA,0,2220010
2203305_1_001,2203305,222,00,1,1,196,1713.88,1212,222001,TRUE,FALSE,NA,0,2220010
2200400_1_007,2200400,222,00,1,1,164,1725.4400000000005,1200,222001,TRUE,FALSE,NA,0,2220010
2200400_1_027,2200400,222,00,1,1,264,1726.69,1212,222001,TRUE,FALSE,NA,0,2220010
2201606_1_006,2201606,222,00,1,1,205,1727.29,1212,222001,TRUE,FALSE,NA,0,2220010
2203305_1_006,2203305,222,00,1,1,289,1730.95,1212,222001,TRUE,FALSE,NA,0,2220010
2211100_1_006,2211100,222,00,1,2,185,1735.8243243243244,1212,222001,TRUE,FALSE,NA,0,2220010
2211100_1_019,2211100,222,00,1,1,102,1739.95,1212,222001,TRUE,FALSE,NA,0,2220010
2206407_1_002,2206407,222,00,1,1,186,1744.0699999999997,1212,222001,TRUE,FALSE,NA,0,2220010
2200400_1_004,2200400,222,00,1,1,252,1746.66,1212,222001,TRUE,FALSE,NA,0,2220010
2200400_1_032,2200400,222,00,1,1,216,1759,1200,222001,TRUE,FALSE,NA,0,2220010
2205581_1_004,2205581,222,00,1,1,215,1764.73,1212,222001,TRUE,FALSE,NA,0,2220010
2200400_1_041,2200400,222,00,1,1,147,1775.6,1212,222001,TRUE,FALSE,NA,0,2220010
2200400_1_047,2200400,222,00,1,1,251,1841.77,1300,222001,TRUE,FALSE,NA,0,2220010
2200400_1_022,2200400,222,00,1,1,190,1858.27,1212,222001,TRUE,FALSE,NA,0,2220010
2205508_1_039,2205508,222,00,1,1,122,1891.94,1350,222001,TRUE,FALSE,NA,0,2220010
2200400_1_009,2200400,222,00,1,1,283,1902.72,1200,222001,TRUE,FALSE,NA,0,2220010
2203305_1_008,2203305,222,00,1,1,169,1914.71,1212,222001,TRUE,FALSE,NA,0,2220010
2211100_1_002,2211100,222,00,1,1,170,1932.27,1212,222001,TRUE,FALSE,NA,0,2220010
2200400_1_003,2200400,222,00,1,1,183,1951.22,1212,222001,TRUE,FALSE,NA,0,2220010
2211100_1_007,2211100,222,00,1,1,150,1951.86,1212,222001,TRUE,FALSE,NA,0,2220010
2200400_1_012,2200400,222,00,1,1,222,1971.18,1212,222001,TRUE,FALSE,NA,0,2220010
2206407_1_008,2206407,222,00,1,1,174,1973.2200000000005,1212,222001,TRUE,FALSE,NA,0,2220010
2203305_1_004,2203305,222,00,1,1,228,1976.99,1214,222001,TRUE,FALSE,NA,0,2220010
2203305_1_020,2203305,222,00,1,1,169,1989.0999999999997,1212,222001,TRUE,FALSE,NA,0,2220010
2205508_1_040,2205508,222,00,1,1,176,2001.2,1500,222001,TRUE,FALSE,NA,0,2220010
2211100_1_036,2211100,222,00,1,1,212,2076.16,1212,222001,TRUE,FALSE,NA,0,2220010
2205508_1_013,2205508,222,00,1,1,295,2086.71,1212,222001,TRUE,FALSE,NA,0,2220010
2211100_1_015,2211100,222,00,1,1,315,2093.65,1212,222001,TRUE,FALSE,NA,0,2220010
2205508_1_012,2205508,222,00,1,1,175,2096.22,1200,222001,TRUE,FALSE,NA,0,2220010
2201606_1_008,2201606,222,00,1,1,212,2103.16,1212,222001,TRUE,FALSE,NA,0,2220010
2211100_1_017,2211100,222,00,1,1,199,2143.61,1212,222001,TRUE,FALSE,NA,0,2220010
2200400_1_023,2200400,222,00,1,1,223,2173.25,1300,222001,TRUE,FALSE,NA,0,2220010
2200400_1_011,2200400,222,00,1,1,271,2173.73,2000,222001,TRUE,FALSE,NA,0,2220010
2205508_1_007,2205508,222,00,1,1,122,2178.88,1212,222001,TRUE,FALSE,NA,0,2220010
2200400_1_002,2200400,222,00,1,1,250,2221.94,1212,222001,TRUE,FALSE,NA,0,2220010
2205508_1_004,2205508,222,00,1,1,261,2238.16,1212,222001,TRUE,FALSE,NA,0,2220010
2200400_1_048,2200400,222,00,1,1,228,2252.12,1300,222001,TRUE,FALSE,NA,0,2220010
2200400_1_008,2200400,222,00,1,1,288,2348.38,1212,222001,TRUE,FALSE,NA,0,2220010
2200400_1_020,2200400,222,00,1,1,318,2350.47,1212,222001,TRUE,FALSE,NA,0,2220010
2205508_1_038,2205508,222,00,1,1,186,2522.72,1200,222001,TRUE,FALSE,NA,0,2220010
2211100_1_020,2211100,222,00,1,2,117,2529.3541025641025,1667.3846153846157,222001,TRUE,FALSE,NA,0,2220010
2205508_1_037,2205508,222,00,1,1,211,2645.08,1537.5,222001,TRUE,FALSE,NA,0,2220010
2200400_1_049,2200400,222,00,1,1,112,2670.51,1500,222001,TRUE,FALSE,NA,0,2220010
2200400_1_001,2200400,222,00,1,1,153,2771.67,1650,222001,TRUE,FALSE,NA,0,2220010
2205508_1_026,2205508,222,00,1,1,139,2958.94,1212,222001,TRUE,FALSE,NA,0,2220010
2211100_1_016,2211100,222,00,1,2,134,3028.0931343283587,2459.9402985074626,222001,TRUE,FALSE,NA,0,2220010
2200400_1_021,2200400,222,00,1,1,160,3208.9,2000,222001,TRUE,FALSE,NA,0,2220010
2201606_2_007,2201606,222,00,2,1,61,722.16,600,222002,TRUE,FALSE,NA,0,2220020
2201606_2_008,2201606,222,00,2,1,175,743.17,400,222002,TRUE,FALSE,NA,0,2220020
2205581_2_005,2205581,222,00,2,1,74,749.83,400,222002,TRUE,FALSE,NA,0,2220020
2201606_2_004,2201606,222,00,2,1,105,766.47,600,222002,TRUE,FALSE,NA,0,2220020
2205581_2_004,2205581,222,00,2,1,60,775.18,700,222002,TRUE,FALSE,NA,0,2220020
2205557_2_007,2205557,222,00,2,1,97,780.24,400,222002,TRUE,FALSE,NA,0,2220020
2211100_2_012,2211100,222,00,2,1,230,790.3,600,222002,TRUE,FALSE,NA,0,2220020
2211100_2_031,2211100,222,00,2,1,162,810.63,800,222002,TRUE,FALSE,NA,0,2220020
2205508_2_030,2205508,222,00,2,1,126,812.22,775,222002,TRUE,FALSE,NA,0,2220020
2211100_2_011,2211100,222,00,2,1,151,832.99,1000,222002,TRUE,FALSE,NA,0,2220020
2205508_2_031,2205508,222,00,2,1,150,839.33,1000,222002,TRUE,FALSE,NA,0,2220020
2205557_2_008,2205557,222,00,2,1,121,853.67,700,222002,TRUE,FALSE,NA,0,2220020
2205508_2_006,2205508,222,00,2,1,124,861.26,1000,222002,TRUE,FALSE,NA,0,2220020
2211100_2_025,2211100,222,00,2,1,100,863.8,800,222002,TRUE,FALSE,NA,0,2220020
2211100_2_032,2211100,222,00,2,1,106,864.4399999999999,600,222002,TRUE,FALSE,NA,0,2220020
2205557_2_002,2205557,222,00,2,1,180,868.93,400,222002,TRUE,FALSE,NA,0,2220020
2206720_2_010,2206720,222,00,2,2,83,870.7089156626506,878.8915662650602,222002,TRUE,FALSE,NA,0,2220020
2201606_2_003,2201606,222,00,2,1,85,897.29,710,222002,TRUE,FALSE,NA,0,2220020
2211100_2_015,2211100,222,00,2,2,263,902.3005703422052,1212,222002,TRUE,FALSE,NA,0,2220020
2211100_2_028,2211100,222,00,2,1,131,923.55,900,222002,TRUE,FALSE,NA,0,2220020
2205557_2_003,2205557,222,00,2,1,153,924.97,950,222002,TRUE,FALSE,NA,0,2220020
2206407_2_001,2206407,222,00,2,2,93,929.646129032258,783.8709677419355,222002,TRUE,FALSE,NA,0,2220020
2205581_2_002,2205581,222,00,2,1,106,929.74,830,222002,TRUE,FALSE,NA,0,2220020
2211100_2_020,2211100,222,00,2,1,196,932.5,836,222002,TRUE,FALSE,NA,0,2220020
2211100_2_027,2211100,222,00,2,1,101,933,600,222002,TRUE,FALSE,NA,0,2220020
2200400_2_005,2200400,222,00,2,1,184,934.11,600,222002,TRUE,FALSE,NA,0,2220020
2205508_2_007,2205508,222,00,2,1,237,936.28,1212,222002,TRUE,FALSE,NA,0,2220020
2211100_2_034,2211100,222,00,2,1,112,936.72,1000,222002,TRUE,FALSE,NA,0,2220020
2206720_2_008,2206720,222,00,2,1,95,943.75,1000,222002,TRUE,FALSE,NA,0,2220020
2205508_2_017,2205508,222,00,2,1,72,946.41,1212,222002,TRUE,FALSE,NA,0,2220020
2205508_2_012,2205508,222,00,2,1,145,951.32,1212,222002,TRUE,FALSE,NA,0,2220020
2200400_2_025,2200400,222,00,2,1,91,953.55,1200,222002,TRUE,FALSE,NA,0,2220020
2205508_2_003,2205508,222,00,2,1,215,954.71,1212,222002,TRUE,FALSE,NA,0,2220020
2211100_2_039,2211100,222,00,2,1,122,955.47,1212,222002,TRUE,FALSE,NA,0,2220020
2211100_2_010,2211100,222,00,2,1,139,967.52,1212,222002,TRUE,FALSE,NA,0,2220020
2211100_2_006,2211100,222,00,2,1,144,972.9299999999998,1212,222002,TRUE,FALSE,NA,0,2220020
2206720_2_006,2206720,222,00,2,1,133,975.33,1000,222002,TRUE,FALSE,NA,0,2220020
2205508_2_032,2205508,222,00,2,1,104,978.85,1212,222002,TRUE,FALSE,NA,0,2220020
2202737_2_001,2202737,222,00,2,1,135,982.76,1212,222002,TRUE,FALSE,NA,0,2220020
2211100_2_014,2211100,222,00,2,1,189,983.68,1200,222002,TRUE,FALSE,NA,0,2220020
2200400_2_010,2200400,222,00,2,1,60,985.66,1212,222002,TRUE,FALSE,NA,0,2220020
2205508_2_004,2205508,222,00,2,1,217,987.9500000000002,1212,222002,TRUE,FALSE,NA,0,2220020
2205508_2_016,2205508,222,00,2,1,132,989.24,1212,222002,TRUE,FALSE,NA,0,2220020
2211100_2_041,2211100,222,00,2,1,170,992.49,1200,222002,TRUE,FALSE,NA,0,2220020
2211100_2_024,2211100,222,00,2,1,169,993.65,1212,222002,TRUE,FALSE,NA,0,2220020
2211100_2_026,2211100,222,00,2,1,186,995.79,1000,222002,TRUE,FALSE,NA,0,2220020
2202737_2_004,2202737,222,00,2,1,76,1002.11,1000,222002,TRUE,FALSE,NA,0,2220020
2211100_2_023,2211100,222,00,2,1,111,1002.44,1100,222002,TRUE,FALSE,NA,0,2220020
2205557_2_005,2205557,222,00,2,1,90,1003.59,800,222002,TRUE,FALSE,NA,0,2220020
2200400_2_007,2200400,222,00,2,1,211,1005.42,1212,222002,TRUE,FALSE,NA,0,2220020
2205557_2_004,2205557,222,00,2,1,131,1005.52,1100,222002,TRUE,FALSE,NA,0,2220020
2211100_2_033,2211100,222,00,2,1,106,1005.61,1200,222002,TRUE,FALSE,NA,0,2220020
2205557_2_006,2205557,222,00,2,1,116,1005.95,1210,222002,TRUE,FALSE,NA,0,2220020
2205581_2_006,2205581,222,00,2,1,142,1010.75,1200,222002,TRUE,FALSE,NA,0,2220020
2211100_2_029,2211100,222,00,2,2,132,1011.8829545454544,1203.5454545454545,222002,TRUE,FALSE,NA,0,2220020
2211100_2_022,2211100,222,00,2,1,234,1012.27,1212,222002,TRUE,FALSE,NA,0,2220020
2200400_2_015,2200400,222,00,2,1,131,1013.61,1200,222002,TRUE,FALSE,NA,0,2220020
2205508_2_015,2205508,222,00,2,1,148,1019.18,1212,222002,TRUE,FALSE,NA,0,2220020
2205508_2_026,2205508,222,00,2,1,158,1019.88,1212,222002,TRUE,FALSE,NA,0,2220020
2205508_2_029,2205508,222,00,2,1,66,1020.58,1212,222002,TRUE,FALSE,NA,0,2220020
2203255_2_005,2203255,222,00,2,1,137,1022.78,1000,222002,TRUE,FALSE,NA,0,2220020
2211100_2_040,2211100,222,00,2,1,103,1023.66,1206,222002,TRUE,FALSE,NA,0,2220020
2206407_2_007,2206407,222,00,2,1,70,1023.7,1212,222002,TRUE,FALSE,NA,0,2220020
2200400_2_019,2200400,222,00,2,3,132,1028.5032575757575,1152.909090909091,222002,TRUE,FALSE,NA,0,2220020
2211100_2_038,2211100,222,00,2,1,90,1031.8,1200,222002,TRUE,FALSE,NA,0,2220020
2203255_2_004,2203255,222,00,2,1,156,1032.38,1212,222002,TRUE,FALSE,NA,0,2220020
2201606_2_001,2201606,222,00,2,2,123,1034.7786991869918,762.1138211382114,222002,TRUE,FALSE,NA,0,2220020
2206407_2_015,2206407,222,00,2,1,102,1040.11,1200,222002,TRUE,FALSE,NA,0,2220020
2201606_2_011,2201606,222,00,2,1,94,1045.42,1100,222002,TRUE,FALSE,NA,0,2220020
2205508_2_005,2205508,222,00,2,1,162,1046.16,1212,222002,TRUE,FALSE,NA,0,2220020
2206407_2_002,2206407,222,00,2,1,96,1047.09,1212,222002,TRUE,FALSE,NA,0,2220020
2200400_2_004,2200400,222,00,2,1,147,1049.35,1212,222002,TRUE,FALSE,NA,0,2220020
2211100_2_021,2211100,222,00,2,1,193,1050.99,1212,222002,TRUE,FALSE,NA,0,2220020
2205508_2_001,2205508,222,00,2,1,137,1052.61,1212,222002,TRUE,FALSE,NA,0,2220020
2211100_2_043,2211100,222,00,2,1,70,1054.87,1212,222002,TRUE,FALSE,NA,0,2220020
2211100_2_013,2211100,222,00,2,1,252,1060.88,600,222002,TRUE,FALSE,NA,0,2220020
2211100_2_017,2211100,222,00,2,1,147,1062.72,1212,222002,TRUE,FALSE,NA,0,2220020
2200400_2_009,2200400,222,00,2,1,165,1063.39,1212,222002,TRUE,FALSE,NA,0,2220020
2200400_2_016,2200400,222,00,2,1,202,1063.72,1200,222002,TRUE,FALSE,NA,0,2220020
2211100_2_005,2211100,222,00,2,1,195,1064.78,1212,222002,TRUE,FALSE,NA,0,2220020
2202737_2_002,2202737,222,00,2,1,155,1065.97,1200,222002,TRUE,FALSE,NA,0,2220020
2201606_2_010,2201606,222,00,2,2,91,1067.6597802197805,1203.5604395604396,222002,TRUE,FALSE,NA,0,2220020
2205508_2_020,2205508,222,00,2,1,63,1069.75,1212,222002,TRUE,FALSE,NA,0,2220020
2211100_2_037,2211100,222,00,2,1,200,1070.27,900,222002,TRUE,FALSE,NA,0,2220020
2211100_2_003,2211100,222,00,2,1,216,1071.13,1200,222002,TRUE,FALSE,NA,0,2220020
2206720_2_015,2206720,222,00,2,1,115,1076.26,1212,222002,TRUE,FALSE,NA,0,2220020
2205508_2_013,2205508,222,00,2,1,162,1078.2,1212,222002,TRUE,FALSE,NA,0,2220020
2200400_2_014,2200400,222,00,2,2,171,1082.098245614035,1212,222002,TRUE,FALSE,NA,0,2220020
2211100_2_002,2211100,222,00,2,1,140,1087.37,1212,222002,TRUE,FALSE,NA,0,2220020
2205557_2_001,2205557,222,00,2,1,204,1092.33,1200,222002,TRUE,FALSE,NA,0,2220020
2206407_2_012,2206407,222,00,2,1,72,1092.36,1100,222002,TRUE,FALSE,NA,0,2220020
2205557_2_010,2205557,222,00,2,1,77,1093.13,1212,222002,TRUE,FALSE,NA,0,2220020
2200400_2_017,2200400,222,00,2,1,75,1094.32,1212,222002,TRUE,FALSE,NA,0,2220020
2206407_2_004,2206407,222,00,2,1,96,1096.62,1212,222002,TRUE,FALSE,NA,0,2220020
2206720_2_005,2206720,222,00,2,1,141,1099.33,1212,222002,TRUE,FALSE,NA,0,2220020
2211100_2_036,2211100,222,00,2,1,105,1106.93,1212,222002,TRUE,FALSE,NA,0,2220020
2211100_2_030,2211100,222,00,2,1,180,1108.31,1212,222002,TRUE,FALSE,NA,0,2220020
2206720_2_013,2206720,222,00,2,2,216,1112.511851851852,1149.9814814814815,222002,TRUE,FALSE,NA,0,2220020
2211100_2_008,2211100,222,00,2,1,193,1113.64,1200,222002,TRUE,FALSE,NA,0,2220020
2205508_2_008,2205508,222,00,2,1,142,1115.23,1212,222002,TRUE,FALSE,NA,0,2220020
2206407_2_010,2206407,222,00,2,1,112,1116.71,1212,222002,TRUE,FALSE,NA,0,2220020
2205508_2_014,2205508,222,00,2,1,117,1119.66,1212,222002,TRUE,FALSE,NA,0,2220020
2203305_2_005,2203305,222,00,2,1,176,1129.28,1200,222002,TRUE,FALSE,NA,0,2220020
2202737_2_006,2202737,222,00,2,1,102,1129.85,1212,222002,TRUE,FALSE,NA,0,2220020
2205557_2_009,2205557,222,00,2,1,194,1130.86,700,222002,TRUE,FALSE,NA,0,2220020
2202737_2_003,2202737,222,00,2,1,171,1133.65,1212,222002,TRUE,FALSE,NA,0,2220020
2205508_2_023,2205508,222,00,2,1,200,1135.29,1212,222002,TRUE,FALSE,NA,0,2220020
2200400_2_013,2200400,222,00,2,1,145,1138.41,1212,222002,TRUE,FALSE,NA,0,2220020
2205508_2_018,2205508,222,00,2,1,126,1142.74,1212,222002,TRUE,FALSE,NA,0,2220020
2206720_2_009,2206720,222,00,2,1,156,1144.14,1212,222002,TRUE,FALSE,NA,0,2220020
2203305_2_003,2203305,222,00,2,1,145,1144.61,1212,222002,TRUE,FALSE,NA,0,2220020
2205508_2_019,2205508,222,00,2,1,95,1146.2,1212,222002,TRUE,FALSE,NA,0,2220020
2206720_2_016,2206720,222,00,2,1,84,1152.82,1212,222002,TRUE,FALSE,NA,0,2220020
2200400_2_023,2200400,222,00,2,1,87,1154.51,1000,222002,TRUE,FALSE,NA,0,2220020
2200400_2_020,2200400,222,00,2,1,152,1155.25,1212,222002,TRUE,FALSE,NA,0,2220020
2203305_2_004,2203305,222,00,2,1,69,1159.59,1212,222002,TRUE,FALSE,NA,0,2220020
2206720_2_007,2206720,222,00,2,1,88,1161.29,1212,222002,TRUE,FALSE,NA,0,2220020
2205508_2_025,2205508,222,00,2,2,60,1164.59,1212,222002,TRUE,FALSE,NA,0,2220020
2211100_2_007,2211100,222,00,2,1,98,1164.67,1212,222002,TRUE,FALSE,NA,0,2220020
2206407_2_011,2206407,222,00,2,3,166,1168.1885542168675,1057.5301204819275,222002,TRUE,FALSE,NA,0,2220020
2211100_2_018,2211100,222,00,2,1,188,1174.82,1212,222002,TRUE,FALSE,NA,0,2220020
2206720_2_014,2206720,222,00,2,2,156,1177.1823076923076,1146.7692307692307,222002,TRUE,FALSE,NA,0,2220020
2205508_2_009,2205508,222,00,2,2,248,1180.3179032258065,1200,222002,TRUE,FALSE,NA,0,2220020
2211100_2_009,2211100,222,00,2,1,206,1180.68,1212,222002,TRUE,FALSE,NA,0,2220020
2206720_2_011,2206720,222,00,2,3,390,1180.8790256410257,1231.8974358974358,222002,TRUE,FALSE,NA,0,2220020
2205581_2_001,2205581,222,00,2,1,200,1191.16,1152.5,222002,TRUE,FALSE,NA,0,2220020
2201606_2_002,2201606,222,00,2,1,79,1192.94,1200,222002,TRUE,FALSE,NA,0,2220020
2206407_2_005,2206407,222,00,2,1,81,1193.01,1212,222002,TRUE,FALSE,NA,0,2220020
2203255_2_006,2203255,222,00,2,1,165,1193.32,1212,222002,TRUE,FALSE,NA,0,2220020
2205508_2_002,2205508,222,00,2,1,202,1203.76,1200,222002,TRUE,FALSE,NA,0,2220020
2200400_2_018,2200400,222,00,2,1,197,1204.53,1212,222002,TRUE,FALSE,NA,0,2220020
2211100_2_042,2211100,222,00,2,1,101,1213.29,1212,222002,TRUE,FALSE,NA,0,2220020
2205508_2_010,2205508,222,00,2,2,228,1214.598859649123,1200,222002,TRUE,FALSE,NA,0,2220020
2203255_2_002,2203255,222,00,2,1,133,1214.96,1212,222002,TRUE,FALSE,NA,0,2220020
2200400_2_001,2200400,222,00,2,1,123,1216.12,1212,222002,TRUE,FALSE,NA,0,2220020
2201606_2_005,2201606,222,00,2,1,282,1217.85,732,222002,TRUE,FALSE,NA,0,2220020
2211100_2_004,2211100,222,00,2,1,149,1221.18,1212,222002,TRUE,FALSE,NA,0,2220020
2205581_2_003,2205581,222,00,2,1,106,1222.92,1212,222002,TRUE,FALSE,NA,0,2220020
2202737_2_005,2202737,222,00,2,2,113,1229.109557522124,1027.858407079646,222002,TRUE,FALSE,NA,0,2220020
2201606_2_006,2201606,222,00,2,1,122,1230.19,945,222002,TRUE,FALSE,NA,0,2220020
2206407_2_003,2206407,222,00,2,1,93,1232.81,1212,222002,TRUE,FALSE,NA,0,2220020
2205508_2_028,2205508,222,00,2,1,197,1235.54,1212,222002,TRUE,FALSE,NA,0,2220020
2205508_2_024,2205508,222,00,2,2,213,1237.2796244131457,1212,222002,TRUE,FALSE,NA,0,2220020
2205508_2_027,2205508,222,00,2,1,121,1242.84,1212,222002,TRUE,FALSE,NA,0,2220020
2200400_2_008,2200400,222,00,2,6,297,1243.8262626262626,1210.585858585859,222002,TRUE,FALSE,NA,0,2220020
2211100_2_035,2211100,222,00,2,1,178,1245.8,1212,222002,TRUE,FALSE,NA,0,2220020
2211100_2_001,2211100,222,00,2,1,166,1246.23,1212,222002,TRUE,FALSE,NA,0,2220020
2206308_2_001,2206308,222,00,2,1,71,1248.05,1212,222002,TRUE,FALSE,NA,0,2220020
2206720_2_012,2206720,222,00,2,2,107,1250.1159813084112,1212,222002,TRUE,FALSE,NA,0,2220020
2200400_2_002,2200400,222,00,2,1,267,1258.76,1212,222002,TRUE,FALSE,NA,0,2220020
2206407_2_014,2206407,222,00,2,1,171,1260.23,1212,222002,TRUE,FALSE,NA,0,2220020
2206720_2_004,2206720,222,00,2,1,162,1264.52,1212,222002,TRUE,FALSE,NA,0,2220020
2200400_2_011,2200400,222,00,2,1,216,1268.41,1212,222002,TRUE,FALSE,NA,0,2220020
2203255_2_003,2203255,222,00,2,1,107,1272.01,1212,222002,TRUE,FALSE,NA,0,2220020
2205508_2_022,2205508,222,00,2,2,73,1284.265205479452,1206.082191780822,222002,TRUE,FALSE,NA,0,2220020
2200400_2_024,2200400,222,00,2,1,162,1290.98,1212,222002,TRUE,FALSE,NA,0,2220020
2203305_2_002,2203305,222,00,2,1,157,1293.09,1212,222002,TRUE,FALSE,NA,0,2220020
2211100_2_019,2211100,222,00,2,1,156,1332.92,1212,222002,TRUE,FALSE,NA,0,2220020
2211100_2_016,2211100,222,00,2,2,205,1334.6838048780487,1408.039024390244,222002,TRUE,FALSE,NA,0,2220020
2205508_2_021,2205508,222,00,2,1,185,1335.95,1200,222002,TRUE,FALSE,NA,0,2220020
2206720_2_002,2206720,222,00,2,1,88,1344.94,1215,222002,TRUE,FALSE,NA,0,2220020
2200400_2_022,2200400,222,00,2,1,264,1350.52,1200,222002,TRUE,FALSE,NA,0,2220020
2205557_2_011,2205557,222,00,2,2,123,1360.9145528455283,1212,222002,TRUE,FALSE,NA,0,2220020
2203305_2_006,2203305,222,00,2,2,230,1361.4938260869567,1201.2521739130434,222002,TRUE,FALSE,NA,0,2220020
2200400_2_021,2200400,222,00,2,3,168,1380.0344642857144,1212,222002,TRUE,FALSE,NA,0,2220020
2200400_2_012,2200400,222,00,2,1,167,1383.83,1212,222002,TRUE,FALSE,NA,0,2220020
2206308_2_002,2206308,222,00,2,3,68,1389.6364705882352,1212,222002,TRUE,FALSE,NA,0,2220020
2206407_2_008,2206407,222,00,2,1,69,1435.29,1200,222002,TRUE,FALSE,NA,0,2220020
2203255_2_001,2203255,222,00,2,1,130,1441.25,1212,222002,TRUE,FALSE,NA,0,2220020
2201606_2_009,2201606,222,00,2,1,86,1447.66,1200,222002,TRUE,FALSE,NA,0,2220020
2200400_2_006,2200400,222,00,2,1,156,1456.24,1212,222002,TRUE,FALSE,NA,0,2220020
2206407_2_009,2206407,222,00,2,1,134,1457.93,1212,222002,TRUE,FALSE,NA,0,2220020
2205508_2_011,2205508,222,00,2,1,80,1500.22,1212,222002,TRUE,FALSE,NA,0,2220020
2206720_2_003,2206720,222,00,2,1,105,1536.84,1212,222002,TRUE,FALSE,NA,0,2220020
2206407_2_006,2206407,222,00,2,1,106,1554.4000000000003,1212,222002,TRUE,FALSE,NA,0,2220020
2203305_2_001,2203305,222,00,2,1,101,1615.7099999999998,1212,222002,TRUE,FALSE,NA,0,2220020
2206407_2_013,2206407,222,00,2,1,81,1627.1900000000005,1212,222002,TRUE,FALSE,NA,0,2220020
2206720_2_001,2206720,222,00,2,1,100,1679.17,1212,222002,TRUE,FALSE,NA,0,2220020
2200400_2_003,2200400,222,00,2,1,62,1742.39,1212,222002,TRUE,FALSE,NA,0,2220020
2200202_1_023,2200202,225,10,1,1,115,764.54,600,225101,TRUE,FALSE,NA,1,2251011
2201408_1_008,2201408,225,10,1,1,104,787.7099999999999,590,225101,TRUE,FALSE,NA,1,2251011
2200202_1_015,2200202,225,10,1,1,192,800.08,400,225101,TRUE,FALSE,NA,1,2251011
2207207_1_006,2207207,225,10,1,1,150,835.32,400,225101,TRUE,FALSE,NA,1,2251011
2210508_1_014,2210508,225,10,1,1,194,836.01,600,225101,TRUE,FALSE,NA,1,2251011
2201002_1_004,2201002,225,10,1,1,151,846.74,584.5,225101,TRUE,FALSE,NA,1,2251011
2208809_1_010,2208809,225,10,1,1,162,849.1,1000,225101,TRUE,FALSE,NA,1,2251011
2206506_1_005,2206506,225,10,1,2,106,854.9064150943396,727.3584905660377,225101,TRUE,FALSE,NA,1,2251011
2204303_1_004,2204303,225,10,1,1,227,873.19,600,225101,TRUE,FALSE,NA,1,2251011
2208809_1_021,2208809,225,10,1,1,136,879.74,1000,225101,TRUE,FALSE,NA,1,2251011
2207801_1_016,2207801,225,10,1,1,107,890.4200000000001,800,225101,TRUE,FALSE,NA,1,2251011
2208809_1_011,2208809,225,10,1,1,219,908.21,800,225101,TRUE,FALSE,NA,1,2251011
2208809_1_020,2208809,225,10,1,1,175,911.78,450,225101,TRUE,FALSE,NA,1,2251011
2201739_1_002,2201739,225,10,1,1,165,917.56,1000,225101,TRUE,FALSE,NA,1,2251011
2200251_1_006,2200251,225,10,1,1,202,919.17,1000,225101,TRUE,FALSE,NA,1,2251011
2202802_1_004,2202802,225,10,1,1,220,922.62,1200,225101,TRUE,FALSE,NA,1,2251011
2211308_1_016,2211308,225,10,1,1,248,928.61,1000,225101,TRUE,FALSE,NA,1,2251011
2210805_1_007,2210805,225,10,1,1,267,930.45,900,225101,TRUE,FALSE,NA,1,2251011
2204709_1_007,2204709,225,10,1,1,352,935.03,1000,225101,TRUE,FALSE,NA,1,2251011
2207207_1_004,2207207,225,10,1,2,171,935.2542105263158,907.7894736842104,225101,TRUE,FALSE,NA,1,2251011
2205953_1_010,2205953,225,10,1,1,91,937.86,1000,225101,TRUE,FALSE,NA,1,2251011
2210201_1_007,2210201,225,10,1,1,115,939.43,1100,225101,TRUE,FALSE,NA,1,2251011
2210300_1_008,2210300,225,10,1,1,137,939.92,1000,225101,TRUE,FALSE,NA,1,2251011
2204204_1_006,2204204,225,10,1,1,142,944.57,800,225101,TRUE,FALSE,NA,1,2251011
2210508_1_003,2210508,225,10,1,1,207,946.04,750,225101,TRUE,FALSE,NA,1,2251011
2205201_1_015,2205201,225,10,1,1,260,947.59,900,225101,TRUE,FALSE,NA,1,2251011
2210508_1_009,2210508,225,10,1,1,223,947.99,400,225101,TRUE,FALSE,NA,1,2251011
2203271_1_004,2203271,225,10,1,2,204,951.5033333333332,873.3333333333334,225101,TRUE,FALSE,NA,1,2251011
2210508_1_006,2210508,225,10,1,1,222,963.72,700,225101,TRUE,FALSE,NA,1,2251011
2208809_1_015,2208809,225,10,1,1,259,968.26,900,225101,TRUE,FALSE,NA,1,2251011
2207207_1_007,2207207,225,10,1,1,142,972.6699999999998,1000,225101,TRUE,FALSE,NA,1,2251011
2208809_1_016,2208809,225,10,1,1,245,974.38,800,225101,TRUE,FALSE,NA,1,2251011
2206506_1_003,2206506,225,10,1,1,173,977.21000000000015,1000,225101,TRUE,FALSE,NA,1,2251011
2203503_1_006,2203503,225,10,1,1,200,977.91,1212,225101,TRUE,FALSE,NA,1,2251011
2204006_1_005,2204006,225,10,1,1,234,985.31,1200,225101,TRUE,FALSE,NA,1,2251011
2200277_1_003,2200277,225,10,1,1,160,986.1,1200,225101,TRUE,FALSE,NA,1,2251011
2208809_1_019,2208809,225,10,1,1,212,987.25,1000,225101,TRUE,FALSE,NA,1,2251011
2204709_1_010,2204709,225,10,1,1,191,990.12,1000,225101,TRUE,FALSE,NA,1,2251011
2207751_1_003,2207751,225,10,1,1,102,992.54,800,225101,TRUE,FALSE,NA,1,2251011
2204808_1_008,2204808,225,10,1,1,141,992.74,1000,225101,TRUE,FALSE,NA,1,2251011
2200509_1_013,2200509,225,10,1,1,202,993.75,860,225101,TRUE,FALSE,NA,1,2251011
2205540_1_001,2205540,225,10,1,2,322,994.2566459627328,1019.5652173913044,225101,TRUE,FALSE,NA,1,2251011
2202554_1_004,2202554,225,10,1,2,106,1002.885,890.566037735849,225101,TRUE,FALSE,NA,1,2251011
2209609_1_002,2209609,225,10,1,2,114,1010.2323684210528,1212,225101,TRUE,FALSE,NA,1,2251011
2207801_1_005,2207801,225,10,1,1,292,1010.73,1200,225101,TRUE,FALSE,NA,1,2251011
2201176_1_003,2201176,225,10,1,1,106,1014.1,1212,225101,TRUE,FALSE,NA,1,2251011
2211407_1_003,2211407,225,10,1,1,156,1014.32,1200,225101,TRUE,FALSE,NA,1,2251011
2205201_1_014,2205201,225,10,1,1,225,1017,800,225101,TRUE,FALSE,NA,1,2251011
2208007_3_001,2208007,225,10,3,2,122,1021.357131147541,1206.3934426229507,225101,TRUE,FALSE,225103,1,2251011
2210201_1_005,2210201,225,10,1,1,149,1023.2999999999998,1200,225101,TRUE,FALSE,NA,1,2251011
2208007_1_097,2208007,225,10,1,1,96,1025.21,1212,225101,TRUE,FALSE,NA,1,2251011
2208809_1_014,2208809,225,10,1,1,203,1026.85,1000,225101,TRUE,FALSE,NA,1,2251011
2204006_1_002,2204006,225,10,1,1,193,1030.25,1212,225101,TRUE,FALSE,NA,1,2251011
2202778_1_002,2202778,225,10,1,1,276,1035.12,1212,225101,TRUE,FALSE,NA,1,2251011
2211407_1_001,2211407,225,10,1,1,161,1037.14,1212,225101,TRUE,FALSE,NA,1,2251011
2207009_1_045,2207009,225,10,1,1,144,1038.04,1061.5,225101,TRUE,FALSE,NA,1,2251011
2200202_1_026,2200202,225,10,1,2,202,1039.1476237623765,1201.90099009901,225101,TRUE,FALSE,NA,1,2251011
2210706_1_005,2210706,225,10,1,1,203,1042.17,1000,225101,TRUE,FALSE,NA,1,2251011
2211605_1_001,2211605,225,10,1,1,256,1042.58,1200,225101,TRUE,FALSE,NA,1,2251011
2203503_1_008,2203503,225,10,1,2,220,1043.5237272727272,1103.8636363636365,225101,TRUE,FALSE,NA,1,2251011
2207553_1_001,2207553,225,10,1,1,199,1043.95,1212,225101,TRUE,FALSE,NA,1,2251011
2200103_1_008,2200103,225,10,1,1,118,1046.2,950,225101,TRUE,FALSE,NA,1,2251011
2200608_1_008,2200608,225,10,1,1,204,1049.58,1000,225101,TRUE,FALSE,NA,1,2251011
2204808_1_007,2204808,225,10,1,1,149,1051.14,1212,225101,TRUE,FALSE,NA,1,2251011
2200954_1_001,2200954,225,10,1,1,126,1053,1040,225101,TRUE,FALSE,NA,1,2251011
2204907_1_001,2204907,225,10,1,2,242,1054.5327272727272,1145.4545454545455,225101,TRUE,FALSE,NA,1,2251011
2201408_1_001,2201408,225,10,1,1,182,1055.91,1212,225101,TRUE,FALSE,NA,1,2251011
2202554_1_001,2202554,225,10,1,1,193,1056.11,1212,225101,TRUE,FALSE,NA,1,2251011
2209153_1_005,2209153,225,10,1,1,177,1062.11,1212,225101,TRUE,FALSE,NA,1,2251011
2205953_1_011,2205953,225,10,1,1,185,1063.65,1200,225101,TRUE,FALSE,NA,1,2251011
2202554_1_003,2202554,225,10,1,1,173,1073.08,1000,225101,TRUE,FALSE,NA,1,2251011
2210201_1_003,2210201,225,10,1,1,120,1073.95,1212,225101,TRUE,FALSE,NA,1,2251011
2208809_1_018,2208809,225,10,1,1,192,1081.15,1000,225101,TRUE,FALSE,NA,1,2251011
2209153_1_003,2209153,225,10,1,1,144,1081.84,1200,225101,TRUE,FALSE,NA,1,2251011
2211308_1_015,2211308,225,10,1,1,154,1082.49,1212,225101,TRUE,FALSE,NA,1,2251011
2200251_1_003,2200251,225,10,1,1,137,1085.24,1212,225101,TRUE,FALSE,NA,1,2251011
2201408_1_009,2201408,225,10,1,1,271,1086.98,1212,225101,TRUE,FALSE,NA,1,2251011
2206050_1_001,2206050,225,10,1,1,107,1088.27,1100,225101,TRUE,FALSE,NA,1,2251011
2208007_1_089,2208007,225,10,1,1,272,1088.91,1212,225101,TRUE,FALSE,NA,1,2251011
2209153_1_002,2209153,225,10,1,1,216,1088.93,1212,225101,TRUE,FALSE,NA,1,2251011
2210805_1_008,2210805,225,10,1,1,94,1090.9,1158.5,225101,TRUE,FALSE,NA,1,2251011
2208601_1_003,2208601,225,10,1,1,201,1091.45,1098,225101,TRUE,FALSE,NA,1,2251011
2204907_1_004,2204907,225,10,1,1,116,1093.22,1200,225101,TRUE,FALSE,NA,1,2251011
2200608_1_007,2200608,225,10,1,1,146,1099.47,1212,225101,TRUE,FALSE,NA,1,2251011
2205599_1_004,2205599,225,10,1,2,158,1099.5308860759494,1209.26582278481,225101,TRUE,FALSE,NA,1,2251011
2208601_1_004,2208601,225,10,1,1,217,1100.18,1200,225101,TRUE,FALSE,NA,1,2251011
2207504_1_003,2207504,225,10,1,1,274,1100.46,900,225101,TRUE,FALSE,NA,1,2251011
2206902_1_005,2206902,225,10,1,1,124,1105.52,1000,225101,TRUE,FALSE,NA,1,2251011
2207009_1_043,2207009,225,10,1,1,178,1107.2,1212,225101,TRUE,FALSE,NA,1,2251011
2208601_1_002,2208601,225,10,1,1,281,1109.27,1212,225101,TRUE,FALSE,NA,1,2251011
2211407_1_006,2211407,225,10,1,1,100,1109.73,1212,225101,TRUE,FALSE,NA,1,2251011
2205953_1_002,2205953,225,10,1,1,294,1110.69,1000,225101,TRUE,FALSE,NA,1,2251011
2201176_1_004,2201176,225,10,1,1,118,1110.85,1212,225101,TRUE,FALSE,NA,1,2251011
2210508_1_008,2210508,225,10,1,1,138,1111.72,1206,225101,TRUE,FALSE,NA,1,2251011
2203271_1_003,2203271,225,10,1,1,111,1111.83,1212,225101,TRUE,FALSE,NA,1,2251011
2203503_1_003,2203503,225,10,1,1,151,1112.01,1200,225101,TRUE,FALSE,NA,1,2251011
2210508_1_012,2210508,225,10,1,1,272,1118.16,705,225101,TRUE,FALSE,NA,1,2251011
2207009_1_004,2207009,225,10,1,1,311,1118.42,1212,225101,TRUE,FALSE,NA,1,2251011
2208809_1_006,2208809,225,10,1,3,179,1123.1154189944134,1107.4022346368715,225101,TRUE,FALSE,NA,1,2251011
2210003_1_023,2210003,225,10,1,1,286,1123.13,1212,225101,TRUE,FALSE,NA,1,2251011
2208809_1_005,2208809,225,10,1,1,197,1124.36,1212,225101,TRUE,FALSE,NA,1,2251011
2208106_1_003,2208106,225,10,1,2,198,1132.68,1212,225101,TRUE,FALSE,NA,1,2251011
2209377_1_004,2209377,225,10,1,1,324,1133.01,1212,225101,TRUE,FALSE,NA,1,2251011
2208809_1_022,2208809,225,10,1,1,240,1135.59,1212,225101,TRUE,FALSE,NA,1,2251011
2207207_1_005,2207207,225,10,1,1,183,1136.97,1212,225101,TRUE,FALSE,NA,1,2251011
2208007_1_069,2208007,225,10,1,1,320,1137.56,1212,225101,TRUE,FALSE,NA,1,2251011
2208205_1_009,2208205,225,10,1,2,105,1139.2422857142858,1157.942857142857,225101,TRUE,FALSE,NA,1,2251011
2201739_1_004,2201739,225,10,1,2,212,1140.3300943396223,1133.122641509434,225101,TRUE,FALSE,NA,1,2251011
2205359_1_002,2205359,225,10,1,2,159,1141.6557861635222,1205.7358490566037,225101,TRUE,FALSE,NA,1,2251011
2210003_1_024,2210003,225,10,1,2,243,1142.681646090535,1011.440329218107,225101,TRUE,FALSE,NA,1,2251011
2201176_1_002,2201176,225,10,1,1,172,1142.88,1212,225101,TRUE,FALSE,NA,1,2251011
2207009_1_035,2207009,225,10,1,1,105,1143.46,1212,225101,TRUE,FALSE,NA,1,2251011
2207504_1_006,2207504,225,10,1,1,247,1145.49,1200,225101,TRUE,FALSE,NA,1,2251011
2202075_1_002,2202075,225,10,1,1,175,1147.79,1212,225101,TRUE,FALSE,NA,1,2251011
2200905_1_001,2200905,225,10,1,1,202,1148.7,1212,225101,TRUE,FALSE,NA,1,2251011
2207777_1_003,2207777,225,10,1,1,117,1148.73,1212,225101,TRUE,FALSE,NA,1,2251011
2205599_1_003,2205599,225,10,1,1,116,1150.0300000000002,1206,225101,TRUE,FALSE,NA,1,2251011
2207504_1_007,2207504,225,10,1,1,240,1150.31,1006,225101,TRUE,FALSE,NA,1,2251011
2210003_1_014,2210003,225,10,1,1,259,1150.45,1212,225101,TRUE,FALSE,NA,1,2251011
2204709_1_002,2204709,225,10,1,1,348,1150.82,1212,225101,TRUE,FALSE,NA,1,2251011
2205201_1_006,2205201,225,10,1,1,242,1152.84,1200,225101,TRUE,FALSE,NA,1,2251011
2208007_1_019,2208007,225,10,1,1,238,1155.78,1212,225101,TRUE,FALSE,NA,1,2251011
2210003_1_019,2210003,225,10,1,1,197,1156.77,1200,225101,TRUE,FALSE,NA,1,2251011
2211506_1_002,2211506,225,10,1,2,199,1156.9850251256282,1208.9246231155778,225101,TRUE,FALSE,NA,1,2251011
2208007_1_091,2208007,225,10,1,2,178,1159.0937640449438,1103.2134831460671,225101,TRUE,FALSE,NA,1,2251011
2204303_1_010,2204303,225,10,1,1,116,1159.33,1200,225101,TRUE,FALSE,NA,1,2251011
2208007_1_095,2208007,225,10,1,1,107,1159.96,1212,225101,TRUE,FALSE,NA,1,2251011
2205201_1_013,2205201,225,10,1,1,167,1160.01,1212,225101,TRUE,FALSE,NA,1,2251011
2207801_1_017,2207801,225,10,1,1,252,1161.97,1200,225101,TRUE,FALSE,NA,1,2251011
2210904_1_002,2210904,225,10,1,1,326,1162.71,1200,225101,TRUE,FALSE,NA,1,2251011
2205953_1_004,2205953,225,10,1,1,302,1162.77,1200,225101,TRUE,FALSE,NA,1,2251011
2200608_1_004,2200608,225,10,1,1,152,1166.86,1212,225101,TRUE,FALSE,NA,1,2251011
2201572_1_002,2201572,225,10,1,1,118,1169.08,970,225101,TRUE,FALSE,NA,1,2251011
2209401_1_006,2209401,225,10,1,1,153,1169.98,1212,225101,TRUE,FALSE,NA,1,2251011
2207934_1_002,2207934,225,10,1,1,132,1174.59,1212,225101,TRUE,FALSE,NA,1,2251011
2200202_1_027,2200202,225,10,1,1,186,1175.78,1212,225101,TRUE,FALSE,NA,1,2251011
2209377_1_002,2209377,225,10,1,1,321,1178.48,1212,225101,TRUE,FALSE,NA,1,2251011
2209807_1_005,2209807,225,10,1,1,103,1179.52,1200,225101,TRUE,FALSE,NA,1,2251011
2201408_1_004,2201408,225,10,1,1,173,1180.19,1212,225101,TRUE,FALSE,NA,1,2251011
2202802_1_002,2202802,225,10,1,1,252,1180.78,1000,225101,TRUE,FALSE,NA,1,2251011
2200905_1_004,2200905,225,10,1,2,167,1182.899401197605,1200,225101,TRUE,FALSE,NA,1,2251011
2200103_1_002,2200103,225,10,1,1,150,1185.89,1100,225101,TRUE,FALSE,NA,1,2251011
2203503_1_015,2203503,225,10,1,1,156,1187.01,1224,225101,TRUE,FALSE,NA,1,2251011
2207009_1_027,2207009,225,10,1,1,220,1187.11,1212,225101,TRUE,FALSE,NA,1,2251011
2209377_1_003,2209377,225,10,1,1,177,1187.78,1212,225101,TRUE,FALSE,NA,1,2251011
2202133_1_001,2202133,225,10,1,1,354,1192.3,1212,225101,TRUE,FALSE,NA,1,2251011
2207504_1_004,2207504,225,10,1,1,290,1192.92,1200,225101,TRUE,FALSE,NA,1,2251011
2209500_1_001,2209500,225,10,1,1,253,1193.25,1212,225101,TRUE,FALSE,NA,1,2251011
2207009_1_026,2207009,225,10,1,1,174,1193.44,1212,225101,TRUE,FALSE,NA,1,2251011
2200905_1_002,2200905,225,10,1,1,244,1194.22,1212,225101,TRUE,FALSE,NA,1,2251011
2204600_1_001,2204600,225,10,1,1,252,1194.94,1212,225101,TRUE,FALSE,NA,1,2251011
2200251_1_002,2200251,225,10,1,2,306,1196.646928104575,1168.7320261437908,225101,TRUE,FALSE,NA,1,2251011
2205953_1_012,2205953,225,10,1,1,139,1197.89,1212,225101,TRUE,FALSE,NA,1,2251011
2204204_1_005,2204204,225,10,1,2,190,1201.685157894737,1169.4736842105262,225101,TRUE,FALSE,NA,1,2251011
2204808_1_002,2204808,225,10,1,1,306,1202.77,1212,225101,TRUE,FALSE,NA,1,2251011
2203503_1_012,2203503,225,10,1,2,271,1205.8336900369004,1209.2546125461254,225101,TRUE,FALSE,NA,1,2251011
2207009_1_031,2207009,225,10,1,1,159,1208.65,1212,225101,TRUE,FALSE,NA,1,2251011
2210300_1_004,2210300,225,10,1,1,145,1209.98,1212,225101,TRUE,FALSE,NA,1,2251011
2208007_1_059,2208007,225,10,1,1,195,1210.42,1212,225101,TRUE,FALSE,NA,1,2251011
2200277_1_005,2200277,225,10,1,1,105,1211.22,1200,225101,TRUE,FALSE,NA,1,2251011
2207108_1_002,2207108,225,10,1,1,245,1212.17,1200,225101,TRUE,FALSE,NA,1,2251011
2210938_1_003,2210938,225,10,1,1,93,1212.34,1200,225101,TRUE,FALSE,NA,1,2251011
2210383_1_001,2210383,225,10,1,1,288,1212.42,1200,225101,TRUE,FALSE,NA,1,2251011
2203503_1_016,2203503,225,10,1,1,241,1212.43,1200,225101,TRUE,FALSE,NA,1,2251011
2208007_1_036,2208007,225,10,1,1,282,1213.69,1212,225101,TRUE,FALSE,NA,1,2251011
2202075_1_001,2202075,225,10,1,1,235,1213.74,1212,225101,TRUE,FALSE,NA,1,2251011
2200202_1_025,2200202,225,10,1,1,168,1215.62,1212,225101,TRUE,FALSE,NA,1,2251011
2209104_1_004,2209104,225,10,1,1,224,1216.2,1212,225101,TRUE,FALSE,NA,1,2251011
2204709_1_008,2204709,225,10,1,2,221,1216.2038914027148,1079.6380090497737,225101,TRUE,FALSE,NA,1,2251011
2210805_1_012,2210805,225,10,1,1,144,1216.66,1212,225101,TRUE,FALSE,NA,1,2251011
2208809_1_007,2208809,225,10,1,1,160,1217.58,1212,225101,TRUE,FALSE,NA,1,2251011
2205953_1_007,2205953,225,10,1,1,208,1218.41,800,225101,TRUE,FALSE,NA,1,2251011
2210003_1_017,2210003,225,10,1,1,295,1219.58,1200,225101,TRUE,FALSE,NA,1,2251011
2204303_1_007,2204303,225,10,1,1,171,1220.24,1212,225101,TRUE,FALSE,NA,1,2251011
2207801_1_015,2207801,225,10,1,1,350,1221.11,1212,225101,TRUE,FALSE,NA,1,2251011
2210706_1_011,2210706,225,10,1,1,90,1221.88,1212,225101,TRUE,FALSE,NA,1,2251011
2209955_1_002,2209955,225,10,1,1,251,1222.46,900,225101,TRUE,FALSE,NA,1,2251011
2208106_1_007,2208106,225,10,1,1,338,1223.4,1212,225101,TRUE,FALSE,NA,1,2251011
2206902_1_006,2206902,225,10,1,1,120,1225.34,1212,225101,TRUE,FALSE,NA,1,2251011
2204352_1_002,2204352,225,10,1,1,222,1226.2400000000002,1212,225101,TRUE,FALSE,NA,1,2251011
2203859_1_001,2203859,225,10,1,2,127,1229.0892913385826,1212,225101,TRUE,FALSE,NA,1,2251011
2208007_1_040,2208007,225,10,1,2,208,1230.751346153846,1212,225101,TRUE,FALSE,NA,1,2251011
2210201_1_006,2210201,225,10,1,1,117,1231.08,1212,225101,TRUE,FALSE,NA,1,2251011
2200251_1_004,2200251,225,10,1,1,320,1233.27,1200,225101,TRUE,FALSE,NA,1,2251011
2208205_1_001,2208205,225,10,1,1,261,1233.45,1212,225101,TRUE,FALSE,NA,1,2251011
2203503_1_004,2203503,225,10,1,1,194,1236.15,1212,225101,TRUE,FALSE,NA,1,2251011
2207306_1_003,2207306,225,10,1,1,165,1236.42,1200,225101,TRUE,FALSE,NA,1,2251011
2207801_1_018,2207801,225,10,1,4,181,1237.5398895027624,1126.8176795580112,225101,TRUE,FALSE,NA,1,2251011
2204105_1_004,2204105,225,10,1,1,164,1237.82,1212,225101,TRUE,FALSE,NA,1,2251011
2209500_1_002,2209500,225,10,1,1,201,1239.14,1212,225101,TRUE,FALSE,NA,1,2251011
2203503_1_009,2203503,225,10,1,1,319,1239.29,1212,225101,TRUE,FALSE,NA,1,2251011
2204600_1_003,2204600,225,10,1,1,296,1240.13,1212,225101,TRUE,FALSE,NA,1,2251011
2204808_1_006,2204808,225,10,1,1,341,1241.23,1200,225101,TRUE,FALSE,NA,1,2251011
2200202_1_012,2200202,225,10,1,1,156,1242.77,1200,225101,TRUE,FALSE,NA,1,2251011
2207777_1_004,2207777,225,10,1,2,119,1243.53,1147.0588235294117,225101,TRUE,FALSE,NA,1,2251011
2200202_1_029,2200202,225,10,1,1,193,1246.51,1212,225101,TRUE,FALSE,NA,1,2251011
2210706_1_012,2210706,225,10,1,1,295,1246.64,1212,225101,TRUE,FALSE,NA,1,2251011
2209401_1_005,2209401,225,10,1,1,210,1249.5399999999995,1212,225101,TRUE,FALSE,NA,1,2251011
2210706_1_006,2210706,225,10,1,1,164,1249.79,1212,225101,TRUE,FALSE,NA,1,2251011
2203503_1_005,2203503,225,10,1,1,244,1253.11,1212,225101,TRUE,FALSE,NA,1,2251011
2207777_1_002,2207777,225,10,1,1,118,1253.79,1200,225101,TRUE,FALSE,NA,1,2251011
2209658_1_004,2209658,225,10,1,2,123,1254.8056097560973,1093.0731707317073,225101,TRUE,FALSE,NA,1,2251011
2200103_1_006,2200103,225,10,1,1,159,1255.26,1200,225101,TRUE,FALSE,NA,1,2251011
2209658_1_002,2209658,225,10,1,1,193,1256.85,1212,225101,TRUE,FALSE,NA,1,2251011
2200251_1_005,2200251,225,10,1,1,301,1257.02,1200,225101,TRUE,FALSE,NA,1,2251011
2208205_1_005,2208205,225,10,1,1,108,1257.4,1212,225101,TRUE,FALSE,NA,1,2251011
2207751_1_001,2207751,225,10,1,1,349,1257.87,1212,225101,TRUE,FALSE,NA,1,2251011
2204154_1_002,2204154,225,10,1,1,353,1258.29,1212,225101,TRUE,FALSE,NA,1,2251011
2210508_1_001,2210508,225,10,1,1,290,1259.56,1200,225101,TRUE,FALSE,NA,1,2251011
2210979_1_002,2210979,225,10,1,1,198,1259.97,1200,225101,TRUE,FALSE,NA,1,2251011
2207009_1_005,2207009,225,10,1,1,174,1260.49,1212,225101,TRUE,FALSE,NA,1,2251011
2204808_1_003,2204808,225,10,1,1,214,1261.13,1200,225101,TRUE,FALSE,NA,1,2251011
2208007_1_102,2208007,225,10,1,1,256,1262.1,1212,225101,TRUE,FALSE,NA,1,2251011
2202109_1_001,2202109,225,10,1,1,171,1262.59,1200,225101,TRUE,FALSE,NA,1,2251011
2209500_1_004,2209500,225,10,1,1,255,1262.75,1100,225101,TRUE,FALSE,NA,1,2251011
2201176_1_005,2201176,225,10,1,1,202,1267.03,1212,225101,TRUE,FALSE,NA,1,2251011
2202778_1_003,2202778,225,10,1,1,304,1267.88,1212,225101,TRUE,FALSE,NA,1,2251011
2200251_1_001,2200251,225,10,1,1,217,1267.9800000000002,1200,225101,TRUE,FALSE,NA,1,2251011
2209807_1_003,2209807,225,10,1,1,165,1268.15,1212,225101,TRUE,FALSE,NA,1,2251011
2202091_1_003,2202091,225,10,1,1,252,1269.53,1200,225101,TRUE,FALSE,NA,1,2251011
2202109_1_002,2202109,225,10,1,1,219,1272.54,1212,225101,TRUE,FALSE,NA,1,2251011
2200202_1_004,2200202,225,10,1,1,284,1273.16,1200,225101,TRUE,FALSE,NA,1,2251011
2211506_1_001,2211506,225,10,1,1,304,1273.57,1212,225101,TRUE,FALSE,NA,1,2251011
2204006_1_003,2204006,225,10,1,1,173,1273.94,1212,225101,TRUE,FALSE,NA,1,2251011
2200509_1_007,2200509,225,10,1,1,222,1275.28,1212,225101,TRUE,FALSE,NA,1,2251011
2200905_1_006,2200905,225,10,1,1,111,1276,1130,225101,TRUE,FALSE,NA,1,2251011
2205151_1_004,2205151,225,10,1,1,252,1276.38,1212,225101,TRUE,FALSE,NA,1,2251011
2204352_1_003,2204352,225,10,1,1,102,1277.23,1212,225101,TRUE,FALSE,NA,1,2251011
2207009_1_036,2207009,225,10,1,1,265,1277.4,1212,225101,TRUE,FALSE,NA,1,2251011
2207009_1_041,2207009,225,10,1,1,147,1278.08,1212,225101,TRUE,FALSE,NA,1,2251011
2210300_1_002,2210300,225,10,1,1,180,1278.63,1200,225101,TRUE,FALSE,NA,1,2251011
2200509_1_010,2200509,225,10,1,1,156,1279.66,1212,225101,TRUE,FALSE,NA,1,2251011
2210805_1_006,2210805,225,10,1,1,231,1280.65,1200,225101,TRUE,FALSE,NA,1,2251011
2207009_1_044,2207009,225,10,1,1,105,1281.66,1200,225101,TRUE,FALSE,NA,1,2251011
2210003_1_022,2210003,225,10,1,1,211,1283.24,1000,225101,TRUE,FALSE,NA,1,2251011
2205359_1_001,2205359,225,10,1,1,124,1283.74,1200,225101,TRUE,FALSE,NA,1,2251011
2201572_1_004,2201572,225,10,1,1,109,1284.4500000000005,1212,225101,TRUE,FALSE,NA,1,2251011
2209377_1_005,2209377,225,10,1,1,159,1284.98,1212,225101,TRUE,FALSE,NA,1,2251011
2205953_1_005,2205953,225,10,1,1,217,1285.7,1200,225101,TRUE,FALSE,NA,1,2251011
2204006_1_004,2204006,225,10,1,2,260,1286.401,1212,225101,TRUE,FALSE,NA,1,2251011
2208007_1_002,2208007,225,10,1,1,103,1286.49,1200,225101,TRUE,FALSE,NA,1,2251011
2204303_1_009,2204303,225,10,1,2,167,1286.97,1049.508982035928,225101,TRUE,FALSE,NA,1,2251011
2204105_1_003,2204105,225,10,1,1,201,1287.61,1212,225101,TRUE,FALSE,NA,1,2251011
2210706_1_008,2210706,225,10,1,1,180,1287.85,1200,225101,TRUE,FALSE,NA,1,2251011
2203404_1_002,2203404,225,10,1,1,220,1288.19,1212,225101,TRUE,FALSE,NA,1,2251011
2200509_1_008,2200509,225,10,1,1,100,1289.35,1200,225101,TRUE,FALSE,NA,1,2251011
2210805_1_004,2210805,225,10,1,1,368,1292.33,1200,225101,TRUE,FALSE,NA,1,2251011
2206902_1_004,2206902,225,10,1,1,232,1294.5300000000002,1212,225101,TRUE,FALSE,NA,1,2251011
2203503_1_010,2203503,225,10,1,1,248,1295.66,1212,225101,TRUE,FALSE,NA,1,2251011
2208007_1_100,2208007,225,10,1,1,111,1298.6699999999998,1216,225101,TRUE,FALSE,NA,1,2251011
2208007_1_073,2208007,225,10,1,1,136,1299.41,1212,225101,TRUE,FALSE,NA,1,2251011
2211704_1_001,2211704,225,10,1,1,254,1302.49,1212,225101,TRUE,FALSE,NA,1,2251011
2206902_1_003,2206902,225,10,1,1,286,1304.24,1212,225101,TRUE,FALSE,NA,1,2251011
2200103_1_007,2200103,225,10,1,1,173,1305.05,1200,225101,TRUE,FALSE,NA,1,2251011
2202117_1_002,2202117,225,10,1,1,128,1306.72,1212,225101,TRUE,FALSE,NA,1,2251011
2201556_1_002,2201556,225,10,1,1,295,1306.85,1212,225101,TRUE,FALSE,NA,1,2251011
2207009_1_008,2207009,225,10,1,1,295,1308.12,1212,225101,TRUE,FALSE,NA,1,2251011
2205201_1_010,2205201,225,10,1,1,245,1308.22,1200,225101,TRUE,FALSE,NA,1,2251011
2207801_1_006,2207801,225,10,1,1,209,1309.96,1200,225101,TRUE,FALSE,NA,1,2251011
2211308_1_018,2211308,225,10,1,1,285,1311.47,1200,225101,TRUE,FALSE,NA,1,2251011
2208007_1_098,2208007,225,10,1,1,135,1314.47,1212,225101,TRUE,FALSE,NA,1,2251011
2201002_1_002,2201002,225,10,1,2,241,1315.634398340249,1204.4315352697097,225101,TRUE,FALSE,NA,1,2251011
2210805_1_010,2210805,225,10,1,1,210,1316.3200000000002,1200,225101,TRUE,FALSE,NA,1,2251011
2205953_1_008,2205953,225,10,1,1,104,1316.49,1212,225101,TRUE,FALSE,NA,1,2251011
2206506_1_002,2206506,225,10,1,1,267,1318.02,1212,225101,TRUE,FALSE,NA,1,2251011
2204303_1_005,2204303,225,10,1,1,337,1318.24,1212,225101,TRUE,FALSE,NA,1,2251011
2209401_1_002,2209401,225,10,1,1,241,1320.09,1212,225101,TRUE,FALSE,NA,1,2251011
2200509_1_012,2200509,225,10,1,1,124,1322.81,1212,225101,TRUE,FALSE,NA,1,2251011
2200053_1_003,2200053,225,10,1,1,214,1323.28,1200,225101,TRUE,FALSE,NA,1,2251011
2207777_1_005,2207777,225,10,1,2,180,1324.1083333333331,1206.2666666666669,225101,TRUE,FALSE,NA,1,2251011
2210375_1_001,2210375,225,10,1,1,293,1324.97,1212,225101,TRUE,FALSE,NA,1,2251011
2210508_1_011,2210508,225,10,1,1,93,1325.32,1200,225101,TRUE,FALSE,NA,1,2251011
2200509_1_006,2200509,225,10,1,1,161,1331.83,1212,225101,TRUE,FALSE,NA,1,2251011
2200905_1_007,2200905,225,10,1,1,204,1332.24,1212,225101,TRUE,FALSE,NA,1,2251011
2211308_1_022,2211308,225,10,1,1,235,1333.28,1212,225101,TRUE,FALSE,NA,1,2251011
2200103_1_003,2200103,225,10,1,1,324,1334.23,1200,225101,TRUE,FALSE,NA,1,2251011
2208106_1_005,2208106,225,10,1,1,174,1335.61,1200,225101,TRUE,FALSE,NA,1,2251011
2203271_1_002,2203271,225,10,1,1,234,1336.81,1212,225101,TRUE,FALSE,NA,1,2251011
2208007_1_027,2208007,225,10,1,1,382,1336.95,1212,225101,TRUE,FALSE,NA,1,2251011
2210938_1_005,2210938,225,10,1,1,127,1338.52,1200,225101,TRUE,FALSE,NA,1,2251011
2202455_1_001,2202455,225,10,1,1,318,1338.65,1212,225101,TRUE,FALSE,NA,1,2251011
2209153_1_004,2209153,225,10,1,1,170,1343.81,1212,225101,TRUE,FALSE,NA,1,2251011
2210003_1_016,2210003,225,10,1,1,218,1344.08,1212,225101,TRUE,FALSE,NA,1,2251011
2208007_1_046,2208007,225,10,1,1,187,1344.47,1212,225101,TRUE,FALSE,NA,1,2251011
2209450_1_001,2209450,225,10,1,1,222,1348.1699999999998,1200,225101,TRUE,FALSE,NA,1,2251011
2210300_1_006,2210300,225,10,1,1,329,1352.34,1212,225101,TRUE,FALSE,NA,1,2251011
2208007_1_061,2208007,225,10,1,1,232,1355.09,1200,225101,TRUE,FALSE,NA,1,2251011
2207009_1_024,2207009,225,10,1,1,289,1358.57,1212,225101,TRUE,FALSE,NA,1,2251011
2200277_1_002,2200277,225,10,1,1,258,1359.43,1200,225101,TRUE,FALSE,NA,1,2251011
2201572_1_003,2201572,225,10,1,1,193,1359.47,1212,225101,TRUE,FALSE,NA,1,2251011
2204808_1_009,2204808,225,10,1,1,243,1360.2,1212,225101,TRUE,FALSE,NA,1,2251011
2208874_1_001,2208874,225,10,1,2,191,1360.980837696335,1007.937172774869,225101,TRUE,FALSE,NA,1,2251011
2210300_1_005,2210300,225,10,1,1,169,1362.72,1200,225101,TRUE,FALSE,NA,1,2251011
2208007_1_024,2208007,225,10,1,1,167,1363.02,1212,225101,TRUE,FALSE,NA,1,2251011
2205565_1_003,2205565,225,10,1,1,110,1363.06,1200,225101,TRUE,FALSE,NA,1,2251011
2210508_1_002,2210508,225,10,1,1,205,1363.26,1200,225101,TRUE,FALSE,NA,1,2251011
2207801_1_011,2207801,225,10,1,1,117,1363.88,1212,225101,TRUE,FALSE,NA,1,2251011
2208007_1_099,2208007,225,10,1,1,141,1365.26,1212,225101,TRUE,FALSE,NA,1,2251011
2207306_1_005,2207306,225,10,1,1,122,1366.85,1212,225101,TRUE,FALSE,NA,1,2251011
2200202_1_019,2200202,225,10,1,2,135,1371.360888888889,1212,225101,TRUE,FALSE,NA,1,2251011
2207009_1_033,2207009,225,10,1,3,208,1373.2204807692308,1073.8076923076924,225101,TRUE,FALSE,NA,1,2251011
2210201_1_004,2210201,225,10,1,1,203,1373.33,1212,225101,TRUE,FALSE,NA,1,2251011
2200103_1_004,2200103,225,10,1,1,158,1375.73,1212,225101,TRUE,FALSE,NA,1,2251011
2207801_1_023,2207801,225,10,1,1,128,1376.39,1212,225101,TRUE,FALSE,NA,1,2251011
2205250_1_001,2205250,225,10,1,1,263,1380.26,1212,225101,TRUE,FALSE,NA,1,2251011
2200202_1_013,2200202,225,10,1,2,168,1380.2792857142856,1212,225101,TRUE,FALSE,NA,1,2251011
2200509_1_014,2200509,225,10,1,2,188,1380.7363829787234,1206.893617021277,225101,TRUE,FALSE,NA,1,2251011
2200202_1_028,2200202,225,10,1,1,285,1381.36,1212,225101,TRUE,FALSE,NA,1,2251011
2204808_1_005,2204808,225,10,1,1,235,1382.46,1200,225101,TRUE,FALSE,NA,1,2251011
2204907_1_003,2204907,225,10,1,1,186,1383.66,1212,225101,TRUE,FALSE,NA,1,2251011
2209104_1_006,2209104,225,10,1,1,198,1384.19,1200,225101,TRUE,FALSE,NA,1,2251011
2206506_1_004,2206506,225,10,1,1,268,1384.83,1200,225101,TRUE,FALSE,NA,1,2251011
2209153_1_001,2209153,225,10,1,2,200,1385.2879999999998,1212,225101,TRUE,FALSE,NA,1,2251011
2202091_1_002,2202091,225,10,1,1,334,1385.38,1212,225101,TRUE,FALSE,NA,1,2251011
2206902_1_002,2206902,225,10,1,1,286,1386.4,1212,225101,TRUE,FALSE,NA,1,2251011
2204303_1_003,2204303,225,10,1,1,135,1386.85,1212,225101,TRUE,FALSE,NA,1,2251011
2207777_1_001,2207777,225,10,1,1,221,1387.81,1212,225101,TRUE,FALSE,NA,1,2251011
2208007_1_009,2208007,225,10,1,1,285,1388.1,1212,225101,TRUE,FALSE,NA,1,2251011
2210003_1_001,2210003,225,10,1,1,160,1388.15,1212,225101,TRUE,FALSE,NA,1,2251011
2208809_1_009,2208809,225,10,1,1,153,1388.89,1212,225101,TRUE,FALSE,NA,1,2251011
2201408_1_006,2201408,225,10,1,1,166,1389.89,1200,225101,TRUE,FALSE,NA,1,2251011
2210938_1_001,2210938,225,10,1,2,208,1392.5921153846157,1212,225101,TRUE,FALSE,NA,1,2251011
2204303_1_012,2204303,225,10,1,1,201,1393.6700000000003,1212,225101,TRUE,FALSE,NA,1,2251011
2207504_1_005,2207504,225,10,1,1,279,1395.82,1120,225101,TRUE,FALSE,NA,1,2251011
2202455_1_002,2202455,225,10,1,1,229,1396.03,1212,225101,TRUE,FALSE,NA,1,2251011
2202109_1_003,2202109,225,10,1,1,222,1396.57,1200,225101,TRUE,FALSE,NA,1,2251011
2210706_1_009,2210706,225,10,1,2,257,1398.0275097276262,1212,225101,TRUE,FALSE,NA,1,2251011
2207009_1_021,2207009,225,10,1,2,154,1398.2981818181818,1212,225101,TRUE,FALSE,NA,1,2251011
2207801_1_004,2207801,225,10,1,1,233,1399.88,1212,225101,TRUE,FALSE,NA,1,2251011
2203271_1_001,2203271,225,10,1,1,229,1400.5,1212,225101,TRUE,FALSE,NA,1,2251011
2207108_1_001,2207108,225,10,1,1,248,1400.72,1212,225101,TRUE,FALSE,NA,1,2251011
2204105_1_002,2204105,225,10,1,1,202,1401.6500000000003,1212,225101,TRUE,FALSE,NA,1,2251011
2209351_1_001,2209351,225,10,1,1,331,1401.88,1212,225101,TRUE,FALSE,NA,1,2251011
2211308_1_024,2211308,225,10,1,1,143,1402.49,1200,225101,TRUE,FALSE,NA,1,2251011
2206050_1_002,2206050,225,10,1,1,232,1403.34,1212,225101,TRUE,FALSE,NA,1,2251011
2200608_1_010,2200608,225,10,1,1,124,1404.29,1212,225101,TRUE,FALSE,NA,1,2251011
2200608_1_012,2200608,225,10,1,2,180,1405.368,1212,225101,TRUE,FALSE,NA,1,2251011
2200053_1_001,2200053,225,10,1,1,198,1405.83,1212,225101,TRUE,FALSE,NA,1,2251011
2200202_1_030,2200202,225,10,1,1,288,1408.08,1212,225101,TRUE,FALSE,NA,1,2251011
2208007_1_041,2208007,225,10,1,1,310,1408.61,1212,225101,TRUE,FALSE,NA,1,2251011
2210383_1_002,2210383,225,10,1,1,225,1408.92,1212,225101,TRUE,FALSE,NA,1,2251011
2204709_1_009,2204709,225,10,1,1,189,1410.13,1212,225101,TRUE,FALSE,NA,1,2251011
2210300_1_007,2210300,225,10,1,1,137,1412.7,1212,225101,TRUE,FALSE,NA,2,2251012
2209351_1_002,2209351,225,10,1,1,348,1412.71,1212,225101,TRUE,FALSE,NA,2,2251012
2207009_1_037,2207009,225,10,1,1,98,1414,1212,225101,TRUE,FALSE,NA,2,2251012
2208007_1_032,2208007,225,10,1,1,365,1415.1,1212,225101,TRUE,FALSE,NA,2,2251012
2207009_1_012,2207009,225,10,1,1,207,1418.5300000000002,1212,225101,TRUE,FALSE,NA,2,2251012
2210201_1_002,2210201,225,10,1,1,162,1419.92,1212,225101,TRUE,FALSE,NA,2,2251012
2208874_1_002,2208874,225,10,1,1,188,1422.26,1212,225101,TRUE,FALSE,NA,2,2251012
2201739_1_003,2201739,225,10,1,1,128,1422.77,1212,225101,TRUE,FALSE,NA,2,2251012
2204204_1_003,2204204,225,10,1,1,307,1424.32,1200,225101,TRUE,FALSE,NA,2,2251012
2208007_1_081,2208007,225,10,1,1,315,1427.52,1212,225101,TRUE,FALSE,NA,2,2251012
2207009_1_022,2207009,225,10,1,3,157,1429.4545859872612,969.9108280254776,225101,TRUE,FALSE,NA,2,2251012
2202117_1_003,2202117,225,10,1,1,147,1429.49,1212,225101,TRUE,FALSE,NA,2,2251012
2208106_1_006,2208106,225,10,1,1,253,1430.13,1212,225101,TRUE,FALSE,NA,2,2251012
2208007_1_049,2208007,225,10,1,1,295,1431.16,1212,225101,TRUE,FALSE,NA,2,2251012
2207009_1_034,2207009,225,10,1,1,241,1431.74,1212,225101,TRUE,FALSE,NA,2,2251012
2209609_1_001,2209609,225,10,1,4,181,1432.3728729281768,1199.4806629834254,225101,TRUE,FALSE,NA,2,2251012
2200202_1_011,2200202,225,10,1,1,162,1432.43,1200,225101,TRUE,FALSE,NA,2,2251012
2208809_1_012,2208809,225,10,1,1,176,1434.79,1200,225101,TRUE,FALSE,NA,2,2251012
2209856_1_001,2209856,225,10,1,1,226,1436.09,1212,225101,TRUE,FALSE,NA,2,2251012
2204709_1_003,2204709,225,10,1,1,211,1436.26,1212,225101,TRUE,FALSE,NA,2,2251012
2211308_1_025,2211308,225,10,1,1,254,1437.25,1212,225101,TRUE,FALSE,NA,2,2251012
2208007_1_096,2208007,225,10,1,1,122,1438.25,1212,225101,TRUE,FALSE,NA,2,2251012
2205201_1_004,2205201,225,10,1,1,178,1439.95,1212,225101,TRUE,FALSE,NA,2,2251012
2208809_1_004,2208809,225,10,1,1,186,1439.99,1212,225101,TRUE,FALSE,NA,2,2251012
2205540_1_002,2205540,225,10,1,1,289,1441.5,1212,225101,TRUE,FALSE,NA,2,2251012
2200202_1_018,2200202,225,10,1,1,214,1441.87,1200,225101,TRUE,FALSE,NA,2,2251012
2209104_1_005,2209104,225,10,1,1,136,1442.09,1200,225101,TRUE,FALSE,NA,2,2251012
2210706_1_002,2210706,225,10,1,3,141,1444.163404255319,1212,225101,TRUE,FALSE,NA,2,2251012
2211308_1_012,2211308,225,10,1,1,278,1446.65,1212,225101,TRUE,FALSE,NA,2,2251012
2204154_1_001,2204154,225,10,1,1,131,1448.11,1212,225101,TRUE,FALSE,NA,2,2251012
2209450_1_002,2209450,225,10,1,1,102,1452.19,1212,225101,TRUE,FALSE,NA,2,2251012
2204352_1_001,2204352,225,10,1,1,182,1456.15,1212,225101,TRUE,FALSE,NA,2,2251012
2205151_1_001,2205151,225,10,1,1,189,1456.2699999999998,1212,225101,TRUE,FALSE,NA,2,2251012
2209658_1_003,2209658,225,10,1,1,186,1460.42,1200,225101,TRUE,FALSE,NA,2,2251012
2211308_1_027,2211308,225,10,1,2,363,1461.079669421487,1166.4462809917356,225101,TRUE,FALSE,NA,2,2251012
2201002_1_003,2201002,225,10,1,1,242,1461.08,1212,225101,TRUE,FALSE,NA,2,2251012
2200277_1_004,2200277,225,10,1,1,240,1463.8299999999997,800,225101,TRUE,FALSE,NA,2,2251012
2205003_1_004,2205003,225,10,1,1,118,1470.57,1200,225101,TRUE,FALSE,NA,2,2251012
2209807_1_001,2209807,225,10,1,1,200,1479.74,1212,225101,TRUE,FALSE,NA,2,2251012
2207009_1_032,2207009,225,10,1,1,228,1483.6,1212,225101,TRUE,FALSE,NA,2,2251012
2202554_1_002,2202554,225,10,1,1,271,1485.97,1212,225101,TRUE,FALSE,NA,2,2251012
2203503_1_014,2203503,225,10,1,2,260,1488.865769230769,1212,225101,TRUE,FALSE,NA,2,2251012
2209401_1_003,2209401,225,10,1,1,325,1491.09,1212,225101,TRUE,FALSE,NA,2,2251012
2203859_1_002,2203859,225,10,1,1,245,1493.78,1212,225101,TRUE,FALSE,NA,2,2251012
2210003_1_013,2210003,225,10,1,2,346,1493.978959537572,1238.913294797688,225101,TRUE,FALSE,NA,2,2251012
2208007_1_001,2208007,225,10,1,1,229,1497.19,1212,225101,TRUE,FALSE,NA,2,2251012
2200202_1_020,2200202,225,10,1,2,112,1503.1853571428571,1205.7857142857142,225101,TRUE,FALSE,NA,2,2251012
2202133_1_003,2202133,225,10,1,1,221,1503.75,1212,225101,TRUE,FALSE,NA,2,2251012
2207009_1_038,2207009,225,10,1,1,288,1504.47,1212,225101,TRUE,FALSE,NA,2,2251012
2200608_1_001,2200608,225,10,1,1,142,1505.56,1212,225101,TRUE,FALSE,NA,2,2251012
2208601_1_001,2208601,225,10,1,1,203,1506.0299999999995,1212,225101,TRUE,FALSE,NA,2,2251012
2207306_1_004,2207306,225,10,1,1,151,1506.6,1212,225101,TRUE,FALSE,NA,2,2251012
2200509_1_015,2200509,225,10,1,1,186,1509.31,1200,225101,TRUE,FALSE,NA,2,2251012
2200202_1_003,2200202,225,10,1,1,132,1511.65,1212,225101,TRUE,FALSE,NA,2,2251012
2200277_1_001,2200277,225,10,1,1,146,1512.46,1200,225101,TRUE,FALSE,NA,2,2251012
2211407_1_004,2211407,225,10,1,2,198,1512.9178787878786,1212,225101,TRUE,FALSE,NA,2,2251012
2205201_1_002,2205201,225,10,1,1,315,1514.99,1206,225101,TRUE,FALSE,NA,2,2251012
2205599_1_001,2205599,225,10,1,1,202,1515.5700000000002,1212,225101,TRUE,FALSE,NA,2,2251012
2209658_1_001,2209658,225,10,1,1,183,1517.4,1212,225101,TRUE,FALSE,NA,2,2251012
2210003_1_018,2210003,225,10,1,1,265,1517.63,1200,225101,TRUE,FALSE,NA,2,2251012
2205953_1_006,2205953,225,10,1,1,146,1518.15,1212,225101,TRUE,FALSE,NA,2,2251012
2207801_1_007,2207801,225,10,1,1,318,1519.46,1212,225101,TRUE,FALSE,NA,2,2251012
2210805_1_003,2210805,225,10,1,1,327,1522.69,1212,225101,TRUE,FALSE,NA,2,2251012
2208007_1_075,2208007,225,10,1,1,304,1523.08,1212,225101,TRUE,FALSE,NA,2,2251012
2209807_1_004,2209807,225,10,1,1,309,1524.68,1212,225101,TRUE,FALSE,NA,2,2251012
2208007_1_021,2208007,225,10,1,1,212,1525.02,1212,225101,TRUE,FALSE,NA,2,2251012
2201408_1_007,2201408,225,10,1,2,237,1525.385780590717,1209.4683544303798,225101,TRUE,FALSE,NA,2,2251012
2205151_1_002,2205151,225,10,1,1,167,1525.71,1212,225101,TRUE,FALSE,NA,2,2251012
2209104_1_002,2209104,225,10,1,1,298,1525.73,1212,225101,TRUE,FALSE,NA,2,2251012
2200202_1_014,2200202,225,10,1,1,160,1525.96,1212,225101,TRUE,FALSE,NA,2,2251012
2208205_1_008,2208205,225,10,1,1,182,1526.49,1212,225101,TRUE,FALSE,NA,2,2251012
2203503_1_007,2203503,225,10,1,1,129,1526.88,1212,225101,TRUE,FALSE,NA,2,2251012
2211308_1_005,2211308,225,10,1,1,216,1528.1400000000003,1212,225101,TRUE,FALSE,NA,2,2251012
2200277_1_006,2200277,225,10,1,1,166,1528.19,1200,225101,TRUE,FALSE,NA,2,2251012
2208007_1_038,2208007,225,10,1,1,159,1529.4,1212,225101,TRUE,FALSE,NA,2,2251012
2200905_1_005,2200905,225,10,1,1,133,1529.7,1200,225101,TRUE,FALSE,NA,2,2251012
2210201_1_001,2210201,225,10,1,1,347,1532.63,1212,225101,TRUE,FALSE,NA,2,2251012
2207751_1_002,2207751,225,10,1,1,296,1535.6,1200,225101,TRUE,FALSE,NA,2,2251012
2207801_1_019,2207801,225,10,1,1,244,1535.92,1212,225101,TRUE,FALSE,NA,2,2251012
2208007_1_043,2208007,225,10,1,1,151,1536.33,1212,225101,TRUE,FALSE,NA,2,2251012
2208007_1_062,2208007,225,10,1,1,217,1538.87,1212,225101,TRUE,FALSE,NA,2,2251012
2203503_1_011,2203503,225,10,1,1,236,1539.13,1212,225101,TRUE,FALSE,NA,2,2251012
2207934_1_001,2207934,225,10,1,1,233,1540.75,1212,225101,TRUE,FALSE,NA,2,2251012
2205003_1_002,2205003,225,10,1,1,147,1540.84,1212,225101,TRUE,FALSE,NA,2,2251012
2211704_1_002,2211704,225,10,1,2,201,1546.0435323383083,1096.5174129353234,225101,TRUE,FALSE,NA,2,2251012
2207306_1_001,2207306,225,10,1,1,162,1547.44,1200,225101,TRUE,FALSE,NA,2,2251012
2207009_1_019,2207009,225,10,1,1,220,1547.54,1212,225101,TRUE,FALSE,NA,2,2251012
2211308_1_023,2211308,225,10,1,1,290,1547.69,1212,225101,TRUE,FALSE,NA,2,2251012
2201739_1_001,2201739,225,10,1,1,250,1547.72,1212,225101,TRUE,FALSE,NA,2,2251012
2209856_1_002,2209856,225,10,1,1,245,1548.42,1212,225101,TRUE,FALSE,NA,2,2251012
2208205_1_006,2208205,225,10,1,1,255,1549.71,1212,225101,TRUE,FALSE,NA,2,2251012
2205250_1_002,2205250,225,10,1,1,190,1550.6699999999998,1212,225101,TRUE,FALSE,NA,2,2251012
2202802_1_003,2202802,225,10,1,1,202,1552.5,1212,225101,TRUE,FALSE,NA,2,2251012
2204204_1_002,2204204,225,10,1,1,187,1553.28,1200,225101,TRUE,FALSE,NA,2,2251012
2211308_1_010,2211308,225,10,1,1,298,1554.3,1212,225101,TRUE,FALSE,NA,2,2251012
2204709_1_001,2204709,225,10,1,1,264,1557.27,1212,225101,TRUE,FALSE,NA,2,2251012
2201408_1_005,2201408,225,10,1,1,118,1559.96,1212,225101,TRUE,FALSE,NA,2,2251012
2208007_1_031,2208007,225,10,1,1,224,1562.14,1212,225101,TRUE,FALSE,NA,2,2251012
2210706_1_007,2210706,225,10,1,1,120,1563.07,1212,225101,TRUE,FALSE,NA,2,2251012
2207009_1_007,2207009,225,10,1,1,197,1566.4000000000003,1212,225101,TRUE,FALSE,NA,2,2251012
2200608_1_009,2200608,225,10,1,1,99,1567.44,1212,225101,TRUE,FALSE,NA,2,2251012
2200053_1_002,2200053,225,10,1,1,130,1567.58,1212,225101,TRUE,FALSE,NA,2,2251012
2205003_1_001,2205003,225,10,1,1,272,1571.51,1212,225101,TRUE,FALSE,NA,2,2251012
2210938_1_006,2210938,225,10,1,1,205,1572.31,1200,225101,TRUE,FALSE,NA,2,2251012
2200202_1_010,2200202,225,10,1,1,155,1575.82,1212,225101,TRUE,FALSE,NA,2,2251012
2204303_1_008,2204303,225,10,1,1,267,1576.49,1200,225101,TRUE,FALSE,NA,2,2251012
2208809_1_008,2208809,225,10,1,1,220,1580.06,1212,225101,TRUE,FALSE,NA,2,2251012
2208007_1_039,2208007,225,10,1,1,184,1580.69,1212,225101,TRUE,FALSE,NA,2,2251012
2208007_1_015,2208007,225,10,1,1,179,1581.13,1200,225101,TRUE,FALSE,NA,2,2251012
2209955_1_001,2209955,225,10,1,1,223,1585.01,1212,225101,TRUE,FALSE,NA,2,2251012
2210938_1_004,2210938,225,10,1,1,155,1587.96,1200,225101,TRUE,FALSE,NA,2,2251012
2207801_1_020,2207801,225,10,1,1,161,1591.29,1212,225101,TRUE,FALSE,NA,2,2251012
2211308_1_001,2211308,225,10,1,1,278,1595.59,1212,225101,TRUE,FALSE,NA,2,2251012
2208007_1_076,2208007,225,10,1,1,275,1595.89,1212,225101,TRUE,FALSE,NA,2,2251012
2205599_1_002,2205599,225,10,1,1,150,1595.93,1212,225101,TRUE,FALSE,NA,2,2251012
2205953_1_003,2205953,225,10,1,1,283,1602.8,1200,225101,TRUE,FALSE,NA,2,2251012
2211308_1_014,2211308,225,10,1,1,270,1609.75,1212,225101,TRUE,FALSE,NA,2,2251012
2209104_1_003,2209104,225,10,1,1,282,1610.46,1212,225101,TRUE,FALSE,NA,2,2251012
2207959_1_001,2207959,225,10,1,1,298,1610.54,1212,225101,TRUE,FALSE,NA,2,2251012
2211308_1_021,2211308,225,10,1,3,272,1612.606029411765,1209.8823529411766,225101,TRUE,FALSE,NA,2,2251012
2204105_1_001,2204105,225,10,1,1,181,1614.51,1212,225101,TRUE,FALSE,NA,2,2251012
2200608_1_005,2200608,225,10,1,1,235,1614.78,1212,225101,TRUE,FALSE,NA,2,2251012
2210904_1_001,2210904,225,10,1,1,246,1615.03,1212,225101,TRUE,FALSE,NA,2,2251012
2210938_1_007,2210938,225,10,1,1,120,1615.15,1212,225101,TRUE,FALSE,NA,2,2251012
2210300_1_003,2210300,225,10,1,1,199,1616.23,1212,225101,TRUE,FALSE,NA,2,2251012
2209500_1_003,2209500,225,10,1,1,161,1617.42,1200,225101,TRUE,FALSE,NA,2,2251012
2208007_1_025,2208007,225,10,1,1,145,1618.18,1216,225101,TRUE,FALSE,NA,2,2251012
2208007_1_066,2208007,225,10,1,1,224,1618.81,1220,225101,TRUE,FALSE,NA,2,2251012
2200202_1_024,2200202,225,10,1,1,148,1619.14,1212,225101,TRUE,FALSE,NA,2,2251012
2210003_1_015,2210003,225,10,1,1,185,1621.95,1212,225101,TRUE,FALSE,NA,2,2251012
2200103_1_001,2200103,225,10,1,1,122,1625.03,1200,225101,TRUE,FALSE,NA,2,2251012
2204600_1_002,2204600,225,10,1,1,223,1626.94,1200,225101,TRUE,FALSE,NA,2,2251012
2203404_1_005,2203404,225,10,1,1,185,1631.4,1212,225101,TRUE,FALSE,NA,2,2251012
2205201_1_012,2205201,225,10,1,1,178,1631.58,1212,225101,TRUE,FALSE,NA,2,2251012
2205953_1_009,2205953,225,10,1,1,232,1633.29,1212,225101,TRUE,FALSE,NA,2,2251012
2208650_1_002,2208650,225,10,1,1,208,1634.5,1212,225101,TRUE,FALSE,NA,2,2251012
2208106_1_002,2208106,225,10,1,2,300,1635.607166666667,1026.58,225101,TRUE,FALSE,NA,2,2251012
2205565_1_002,2205565,225,10,1,1,163,1635.9500000000005,1212,225101,TRUE,FALSE,NA,2,2251012
2211308_1_011,2211308,225,10,1,1,334,1638.01,1212,225101,TRUE,FALSE,NA,2,2251012
2200608_1_002,2200608,225,10,1,1,154,1638.77,1212,225101,TRUE,FALSE,NA,2,2251012
2201408_1_003,2201408,225,10,1,1,202,1639.01,1212,225101,TRUE,FALSE,NA,2,2251012
2208809_1_003,2208809,225,10,1,1,333,1644.2299999999998,1212,225101,TRUE,FALSE,NA,2,2251012
2207801_1_010,2207801,225,10,1,1,127,1645.18,1212,225101,TRUE,FALSE,NA,2,2251012
2208809_1_001,2208809,225,10,1,1,228,1645.84,1212,225101,TRUE,FALSE,NA,2,2251012
2211308_1_020,2211308,225,10,1,1,211,1649.0199999999998,1200,225101,TRUE,FALSE,NA,2,2251012
2208007_1_029,2208007,225,10,1,1,195,1651.95,1212,225101,TRUE,FALSE,NA,2,2251012
2201572_1_001,2201572,225,10,1,1,277,1653.81,1212,225101,TRUE,FALSE,NA,2,2251012
2207801_1_021,2207801,225,10,1,1,167,1654.0200000000002,1212,225101,TRUE,FALSE,NA,2,2251012
2210805_1_011,2210805,225,10,1,1,223,1655.7,1212,225101,TRUE,FALSE,NA,2,2251012
2205151_1_003,2205151,225,10,1,1,198,1657.69,1250,225101,TRUE,FALSE,NA,2,2251012
2210003_1_006,2210003,225,10,1,1,183,1659.36,1212,225101,TRUE,FALSE,NA,2,2251012
2208809_1_017,2208809,225,10,1,1,266,1659.96,1212,225101,TRUE,FALSE,NA,2,2251012
2209609_1_003,2209609,225,10,1,3,187,1662.0498930481283,1211.390374331551,225101,TRUE,FALSE,NA,2,2251012
2200608_1_006,2200608,225,10,1,3,181,1662.3344751381217,1212,225101,TRUE,FALSE,NA,2,2251012
2211308_1_003,2211308,225,10,1,1,226,1665.13,1212,225101,TRUE,FALSE,NA,2,2251012
2208809_1_013,2208809,225,10,1,1,156,1668.94,1200,225101,TRUE,FALSE,NA,2,2251012
2208106_1_004,2208106,225,10,1,1,167,1673.6899999999998,1212,225101,TRUE,FALSE,NA,2,2251012
2207009_1_030,2207009,225,10,1,1,159,1674.07,1212,225101,TRUE,FALSE,NA,2,2251012
2200905_1_003,2200905,225,10,1,1,123,1680.25,1212,225101,TRUE,FALSE,NA,2,2251012
2207009_1_028,2207009,225,10,1,1,187,1680.68,1212,225101,TRUE,FALSE,NA,2,2251012
2200202_1_006,2200202,225,10,1,1,109,1681.14,1200,225101,TRUE,FALSE,NA,2,2251012
2208007_1_063,2208007,225,10,1,1,199,1681.67,1200,225101,TRUE,FALSE,NA,2,2251012
2204600_1_004,2204600,225,10,1,1,201,1682.29,1200,225101,TRUE,FALSE,NA,2,2251012
2207009_1_016,2207009,225,10,1,1,136,1682.74,1212,225101,TRUE,FALSE,NA,2,2251012
2205201_1_008,2205201,225,10,1,1,185,1684.22,1212,225101,TRUE,FALSE,NA,2,2251012
2210003_1_008,2210003,225,10,1,1,215,1685.04,1212,225101,TRUE,FALSE,NA,2,2251012
2208205_1_007,2208205,225,10,1,1,405,1686.13,1212,225101,TRUE,FALSE,NA,2,2251012
2207777_1_006,2207777,225,10,1,1,221,1689.85,1200,225101,TRUE,FALSE,NA,2,2251012
2208007_1_068,2208007,225,10,1,2,195,1689.884,1204.0615384615385,225101,TRUE,FALSE,NA,2,2251012
2208007_1_074,2208007,225,10,1,1,117,1690.31,1212,225101,TRUE,FALSE,NA,2,2251012
2203404_1_003,2203404,225,10,1,1,311,1690.67,1212,225101,TRUE,FALSE,NA,2,2251012
2200509_1_009,2200509,225,10,1,1,149,1691.29,1200,225101,TRUE,FALSE,NA,2,2251012
2201804_1_003,2201804,225,10,1,1,153,1693.96,1200,225101,TRUE,FALSE,NA,2,2251012
2208007_1_067,2208007,225,10,1,1,258,1697.74,1217,225101,TRUE,FALSE,NA,2,2251012
2200202_1_016,2200202,225,10,1,1,201,1701.49,1212,225101,TRUE,FALSE,NA,2,2251012
2209401_1_004,2209401,225,10,1,1,289,1702.82,1212,225101,TRUE,FALSE,NA,2,2251012
2200202_1_005,2200202,225,10,1,1,258,1703.37,1212,225101,TRUE,FALSE,NA,2,2251012
2200202_1_009,2200202,225,10,1,2,171,1707.483684210526,1210.0350877192982,225101,TRUE,FALSE,NA,2,2251012
2202778_1_001,2202778,225,10,1,1,363,1707.61,1212,225101,TRUE,FALSE,NA,2,2251012
2207009_1_023,2207009,225,10,1,1,141,1708.28,1212,225101,TRUE,FALSE,NA,2,2251012
2210805_1_005,2210805,225,10,1,1,267,1708.85,1212,225101,TRUE,FALSE,NA,2,2251012
2207207_1_001,2207207,225,10,1,1,286,1709.3,1212,225101,TRUE,FALSE,NA,2,2251012
2210508_1_013,2210508,225,10,1,1,223,1710.51,1212,225101,TRUE,FALSE,NA,2,2251012
2204303_1_002,2204303,225,10,1,1,138,1710.69,1200,225101,TRUE,FALSE,NA,2,2251012
2210508_1_004,2210508,225,10,1,1,257,1711.16,1200,225101,TRUE,FALSE,NA,2,2251012
2200509_1_011,2200509,225,10,1,1,160,1712.14,1212,225101,TRUE,FALSE,NA,2,2251012
2208205_1_004,2208205,225,10,1,1,323,1714.9000000000003,1212,225101,TRUE,FALSE,NA,2,2251012
2211407_1_005,2211407,225,10,1,1,239,1718.38,1212,225101,TRUE,FALSE,NA,2,2251012
2203404_1_001,2203404,225,10,1,1,375,1725.26,1212,225101,TRUE,FALSE,NA,2,2251012
2200509_1_004,2200509,225,10,1,1,275,1727.28,1212,225101,TRUE,FALSE,NA,2,2251012
2200103_1_005,2200103,225,10,1,1,195,1727.6,1212,225101,TRUE,FALSE,NA,2,2251012
2208650_1_004,2208650,225,10,1,1,158,1727.91,1212,225101,TRUE,FALSE,NA,2,2251012
2207207_1_002,2207207,225,10,1,1,293,1731,1212,225101,TRUE,FALSE,NA,2,2251012
2209377_1_001,2209377,225,10,1,1,257,1731.08,1212,225101,TRUE,FALSE,NA,2,2251012
2207009_1_010,2207009,225,10,1,1,316,1737.59,1212,225101,TRUE,FALSE,NA,2,2251012
2207009_1_042,2207009,225,10,1,1,228,1739.05,1212,225101,TRUE,FALSE,NA,2,2251012
2202133_1_002,2202133,225,10,1,1,250,1740.14,1212,225101,TRUE,FALSE,NA,2,2251012
2206506_1_001,2206506,225,10,1,1,341,1742.71,1212,225101,TRUE,FALSE,NA,2,2251012
2207801_1_022,2207801,225,10,1,1,220,1748.97,1212,225101,TRUE,FALSE,NA,2,2251012
2201002_1_001,2201002,225,10,1,1,244,1750.41,1212,225101,TRUE,FALSE,NA,2,2251012
2208007_1_018,2208007,225,10,1,1,380,1766.21,1212,225101,TRUE,FALSE,NA,2,2251012
2201176_1_001,2201176,225,10,1,1,228,1766.94,1212,225101,TRUE,FALSE,NA,2,2251012
2208650_1_003,2208650,225,10,1,2,151,1768.5539072847682,1212,225101,TRUE,FALSE,NA,2,2251012
2208007_1_051,2208007,225,10,1,1,189,1775.1,1212,225101,TRUE,FALSE,NA,2,2251012
2204204_1_007,2204204,225,10,1,1,347,1781.01,1212,225101,TRUE,FALSE,NA,2,2251012
2204006_1_001,2204006,225,10,1,1,184,1793.68,1212,225101,TRUE,FALSE,NA,2,2251012
2205003_1_003,2205003,225,10,1,1,137,1797.08,1212,225101,TRUE,FALSE,NA,2,2251012
2207306_1_002,2207306,225,10,1,1,181,1798.45,1200,225101,TRUE,FALSE,NA,2,2251012
2204204_1_004,2204204,225,10,1,1,323,1806.04,1212,225101,TRUE,FALSE,NA,2,2251012
2211308_1_019,2211308,225,10,1,1,196,1808.11,1212,225101,TRUE,FALSE,NA,2,2251012
2205003_1_006,2205003,225,10,1,1,243,1808.64,1212,225101,TRUE,FALSE,NA,2,2251012
2205201_1_001,2205201,225,10,1,1,233,1810.52,1212,225101,TRUE,FALSE,NA,2,2251012
2202091_1_001,2202091,225,10,1,1,180,1813.2,1212,225101,TRUE,FALSE,NA,2,2251012
2206902_1_001,2206902,225,10,1,1,219,1814,1212,225101,TRUE,FALSE,NA,2,2251012
2205201_1_005,2205201,225,10,1,1,227,1819.87,1212,225101,TRUE,FALSE,NA,2,2251012
2208007_1_011,2208007,225,10,1,1,233,1821.3299999999997,1212,225101,TRUE,FALSE,NA,2,2251012
2202802_1_001,2202802,225,10,1,1,235,1824.82,1212,225101,TRUE,FALSE,NA,2,2251012
2201408_1_002,2201408,225,10,1,1,170,1833.49,1212,225101,TRUE,FALSE,NA,2,2251012
2210508_1_007,2210508,225,10,1,1,160,1836.39,1212,225101,TRUE,FALSE,NA,2,2251012
2209401_1_001,2209401,225,10,1,1,169,1836.76,1212,225101,TRUE,FALSE,NA,2,2251012
2202117_1_001,2202117,225,10,1,1,210,1837.0399999999995,1212,225101,TRUE,FALSE,NA,2,2251012
2200509_1_016,2200509,225,10,1,1,130,1838.57,1200,225101,TRUE,FALSE,NA,2,2251012
2204303_1_011,2204303,225,10,1,1,223,1842.11,1212,225101,TRUE,FALSE,NA,2,2251012
2207009_1_040,2207009,225,10,1,1,317,1842.58,1212,225101,TRUE,FALSE,NA,2,2251012
2204709_1_005,2204709,225,10,1,1,211,1845.91,1212,225101,TRUE,FALSE,NA,2,2251012
2209807_1_006,2209807,225,10,1,1,202,1855.44,1212,225101,TRUE,FALSE,NA,2,2251012
2211308_1_026,2211308,225,10,1,2,157,1856.533694267516,1212,225101,TRUE,FALSE,NA,2,2251012
2208007_1_065,2208007,225,10,1,2,226,1857.5085398230087,1237.0530973451328,225101,TRUE,FALSE,NA,2,2251012
2207504_1_002,2207504,225,10,1,1,268,1859.44,1200,225101,TRUE,FALSE,NA,2,2251012
2203404_1_004,2203404,225,10,1,1,236,1860.84,1212,225101,TRUE,FALSE,NA,2,2251012
2210003_1_009,2210003,225,10,1,1,302,1868.93,1212,225101,TRUE,FALSE,NA,2,2251012
2204907_1_002,2204907,225,10,1,1,205,1869.22,1212,225101,TRUE,FALSE,NA,2,2251012
2210979_1_001,2210979,225,10,1,1,197,1877.0999999999997,1200,225101,TRUE,FALSE,NA,2,2251012
2205201_1_007,2205201,225,10,1,1,278,1878.18,1212,225101,TRUE,FALSE,NA,2,2251012
2200608_1_011,2200608,225,10,1,1,203,1881.9700000000005,1212,225101,TRUE,FALSE,NA,2,2251012
2209609_1_004,2209609,225,10,1,1,114,1884.13,1212,225101,TRUE,FALSE,NA,2,2251012
2210508_1_010,2210508,225,10,1,1,140,1897.73,1212,225101,TRUE,FALSE,NA,2,2251012
2201804_1_002,2201804,225,10,1,1,139,1898.33,1200,225101,TRUE,FALSE,NA,2,2251012
2208650_1_001,2208650,225,10,1,2,265,1900.16679245283,1214.4301886792452,225101,TRUE,FALSE,NA,2,2251012
2204808_1_001,2204808,225,10,1,1,308,1906.72,1212,225101,TRUE,FALSE,NA,2,2251012
2204709_1_011,2204709,225,10,1,1,178,1910.9,1212,225101,TRUE,FALSE,NA,2,2251012
2200202_1_007,2200202,225,10,1,2,172,1917.41511627907,1200,225101,TRUE,FALSE,NA,2,2251012
2208007_1_045,2208007,225,10,1,1,135,1922.85,1212,225101,TRUE,FALSE,NA,3,2251013
2209104_1_001,2209104,225,10,1,1,255,1924.28,1212,225101,TRUE,FALSE,NA,3,2251013
2208205_1_002,2208205,225,10,1,1,324,1925.53,1212,225101,TRUE,FALSE,NA,3,2251013
2208007_1_020,2208007,225,10,1,1,174,1931.2,1212,225101,TRUE,FALSE,NA,3,2251013
2204808_1_004,2204808,225,10,1,1,168,1937.9600000000005,1212,225101,TRUE,FALSE,NA,3,2251013
2210706_1_010,2210706,225,10,1,1,111,1943.48,1212,225101,TRUE,FALSE,NA,3,2251013
2211308_1_008,2211308,225,10,1,1,224,1946.47,1212,225101,TRUE,FALSE,NA,3,2251013
2207801_1_009,2207801,225,10,1,1,222,1950.26,1212,225101,TRUE,FALSE,NA,3,2251013
2210003_1_005,2210003,225,10,1,1,165,1954.53,1200,225101,TRUE,FALSE,NA,3,2251013
2207207_1_003,2207207,225,10,1,1,143,1958.77,1212,225101,TRUE,FALSE,NA,3,2251013
2211605_1_002,2211605,225,10,1,1,209,1964.75,1212,225101,TRUE,FALSE,NA,3,2251013
2207009_1_020,2207009,225,10,1,1,161,1978.76,1200,225101,TRUE,FALSE,NA,3,2251013
2200202_1_022,2200202,225,10,1,1,130,1981.91,1212,225101,TRUE,FALSE,NA,3,2251013
2208007_1_035,2208007,225,10,1,1,256,1982.72,1212,225101,TRUE,FALSE,NA,3,2251013
2203503_1_002,2203503,225,10,1,1,209,1983.08,1200,225101,TRUE,FALSE,NA,3,2251013
2210003_1_004,2210003,225,10,1,1,288,1984.23,1212,225101,TRUE,FALSE,NA,3,2251013
2205565_1_001,2205565,225,10,1,2,241,1987.1209128630703,1224.1867219917012,225101,TRUE,FALSE,NA,3,2251013
2211308_1_013,2211308,225,10,1,1,248,1991.16,1212,225101,TRUE,FALSE,NA,3,2251013
2210938_1_002,2210938,225,10,1,1,224,1994.01,1212,225101,TRUE,FALSE,NA,3,2251013
2200509_1_005,2200509,225,10,1,1,275,1994.23,1212,225101,TRUE,FALSE,NA,3,2251013
2205201_1_003,2205201,225,10,1,1,112,2019.49,1200,225101,TRUE,FALSE,NA,3,2251013
2208007_1_055,2208007,225,10,1,1,237,2024.78,1212,225101,TRUE,FALSE,NA,3,2251013
2207009_1_009,2207009,225,10,1,1,332,2031.65,1212,225101,TRUE,FALSE,NA,3,2251013
2211407_1_002,2211407,225,10,1,1,169,2033.6700000000003,1212,225101,TRUE,FALSE,NA,3,2251013
2207801_1_012,2207801,225,10,1,4,179,2038.7622905027931,1227.2402234636872,225101,TRUE,FALSE,NA,3,2251013
2211308_1_004,2211308,225,10,1,1,282,2038.85,1212,225101,TRUE,FALSE,NA,3,2251013
2208007_1_086,2208007,225,10,1,1,225,2040.58,1212,225101,TRUE,FALSE,NA,3,2251013
2208809_1_002,2208809,225,10,1,2,221,2043.2966063348415,1247.8280542986424,225101,TRUE,FALSE,NA,3,2251013
2208007_1_078,2208007,225,10,1,1,264,2056.02,1220,225101,TRUE,FALSE,NA,3,2251013
2208007_1_023,2208007,225,10,1,1,224,2061.64,1224,225101,TRUE,FALSE,NA,3,2251013
2200202_1_021,2200202,225,10,1,1,114,2068.41,1212,225101,TRUE,FALSE,NA,3,2251013
2209807_1_002,2209807,225,10,1,1,201,2069.17,1212,225101,TRUE,FALSE,NA,3,2251013
2201804_1_001,2201804,225,10,1,2,224,2070.0416964285714,2119.1964285714284,225101,TRUE,FALSE,NA,3,2251013
2200509_1_003,2200509,225,10,1,1,286,2095.76,1212,225101,TRUE,FALSE,NA,3,2251013
2206506_1_006,2206506,225,10,1,1,198,2099.36,1200,225101,TRUE,FALSE,NA,3,2251013
2204709_1_006,2204709,225,10,1,1,251,2108.29,1212,225101,TRUE,FALSE,NA,3,2251013
2200608_1_003,2200608,225,10,1,1,131,2110.64,1212,225101,TRUE,FALSE,NA,3,2251013
2203503_1_013,2203503,225,10,1,2,185,2110.922162162162,1234.1405405405403,225101,TRUE,FALSE,NA,3,2251013
2207801_1_003,2207801,225,10,1,2,228,2123.471052631579,1212,225101,TRUE,FALSE,NA,3,2251013
2210003_1_007,2210003,225,10,1,1,220,2128.4,1200,225101,TRUE,FALSE,NA,3,2251013
2208007_1_048,2208007,225,10,1,1,140,2129.53,1212,225101,TRUE,FALSE,NA,3,2251013
2203503_1_001,2203503,225,10,1,1,251,2130.22,1212,225101,TRUE,FALSE,NA,3,2251013
2207009_1_029,2207009,225,10,1,1,227,2139.6,1300,225101,TRUE,FALSE,NA,3,2251013
2208007_1_008,2208007,225,10,1,1,263,2140.33,1216,225101,TRUE,FALSE,NA,3,2251013
2208007_1_003,2208007,225,10,1,1,172,2147.83,1300,225101,TRUE,FALSE,NA,3,2251013
2204303_1_006,2204303,225,10,1,1,282,2152.62,1212,225101,TRUE,FALSE,NA,3,2251013
2207801_1_002,2207801,225,10,1,1,147,2158.13,1212,225101,TRUE,FALSE,NA,3,2251013
2211308_1_007,2211308,225,10,1,1,252,2166.48,1212,225101,TRUE,FALSE,NA,3,2251013
2208007_1_056,2208007,225,10,1,1,177,2171.33,1400,225101,TRUE,FALSE,NA,3,2251013
2208007_1_058,2208007,225,10,1,1,178,2195.68,1340,225101,TRUE,FALSE,NA,3,2251013
2207009_1_006,2207009,225,10,1,1,182,2206.3,1212,225101,TRUE,FALSE,NA,3,2251013
2210003_1_020,2210003,225,10,1,1,226,2207.08,1212,225101,TRUE,FALSE,NA,3,2251013
2210706_1_001,2210706,225,10,1,1,290,2219.1,1212,225101,TRUE,FALSE,NA,3,2251013
2208007_1_053,2208007,225,10,1,1,270,2225.42,1400,225101,TRUE,FALSE,NA,3,2251013
2210805_1_009,2210805,225,10,1,1,202,2241.31,1200,225101,TRUE,FALSE,NA,3,2251013
2207009_1_003,2207009,225,10,1,1,261,2242.08,1200,225101,TRUE,FALSE,NA,3,2251013
2200202_1_001,2200202,225,10,1,1,190,2242.24,1212,225101,TRUE,FALSE,NA,3,2251013
2208007_1_037,2208007,225,10,1,1,301,2246.21,1500,225101,TRUE,FALSE,NA,3,2251013
2204709_1_004,2204709,225,10,1,1,188,2246.22,1212,225101,TRUE,FALSE,NA,3,2251013
2210003_1_003,2210003,225,10,1,1,136,2252.57,1212,225101,TRUE,FALSE,NA,3,2251013
2200202_1_002,2200202,225,10,1,1,213,2262.36,1212,225101,TRUE,FALSE,NA,3,2251013
2200202_1_008,2200202,225,10,1,1,145,2269.64,1500,225101,TRUE,FALSE,NA,3,2251013
2207009_1_025,2207009,225,10,1,2,100,2279.558,1212,225101,TRUE,FALSE,NA,3,2251013
2210805_1_002,2210805,225,10,1,1,367,2293.32,1212,225101,TRUE,FALSE,NA,3,2251013
2210508_1_005,2210508,225,10,1,1,240,2308.23,1212,225101,TRUE,FALSE,NA,3,2251013
2201556_1_001,2201556,225,10,1,1,276,2319.62,1212,225101,TRUE,FALSE,NA,3,2251013
2200202_1_017,2200202,225,10,1,1,105,2322.3,1212,225101,TRUE,FALSE,NA,3,2251013
2210003_1_012,2210003,225,10,1,1,148,2327.55,1700,225101,TRUE,FALSE,NA,3,2251013
2208007_1_042,2208007,225,10,1,1,312,2327.99,1212,225101,TRUE,FALSE,NA,3,2251013
2208106_1_001,2208106,225,10,1,1,143,2333.85,1212,225101,TRUE,FALSE,NA,3,2251013
2205953_1_001,2205953,225,10,1,1,260,2346.42,1212,225101,TRUE,FALSE,NA,3,2251013
2204204_1_001,2204204,225,10,1,1,244,2375.24,1212,225101,TRUE,FALSE,NA,3,2251013
2208007_1_101,2208007,225,10,1,1,192,2404.44,1397.5,225101,TRUE,FALSE,NA,3,2251013
2207009_1_018,2207009,225,10,1,1,241,2405.04,1212,225101,TRUE,FALSE,NA,3,2251013
2211308_1_006,2211308,225,10,1,1,244,2406.14,1650,225101,TRUE,FALSE,NA,3,2251013
2208007_1_022,2208007,225,10,1,1,197,2412.98,1322,225101,TRUE,FALSE,NA,3,2251013
2205201_1_011,2205201,225,10,1,1,112,2423.5,1257,225101,TRUE,FALSE,NA,3,2251013
2208007_1_084,2208007,225,10,1,1,120,2425.18,1212,225101,TRUE,FALSE,NA,3,2251013
2208007_1_064,2208007,225,10,1,1,158,2462.37,1650,225101,TRUE,FALSE,NA,3,2251013
2205201_1_009,2205201,225,10,1,1,197,2485.55,1212,225101,TRUE,FALSE,NA,3,2251013
2207504_1_001,2207504,225,10,1,1,210,2491.18,1212,225101,TRUE,FALSE,NA,3,2251013
2208007_1_014,2208007,225,10,1,1,266,2492.43,1240,225101,TRUE,FALSE,NA,3,2251013
2207009_1_017,2207009,225,10,1,1,175,2495.66,1612,225101,TRUE,FALSE,NA,3,2251013
2208007_1_085,2208007,225,10,1,1,234,2501.42,1250,225101,TRUE,FALSE,NA,3,2251013
2208007_1_077,2208007,225,10,1,1,267,2527.59,1800,225101,TRUE,FALSE,NA,3,2251013
2207801_1_014,2207801,225,10,1,1,171,2527.79,1212,225101,TRUE,FALSE,NA,3,2251013
2208007_1_060,2208007,225,10,1,1,367,2530.67,2000,225101,TRUE,FALSE,NA,3,2251013
2205003_1_005,2205003,225,10,1,1,164,2531.67,1212,225101,TRUE,FALSE,NA,3,2251013
2210003_1_010,2210003,225,10,1,1,144,2551.52,1600,225101,TRUE,FALSE,NA,3,2251013
2208007_1_088,2208007,225,10,1,1,110,2554.12,2000,225101,TRUE,FALSE,NA,3,2251013
2210003_1_011,2210003,225,10,1,1,136,2559.41,1200,225101,TRUE,FALSE,NA,3,2251013
2208007_1_013,2208007,225,10,1,1,170,2560.83,1300,225101,TRUE,FALSE,NA,3,2251013
2201804_1_004,2201804,225,10,1,1,160,2561.47,1212,225101,TRUE,FALSE,NA,3,2251013
2208007_1_030,2208007,225,10,1,1,295,2573.89,1581,225101,TRUE,FALSE,NA,3,2251013
2208205_1_003,2208205,225,10,1,1,180,2596.16,1212,225101,TRUE,FALSE,NA,3,2251013
2210706_1_004,2210706,225,10,1,2,178,2611.238146067416,1608.056179775281,225101,TRUE,FALSE,NA,3,2251013
2208007_1_007,2208007,225,10,1,1,214,2617.91,1800,225101,TRUE,FALSE,NA,3,2251013
2208007_1_017,2208007,225,10,1,1,318,2637.21,1600,225101,TRUE,FALSE,NA,3,2251013
2207009_1_046,2207009,225,10,1,2,324,2643.07,1212,225101,TRUE,FALSE,NA,3,2251013
2210706_1_003,2210706,225,10,1,1,268,2643.3,1700,225101,TRUE,FALSE,NA,3,2251013
2210300_1_001,2210300,225,10,1,1,224,2651.02,1800,225101,TRUE,FALSE,NA,3,2251013
2200509_1_002,2200509,225,10,1,1,199,2690.02,1900,225101,TRUE,FALSE,NA,3,2251013
2207801_1_008,2207801,225,10,1,1,262,2696.34,1620,225101,TRUE,FALSE,NA,3,2251013
2208007_1_072,2208007,225,10,1,1,269,2715.99,1800,225101,TRUE,FALSE,NA,3,2251013
2210805_1_001,2210805,225,10,1,1,289,2716.07,1212,225101,TRUE,FALSE,NA,3,2251013
2210003_1_002,2210003,225,10,1,1,251,2720.12,1638,225101,TRUE,FALSE,NA,3,2251013
2208007_1_057,2208007,225,10,1,1,110,2729.56,1600,225101,TRUE,FALSE,NA,3,2251013
2200509_1_001,2200509,225,10,1,1,190,2768.01,1500,225101,TRUE,FALSE,NA,3,2251013
2207009_1_014,2207009,225,10,1,1,172,2768.37,1212,225101,TRUE,FALSE,NA,3,2251013
2207009_1_011,2207009,225,10,1,1,269,2870.26,1212,225101,TRUE,FALSE,NA,3,2251013
2207009_1_039,2207009,225,10,1,1,153,2872.01,1400,225101,TRUE,FALSE,NA,3,2251013
2208007_1_044,2208007,225,10,1,1,180,2891.94,1510,225101,TRUE,FALSE,NA,3,2251013
2204303_1_001,2204303,225,10,1,1,224,2946.31,2200,225101,TRUE,FALSE,NA,3,2251013
2208007_1_004,2208007,225,10,1,1,213,2953.4000000000005,1500,225101,TRUE,FALSE,NA,3,2251013
2207009_1_001,2207009,225,10,1,1,153,2962.88,1231,225101,TRUE,FALSE,NA,3,2251013
2208007_1_033,2208007,225,10,1,1,369,2994.03,1212,225101,TRUE,FALSE,NA,3,2251013
2207009_1_015,2207009,225,10,1,1,192,3033.33,1700,225101,TRUE,FALSE,NA,3,2251013
2208007_1_052,2208007,225,10,1,1,316,3051.57,1212,225101,TRUE,FALSE,NA,3,2251013
2208007_1_090,2208007,225,10,1,1,93,3086.5399999999995,2224,225101,TRUE,FALSE,NA,3,2251013
2211308_1_002,2211308,225,10,1,1,228,3151.1900000000005,2000,225101,TRUE,FALSE,NA,3,2251013
2208007_1_005,2208007,225,10,1,1,314,3157.99,2000,225101,TRUE,FALSE,NA,3,2251013
2208007_1_034,2208007,225,10,1,1,231,3165.13,2400,225101,TRUE,FALSE,NA,3,2251013
2208007_1_006,2208007,225,10,1,1,268,3191.08,2000,225101,TRUE,FALSE,NA,3,2251013
2208007_1_012,2208007,225,10,1,1,166,3196.5199999999995,2400,225101,TRUE,FALSE,NA,3,2251013
2211308_1_017,2211308,225,10,1,1,106,3200.33,2412,225101,TRUE,FALSE,NA,3,2251013
2210003_1_021,2210003,225,10,1,2,136,3214.295,2056.823529411765,225101,TRUE,FALSE,NA,3,2251013
2207801_1_013,2207801,225,10,1,1,105,3396.51,1900,225101,TRUE,FALSE,NA,3,2251013
2211308_1_009,2211308,225,10,1,1,136,3422.96,2424,225101,TRUE,FALSE,NA,3,2251013
2208007_1_087,2208007,225,10,1,1,274,3431.46,2000,225101,TRUE,FALSE,NA,3,2251013
2208007_1_016,2208007,225,10,1,1,215,3465.14,2000,225101,TRUE,FALSE,NA,3,2251013
2208007_1_054,2208007,225,10,1,1,230,3520.62,2400,225101,TRUE,FALSE,NA,3,2251013
2207801_1_001,2207801,225,10,1,1,158,3552.9000000000005,1800,225101,TRUE,FALSE,NA,3,2251013
2207009_1_013,2207009,225,10,1,1,182,3605.2,2224,225101,TRUE,FALSE,NA,3,2251013
2208007_1_028,2208007,225,10,1,1,169,3818.5900000000006,2050,225101,TRUE,FALSE,NA,3,2251013
2208007_1_070,2208007,225,10,1,1,288,3871.6799999999994,2400,225101,TRUE,FALSE,NA,3,2251013
2208007_1_010,2208007,225,10,1,1,343,3884.31,2000,225101,TRUE,FALSE,NA,3,2251013
2208007_1_083,2208007,225,10,1,1,253,3925.63,2500,225101,TRUE,FALSE,NA,3,2251013
2208007_1_071,2208007,225,10,1,1,269,3955.37,2300,225101,TRUE,FALSE,NA,3,2251013
2208007_1_079,2208007,225,10,1,2,164,4366.5458536585365,3328.4146341463415,225101,TRUE,FALSE,NA,3,2251013
2208007_1_104,2208007,225,10,1,1,278,4413.58,2546,225101,TRUE,FALSE,NA,3,2251013
2207009_1_002,2207009,225,10,1,1,134,4551.84,2400,225101,TRUE,FALSE,NA,3,2251013
2208007_1_103,2208007,225,10,1,1,159,4962.28,3500,225101,TRUE,FALSE,NA,3,2251013
2208007_1_050,2208007,225,10,1,1,244,4976.49,3000,225101,TRUE,FALSE,NA,3,2251013
2208007_1_047,2208007,225,10,1,1,148,5083.57,3500,225101,TRUE,FALSE,NA,3,2251013
2208007_1_080,2208007,225,10,1,1,122,5342.81,3636,225101,TRUE,FALSE,NA,3,2251013
2208007_1_026,2208007,225,10,1,2,118,5793.15,1212,225101,TRUE,FALSE,NA,3,2251013
2208007_1_082,2208007,225,10,1,1,99,5945.31,3100,225101,TRUE,FALSE,NA,3,2251013
2208007_1_094,2208007,225,10,1,1,294,6246.71,1240,225101,TRUE,FALSE,NA,3,2251013
2208007_1_093,2208007,225,10,1,1,377,7532.080000000001,5000,225101,TRUE,FALSE,NA,3,2251013
2208007_1_092,2208007,225,10,1,1,122,9728.93,8000,225101,TRUE,FALSE,NA,3,2251013
2210201_2_005,2210201,225,10,2,1,106,608.31,400,225102,TRUE,FALSE,NA,1,2251021
2201739_2_009,2201739,225,10,2,1,63,670,400,225102,TRUE,FALSE,NA,1,2251021
2207009_2_029,2207009,225,10,2,1,69,695.24,400,225102,TRUE,FALSE,NA,1,2251021
2200251_2_004,2200251,225,10,2,1,91,696.67,450,225102,TRUE,FALSE,NA,1,2251021
2205201_2_007,2205201,225,10,2,1,179,709.49,400,225102,TRUE,FALSE,NA,1,2251021
2205201_2_006,2205201,225,10,2,1,153,711.96,400,225102,TRUE,FALSE,NA,1,2251021
2208106_2_005,2208106,225,10,2,1,95,714.32,400,225102,TRUE,FALSE,NA,1,2251021
2210706_2_008,2210706,225,10,2,1,102,717.12,500,225102,TRUE,FALSE,NA,1,2251021
2201739_2_003,2201739,225,10,2,1,105,721.25,400,225102,TRUE,FALSE,NA,1,2251021
2200251_2_008,2200251,225,10,2,1,124,725.74,600,225102,TRUE,FALSE,NA,1,2251021
2207801_2_020,2207801,225,10,2,1,109,735.0300000000001,400,225102,TRUE,FALSE,NA,1,2251021
2210706_2_002,2210706,225,10,2,1,149,741.39,600,225102,TRUE,FALSE,NA,1,2251021
2208205_2_013,2208205,225,10,2,1,177,751.3399999999999,400,225102,TRUE,FALSE,NA,1,2251021
2208205_2_004,2208205,225,10,2,1,118,751.76,600,225102,TRUE,FALSE,NA,1,2251021
2211704_2_005,2211704,225,10,2,1,73,755.89,400,225102,TRUE,FALSE,NA,1,2251021
2205201_2_015,2205201,225,10,2,1,210,759.4800000000001,400,225102,TRUE,FALSE,NA,1,2251021
2208106_2_011,2208106,225,10,2,1,134,762.73,500,225102,TRUE,FALSE,NA,1,2251021
2208205_2_016,2208205,225,10,2,1,95,764.16,400,225102,TRUE,FALSE,NA,1,2251021
2207207_2_004,2207207,225,10,2,1,143,764.23,400,225102,TRUE,FALSE,NA,1,2251021
2210706_2_015,2210706,225,10,2,2,237,766.79,600,225102,TRUE,FALSE,NA,1,2251021
2200053_2_004,2200053,225,10,2,1,65,766.81,400,225102,TRUE,FALSE,NA,1,2251021
2205201_2_011,2205201,225,10,2,1,185,767.76,500,225102,TRUE,FALSE,NA,1,2251021
2208205_2_017,2208205,225,10,2,2,139,767.7623741007194,600,225102,TRUE,FALSE,NA,1,2251021
2201002_2_004,2201002,225,10,2,1,110,768.23,400,225102,TRUE,FALSE,NA,1,2251021
2208106_2_007,2208106,225,10,2,1,66,778.54,600,225102,TRUE,FALSE,NA,1,2251021
2207959_2_003,2207959,225,10,2,1,67,780.2,500,225102,TRUE,FALSE,NA,1,2251021
2202554_2_003,2202554,225,10,2,1,151,784.1,400,225102,TRUE,FALSE,NA,1,2251021
2207207_2_002,2207207,225,10,2,1,171,785.5599999999998,550,225102,TRUE,FALSE,NA,1,2251021
2207959_2_002,2207959,225,10,2,1,194,786.36,400,225102,TRUE,FALSE,NA,1,2251021
2201739_2_002,2201739,225,10,2,1,74,788.4,476.5,225102,TRUE,FALSE,NA,1,2251021
2205599_2_003,2205599,225,10,2,1,188,788.69,400,225102,TRUE,FALSE,NA,1,2251021
2206506_2_008,2206506,225,10,2,1,187,790.11,500,225102,TRUE,FALSE,NA,1,2251021
2201739_2_006,2201739,225,10,2,1,180,790.97,600,225102,TRUE,FALSE,NA,1,2251021
2208809_2_009,2208809,225,10,2,2,157,792.6679617834395,555.4140127388536,225102,TRUE,FALSE,NA,1,2251021
2208106_2_017,2208106,225,10,2,2,143,799.3553846153847,587.3846153846154,225102,TRUE,FALSE,NA,1,2251021
2208205_2_023,2208205,225,10,2,2,202,800.3075247524753,541.2376237623762,225102,TRUE,FALSE,NA,1,2251021
2204907_2_011,2204907,225,10,2,7,165,802.2589090909091,669.0909090909091,225102,TRUE,FALSE,NA,1,2251021
2210706_2_007,2210706,225,10,2,1,124,806.93,700,225102,TRUE,FALSE,NA,1,2251021
2210201_2_011,2210201,225,10,2,2,65,809.272,580,225102,TRUE,FALSE,NA,1,2251021
2208205_2_009,2208205,225,10,2,1,113,812.97,500,225102,TRUE,FALSE,NA,1,2251021
2210904_2_003,2210904,225,10,2,2,158,816.582911392405,1008.8607594936708,225102,TRUE,FALSE,NA,1,2251021
2203271_2_003,2203271,225,10,2,2,146,817.5130136986302,747.945205479452,225102,TRUE,FALSE,NA,1,2251021
2200053_2_005,2200053,225,10,2,1,163,817.59,900,225102,TRUE,FALSE,NA,1,2251021
2203271_2_002,2203271,225,10,2,1,170,818.1,1212,225102,TRUE,FALSE,NA,1,2251021
2211704_2_001,2211704,225,10,2,1,180,818.99,1200,225102,TRUE,FALSE,NA,1,2251021
2204709_2_014,2204709,225,10,2,1,190,823.31,650,225102,TRUE,FALSE,NA,1,2251021
2208205_2_020,2208205,225,10,2,1,116,823.31,700,225102,TRUE,FALSE,NA,1,2251021
2208205_2_028,2208205,225,10,2,2,188,823.5085106382979,557.4468085106383,225102,TRUE,FALSE,NA,1,2251021
2201556_2_004,2201556,225,10,2,1,110,823.84,400,225102,TRUE,FALSE,NA,1,2251021
2201739_2_004,2201739,225,10,2,1,117,824.82,600,225102,TRUE,FALSE,NA,1,2251021
2205250_2_003,2205250,225,10,2,1,80,825.0599999999998,600,225102,TRUE,FALSE,NA,1,2251021
2208650_2_012,2208650,225,10,2,6,173,825.1193063583816,683.1907514450867,225102,TRUE,FALSE,NA,1,2251021
2208205_2_026,2208205,225,10,2,1,118,825.34,600,225102,TRUE,FALSE,NA,1,2251021
2202109_2_007,2202109,225,10,2,1,98,826.89,1202,225102,TRUE,FALSE,NA,1,2251021
2204303_2_007,2204303,225,10,2,1,148,826.92,600,225102,TRUE,FALSE,NA,1,2251021
2207959_2_008,2207959,225,10,2,2,238,827.6255462184874,563.8655462184873,225102,TRUE,FALSE,NA,1,2251021
2204907_2_006,2204907,225,10,2,2,64,830.02,562.5,225102,TRUE,FALSE,NA,1,2251021
2207801_2_004,2207801,225,10,2,2,206,832.0881553398059,449.5145631067961,225102,TRUE,FALSE,NA,1,2251021
2207959_2_004,2207959,225,10,2,1,163,833.62,500,225102,TRUE,FALSE,NA,1,2251021
2202091_2_005,2202091,225,10,2,1,84,834.81,1000,225102,TRUE,FALSE,NA,1,2251021
2200251_2_006,2200251,225,10,2,2,168,837.0199999999999,670.6666666666666,225102,TRUE,FALSE,NA,1,2251021
2209401_2_005,2209401,225,10,2,1,121,837.28,600,225102,TRUE,FALSE,NA,1,2251021
2209377_2_002,2209377,225,10,2,1,76,837.43,500,225102,TRUE,FALSE,NA,1,2251021
2208007_2_029,2208007,225,10,2,1,68,838.42,906,225102,TRUE,FALSE,NA,1,2251021
2202455_2_006,2202455,225,10,2,1,85,838.8,500,225102,TRUE,FALSE,NA,1,2251021
2201739_2_008,2201739,225,10,2,1,120,838.92,750,225102,TRUE,FALSE,NA,1,2251021
2209955_2_003,2209955,225,10,2,1,60,839.52,400,225102,TRUE,FALSE,NA,1,2251021
2207009_2_012,2207009,225,10,2,1,216,839.67,600,225102,TRUE,FALSE,NA,1,2251021
2210706_2_003,2210706,225,10,2,2,180,840.6323333333333,748.8888888888889,225102,TRUE,FALSE,NA,1,2251021
2209658_2_005,2209658,225,10,2,1,141,844.28,600,225102,TRUE,FALSE,NA,1,2251021
2204907_2_013,2204907,225,10,2,3,231,844.7398701298702,537.4025974025974,225102,TRUE,FALSE,NA,1,2251021
2208106_2_002,2208106,225,10,2,1,213,845.18,600,225102,TRUE,FALSE,NA,1,2251021
2200053_2_008,2200053,225,10,2,3,109,845.6542201834862,869.3211009174312,225102,TRUE,FALSE,NA,1,2251021
2209658_2_003,2209658,225,10,2,1,146,848.81,543,225102,TRUE,FALSE,NA,1,2251021
2208106_2_016,2208106,225,10,2,3,173,849.1142774566473,640.2312138728323,225102,TRUE,FALSE,NA,1,2251021
2203503_2_003,2203503,225,10,2,1,109,849.36,750,225102,TRUE,FALSE,NA,1,2251021
2205003_2_016,2205003,225,10,2,1,77,849.66,600,225102,TRUE,FALSE,NA,1,2251021
2200251_2_005,2200251,225,10,2,1,126,850.55,650,225102,TRUE,FALSE,NA,1,2251021
2201739_2_005,2201739,225,10,2,1,137,851.82,600,225102,TRUE,FALSE,NA,1,2251021
2205201_2_012,2205201,225,10,2,1,187,854.22,600,225102,TRUE,FALSE,NA,1,2251021
2211704_2_004,2211704,225,10,2,1,62,855.77,1200,225102,TRUE,FALSE,NA,1,2251021
2202455_2_005,2202455,225,10,2,1,105,856.79,600,225102,TRUE,FALSE,NA,1,2251021
2208106_2_012,2208106,225,10,2,2,104,857.0229807692308,671.6346153846154,225102,TRUE,FALSE,NA,1,2251021
2207306_2_004,2207306,225,10,2,1,84,857.13,1212,225102,TRUE,FALSE,NA,1,2251021
2201408_2_003,2201408,225,10,2,1,134,858.78,900,225102,TRUE,FALSE,NA,1,2251021
2208205_2_019,2208205,225,10,2,1,75,859.07,600,225102,TRUE,FALSE,NA,1,2251021
2207504_2_004,2207504,225,10,2,2,186,859.4234946236559,730.0268817204301,225102,TRUE,FALSE,NA,1,2251021
2208205_2_014,2208205,225,10,2,1,203,860.7,700,225102,TRUE,FALSE,NA,1,2251021
2207504_2_017,2207504,225,10,2,2,157,861.7964331210189,1153.1847133757965,225102,TRUE,FALSE,NA,1,2251021
2204907_2_012,2204907,225,10,2,2,170,861.8669411764706,656.1176470588235,225102,TRUE,FALSE,NA,1,2251021
2201176_2_006,2201176,225,10,2,2,154,862.5955844155842,554.2207792207793,225102,TRUE,FALSE,NA,1,2251021
2204907_2_001,2204907,225,10,2,2,198,863.03,1100,225102,TRUE,FALSE,NA,1,2251021
2208650_2_016,2208650,225,10,2,1,136,863.36,1212,225102,TRUE,FALSE,NA,1,2251021
2202802_2_003,2202802,225,10,2,3,90,863.787111111111,600,225102,TRUE,FALSE,NA,1,2251021
2208809_2_001,2208809,225,10,2,1,80,864.2299999999999,800,225102,TRUE,FALSE,NA,1,2251021
2205003_2_015,2205003,225,10,2,1,73,864.54,800,225102,TRUE,FALSE,NA,1,2251021
2208205_2_025,2208205,225,10,2,1,74,865.49,1212,225102,TRUE,FALSE,NA,1,2251021
2207801_2_017,2207801,225,10,2,2,124,866.4003225806451,600,225102,TRUE,FALSE,NA,1,2251021
2202455_2_003,2202455,225,10,2,1,141,866.69,900,225102,TRUE,FALSE,NA,1,2251021
2202455_2_002,2202455,225,10,2,1,95,867.14,800,225102,TRUE,FALSE,NA,1,2251021
2207801_2_019,2207801,225,10,2,1,147,868.72,700,225102,TRUE,FALSE,NA,1,2251021
2208205_2_008,2208205,225,10,2,1,172,868.83,1212,225102,TRUE,FALSE,NA,1,2251021
2203271_2_006,2203271,225,10,2,2,147,869.2542176870747,1084.952380952381,225102,TRUE,FALSE,NA,1,2251021
2208205_2_010,2208205,225,10,2,1,97,869.6600000000001,600,225102,TRUE,FALSE,NA,1,2251021
2207207_2_001,2207207,225,10,2,1,64,870.84,725,225102,TRUE,FALSE,NA,1,2251021
2201002_2_001,2201002,225,10,2,1,88,871.31,600,225102,TRUE,FALSE,NA,1,2251021
2200053_2_011,2200053,225,10,2,1,149,871.39,600,225102,TRUE,FALSE,NA,1,2251021
2202802_2_002,2202802,225,10,2,1,156,872.05,600,225102,TRUE,FALSE,NA,1,2251021
2208106_2_004,2208106,225,10,2,3,133,872.1972932330826,721.0526315789474,225102,TRUE,FALSE,NA,1,2251021
2207009_2_004,2207009,225,10,2,1,69,872.55,1100,225102,TRUE,FALSE,NA,1,2251021
2207009_2_013,2207009,225,10,2,1,127,872.84,1000,225102,TRUE,FALSE,NA,1,2251021
2207801_2_010,2207801,225,10,2,2,170,874.5250588235294,765.6,225102,TRUE,FALSE,NA,1,2251021
2202091_2_004,2202091,225,10,2,1,99,875.18,600,225102,TRUE,FALSE,NA,1,2251021
2211704_2_007,2211704,225,10,2,1,124,875.23,1200,225102,TRUE,FALSE,NA,1,2251021
2209658_2_006,2209658,225,10,2,1,203,875.72,600,225102,TRUE,FALSE,NA,1,2251021
2204808_2_006,2204808,225,10,2,1,104,876.4300000000001,1000,225102,TRUE,FALSE,NA,1,2251021
2200509_2_021,2200509,225,10,2,1,107,876.5799999999999,600,225102,TRUE,FALSE,NA,1,2251021
2208809_2_004,2208809,225,10,2,1,146,878.64,1212,225102,TRUE,FALSE,NA,1,2251021
2202554_2_006,2202554,225,10,2,3,100,879.8108,1114.56,225102,TRUE,FALSE,NA,1,2251021
2204907_2_008,2204907,225,10,2,2,119,880.35,670.5882352941177,225102,TRUE,FALSE,NA,1,2251021
2211704_2_003,2211704,225,10,2,1,119,880.84,1200,225102,TRUE,FALSE,NA,1,2251021
2208106_2_015,2208106,225,10,2,2,129,881.7927906976745,743.6046511627907,225102,TRUE,FALSE,NA,1,2251021
2210706_2_014,2210706,225,10,2,2,94,881.7946808510638,568.1702127659574,225102,TRUE,FALSE,NA,1,2251021
2210805_2_009,2210805,225,10,2,1,182,881.97,600,225102,TRUE,FALSE,NA,1,2251021
2210201_2_009,2210201,225,10,2,3,114,882.3084210526316,827.9298245614035,225102,TRUE,FALSE,NA,1,2251021
2209658_2_004,2209658,225,10,2,2,110,882.6105454545454,835.5272727272727,225102,TRUE,FALSE,NA,1,2251021
2202133_2_010,2202133,225,10,2,2,115,882.7979130434782,834.1565217391304,225102,TRUE,FALSE,NA,1,2251021
2202133_2_007,2202133,225,10,2,2,151,883.0568211920529,700,225102,TRUE,FALSE,NA,1,2251021
2208205_2_003,2208205,225,10,2,3,105,885.4110476190476,827.5428571428571,225102,TRUE,FALSE,NA,1,2251021
2202091_2_002,2202091,225,10,2,1,112,886.2699999999999,1206,225102,TRUE,FALSE,NA,1,2251021
2206050_2_011,2206050,225,10,2,1,154,886.2900000000001,1150,225102,TRUE,FALSE,NA,1,2251021
2201739_2_001,2201739,225,10,2,1,180,886.32,600,225102,TRUE,FALSE,NA,1,2251021
2207751_2_003,2207751,225,10,2,2,165,886.4381818181818,807.2727272727273,225102,TRUE,FALSE,NA,1,2251021
2211407_2_004,2211407,225,10,2,1,74,887.43,800,225102,TRUE,FALSE,NA,1,2251021
2207801_2_006,2207801,225,10,2,1,144,888.26,1212,225102,TRUE,FALSE,NA,1,2251021
2200251_2_003,2200251,225,10,2,3,124,888.6473387096775,744.3548387096774,225102,TRUE,FALSE,NA,1,2251021
2208205_2_002,2208205,225,10,2,1,203,888.7,840,225102,TRUE,FALSE,NA,1,2251021
2207959_2_001,2207959,225,10,2,1,126,889.99,680,225102,TRUE,FALSE,NA,1,2251021
2205201_2_018,2205201,225,10,2,1,129,890.75,906,225102,TRUE,FALSE,NA,1,2251021
2200905_2_002,2200905,225,10,2,1,81,890.86,1212,225102,TRUE,FALSE,NA,1,2251021
2204204_2_004,2204204,225,10,2,1,69,890.99,900,225102,TRUE,FALSE,NA,1,2251021
2210805_2_005,2210805,225,10,2,1,69,891.45,800,225102,TRUE,FALSE,NA,1,2251021
2211506_2_002,2211506,225,10,2,1,125,892.16,1200,225102,TRUE,FALSE,NA,1,2251021
2202133_2_001,2202133,225,10,2,1,86,892.57,776,225102,TRUE,FALSE,NA,1,2251021
2204303_2_002,2204303,225,10,2,1,115,893.81,700,225102,TRUE,FALSE,NA,1,2251021
2207801_2_021,2207801,225,10,2,1,91,893.9,1000,225102,TRUE,FALSE,NA,1,2251021
2208106_2_003,2208106,225,10,2,1,111,894.0499999999998,600,225102,TRUE,FALSE,NA,1,2251021
2200509_2_009,2200509,225,10,2,1,81,894.96000000000015,713,225102,TRUE,FALSE,NA,1,2251021
2205201_2_008,2205201,225,10,2,1,169,896,1000,225102,TRUE,FALSE,NA,1,2251021
2202133_2_008,2202133,225,10,2,1,110,897.97,1212,225102,TRUE,FALSE,NA,1,2251021
2206506_2_007,2206506,225,10,2,1,231,899,800,225102,TRUE,FALSE,NA,1,2251021
2207009_2_019,2207009,225,10,2,1,137,899.48,400,225102,TRUE,FALSE,NA,1,2251021
2208205_2_029,2208205,225,10,2,2,172,899.9847093023255,690.5813953488372,225102,TRUE,FALSE,NA,1,2251021
2200053_2_009,2200053,225,10,2,2,143,902.7183216783216,1157.370629370629,225102,TRUE,FALSE,NA,1,2251021
2202802_2_005,2202802,225,10,2,3,153,903.3646405228756,752,225102,TRUE,FALSE,NA,1,2251021
2208205_2_018,2208205,225,10,2,1,341,903.44,600,225102,TRUE,FALSE,NA,1,2251021
2206050_2_006,2206050,225,10,2,1,72,903.82,980,225102,TRUE,FALSE,NA,1,2251021
2200509_2_016,2200509,225,10,2,6,131,903.9970992366412,800.4580152671756,225102,TRUE,FALSE,NA,1,2251021
2200509_2_003,2200509,225,10,2,1,137,904.64,600,225102,TRUE,FALSE,NA,1,2251021
2209500_2_001,2209500,225,10,2,3,164,904.9290853658536,905.5182926829268,225102,TRUE,FALSE,NA,1,2251021
2200053_2_007,2200053,225,10,2,1,104,905.02,850,225102,TRUE,FALSE,NA,1,2251021
2208007_2_040,2208007,225,10,2,1,159,905.29,1212,225102,TRUE,FALSE,NA,1,2251021
2204808_2_002,2204808,225,10,2,2,108,906.3480555555556,821,225102,TRUE,FALSE,NA,1,2251021
2202133_2_009,2202133,225,10,2,2,127,907.2400787401576,1165.259842519685,225102,TRUE,FALSE,NA,1,2251021
2206506_2_006,2206506,225,10,2,1,99,908.12,1000,225102,TRUE,FALSE,NA,1,2251021
2210706_2_012,2210706,225,10,2,3,110,908.4129090909092,928.181818181818,225102,TRUE,FALSE,NA,1,2251021
2210904_2_001,2210904,225,10,2,1,86,908.45,600,225102,TRUE,FALSE,NA,1,2251021
2205565_2_009,2205565,225,10,2,1,139,908.53,1200,225102,TRUE,FALSE,NA,1,2251021
2210003_2_011,2210003,225,10,2,5,214,908.977289719626,777.4579439252336,225102,TRUE,FALSE,NA,1,2251021
2211605_2_004,2211605,225,10,2,1,93,909.06,1200,225102,TRUE,FALSE,NA,1,2251021
2208650_2_007,2208650,225,10,2,2,173,909.2709826589596,591.9075144508671,225102,TRUE,FALSE,NA,1,2251021
2200251_2_007,2200251,225,10,2,1,116,909.39,900,225102,TRUE,FALSE,NA,1,2251021
2208650_2_006,2208650,225,10,2,3,129,910.687984496124,1131.3100775193798,225102,TRUE,FALSE,NA,1,2251021
2208007_2_044,2208007,225,10,2,1,129,912.77,1000,225102,TRUE,FALSE,NA,1,2251021
2207207_2_006,2207207,225,10,2,1,155,913.02,1212,225102,TRUE,FALSE,NA,1,2251021
2207801_2_003,2207801,225,10,2,1,101,913.63,1156,225102,TRUE,FALSE,NA,1,2251021
2207801_2_012,2207801,225,10,2,1,202,913.66,600,225102,TRUE,FALSE,NA,1,2251021
2201556_2_005,2201556,225,10,2,2,197,913.82807106599,574.6192893401015,225102,TRUE,FALSE,NA,1,2251021
2201739_2_010,2201739,225,10,2,2,168,914.0500000000002,1203.857142857143,225102,TRUE,FALSE,NA,1,2251021
2208650_2_014,2208650,225,10,2,2,139,915.63,1206,225102,TRUE,FALSE,NA,1,2251021
2205201_2_019,2205201,225,10,2,1,123,915.77,900,225102,TRUE,FALSE,NA,1,2251021
2209955_2_005,2209955,225,10,2,3,115,915.9495652173912,1079.3739130434783,225102,TRUE,FALSE,NA,1,2251021
2201739_2_007,2201739,225,10,2,2,149,916.1775838926172,1049.6644295302012,225102,TRUE,FALSE,NA,1,2251021
2204907_2_010,2204907,225,10,2,1,88,916.21000000000015,600,225102,TRUE,FALSE,NA,1,2251021
2207108_2_002,2207108,225,10,2,4,271,916.760147601476,943.8523985239852,225102,TRUE,FALSE,NA,1,2251021
2206902_2_005,2206902,225,10,2,1,82,918.65,400,225102,TRUE,FALSE,NA,1,2251021
2207801_2_014,2207801,225,10,2,2,209,918.67,600,225102,TRUE,FALSE,NA,1,2251021
2205201_2_010,2205201,225,10,2,2,136,919.8367647058824,909.0588235294116,225102,TRUE,FALSE,NA,1,2251021
2202117_2_003,2202117,225,10,2,1,153,921.16,1212,225102,TRUE,FALSE,NA,1,2251021
2204709_2_013,2204709,225,10,2,1,174,921.67,800,225102,TRUE,FALSE,NA,1,2251021
2209104_2_004,2209104,225,10,2,3,182,921.983901098901,1027.956043956044,225102,TRUE,FALSE,NA,1,2251021
2205250_2_005,2205250,225,10,2,2,78,922.4696153846152,1041.025641025641,225102,TRUE,FALSE,NA,1,2251021
2207009_2_011,2207009,225,10,2,1,122,922.63,1212,225102,TRUE,FALSE,NA,1,2251021
2204709_2_005,2204709,225,10,2,1,80,922.8300000000002,1200,225102,TRUE,FALSE,NA,1,2251021
2202778_2_003,2202778,225,10,2,1,183,924.61,1200,225102,TRUE,FALSE,NA,1,2251021
2202778_2_002,2202778,225,10,2,1,74,924.62,900,225102,TRUE,FALSE,NA,1,2251021
2204709_2_012,2204709,225,10,2,1,74,924.7,800,225102,TRUE,FALSE,NA,1,2251021
2205953_2_003,2205953,225,10,2,1,105,925.04,600,225102,TRUE,FALSE,NA,1,2251021
2207801_2_015,2207801,225,10,2,2,172,926.761511627907,632.0232558139535,225102,TRUE,FALSE,NA,1,2251021
2208106_2_006,2208106,225,10,2,2,167,926.9339520958084,783.2335329341317,225102,TRUE,FALSE,NA,1,2251021
2203503_2_011,2203503,225,10,2,1,115,927.54,600,225102,TRUE,FALSE,NA,1,2251021
2206050_2_008,2206050,225,10,2,1,82,927.75,970,225102,TRUE,FALSE,NA,1,2251021
2205201_2_009,2205201,225,10,2,1,141,928.16,1000,225102,TRUE,FALSE,NA,1,2251021
2206902_2_009,2206902,225,10,2,2,121,928.6097520661156,812.6115702479339,225102,TRUE,FALSE,NA,1,2251021
2205003_2_002,2205003,225,10,2,1,207,929.15,1212,225102,TRUE,FALSE,NA,1,2251021
2209658_2_001,2209658,225,10,2,1,145,929.17,838.5,225102,TRUE,FALSE,NA,1,2251021
2205359_2_005,2205359,225,10,2,1,110,929.7,1000,225102,TRUE,FALSE,NA,1,2251021
2202117_2_004,2202117,225,10,2,1,101,930.29,1095,225102,TRUE,FALSE,NA,1,2251021
2200509_2_014,2200509,225,10,2,1,61,931,650,225102,TRUE,FALSE,NA,1,2251021
2202109_2_002,2202109,225,10,2,2,149,931.77677852349,1027.7919463087248,225102,TRUE,FALSE,NA,1,2251021
2200509_2_012,2200509,225,10,2,1,68,931.9,600,225102,TRUE,FALSE,NA,1,2251021
2207801_2_009,2207801,225,10,2,1,141,932.53999999999985,1212,225102,TRUE,FALSE,NA,1,2251021
2206902_2_006,2206902,225,10,2,1,116,933.93,1000,225102,TRUE,FALSE,NA,1,2251021
2211308_2_010,2211308,225,10,2,3,125,934.34664,864.704,225102,TRUE,FALSE,NA,1,2251021
2205201_2_021,2205201,225,10,2,1,138,934.51,1200,225102,TRUE,FALSE,NA,1,2251021
2204709_2_006,2204709,225,10,2,2,152,934.9443421052632,1057.8947368421052,225102,TRUE,FALSE,NA,1,2251021
2205599_2_006,2205599,225,10,2,1,121,935.54,1200,225102,TRUE,FALSE,NA,1,2251021
2204154_2_002,2204154,225,10,2,1,165,935.98,950,225102,TRUE,FALSE,NA,1,2251021
2210904_2_004,2210904,225,10,2,1,123,936.14,1100,225102,TRUE,FALSE,NA,1,2251021
2205003_2_019,2205003,225,10,2,1,100,936.17,1212,225102,TRUE,FALSE,NA,1,2251021
2204808_2_001,2204808,225,10,2,1,127,936.69,1000,225102,TRUE,FALSE,NA,1,2251021
2201804_2_003,2201804,225,10,2,1,102,936.8,955,225102,TRUE,FALSE,NA,1,2251021
2200053_2_003,2200053,225,10,2,1,153,937.05,700,225102,TRUE,FALSE,NA,1,2251021
2205953_2_001,2205953,225,10,2,1,101,937.1,600,225102,TRUE,FALSE,NA,1,2251021
2208809_2_008,2208809,225,10,2,1,88,938.15,950,225102,TRUE,FALSE,NA,1,2251021
2201804_2_004,2201804,225,10,2,3,129,938.2093023255812,894.6046511627907,225102,TRUE,FALSE,NA,1,2251021
2209104_2_001,2209104,225,10,2,2,119,938.2347058823528,1133.6134453781513,225102,TRUE,FALSE,NA,1,2251021
2204303_2_006,2204303,225,10,2,2,111,938.9631531531531,1206.3783783783783,225102,TRUE,FALSE,NA,1,2251021
2209807_2_002,2209807,225,10,2,1,101,939.32,1212,225102,TRUE,FALSE,NA,1,2251021
2206050_2_001,2206050,225,10,2,1,108,939.46,1212,225102,TRUE,FALSE,NA,1,2251021
2209807_2_003,2209807,225,10,2,2,86,939.5336046511626,711.5813953488372,225102,TRUE,FALSE,NA,1,2251021
2210383_2_001,2210383,225,10,2,1,180,940.46000000000015,1212,225102,TRUE,FALSE,NA,1,2251021
2204808_2_007,2204808,225,10,2,1,112,941.27,1212,225102,TRUE,FALSE,NA,1,2251021
2207009_2_007,2207009,225,10,2,2,166,942.4695783132532,1110.8433734939758,225102,TRUE,FALSE,NA,1,2251021
2206050_2_003,2206050,225,10,2,1,180,942.53,1206,225102,TRUE,FALSE,NA,1,2251021
2207959_2_006,2207959,225,10,2,1,113,942.8,500,225102,TRUE,FALSE,NA,1,2251021
2207009_2_005,2207009,225,10,2,1,141,943.33,750,225102,TRUE,FALSE,NA,1,2251021
2209377_2_003,2209377,225,10,2,1,77,943.4500000000002,815,225102,TRUE,FALSE,NA,1,2251021
2205201_2_002,2205201,225,10,2,1,149,945.37,900,225102,TRUE,FALSE,NA,1,2251021
2209351_2_002,2209351,225,10,2,1,101,945.84,900,225102,TRUE,FALSE,NA,1,2251021
2200251_2_001,2200251,225,10,2,1,80,946.03,1000,225102,TRUE,FALSE,NA,1,2251021
2210938_2_005,2210938,225,10,2,1,73,947.5599999999998,900,225102,TRUE,FALSE,NA,1,2251021
2202109_2_008,2202109,225,10,2,2,157,948.6961146496816,453.0573248407643,225102,TRUE,FALSE,NA,1,2251021
2208874_2_008,2208874,225,10,2,2,186,948.7277419354838,474.1935483870968,225102,TRUE,FALSE,NA,1,2251021
2202778_2_009,2202778,225,10,2,1,74,949.22,1000,225102,TRUE,FALSE,NA,1,2251021
2209401_2_006,2209401,225,10,2,1,117,949.35,1200,225102,TRUE,FALSE,NA,1,2251021
2208106_2_013,2208106,225,10,2,4,198,949.4045454545452,971.030303030303,225102,TRUE,FALSE,NA,1,2251021
2203503_2_005,2203503,225,10,2,1,64,949.72,1200,225102,TRUE,FALSE,NA,1,2251021
2207009_2_031,2207009,225,10,2,1,60,950,800,225102,TRUE,FALSE,NA,1,2251021
2204204_2_003,2204204,225,10,2,1,105,950.56,825,225102,TRUE,FALSE,NA,1,2251021
2211704_2_006,2211704,225,10,2,2,147,950.94462585034,1210.1224489795918,225102,TRUE,FALSE,NA,1,2251021
2208874_2_001,2208874,225,10,2,1,103,951.05,1000,225102,TRUE,FALSE,NA,1,2251021
2200509_2_018,2200509,225,10,2,2,156,951.1018589743592,792.2307692307693,225102,TRUE,FALSE,NA,1,2251021
2204808_2_005,2204808,225,10,2,1,105,951.35,1200,225102,TRUE,FALSE,NA,1,2251021
2204907_2_009,2204907,225,10,2,1,200,951.5,800,225102,TRUE,FALSE,NA,1,2251021
2208007_2_030,2208007,225,10,2,2,182,952.5568131868132,1006.5934065934066,225102,TRUE,FALSE,NA,1,2251021
2209401_2_002,2209401,225,10,2,1,147,952.58,600,225102,TRUE,FALSE,NA,1,2251021
2204204_2_005,2204204,225,10,2,1,113,952.73,1100,225102,TRUE,FALSE,NA,1,2251021
2204105_2_005,2204105,225,10,2,1,69,952.9,1212,225102,TRUE,FALSE,NA,1,2251021
2210300_2_003,2210300,225,10,2,1,133,953.19,800,225102,TRUE,FALSE,NA,1,2251021
2205003_2_012,2205003,225,10,2,1,97,954.25,1150,225102,TRUE,FALSE,NA,1,2251021
2202455_2_001,2202455,225,10,2,1,175,954.41,1000,225102,TRUE,FALSE,NA,1,2251021
2202117_2_001,2202117,225,10,2,1,157,954.69,900,225102,TRUE,FALSE,NA,1,2251021
2206050_2_004,2206050,225,10,2,1,136,954.88,1212,225102,TRUE,FALSE,NA,1,2251021
2208650_2_013,2208650,225,10,2,1,64,956.44,860,225102,TRUE,FALSE,NA,1,2251021
2201572_2_001,2201572,225,10,2,2,119,957.0694957983192,970.2857142857144,225102,TRUE,FALSE,NA,1,2251021
2209609_2_002,2209609,225,10,2,1,77,957.97,1212,225102,TRUE,FALSE,NA,1,2251021
2210904_2_005,2210904,225,10,2,1,142,958.45,1000,225102,TRUE,FALSE,NA,1,2251021
2207777_2_001,2207777,225,10,2,1,66,958.92,700,225102,TRUE,FALSE,NA,1,2251021
2205201_2_001,2205201,225,10,2,1,147,959.9,1200,225102,TRUE,FALSE,NA,1,2251021
2205151_2_006,2205151,225,10,2,1,101,960.37,700,225102,TRUE,FALSE,NA,1,2251021
2207777_2_002,2207777,225,10,2,1,182,960.4299999999998,1200,225102,TRUE,FALSE,NA,1,2251021
2207009_2_008,2207009,225,10,2,2,181,960.5995580110498,1063.9558011049724,225102,TRUE,FALSE,NA,1,2251021
2210706_2_016,2210706,225,10,2,2,133,960.66015037594,766.5413533834586,225102,TRUE,FALSE,NA,1,2251021
2207553_2_004,2207553,225,10,2,1,136,961,900,225102,TRUE,FALSE,NA,1,2251021
2204352_2_002,2204352,225,10,2,1,62,961.15,1212,225102,TRUE,FALSE,NA,1,2251021
2204303_2_003,2204303,225,10,2,1,68,962.24,1200,225102,TRUE,FALSE,NA,1,2251021
2204105_2_004,2204105,225,10,2,1,75,963.44,1212,225102,TRUE,FALSE,NA,1,2251021
2209104_2_003,2209104,225,10,2,2,195,964.2073333333332,1063.5076923076922,225102,TRUE,FALSE,NA,1,2251021
2203503_2_010,2203503,225,10,2,2,132,964.4455303030304,1162.878787878788,225102,TRUE,FALSE,NA,1,2251021
2205003_2_014,2205003,225,10,2,1,64,964.66,1212,225102,TRUE,FALSE,NA,1,2251021
2208809_2_003,2208809,225,10,2,2,121,965.2763636363636,878.1818181818181,225102,TRUE,FALSE,NA,1,2251021
2206506_2_010,2206506,225,10,2,1,133,965.57,600,225102,TRUE,FALSE,NA,1,2251021
2204352_2_006,2204352,225,10,2,2,134,966.5158208955224,1071.5223880597016,225102,TRUE,FALSE,NA,1,2251021
2209658_2_002,2209658,225,10,2,1,222,967.06,700,225102,TRUE,FALSE,NA,1,2251021
2202802_2_006,2202802,225,10,2,2,121,968.0736363636364,1154.1818181818182,225102,TRUE,FALSE,NA,1,2251021
2204709_2_015,2204709,225,10,2,2,135,968.154074074074,843.9111111111112,225102,TRUE,FALSE,NA,1,2251021
2200202_2_004,2200202,225,10,2,1,75,968.38,1000,225102,TRUE,FALSE,NA,1,2251021
2208007_2_037,2208007,225,10,2,1,64,968.48,1212,225102,TRUE,FALSE,NA,1,2251021
2207504_2_005,2207504,225,10,2,1,76,968.86,1055,225102,TRUE,FALSE,NA,1,2251021
2210508_2_004,2210508,225,10,2,1,66,969.09,800,225102,TRUE,FALSE,NA,1,2251021
2211308_2_001,2211308,225,10,2,1,70,969.8200000000002,1212,225102,TRUE,FALSE,NA,1,2251021
2209955_2_007,2209955,225,10,2,3,92,969.9217391304348,961.217391304348,225102,TRUE,FALSE,NA,1,2251021
2203503_2_002,2203503,225,10,2,2,141,970.4459574468084,1200,225102,TRUE,FALSE,NA,1,2251021
2210706_2_011,2210706,225,10,2,4,160,974.141,978.55,225102,TRUE,FALSE,NA,1,2251021
2207553_2_005,2207553,225,10,2,3,130,974.8202307692308,1190.123076923077,225102,TRUE,FALSE,NA,1,2251021
2200053_2_001,2200053,225,10,2,2,195,974.8547692307692,966.1538461538462,225102,TRUE,FALSE,NA,1,2251021
2205599_2_004,2205599,225,10,2,1,159,974.96,1000,225102,TRUE,FALSE,NA,1,2251021
2202554_2_001,2202554,225,10,2,2,132,974.9627272727272,1048.9848484848485,225102,TRUE,FALSE,NA,1,2251021
2204204_2_009,2204204,225,10,2,1,81,976.49,800,225102,TRUE,FALSE,NA,1,2251021
2203271_2_001,2203271,225,10,2,1,103,976.54,1000,225102,TRUE,FALSE,NA,1,2251021
2205003_2_013,2205003,225,10,2,2,195,977.1230256410256,1212,225102,TRUE,FALSE,NA,1,2251021
2205201_2_005,2205201,225,10,2,1,77,979.08,1200,225102,TRUE,FALSE,NA,1,2251021
2200053_2_014,2200053,225,10,2,1,62,979.26,900,225102,TRUE,FALSE,NA,1,2251021
2202075_2_004,2202075,225,10,2,2,155,979.6290322580644,825.058064516129,225102,TRUE,FALSE,NA,1,2251021
2204006_2_004,2204006,225,10,2,1,80,979.93,1212,225102,TRUE,FALSE,NA,1,2251021
2205201_2_013,2205201,225,10,2,1,123,980.13,600,225102,TRUE,FALSE,NA,1,2251021
2207009_2_014,2207009,225,10,2,2,159,980.5748427672956,1105.7610062893082,225102,TRUE,FALSE,NA,1,2251021
2207009_2_027,2207009,225,10,2,3,127,981.1338582677164,1080.5669291338584,225102,TRUE,FALSE,NA,1,2251021
2206506_2_001,2206506,225,10,2,1,96,982.4,1212,225102,TRUE,FALSE,NA,1,2251021
2200509_2_020,2200509,225,10,2,2,145,982.6020689655172,1212,225102,TRUE,FALSE,NA,1,2251021
2207504_2_015,2207504,225,10,2,2,128,982.754765625,717.890625,225102,TRUE,FALSE,NA,1,2251021
2200954_2_002,2200954,225,10,2,2,167,982.792754491018,1118.251497005988,225102,TRUE,FALSE,NA,1,2251021
2210979_2_003,2210979,225,10,2,1,94,983.46,766.5,225102,TRUE,FALSE,NA,1,2251021
2208205_2_024,2208205,225,10,2,2,106,984.2763207547172,1212,225102,TRUE,FALSE,NA,1,2251021
2204204_2_002,2204204,225,10,2,1,87,984.7,1000,225102,TRUE,FALSE,NA,1,2251021
2200509_2_007,2200509,225,10,2,1,74,984.85,900,225102,TRUE,FALSE,NA,1,2251021
2204709_2_018,2204709,225,10,2,2,201,984.8579104477612,1212,225102,TRUE,FALSE,NA,1,2251021
2206902_2_007,2206902,225,10,2,1,99,986.09,1212,225102,TRUE,FALSE,NA,1,2251021
2210300_2_002,2210300,225,10,2,1,98,986.13,1015,225102,TRUE,FALSE,NA,1,2251021
2207553_2_003,2207553,225,10,2,3,125,986.60464,1114.464,225102,TRUE,FALSE,NA,1,2251021
2200053_2_010,2200053,225,10,2,1,88,987.59,1212,225102,TRUE,FALSE,NA,1,2251021
2207777_2_010,2207777,225,10,2,1,103,987.71,1200,225102,TRUE,FALSE,NA,1,2251021
2200509_2_004,2200509,225,10,2,1,114,987.97,1212,225102,TRUE,FALSE,NA,1,2251021
2201176_2_001,2201176,225,10,2,1,96,988.21,800,225102,TRUE,FALSE,NA,1,2251021
2202778_2_010,2202778,225,10,2,3,82,988.328536585366,1113.0731707317073,225102,TRUE,FALSE,NA,1,2251021
2207777_2_007,2207777,225,10,2,1,194,988.83,1212,225102,TRUE,FALSE,NA,1,2251021
2208874_2_007,2208874,225,10,2,1,138,988.95,1212,225102,TRUE,FALSE,NA,1,2251021
2201556_2_003,2201556,225,10,2,3,133,989.4372180451128,1144.842105263158,225102,TRUE,FALSE,NA,1,2251021
2210706_2_001,2210706,225,10,2,1,179,990.23,800,225102,TRUE,FALSE,NA,1,2251021
2207009_2_028,2207009,225,10,2,2,114,990.32,1119.017543859649,225102,TRUE,FALSE,NA,1,2251021
2206506_2_003,2206506,225,10,2,1,165,990.48,760,225102,TRUE,FALSE,NA,1,2251021
2202554_2_005,2202554,225,10,2,1,80,990.75,850,225102,TRUE,FALSE,NA,1,2251021
2200277_2_002,2200277,225,10,2,3,170,991.0314117647058,927.0588235294116,225102,TRUE,FALSE,NA,1,2251021
2204907_2_002,2204907,225,10,2,1,146,991.51,1200,225102,TRUE,FALSE,NA,1,2251021
2207751_2_004,2207751,225,10,2,2,114,991.665,906,225102,TRUE,FALSE,NA,1,2251021
2207504_2_011,2207504,225,10,2,1,102,991.69,750,225102,TRUE,FALSE,NA,1,2251021
2208007_2_015,2208007,225,10,2,1,115,992.11,1212,225102,TRUE,FALSE,NA,1,2251021
2208106_2_014,2208106,225,10,2,1,254,992.86,1000,225102,TRUE,FALSE,NA,1,2251021
2200509_2_005,2200509,225,10,2,1,138,992.89,1212,225102,TRUE,FALSE,NA,1,2251021
2210805_2_003,2210805,225,10,2,1,91,993.28,1212,225102,TRUE,FALSE,NA,1,2251021
2205953_2_002,2205953,225,10,2,1,155,993.44,1212,225102,TRUE,FALSE,NA,1,2251021
2200509_2_013,2200509,225,10,2,1,61,994.8,1212,225102,TRUE,FALSE,NA,1,2251021
2202117_2_005,2202117,225,10,2,1,124,995.37,1212,225102,TRUE,FALSE,NA,1,2251021
2211605_2_001,2211605,225,10,2,1,135,995.5,1200,225102,TRUE,FALSE,NA,1,2251021
2209401_2_004,2209401,225,10,2,1,67,995.61,1206,225102,TRUE,FALSE,NA,1,2251021
2202455_2_004,2202455,225,10,2,3,158,995.9013924050632,732.6835443037975,225102,TRUE,FALSE,NA,1,2251021
2200509_2_022,2200509,225,10,2,4,131,996.084427480916,774.0458015267176,225102,TRUE,FALSE,NA,1,2251021
2202091_2_003,2202091,225,10,2,1,64,996.3,1200,225102,TRUE,FALSE,NA,1,2251021
2200509_2_010,2200509,225,10,2,1,127,996.83,1000,225102,TRUE,FALSE,NA,1,2251021
2204709_2_017,2204709,225,10,2,3,219,997.4649315068492,1212,225102,TRUE,FALSE,NA,1,2251021
2207777_2_008,2207777,225,10,2,1,92,998.08,1131.5,225102,TRUE,FALSE,NA,1,2251021
2204907_2_007,2204907,225,10,2,1,86,998.15,1200,225102,TRUE,FALSE,NA,1,2251021
2210805_2_002,2210805,225,10,2,2,220,998.3215454545456,957.2727272727273,225102,TRUE,FALSE,NA,1,2251021
2209401_2_001,2209401,225,10,2,1,138,999.29,800,225102,TRUE,FALSE,NA,2,2251022
2203503_2_004,2203503,225,10,2,1,114,999.45,1200,225102,TRUE,FALSE,NA,2,2251022
2206050_2_005,2206050,225,10,2,1,131,999.77,1188,225102,TRUE,FALSE,NA,2,2251022
2202554_2_002,2202554,225,10,2,1,140,1000.45,1212,225102,TRUE,FALSE,NA,2,2251022
2205003_2_003,2205003,225,10,2,1,73,1000.52,1212,225102,TRUE,FALSE,NA,2,2251022
2200509_2_006,2200509,225,10,2,2,158,1000.6580379746836,1208.73417721519,225102,TRUE,FALSE,NA,2,2251022
2204808_2_008,2204808,225,10,2,3,121,1001.176776859504,829.5206611570248,225102,TRUE,FALSE,NA,2,2251022
2202133_2_003,2202133,225,10,2,1,142,1001.35,1212,225102,TRUE,FALSE,NA,2,2251022
2209856_2_003,2209856,225,10,2,1,135,1002.39,1212,225102,TRUE,FALSE,NA,2,2251022
2205201_2_014,2205201,225,10,2,1,76,1002.63,1212,225102,TRUE,FALSE,NA,2,2251022
2200905_2_005,2200905,225,10,2,1,64,1002.66,1212,225102,TRUE,FALSE,NA,2,2251022
2208106_2_010,2208106,225,10,2,2,90,1004.3526666666668,951.1111111111112,225102,TRUE,FALSE,NA,2,2251022
2202802_2_007,2202802,225,10,2,3,74,1004.47,850,225102,TRUE,FALSE,NA,2,2251022
2210003_2_009,2210003,225,10,2,1,157,1004.55,1106,225102,TRUE,FALSE,NA,2,2251022
2209955_2_006,2209955,225,10,2,3,138,1004.6891304347828,1161.072463768116,225102,TRUE,FALSE,NA,2,2251022
2202778_2_001,2202778,225,10,2,1,112,1005.18,1150,225102,TRUE,FALSE,NA,2,2251022
2204352_2_004,2204352,225,10,2,1,119,1005.23,1212,225102,TRUE,FALSE,NA,2,2251022
2201572_2_002,2201572,225,10,2,2,97,1005.4386597938144,1085.0721649484535,225102,TRUE,FALSE,NA,2,2251022
2203859_2_002,2203859,225,10,2,2,168,1005.5625,1116.5892857142858,225102,TRUE,FALSE,NA,2,2251022
2200509_2_019,2200509,225,10,2,1,66,1005.85,1212,225102,TRUE,FALSE,NA,2,2251022
2211506_2_005,2211506,225,10,2,1,150,1006.73,1200,225102,TRUE,FALSE,NA,2,2251022
2208007_2_024,2208007,225,10,2,1,201,1006.84,1212,225102,TRUE,FALSE,NA,2,2251022
2205003_2_004,2205003,225,10,2,1,156,1007.07,1212,225102,TRUE,FALSE,NA,2,2251022
2207207_2_005,2207207,225,10,2,1,169,1007.77,1200,225102,TRUE,FALSE,NA,2,2251022
2208106_2_001,2208106,225,10,2,2,128,1007.794375,1200,225102,TRUE,FALSE,NA,2,2251022
2205201_2_020,2205201,225,10,2,1,174,1008.89,1212,225102,TRUE,FALSE,NA,2,2251022
2207009_2_022,2207009,225,10,2,1,81,1009.13,1212,225102,TRUE,FALSE,NA,2,2251022
2210805_2_006,2210805,225,10,2,1,77,1010.0499999999998,1212,225102,TRUE,FALSE,NA,2,2251022
2211506_2_004,2211506,225,10,2,1,214,1011.52,1212,225102,TRUE,FALSE,NA,2,2251022
2205599_2_008,2205599,225,10,2,2,144,1011.953472222222,1200,225102,TRUE,FALSE,NA,2,2251022
2207306_2_003,2207306,225,10,2,1,90,1012.24,1212,225102,TRUE,FALSE,NA,2,2251022
2204352_2_010,2204352,225,10,2,1,83,1012.28,1212,225102,TRUE,FALSE,NA,2,2251022
2210706_2_005,2210706,225,10,2,1,160,1014.3099999999998,600,225102,TRUE,FALSE,NA,2,2251022
2204808_2_009,2204808,225,10,2,1,89,1015.01,1200,225102,TRUE,FALSE,NA,2,2251022
2208205_2_015,2208205,225,10,2,5,92,1015.2197826086956,1105.304347826087,225102,TRUE,FALSE,NA,2,2251022
2202117_2_002,2202117,225,10,2,1,200,1015.33,940,225102,TRUE,FALSE,NA,2,2251022
2206050_2_010,2206050,225,10,2,1,179,1015.34,1180,225102,TRUE,FALSE,NA,2,2251022
2208007_2_006,2208007,225,10,2,1,135,1015.88,1200,225102,TRUE,FALSE,NA,2,2251022
2205250_2_001,2205250,225,10,2,1,167,1016.49,650,225102,TRUE,FALSE,NA,2,2251022
2204303_2_010,2204303,225,10,2,3,156,1016.6965384615384,1126.3846153846157,225102,TRUE,FALSE,NA,2,2251022
2210706_2_010,2210706,225,10,2,1,123,1016.77,1212,225102,TRUE,FALSE,NA,2,2251022
2205151_2_010,2205151,225,10,2,2,86,1017.3823255813954,1235.4651162790697,225102,TRUE,FALSE,NA,2,2251022
2204154_2_005,2204154,225,10,2,1,60,1017.52,1212,225102,TRUE,FALSE,NA,2,2251022
2205599_2_005,2205599,225,10,2,2,72,1018.4833333333332,1212,225102,TRUE,FALSE,NA,2,2251022
2201804_2_006,2201804,225,10,2,1,60,1019.02,1212,225102,TRUE,FALSE,NA,2,2251022
2204303_2_004,2204303,225,10,2,3,90,1020.0506666666666,1148.4,225102,TRUE,FALSE,NA,2,2251022
2208809_2_002,2208809,225,10,2,1,111,1020.81,1212,225102,TRUE,FALSE,NA,2,2251022
2201002_2_005,2201002,225,10,2,2,115,1020.906,809.5304347826087,225102,TRUE,FALSE,NA,2,2251022
2201176_2_002,2201176,225,10,2,1,145,1021.47,1212,225102,TRUE,FALSE,NA,2,2251022
2211407_2_005,2211407,225,10,2,2,130,1022.62,900,225102,TRUE,FALSE,NA,2,2251022
2210003_2_013,2210003,225,10,2,4,155,1023.3170967741936,1011.5741935483873,225102,TRUE,FALSE,NA,2,2251022
2204352_2_012,2204352,225,10,2,2,198,1023.3484848484848,1212,225102,TRUE,FALSE,NA,2,2251022
2200251_2_009,2200251,225,10,2,1,64,1024.11,1212,225102,TRUE,FALSE,NA,2,2251022
2200251_2_010,2200251,225,10,2,3,96,1024.17375,1146.6666666666667,225102,TRUE,FALSE,NA,2,2251022
2204303_2_008,2204303,225,10,2,2,110,1024.858,964.8,225102,TRUE,FALSE,NA,2,2251022
2204709_2_011,2204709,225,10,2,1,111,1025.63,725,225102,TRUE,FALSE,NA,2,2251022
2207553_2_008,2207553,225,10,2,1,161,1027.15,1212,225102,TRUE,FALSE,NA,2,2251022
2208007_2_026,2208007,225,10,2,1,117,1027.69,1212,225102,TRUE,FALSE,NA,2,2251022
2206902_2_008,2206902,225,10,2,1,66,1028.49,1212,225102,TRUE,FALSE,NA,2,2251022
2201556_2_002,2201556,225,10,2,1,124,1028.93,1212,225102,TRUE,FALSE,NA,2,2251022
2205250_2_004,2205250,225,10,2,1,160,1029.22,1212,225102,TRUE,FALSE,NA,2,2251022
2207777_2_006,2207777,225,10,2,1,61,1030.21,1212,225102,TRUE,FALSE,NA,2,2251022
2210508_2_006,2210508,225,10,2,2,139,1030.4,1212,225102,TRUE,FALSE,NA,2,2251022
2210375_2_003,2210375,225,10,2,2,132,1030.559393939394,1212,225102,TRUE,FALSE,NA,2,2251022
2211506_2_003,2211506,225,10,2,1,122,1030.68,1200,225102,TRUE,FALSE,NA,2,2251022
2201572_2_003,2201572,225,10,2,1,218,1030.69,1050,225102,TRUE,FALSE,NA,2,2251022
2209450_2_003,2209450,225,10,2,1,78,1031.14,800,225102,TRUE,FALSE,NA,2,2251022
2206050_2_002,2206050,225,10,2,1,117,1032.13,1212,225102,TRUE,FALSE,NA,2,2251022
2210805_2_007,2210805,225,10,2,2,221,1032.320814479638,1153.8461538461538,225102,TRUE,FALSE,NA,2,2251022
2202455_2_007,2202455,225,10,2,1,142,1032.37,1200,225102,TRUE,FALSE,NA,2,2251022
2202109_2_003,2202109,225,10,2,2,118,1032.7405084745762,1165.2881355932204,225102,TRUE,FALSE,NA,2,2251022
2207504_2_010,2207504,225,10,2,1,89,1034.16,1212,225102,TRUE,FALSE,NA,2,2251022
2209658_2_007,2209658,225,10,2,1,233,1035.79,1000,225102,TRUE,FALSE,NA,2,2251022
2208650_2_003,2208650,225,10,2,1,192,1036.49,1175,225102,TRUE,FALSE,NA,2,2251022
2210383_2_002,2210383,225,10,2,2,114,1036.66350877193,959.6842105263158,225102,TRUE,FALSE,NA,2,2251022
2207777_2_009,2207777,225,10,2,1,98,1036.97,1212,225102,TRUE,FALSE,NA,2,2251022
2205003_2_007,2205003,225,10,2,1,107,1038.11,1212,225102,TRUE,FALSE,NA,2,2251022
2201176_2_005,2201176,225,10,2,1,65,1038.25,1001,225102,TRUE,FALSE,NA,2,2251022
2210201_2_002,2210201,225,10,2,1,67,1038.3,1206,225102,TRUE,FALSE,NA,2,2251022
2207801_2_002,2207801,225,10,2,1,126,1039.27,1212,225102,TRUE,FALSE,NA,2,2251022
2207009_2_006,2207009,225,10,2,1,164,1039.48,1212,225102,TRUE,FALSE,NA,2,2251022
2200954_2_005,2200954,225,10,2,1,168,1039.99,1212,225102,TRUE,FALSE,NA,2,2251022
2200202_2_001,2200202,225,10,2,1,126,1040.27,868,225102,TRUE,FALSE,NA,2,2251022
2208007_2_021,2208007,225,10,2,1,73,1040.59,800,225102,TRUE,FALSE,NA,2,2251022
2204006_2_005,2204006,225,10,2,2,129,1041.426589147287,1214.6046511627908,225102,TRUE,FALSE,NA,2,2251022
2210003_2_007,2210003,225,10,2,1,132,1042.65,1060,225102,TRUE,FALSE,NA,2,2251022
2207009_2_025,2207009,225,10,2,1,79,1042.95,1212,225102,TRUE,FALSE,NA,2,2251022
2205003_2_020,2205003,225,10,2,3,130,1043.0004615384614,1103.7692307692307,225102,TRUE,FALSE,NA,2,2251022
2208650_2_008,2208650,225,10,2,1,119,1043.81,1212,225102,TRUE,FALSE,NA,2,2251022
2207306_2_001,2207306,225,10,2,1,153,1043.95,1212,225102,TRUE,FALSE,NA,2,2251022
2200103_2_002,2200103,225,10,2,1,103,1044.92,1200,225102,TRUE,FALSE,NA,2,2251022
2208205_2_001,2208205,225,10,2,2,99,1045.1170707070708,1165.959595959596,225102,TRUE,FALSE,NA,2,2251022
2202133_2_006,2202133,225,10,2,1,171,1045.28,1035,225102,TRUE,FALSE,NA,2,2251022
2210003_2_001,2210003,225,10,2,2,105,1045.5266666666666,819.047619047619,225102,TRUE,FALSE,NA,2,2251022
2211308_2_004,2211308,225,10,2,1,89,1045.65,1200,225102,TRUE,FALSE,NA,2,2251022
2207009_2_016,2207009,225,10,2,1,141,1046,1212,225102,TRUE,FALSE,NA,2,2251022
2210300_2_001,2210300,225,10,2,2,111,1046.0714414414415,1154.954954954955,225102,TRUE,FALSE,NA,2,2251022
2201556_2_001,2201556,225,10,2,1,98,1046.1,1212,225102,TRUE,FALSE,NA,2,2251022
2206506_2_009,2206506,225,10,2,1,60,1046.49,1000,225102,TRUE,FALSE,NA,2,2251022
2210508_2_010,2210508,225,10,2,1,96,1046.76,1212,225102,TRUE,FALSE,NA,2,2251022
2205003_2_001,2205003,225,10,2,1,159,1047.52,1212,225102,TRUE,FALSE,NA,2,2251022
2202802_2_001,2202802,225,10,2,1,65,1047.73,1212,225102,TRUE,FALSE,NA,2,2251022
2205565_2_007,2205565,225,10,2,1,78,1048.28,1212,225102,TRUE,FALSE,NA,2,2251022
2208601_2_001,2208601,225,10,2,1,104,1048.32,1212,225102,TRUE,FALSE,NA,2,2251022
2200053_2_002,2200053,225,10,2,1,165,1048.8,1212,225102,TRUE,FALSE,NA,2,2251022
2207801_2_018,2207801,225,10,2,1,83,1048.93,1000,225102,TRUE,FALSE,NA,2,2251022
2205201_2_016,2205201,225,10,2,1,74,1049.3,1212,225102,TRUE,FALSE,NA,2,2251022
2204303_2_005,2204303,225,10,2,1,67,1049.58,1212,225102,TRUE,FALSE,NA,2,2251022
2208007_2_038,2208007,225,10,2,1,65,1049.66,1200,225102,TRUE,FALSE,NA,2,2251022
2201002_2_002,2201002,225,10,2,1,111,1050.32,1212,225102,TRUE,FALSE,NA,2,2251022
2208007_2_007,2208007,225,10,2,1,170,1050.39,1212,225102,TRUE,FALSE,NA,2,2251022
2210201_2_001,2210201,225,10,2,2,108,1050.407777777778,1178.6296296296296,225102,TRUE,FALSE,NA,2,2251022
2209351_2_006,2209351,225,10,2,1,137,1050.47,1212,225102,TRUE,FALSE,NA,2,2251022
2205359_2_002,2205359,225,10,2,1,161,1050.79,1200,225102,TRUE,FALSE,NA,2,2251022
2210201_2_006,2210201,225,10,2,1,71,1051.31,1212,225102,TRUE,FALSE,NA,2,2251022
2210003_2_012,2210003,225,10,2,1,156,1051.5,1212,225102,TRUE,FALSE,NA,2,2251022
2209351_2_004,2209351,225,10,2,1,104,1052.58,1100,225102,TRUE,FALSE,NA,2,2251022
2206050_2_009,2206050,225,10,2,2,87,1053.333448275862,1212,225102,TRUE,FALSE,NA,2,2251022
2207934_2_002,2207934,225,10,2,1,104,1053.53,1212,225102,TRUE,FALSE,NA,2,2251022
2203503_2_001,2203503,225,10,2,1,162,1054.11,1212,225102,TRUE,FALSE,NA,2,2251022
2205599_2_007,2205599,225,10,2,2,72,1054.1538888888888,1200,225102,TRUE,FALSE,NA,2,2251022
2207751_2_002,2207751,225,10,2,1,64,1055.27,1212,225102,TRUE,FALSE,NA,2,2251022
2207009_2_030,2207009,225,10,2,1,114,1056.25,1200,225102,TRUE,FALSE,NA,2,2251022
2202554_2_007,2202554,225,10,2,4,161,1056.9693167701864,1128.807453416149,225102,TRUE,FALSE,NA,2,2251022
2202117_2_007,2202117,225,10,2,1,114,1057.16,1212,225102,TRUE,FALSE,NA,2,2251022
2207504_2_018,2207504,225,10,2,2,173,1057.2945086705204,1211.3757225433526,225102,TRUE,FALSE,NA,2,2251022
2210508_2_003,2210508,225,10,2,1,122,1057.85,1000,225102,TRUE,FALSE,NA,2,2251022
2208205_2_022,2208205,225,10,2,1,199,1057.89,1200,225102,TRUE,FALSE,NA,2,2251022
2207777_2_004,2207777,225,10,2,1,60,1058.75,1200,225102,TRUE,FALSE,NA,2,2251022
2209500_2_002,2209500,225,10,2,2,188,1058.7785106382978,1053.1914893617022,225102,TRUE,FALSE,NA,2,2251022
2210375_2_002,2210375,225,10,2,2,200,1059.0449,1212,225102,TRUE,FALSE,NA,2,2251022
2204204_2_010,2204204,225,10,2,1,134,1059.08,1212,225102,TRUE,FALSE,NA,2,2251022
2208007_2_020,2208007,225,10,2,2,113,1060.030442477876,896.9026548672566,225102,TRUE,FALSE,NA,2,2251022
2204006_2_001,2204006,225,10,2,1,120,1060.19,1212,225102,TRUE,FALSE,NA,2,2251022
2204154_2_004,2204154,225,10,2,4,137,1061.0388321167884,1011.6788321167884,225102,TRUE,FALSE,NA,2,2251022
2207959_2_005,2207959,225,10,2,1,88,1061.77,1212,225102,TRUE,FALSE,NA,2,2251022
2204907_2_005,2204907,225,10,2,3,158,1062.665569620253,890.8227848101266,225102,TRUE,FALSE,NA,2,2251022
2205359_2_003,2205359,225,10,2,1,164,1062.75,1200,225102,TRUE,FALSE,NA,2,2251022
2201408_2_005,2201408,225,10,2,1,63,1062.83,1212,225102,TRUE,FALSE,NA,2,2251022
2204204_2_007,2204204,225,10,2,2,159,1063.0196855345912,1212,225102,TRUE,FALSE,NA,2,2251022
2207959_2_007,2207959,225,10,2,1,85,1063.24,1212,225102,TRUE,FALSE,NA,2,2251022
2202075_2_001,2202075,225,10,2,1,141,1064.15,900,225102,TRUE,FALSE,NA,2,2251022
2207504_2_013,2207504,225,10,2,1,184,1064.34,1212,225102,TRUE,FALSE,NA,2,2251022
2210979_2_002,2210979,225,10,2,1,162,1064.54,1212,225102,TRUE,FALSE,NA,2,2251022
2206050_2_007,2206050,225,10,2,1,157,1064.6,1212,225102,TRUE,FALSE,NA,2,2251022
2204709_2_007,2204709,225,10,2,2,110,1065.1272727272728,904.7727272727273,225102,TRUE,FALSE,NA,2,2251022
2202133_2_002,2202133,225,10,2,1,126,1065.14,1212,225102,TRUE,FALSE,NA,2,2251022
2204105_2_006,2204105,225,10,2,1,60,1067.04,1212,225102,TRUE,FALSE,NA,2,2251022
2207306_2_002,2207306,225,10,2,1,245,1067.59,1200,225102,TRUE,FALSE,NA,2,2251022
2204352_2_003,2204352,225,10,2,1,124,1068.2,1212,225102,TRUE,FALSE,NA,2,2251022
2211407_2_003,2211407,225,10,2,1,105,1068.29,1212,225102,TRUE,FALSE,NA,2,2251022
2205003_2_021,2205003,225,10,2,3,76,1068.5875,1200.9473684210527,225102,TRUE,FALSE,NA,2,2251022
2206506_2_002,2206506,225,10,2,3,118,1069.239152542373,1206.1016949152545,225102,TRUE,FALSE,NA,2,2251022
2208809_2_005,2208809,225,10,2,1,175,1071.08,1212,225102,TRUE,FALSE,NA,2,2251022
2205151_2_005,2205151,225,10,2,1,181,1071.26,1200,225102,TRUE,FALSE,NA,2,2251022
2206902_2_001,2206902,225,10,2,1,137,1071.79,1200,225102,TRUE,FALSE,NA,2,2251022
2200509_2_008,2200509,225,10,2,1,140,1072.17,1212,225102,TRUE,FALSE,NA,2,2251022
2204709_2_003,2204709,225,10,2,1,192,1072.31,1212,225102,TRUE,FALSE,NA,2,2251022
2204006_2_003,2204006,225,10,2,1,122,1072.42,1212,225102,TRUE,FALSE,NA,2,2251022
2210938_2_008,2210938,225,10,2,1,96,1072.43,1212,225102,TRUE,FALSE,NA,2,2251022
2210938_2_007,2210938,225,10,2,1,115,1072.77,1212,225102,TRUE,FALSE,NA,2,2251022
2208650_2_001,2208650,225,10,2,1,111,1073.02,1212,225102,TRUE,FALSE,NA,2,2251022
2201002_2_006,2201002,225,10,2,1,67,1073.21,1200,225102,TRUE,FALSE,NA,2,2251022
2202778_2_006,2202778,225,10,2,1,104,1074.31,1212,225102,TRUE,FALSE,NA,2,2251022
2200954_2_001,2200954,225,10,2,1,128,1074.4,1212,225102,TRUE,FALSE,NA,2,2251022
2207207_2_003,2207207,225,10,2,1,125,1075.79,1212,225102,TRUE,FALSE,NA,2,2251022
2210805_2_008,2210805,225,10,2,2,203,1077.1201477832512,1006.5270935960592,225102,TRUE,FALSE,NA,2,2251022
2208007_2_013,2208007,225,10,2,1,206,1077.45,1212,225102,TRUE,FALSE,NA,2,2251022
2208650_2_015,2208650,225,10,2,1,76,1078.62,1212,225102,TRUE,FALSE,NA,2,2251022
2211308_2_003,2211308,225,10,2,3,217,1078.9593087557605,1209.0138248847927,225102,TRUE,FALSE,NA,2,2251022
2207504_2_003,2207504,225,10,2,2,184,1079.501847826087,1200.554347826087,225102,TRUE,FALSE,NA,2,2251022
2202091_2_007,2202091,225,10,2,1,111,1079.68,1212,225102,TRUE,FALSE,NA,2,2251022
2207801_2_005,2207801,225,10,2,1,65,1079.73,1212,225102,TRUE,FALSE,NA,2,2251022
2204352_2_005,2204352,225,10,2,1,96,1080.9,1212,225102,TRUE,FALSE,NA,2,2251022
2202778_2_004,2202778,225,10,2,1,102,1081.84,1220,225102,TRUE,FALSE,NA,2,2251022
2210904_2_007,2210904,225,10,2,3,119,1082.168151260504,1200,225102,TRUE,FALSE,NA,2,2251022
2207504_2_008,2207504,225,10,2,1,153,1083.62,700,225102,TRUE,FALSE,NA,2,2251022
2205599_2_001,2205599,225,10,2,1,98,1084.23,1243,225102,TRUE,FALSE,NA,2,2251022
2208007_2_014,2208007,225,10,2,1,65,1084.46,1212,225102,TRUE,FALSE,NA,2,2251022
2208205_2_007,2208205,225,10,2,2,86,1084.9870930232555,1178.1162790697674,225102,TRUE,FALSE,NA,2,2251022
2200608_2_001,2200608,225,10,2,1,87,1085.14,1212,225102,TRUE,FALSE,NA,2,2251022
2200905_2_004,2200905,225,10,2,2,128,1085.4625,1200,225102,TRUE,FALSE,NA,2,2251022
2205151_2_007,2205151,225,10,2,1,119,1085.68,1200,225102,TRUE,FALSE,NA,2,2251022
2202117_2_006,2202117,225,10,2,1,192,1085.7,1205,225102,TRUE,FALSE,NA,2,2251022
2208007_2_025,2208007,225,10,2,3,139,1087.3285611510792,1212,225102,TRUE,FALSE,NA,2,2251022
2200509_2_001,2200509,225,10,2,1,120,1087.38,1160,225102,TRUE,FALSE,NA,2,2251022
2207009_2_020,2207009,225,10,2,1,144,1088.29,1000,225102,TRUE,FALSE,NA,2,2251022
2209153_2_001,2209153,225,10,2,3,114,1088.4070175438596,1209.9473684210527,225102,TRUE,FALSE,NA,2,2251022
2208205_2_005,2208205,225,10,2,1,92,1088.74,922.5,225102,TRUE,FALSE,NA,2,2251022
2202109_2_006,2202109,225,10,2,1,162,1089.23,1212,225102,TRUE,FALSE,NA,2,2251022
2200053_2_006,2200053,225,10,2,1,89,1089.5,1212,225102,TRUE,FALSE,NA,2,2251022
2206506_2_005,2206506,225,10,2,1,75,1090.06,800,225102,TRUE,FALSE,NA,2,2251022
2211704_2_002,2211704,225,10,2,1,229,1090.25,1212,225102,TRUE,FALSE,NA,2,2251022
2211308_2_007,2211308,225,10,2,1,149,1090.78,1212,225102,TRUE,FALSE,NA,2,2251022
2210706_2_004,2210706,225,10,2,1,75,1091.24,1212,225102,TRUE,FALSE,NA,2,2251022
2207009_2_009,2207009,225,10,2,2,124,1092.018064516129,1212,225102,TRUE,FALSE,NA,2,2251022
2202109_2_001,2202109,225,10,2,1,79,1092.18,1200,225102,TRUE,FALSE,NA,2,2251022
2205003_2_008,2205003,225,10,2,1,187,1092.26,1212,225102,TRUE,FALSE,NA,2,2251022
2204006_2_002,2204006,225,10,2,3,148,1092.7791891891893,1212,225102,TRUE,FALSE,NA,2,2251022
2207504_2_009,2207504,225,10,2,1,66,1093.59,1212,225102,TRUE,FALSE,NA,2,2251022
2203503_2_009,2203503,225,10,2,1,85,1094.02,1212,225102,TRUE,FALSE,NA,2,2251022
2200251_2_002,2200251,225,10,2,1,103,1094.4,1212,225102,TRUE,FALSE,NA,2,2251022
2204204_2_006,2204204,225,10,2,1,92,1094.9,1200,225102,TRUE,FALSE,NA,2,2251022
2209377_2_004,2209377,225,10,2,1,124,1097,1212,225102,TRUE,FALSE,NA,2,2251022
2200509_2_017,2200509,225,10,2,1,121,1097.37,1155,225102,TRUE,FALSE,NA,2,2251022
2207504_2_020,2207504,225,10,2,1,114,1098.46,600,225102,TRUE,FALSE,NA,2,2251022
2204709_2_016,2204709,225,10,2,1,85,1098.9,1212,225102,TRUE,FALSE,NA,2,2251022
2210201_2_008,2210201,225,10,2,1,75,1099.64,1212,225102,TRUE,FALSE,NA,2,2251022
2205201_2_003,2205201,225,10,2,1,96,1100,1212,225102,TRUE,FALSE,NA,2,2251022
2207553_2_006,2207553,225,10,2,1,237,1100.94,1212,225102,TRUE,FALSE,NA,2,2251022
2208874_2_005,2208874,225,10,2,1,96,1101.19,1106,225102,TRUE,FALSE,NA,2,2251022
2200509_2_002,2200509,225,10,2,2,111,1101.8827027027028,1205.1891891891892,225102,TRUE,FALSE,NA,2,2251022
2204105_2_003,2204105,225,10,2,1,170,1101.96,1212,225102,TRUE,FALSE,NA,2,2251022
2203271_2_004,2203271,225,10,2,2,118,1102.4409322033898,1212,225102,TRUE,FALSE,NA,2,2251022
2207934_2_001,2207934,225,10,2,4,106,1102.570283018868,982.11320754717,225102,TRUE,FALSE,NA,2,2251022
2210003_2_006,2210003,225,10,2,1,145,1103.45,1212,225102,TRUE,FALSE,NA,2,2251022
2207504_2_016,2207504,225,10,2,3,177,1103.7311299435028,863.4350282485875,225102,TRUE,FALSE,NA,2,2251022
2202075_2_003,2202075,225,10,2,1,156,1103.89,1212,225102,TRUE,FALSE,NA,2,2251022
2207504_2_014,2207504,225,10,2,2,88,1104.3872727272728,1212,225102,TRUE,FALSE,NA,2,2251022
2201176_2_004,2201176,225,10,2,2,110,1104.6425454545454,1212,225102,TRUE,FALSE,NA,2,2251022
2208650_2_005,2208650,225,10,2,1,117,1104.93,1212,225102,TRUE,FALSE,NA,2,2251022
2208007_2_042,2208007,225,10,2,1,88,1104.98,1212,225102,TRUE,FALSE,NA,2,2251022
2208007_2_005,2208007,225,10,2,1,170,1105.28,1200,225102,TRUE,FALSE,NA,2,2251022
2207777_2_003,2207777,225,10,2,1,125,1105.48,1212,225102,TRUE,FALSE,NA,2,2251022
2209609_2_001,2209609,225,10,2,1,92,1105.53,1212,225102,TRUE,FALSE,NA,2,2251022
2201804_2_002,2201804,225,10,2,1,99,1106.21,1212,225102,TRUE,FALSE,NA,2,2251022
2208007_2_036,2208007,225,10,2,2,63,1106.4104761904762,1212,225102,TRUE,FALSE,NA,2,2251022
2207504_2_019,2207504,225,10,2,1,63,1106.74,1212,225102,TRUE,FALSE,NA,2,2251022
2202778_2_008,2202778,225,10,2,1,80,1107.11,1212,225102,TRUE,FALSE,NA,2,2251022
2208007_2_027,2208007,225,10,2,1,85,1107.24,1200,225102,TRUE,FALSE,NA,2,2251022
2209856_2_004,2209856,225,10,2,2,223,1108.1024215246637,1212,225102,TRUE,FALSE,NA,2,2251022
2207801_2_007,2207801,225,10,2,1,113,1109.94,700,225102,TRUE,FALSE,NA,2,2251022
2201002_2_003,2201002,225,10,2,1,164,1110.31,1212,225102,TRUE,FALSE,NA,2,2251022
2208106_2_008,2208106,225,10,2,1,90,1112.44,1212,225102,TRUE,FALSE,NA,2,2251022
2201804_2_005,2201804,225,10,2,1,126,1112.73,1212,225102,TRUE,FALSE,NA,2,2251022
2205201_2_017,2205201,225,10,2,2,142,1113.2804225352113,958.8732394366198,225102,TRUE,FALSE,NA,2,2251022
2207009_2_021,2207009,225,10,2,1,140,1114.74,1000,225102,TRUE,FALSE,NA,2,2251022
2210003_2_005,2210003,225,10,2,1,162,1115.08,1212,225102,TRUE,FALSE,NA,2,2251022
2210508_2_008,2210508,225,10,2,1,188,1115.74,1200,225102,TRUE,FALSE,NA,2,2251022
2209153_2_003,2209153,225,10,2,1,83,1116.52,1212,225102,TRUE,FALSE,NA,2,2251022
2210003_2_002,2210003,225,10,2,2,140,1116.5737142857142,1177.0285714285717,225102,TRUE,FALSE,NA,2,2251022
2200277_2_001,2200277,225,10,2,1,173,1117.38,1200,225102,TRUE,FALSE,NA,2,2251022
2207009_2_002,2207009,225,10,2,2,149,1117.6321476510068,1043.8255033557048,225102,TRUE,FALSE,NA,2,2251022
2209955_2_002,2209955,225,10,2,2,195,1117.940769230769,1200,225102,TRUE,FALSE,NA,2,2251022
2205565_2_004,2205565,225,10,2,1,128,1118.5,1212,225102,TRUE,FALSE,NA,2,2251022
2200608_2_003,2200608,225,10,2,2,88,1118.8955681818184,1004.3863636363636,225102,TRUE,FALSE,NA,2,2251022
2204352_2_007,2204352,225,10,2,1,140,1121.58,1212,225102,TRUE,FALSE,NA,2,2251022
2208650_2_009,2208650,225,10,2,2,148,1122.2655405405403,1212,225102,TRUE,FALSE,NA,2,2251022
2205359_2_001,2205359,225,10,2,1,131,1122.43,1212,225102,TRUE,FALSE,NA,2,2251022
2202109_2_009,2202109,225,10,2,1,197,1122.69,1000,225102,TRUE,FALSE,NA,2,2251022
2211506_2_001,2211506,225,10,2,1,107,1123.07,1200,225102,TRUE,FALSE,NA,2,2251022
2208007_2_032,2208007,225,10,2,1,145,1123.28,1212,225102,TRUE,FALSE,NA,2,2251022
2202091_2_008,2202091,225,10,2,1,81,1124.18,1212,225102,TRUE,FALSE,NA,2,2251022
2208601_2_002,2208601,225,10,2,1,85,1124.2,1029,225102,TRUE,FALSE,NA,2,2251022
2205565_2_005,2205565,225,10,2,1,129,1125.19,1212,225102,TRUE,FALSE,NA,2,2251022
2200608_2_004,2200608,225,10,2,4,181,1126.327624309392,1170.6298342541436,225102,TRUE,FALSE,NA,2,2251022
2204154_2_001,2204154,225,10,2,1,108,1126.86,1212,225102,TRUE,FALSE,NA,2,2251022
2203503_2_008,2203503,225,10,2,2,153,1127.7979738562092,1212,225102,TRUE,FALSE,NA,2,2251022
2205565_2_008,2205565,225,10,2,4,156,1127.959423076923,1165.1538461538462,225102,TRUE,FALSE,NA,2,2251022
2210706_2_017,2210706,225,10,2,1,60,1128.0799999999997,1200,225102,TRUE,FALSE,NA,2,2251022
2208007_2_018,2208007,225,10,2,1,94,1128.8,1200,225102,TRUE,FALSE,NA,2,2251022
2209351_2_003,2209351,225,10,2,1,100,1129.02,1080,225102,TRUE,FALSE,NA,2,2251022
2207801_2_011,2207801,225,10,2,1,69,1129.04,1212,225102,TRUE,FALSE,NA,2,2251022
2208650_2_004,2208650,225,10,2,1,104,1129.4,1212,225102,TRUE,FALSE,NA,2,2251022
2203271_2_005,2203271,225,10,2,3,113,1131.7538053097346,1212,225102,TRUE,FALSE,NA,2,2251022
2204709_2_004,2204709,225,10,2,1,140,1131.78,1212,225102,TRUE,FALSE,NA,2,2251022
2208205_2_006,2208205,225,10,2,2,134,1131.8101492537314,581.3432835820895,225102,TRUE,FALSE,NA,2,2251022
2202091_2_006,2202091,225,10,2,1,142,1132.76,800,225102,TRUE,FALSE,NA,2,2251022
2204709_2_001,2204709,225,10,2,1,111,1135.04,1212,225102,TRUE,FALSE,NA,2,2251022
2204808_2_004,2204808,225,10,2,2,157,1135.128407643312,1204.2038216560509,225102,TRUE,FALSE,NA,2,2251022
2204709_2_019,2204709,225,10,2,1,90,1135.21,1206,225102,TRUE,FALSE,NA,2,2251022
2205250_2_006,2205250,225,10,2,4,199,1136.8051256281408,1046.1155778894472,225102,TRUE,FALSE,NA,2,2251022
2207934_2_004,2207934,225,10,2,2,175,1137.1816571428571,1212,225102,TRUE,FALSE,NA,2,2251022
2205151_2_008,2205151,225,10,2,2,148,1140.7120945945946,1200,225102,TRUE,FALSE,NA,2,2251022
2200277_2_003,2200277,225,10,2,2,177,1142.3341242937852,1212,225102,TRUE,FALSE,NA,2,2251022
2203859_2_001,2203859,225,10,2,1,164,1142.54,1212,225102,TRUE,FALSE,NA,2,2251022
2207801_2_008,2207801,225,10,2,1,80,1142.63,1212,225102,TRUE,FALSE,NA,2,2251022
2210003_2_003,2210003,225,10,2,1,153,1142.65,1212,225102,TRUE,FALSE,NA,2,2251022
2201804_2_001,2201804,225,10,2,1,139,1145.08,1212,225102,TRUE,FALSE,NA,2,2251022
2210805_2_004,2210805,225,10,2,1,135,1145.75,1200,225102,TRUE,FALSE,NA,2,2251022
2207553_2_002,2207553,225,10,2,1,62,1146.41,1212,225102,TRUE,FALSE,NA,2,2251022
2209856_2_001,2209856,225,10,2,2,115,1146.4431304347825,1212,225102,TRUE,FALSE,NA,2,2251022
2211605_2_002,2211605,225,10,2,2,119,1146.4876470588238,1212,225102,TRUE,FALSE,NA,2,2251022
2205003_2_018,2205003,225,10,2,1,159,1147.49,1212,225102,TRUE,FALSE,NA,2,2251022
2200954_2_004,2200954,225,10,2,2,104,1149.0675,1059,225102,TRUE,FALSE,NA,2,2251022
2208205_2_012,2208205,225,10,2,1,63,1150.69,1212,225102,TRUE,FALSE,NA,2,2251022
2209450_2_002,2209450,225,10,2,1,82,1153.59,1212,225102,TRUE,FALSE,NA,2,2251022
2204352_2_013,2204352,225,10,2,1,95,1155.72,1212,225102,TRUE,FALSE,NA,2,2251022
2202091_2_010,2202091,225,10,2,1,160,1155.89,950,225102,TRUE,FALSE,NA,2,2251022
2208809_2_006,2208809,225,10,2,1,158,1156.72,1212,225102,TRUE,FALSE,NA,2,2251022
2204709_2_002,2204709,225,10,2,1,88,1156.74,1212,225102,TRUE,FALSE,NA,2,2251022
2209351_2_005,2209351,225,10,2,2,190,1156.9252105263158,1212,225102,TRUE,FALSE,NA,2,2251022
2202117_2_008,2202117,225,10,2,1,71,1157.91,1212,225102,TRUE,FALSE,NA,2,2251022
2209104_2_002,2209104,225,10,2,1,83,1160.43,1212,225102,TRUE,FALSE,NA,2,2251022
2208650_2_010,2208650,225,10,2,1,195,1161.05,1212,225102,TRUE,FALSE,NA,2,2251022
2202554_2_004,2202554,225,10,2,1,99,1161.16,900,225102,TRUE,FALSE,NA,2,2251022
2210805_2_010,2210805,225,10,2,1,198,1161.67,1212,225102,TRUE,FALSE,NA,2,2251022
2203503_2_006,2203503,225,10,2,1,145,1162.44,1300,225102,TRUE,FALSE,NA,2,2251022
2204105_2_001,2204105,225,10,2,2,174,1163.86,1212,225102,TRUE,FALSE,NA,2,2251022
2209955_2_004,2209955,225,10,2,1,75,1165.17,1212,225102,TRUE,FALSE,NA,2,2251022
2210805_2_011,2210805,225,10,2,3,143,1165.4960139860138,1049.6503496503497,225102,TRUE,FALSE,NA,2,2251022
2205540_2_001,2205540,225,10,2,2,177,1166.5174576271186,1014.915254237288,225102,TRUE,FALSE,NA,2,2251022
2207009_2_026,2207009,225,10,2,2,103,1166.9219417475726,968.4271844660194,225102,TRUE,FALSE,NA,2,2251022
2205565_2_003,2205565,225,10,2,1,153,1167.06,1212,225102,TRUE,FALSE,NA,2,2251022
2206902_2_003,2206902,225,10,2,1,150,1167.69,1212,225102,TRUE,FALSE,NA,2,2251022
2205003_2_017,2205003,225,10,2,1,95,1169.29,1212,225102,TRUE,FALSE,NA,2,2251022
2204709_2_009,2204709,225,10,2,1,142,1170.44,1212,225102,TRUE,FALSE,NA,2,2251022
2205599_2_002,2205599,225,10,2,1,101,1170.7,1212,225102,TRUE,FALSE,NA,2,2251022
2205003_2_005,2205003,225,10,2,1,107,1170.82,1212,225102,TRUE,FALSE,NA,2,2251022
2208007_2_004,2208007,225,10,2,2,315,1171.627619047619,1212,225102,TRUE,FALSE,NA,2,2251022
2208205_2_011,2208205,225,10,2,2,91,1171.6727472527473,1212,225102,TRUE,FALSE,NA,2,2251022
2208809_2_007,2208809,225,10,2,2,117,1172.0531623931624,1071.965811965812,225102,TRUE,FALSE,NA,2,2251022
2203859_2_003,2203859,225,10,2,2,158,1172.44,1212,225102,TRUE,FALSE,NA,2,2251022
2209955_2_001,2209955,225,10,2,1,179,1175.01,1212,225102,TRUE,FALSE,NA,2,2251022
2210003_2_010,2210003,225,10,2,1,90,1175.75,1212,225102,TRUE,FALSE,NA,2,2251022
2202802_2_004,2202802,225,10,2,1,134,1175.84,1212,225102,TRUE,FALSE,NA,2,2251022
2207504_2_006,2207504,225,10,2,2,82,1176.2473170731707,783.9024390243902,225102,TRUE,FALSE,NA,2,2251022
2210904_2_002,2210904,225,10,2,1,163,1176.6,1212,225102,TRUE,FALSE,NA,2,2251022
2206506_2_004,2206506,225,10,2,1,150,1176.89,1212,225102,TRUE,FALSE,NA,2,2251022
2202778_2_012,2202778,225,10,2,2,160,1177.865,1212,225102,TRUE,FALSE,NA,2,2251022
2208205_2_027,2208205,225,10,2,1,195,1178.99,800,225102,TRUE,FALSE,NA,2,2251022
2210201_2_010,2210201,225,10,2,1,86,1179.03,1212,225102,TRUE,FALSE,NA,2,2251022
2207207_2_007,2207207,225,10,2,2,156,1180.2507692307693,1211.3076923076924,225102,TRUE,FALSE,NA,2,2251022
2209807_2_001,2209807,225,10,2,1,131,1180.39,1212,225102,TRUE,FALSE,NA,2,2251022
2207777_2_005,2207777,225,10,2,1,118,1182.02,1212,225102,TRUE,FALSE,NA,2,2251022
2208007_2_033,2208007,225,10,2,1,94,1182.69,1212,225102,TRUE,FALSE,NA,2,2251022
2210706_2_006,2210706,225,10,2,1,150,1182.98,1212,225102,TRUE,FALSE,NA,2,2251022
2202075_2_002,2202075,225,10,2,1,185,1183.04,1212,225102,TRUE,FALSE,NA,2,2251022
2202109_2_004,2202109,225,10,2,1,99,1183.53,1212,225102,TRUE,FALSE,NA,2,2251022
2207553_2_001,2207553,225,10,2,2,169,1183.6946745562132,1107.171597633136,225102,TRUE,FALSE,NA,2,2251022
2200202_2_005,2200202,225,10,2,2,159,1183.7160377358491,1152,225102,TRUE,FALSE,NA,2,2251022
2209955_2_008,2209955,225,10,2,3,142,1183.761971830986,1005.1267605633802,225102,TRUE,FALSE,NA,2,2251022
2205250_2_002,2205250,225,10,2,1,125,1184.56,1212,225102,TRUE,FALSE,NA,2,2251022
2208650_2_011,2208650,225,10,2,3,114,1186.902456140351,1212,225102,TRUE,FALSE,NA,2,2251022
2200905_2_003,2200905,225,10,2,1,127,1189.31,1200,225102,TRUE,FALSE,NA,2,2251022
2204808_2_003,2204808,225,10,2,1,118,1189.33,1212,225102,TRUE,FALSE,NA,2,2251022
2204303_2_001,2204303,225,10,2,1,120,1189.68,1212,225102,TRUE,FALSE,NA,2,2251022
2200954_2_003,2200954,225,10,2,1,168,1189.7,1212,225102,TRUE,FALSE,NA,2,2251022
2203404_2_006,2203404,225,10,2,1,81,1189.71,1212,225102,TRUE,FALSE,NA,2,2251022
2204105_2_002,2204105,225,10,2,3,122,1191.635573770492,1212,225102,TRUE,FALSE,NA,2,2251022
2209153_2_002,2209153,225,10,2,1,77,1192.06,1224,225102,TRUE,FALSE,NA,2,2251022
2210979_2_001,2210979,225,10,2,1,152,1192.54,1200,225102,TRUE,FALSE,NA,2,2251022
2207009_2_032,2207009,225,10,2,1,73,1194.03,1120,225102,TRUE,FALSE,NA,2,2251022
2210508_2_013,2210508,225,10,2,1,99,1194.32,1212,225102,TRUE,FALSE,NA,2,2251022
2209500_2_003,2209500,225,10,2,2,111,1195.240540540541,1212,225102,TRUE,FALSE,NA,2,2251022
2200905_2_001,2200905,225,10,2,2,117,1195.4935042735042,1141.8803418803418,225102,TRUE,FALSE,NA,2,2251022
2210938_2_003,2210938,225,10,2,2,192,1196.613125,1203.1875,225102,TRUE,FALSE,NA,2,2251022
2210201_2_004,2210201,225,10,2,1,164,1196.86,1212,225102,TRUE,FALSE,NA,2,2251022
2210706_2_009,2210706,225,10,2,1,87,1197.02,1212,225102,TRUE,FALSE,NA,2,2251022
2205151_2_003,2205151,225,10,2,2,117,1197.7105128205128,1212,225102,TRUE,FALSE,NA,2,2251022
2202133_2_004,2202133,225,10,2,1,110,1198.14,1150,225102,TRUE,FALSE,NA,2,2251022
2211407_2_001,2211407,225,10,2,1,177,1198.31,1212,225102,TRUE,FALSE,NA,2,2251022
2207009_2_018,2207009,225,10,2,1,87,1198.38,1212,225102,TRUE,FALSE,NA,2,2251022
2205003_2_022,2205003,225,10,2,1,192,1198.82,1212,225102,TRUE,FALSE,NA,2,2251022
2210508_2_011,2210508,225,10,2,1,169,1200.49,1212,225102,TRUE,FALSE,NA,2,2251022
2200954_2_006,2200954,225,10,2,1,79,1200.6,1212,225102,TRUE,FALSE,NA,2,2251022
2202778_2_011,2202778,225,10,2,1,237,1202.63,1212,225102,TRUE,FALSE,NA,2,2251022
2207801_2_013,2207801,225,10,2,3,67,1203.4601492537313,1212,225102,TRUE,FALSE,NA,2,2251022
2207009_2_033,2207009,225,10,2,1,207,1204.84,1212,225102,TRUE,FALSE,NA,2,2251022
2202133_2_005,2202133,225,10,2,1,120,1206.68,1200,225102,TRUE,FALSE,NA,2,2251022
2208650_2_002,2208650,225,10,2,1,107,1207.51,1200,225102,TRUE,FALSE,NA,3,2251023
2211407_2_002,2211407,225,10,2,1,125,1208.49,1212,225102,TRUE,FALSE,NA,3,2251023
2210938_2_010,2210938,225,10,2,1,69,1209,1200,225102,TRUE,FALSE,NA,3,2251023
2210938_2_004,2210938,225,10,2,1,101,1209.1,1212,225102,TRUE,FALSE,NA,3,2251023
2209401_2_003,2209401,225,10,2,1,115,1209.44,1212,225102,TRUE,FALSE,NA,3,2251023
2210508_2_005,2210508,225,10,2,2,133,1210.351879699248,1116.165413533835,225102,TRUE,FALSE,NA,3,2251023
2207504_2_007,2207504,225,10,2,2,124,1210.3650806451617,1208.6129032258063,225102,TRUE,FALSE,NA,3,2251023
2204709_2_010,2204709,225,10,2,1,184,1210.43,1212,225102,TRUE,FALSE,NA,3,2251023
2204154_2_003,2204154,225,10,2,1,66,1211.1,1212,225102,TRUE,FALSE,NA,3,2251023
2210979_2_004,2210979,225,10,2,2,66,1211.59,1200,225102,TRUE,FALSE,NA,3,2251023
2208007_2_008,2208007,225,10,2,1,152,1212.19,1212,225102,TRUE,FALSE,NA,3,2251023
2203503_2_007,2203503,225,10,2,1,72,1212.69,1200,225102,TRUE,FALSE,NA,3,2251023
2201176_2_003,2201176,225,10,2,1,67,1213.09,1212,225102,TRUE,FALSE,NA,3,2251023
2205565_2_002,2205565,225,10,2,1,61,1213.39,1212,225102,TRUE,FALSE,NA,3,2251023
2200202_2_002,2200202,225,10,2,1,165,1214.43,1212,225102,TRUE,FALSE,NA,3,2251023
2208007_2_010,2208007,225,10,2,1,131,1215.74,1212,225102,TRUE,FALSE,NA,3,2251023
2204352_2_009,2204352,225,10,2,1,102,1215.79,1212,225102,TRUE,FALSE,NA,3,2251023
2201804_2_008,2201804,225,10,2,1,103,1215.93,1000,225102,TRUE,FALSE,NA,3,2251023
2210300_2_004,2210300,225,10,2,1,157,1216.4,1212,225102,TRUE,FALSE,NA,3,2251023
2211605_2_005,2211605,225,10,2,2,109,1216.4033944954128,1203.7431192660551,225102,TRUE,FALSE,NA,3,2251023
2209807_2_004,2209807,225,10,2,1,70,1216.79,1212,225102,TRUE,FALSE,NA,3,2251023
2205003_2_009,2205003,225,10,2,1,131,1219.28,1212,225102,TRUE,FALSE,NA,3,2251023
2204352_2_001,2204352,225,10,2,1,102,1220.38,1212,225102,TRUE,FALSE,NA,3,2251023
2207009_2_003,2207009,225,10,2,1,85,1226.48,1212,225102,TRUE,FALSE,NA,3,2251023
2208007_2_019,2208007,225,10,2,1,138,1227.85,1212,225102,TRUE,FALSE,NA,3,2251023
2207009_2_024,2207009,225,10,2,1,165,1230.86,1212,225102,TRUE,FALSE,NA,3,2251023
2204204_2_001,2204204,225,10,2,1,198,1231.87,1212,225102,TRUE,FALSE,NA,3,2251023
2206902_2_004,2206902,225,10,2,1,82,1233.15,1212,225102,TRUE,FALSE,NA,3,2251023
2210938_2_006,2210938,225,10,2,1,65,1235.06,1212,225102,TRUE,FALSE,NA,3,2251023
2207009_2_015,2207009,225,10,2,1,67,1239.16,1212,225102,TRUE,FALSE,NA,3,2251023
2202091_2_009,2202091,225,10,2,1,95,1240.75,1200,225102,TRUE,FALSE,NA,3,2251023
2200905_2_006,2200905,225,10,2,2,116,1242.1487931034485,1212,225102,TRUE,FALSE,NA,3,2251023
2207009_2_001,2207009,225,10,2,1,111,1242.69,1212,225102,TRUE,FALSE,NA,3,2251023
2208874_2_003,2208874,225,10,2,1,130,1243.74,1200,225102,TRUE,FALSE,NA,3,2251023
2202778_2_007,2202778,225,10,2,1,69,1245.85,1212,225102,TRUE,FALSE,NA,3,2251023
2211605_2_003,2211605,225,10,2,1,111,1247.11,1200,225102,TRUE,FALSE,NA,3,2251023
2200053_2_013,2200053,225,10,2,3,106,1247.5732075471701,1200,225102,TRUE,FALSE,NA,3,2251023
2205151_2_009,2205151,225,10,2,3,143,1247.8724475524475,981.4685314685316,225102,TRUE,FALSE,NA,3,2251023
2210904_2_006,2210904,225,10,2,1,88,1249.77,1200,225102,TRUE,FALSE,NA,3,2251023
2208106_2_009,2208106,225,10,2,1,67,1251.05,1212,225102,TRUE,FALSE,NA,3,2251023
2208007_2_039,2208007,225,10,2,2,135,1255.7217777777778,1206.9333333333334,225102,TRUE,FALSE,NA,3,2251023
2209351_2_001,2209351,225,10,2,1,89,1257.05,1212,225102,TRUE,FALSE,NA,3,2251023
2210201_2_003,2210201,225,10,2,1,116,1257.98,1212,225102,TRUE,FALSE,NA,3,2251023
2204352_2_011,2204352,225,10,2,1,78,1258.74,1212,225102,TRUE,FALSE,NA,3,2251023
2209377_2_001,2209377,225,10,2,1,177,1259,1212,225102,TRUE,FALSE,NA,3,2251023
2209856_2_005,2209856,225,10,2,1,192,1259.47,1212,225102,TRUE,FALSE,NA,3,2251023
2204907_2_004,2204907,225,10,2,1,110,1260.0200000000002,1200,225102,TRUE,FALSE,NA,3,2251023
2202778_2_005,2202778,225,10,2,1,144,1260.27,1212,225102,TRUE,FALSE,NA,3,2251023
2210003_2_004,2210003,225,10,2,1,116,1260.9699999999998,1212,225102,TRUE,FALSE,NA,3,2251023
2203404_2_004,2203404,225,10,2,1,207,1264.22,1200,225102,TRUE,FALSE,NA,3,2251023
2207504_2_012,2207504,225,10,2,1,63,1264.46,1212,225102,TRUE,FALSE,NA,3,2251023
2210508_2_007,2210508,225,10,2,1,69,1265.38,1212,225102,TRUE,FALSE,NA,3,2251023
2211308_2_011,2211308,225,10,2,2,67,1271.510447761194,1212,225102,TRUE,FALSE,NA,3,2251023
2207009_2_023,2207009,225,10,2,1,128,1271.6,1212,225102,TRUE,FALSE,NA,3,2251023
2200509_2_011,2200509,225,10,2,1,78,1272.94,1212,225102,TRUE,FALSE,NA,3,2251023
2211605_2_006,2211605,225,10,2,1,61,1275.48,1212,225102,TRUE,FALSE,NA,3,2251023
2208874_2_006,2208874,225,10,2,2,148,1276.94222972973,1047.7567567567569,225102,TRUE,FALSE,NA,3,2251023
2205151_2_004,2205151,225,10,2,2,86,1277.438953488372,1346.5116279069769,225102,TRUE,FALSE,NA,3,2251023
2205540_2_002,2205540,225,10,2,4,223,1278.3868161434978,1143.4439461883408,225102,TRUE,FALSE,NA,3,2251023
2205201_2_004,2205201,225,10,2,1,85,1278.62,1212,225102,TRUE,FALSE,NA,3,2251023
2208874_2_004,2208874,225,10,2,1,125,1282.04,1212,225102,TRUE,FALSE,NA,3,2251023
2210300_2_005,2210300,225,10,2,4,176,1282.2319886363637,1193.9318181818182,225102,TRUE,FALSE,NA,3,2251023
2204907_2_003,2204907,225,10,2,1,102,1282.9,1200,225102,TRUE,FALSE,NA,3,2251023
2211308_2_006,2211308,225,10,2,2,190,1287.8375789473685,1208.7157894736845,225102,TRUE,FALSE,NA,3,2251023
2208007_2_002,2208007,225,10,2,1,119,1288.82,1200,225102,TRUE,FALSE,NA,3,2251023
2209609_2_004,2209609,225,10,2,1,110,1290.96,1212,225102,TRUE,FALSE,NA,3,2251023
2207504_2_001,2207504,225,10,2,1,194,1295.64,1100,225102,TRUE,FALSE,NA,3,2251023
2207801_2_016,2207801,225,10,2,3,222,1297.8839189189189,1133.0135135135135,225102,TRUE,FALSE,NA,3,2251023
2211308_2_005,2211308,225,10,2,1,170,1297.98,1212,225102,TRUE,FALSE,NA,3,2251023
2207009_2_010,2207009,225,10,2,1,144,1300.69,1212,225102,TRUE,FALSE,NA,3,2251023
2207934_2_003,2207934,225,10,2,1,62,1303.12,1212,225102,TRUE,FALSE,NA,3,2251023
2202091_2_001,2202091,225,10,2,1,143,1304.39,1200,225102,TRUE,FALSE,NA,3,2251023
2210003_2_014,2210003,225,10,2,5,154,1307.787012987013,1039.948051948052,225102,TRUE,FALSE,NA,3,2251023
2207801_2_001,2207801,225,10,2,2,81,1308.398888888889,1047.111111111111,225102,TRUE,FALSE,NA,3,2251023
2209856_2_002,2209856,225,10,2,1,166,1308.59,1212,225102,TRUE,FALSE,NA,3,2251023
2203404_2_005,2203404,225,10,2,1,148,1310.48,1212,225102,TRUE,FALSE,NA,3,2251023
2204204_2_008,2204204,225,10,2,1,159,1311.13,1212,225102,TRUE,FALSE,NA,3,2251023
2207009_2_017,2207009,225,10,2,1,201,1312.7200000000005,1212,225102,TRUE,FALSE,NA,3,2251023
2200103_2_001,2200103,225,10,2,1,132,1313.41,1212,225102,TRUE,FALSE,NA,3,2251023
2209856_2_006,2209856,225,10,2,1,95,1325.1,1212,225102,TRUE,FALSE,NA,3,2251023
2208007_2_011,2208007,225,10,2,1,172,1325.51,1200,225102,TRUE,FALSE,NA,3,2251023
2210375_2_001,2210375,225,10,2,4,207,1329.266956521739,1166.8599033816424,225102,TRUE,FALSE,NA,3,2251023
2205003_2_006,2205003,225,10,2,1,170,1330.91,1212,225102,TRUE,FALSE,NA,3,2251023
2205250_2_007,2205250,225,10,2,2,169,1333.353846153846,1212,225102,TRUE,FALSE,NA,3,2251023
2205565_2_006,2205565,225,10,2,1,156,1334,1212,225102,TRUE,FALSE,NA,3,2251023
2208007_2_017,2208007,225,10,2,1,112,1335.3,1212,225102,TRUE,FALSE,NA,3,2251023
2202109_2_005,2202109,225,10,2,1,100,1335.37,1212,225102,TRUE,FALSE,NA,3,2251023
2200509_2_015,2200509,225,10,2,3,188,1345.0436702127658,1094.872340425532,225102,TRUE,FALSE,NA,3,2251023
2208007_2_041,2208007,225,10,2,1,152,1348.38,1216,225102,TRUE,FALSE,NA,3,2251023
2208007_2_031,2208007,225,10,2,2,210,1348.7034285714285,1202.2285714285715,225102,TRUE,FALSE,NA,3,2251023
2210938_2_002,2210938,225,10,2,1,70,1356.8,1200,225102,TRUE,FALSE,NA,3,2251023
2210938_2_001,2210938,225,10,2,1,146,1357.65,1200,225102,TRUE,FALSE,NA,3,2251023
2208874_2_002,2208874,225,10,2,1,90,1360.6,1212,225102,TRUE,FALSE,NA,3,2251023
2200202_2_003,2200202,225,10,2,1,92,1366.74,1200,225102,TRUE,FALSE,NA,3,2251023
2208007_2_022,2208007,225,10,2,1,103,1369.46,1212,225102,TRUE,FALSE,NA,3,2251023
2207553_2_007,2207553,225,10,2,2,73,1370.2724657534245,1206.5753424657537,225102,TRUE,FALSE,NA,3,2251023
2201408_2_004,2201408,225,10,2,1,107,1371.01,1212,225102,TRUE,FALSE,NA,3,2251023
2207108_2_001,2207108,225,10,2,2,130,1371.194923076923,1212,225102,TRUE,FALSE,NA,3,2251023
2206902_2_002,2206902,225,10,2,1,135,1371.66,1212,225102,TRUE,FALSE,NA,3,2251023
2204709_2_008,2204709,225,10,2,1,140,1379.26,1212,225102,TRUE,FALSE,NA,3,2251023
2203404_2_003,2203404,225,10,2,2,155,1380.888387096774,1212,225102,TRUE,FALSE,NA,3,2251023
2208007_2_009,2208007,225,10,2,1,80,1392.77,1200,225102,TRUE,FALSE,NA,3,2251023
2201408_2_001,2201408,225,10,2,1,145,1393.57,1212,225102,TRUE,FALSE,NA,3,2251023
2205151_2_001,2205151,225,10,2,1,84,1394.86,1212,225102,TRUE,FALSE,NA,3,2251023
2208007_2_035,2208007,225,10,2,1,82,1397.95,1200,225102,TRUE,FALSE,NA,3,2251023
2208007_2_028,2208007,225,10,2,1,222,1400.0800000000002,1200,225102,TRUE,FALSE,NA,3,2251023
2209856_2_007,2209856,225,10,2,1,168,1402.67,1212,225102,TRUE,FALSE,NA,3,2251023
2205359_2_004,2205359,225,10,2,3,145,1403.5106896551724,1207.8620689655172,225102,TRUE,FALSE,NA,3,2251023
2209450_2_001,2209450,225,10,2,1,122,1405.48,1212,225102,TRUE,FALSE,NA,3,2251023
2210508_2_001,2210508,225,10,2,1,107,1413.24,1212,225102,TRUE,FALSE,NA,3,2251023
2200608_2_002,2200608,225,10,2,4,147,1413.9722448979592,1028,225102,TRUE,FALSE,NA,3,2251023
2210201_2_007,2210201,225,10,2,1,102,1414.5,1212,225102,TRUE,FALSE,NA,3,2251023
2205565_2_001,2205565,225,10,2,1,105,1415.05,1212,225102,TRUE,FALSE,NA,3,2251023
2207751_2_001,2207751,225,10,2,3,128,1417.50328125,1212,225102,TRUE,FALSE,NA,3,2251023
2208007_2_016,2208007,225,10,2,2,78,1425.1766666666667,1212,225102,TRUE,FALSE,NA,3,2251023
2211308_2_002,2211308,225,10,2,1,129,1425.34,1200,225102,TRUE,FALSE,NA,3,2251023
2207504_2_002,2207504,225,10,2,1,85,1439.53,1212,225102,TRUE,FALSE,NA,3,2251023
2208007_2_023,2208007,225,10,2,1,254,1447.98,1212,225102,TRUE,FALSE,NA,3,2251023
2205151_2_002,2205151,225,10,2,2,87,1450.4027586206898,1212,225102,TRUE,FALSE,NA,3,2251023
2201804_2_007,2201804,225,10,2,2,143,1451.175944055944,1204.951048951049,225102,TRUE,FALSE,NA,3,2251023
2208205_2_021,2208205,225,10,2,1,82,1453.27,1212,225102,TRUE,FALSE,NA,3,2251023
2208007_2_001,2208007,225,10,2,1,175,1455.46,1212,225102,TRUE,FALSE,NA,3,2251023
2208007_2_012,2208007,225,10,2,1,151,1458.43,1212,225102,TRUE,FALSE,NA,3,2251023
2208007_2_043,2208007,225,10,2,1,103,1470.16,1212,225102,TRUE,FALSE,NA,3,2251023
2200103_2_003,2200103,225,10,2,4,88,1475.373068181818,1134.5454545454545,225102,TRUE,FALSE,NA,3,2251023
2203404_2_002,2203404,225,10,2,1,203,1478.56,1212,225102,TRUE,FALSE,NA,3,2251023
2204303_2_009,2204303,225,10,2,1,67,1490.67,1212,225102,TRUE,FALSE,NA,3,2251023
2205003_2_023,2205003,225,10,2,2,152,1494.7332894736844,1212,225102,TRUE,FALSE,NA,3,2251023
2208007_2_034,2208007,225,10,2,1,160,1496.11,1203,225102,TRUE,FALSE,NA,3,2251023
2211308_2_009,2211308,225,10,2,1,117,1500.2399999999998,1200,225102,TRUE,FALSE,NA,3,2251023
2204600_2_001,2204600,225,10,2,2,125,1503.87432,1200,225102,TRUE,FALSE,NA,3,2251023
2209609_2_003,2209609,225,10,2,1,154,1506.36,1212,225102,TRUE,FALSE,NA,3,2251023
2210508_2_012,2210508,225,10,2,1,76,1532.92,1212,225102,TRUE,FALSE,NA,3,2251023
2203404_2_001,2203404,225,10,2,1,114,1535.2599999999998,1212,225102,TRUE,FALSE,NA,3,2251023
2210508_2_014,2210508,225,10,2,2,107,1541.6028971962617,1212,225102,TRUE,FALSE,NA,3,2251023
2201408_2_002,2201408,225,10,2,2,105,1543.7893333333334,1212,225102,TRUE,FALSE,NA,3,2251023
2210938_2_009,2210938,225,10,2,1,136,1562.86,1212,225102,TRUE,FALSE,NA,3,2251023
2204600_2_002,2204600,225,10,2,1,90,1592.18,1212,225102,TRUE,FALSE,NA,3,2251023
2208007_2_003,2208007,225,10,2,1,72,1603.18,1212,225102,TRUE,FALSE,NA,3,2251023
2205003_2_010,2205003,225,10,2,1,100,1607.99,1212,225102,TRUE,FALSE,NA,3,2251023
2210508_2_002,2210508,225,10,2,1,84,1630.4299999999998,1212,225102,TRUE,FALSE,NA,3,2251023
2205003_2_011,2205003,225,10,2,1,63,1663.6,1212,225102,TRUE,FALSE,NA,3,2251023
2204105_2_007,2204105,225,10,2,3,104,1713.485,1212,225102,TRUE,FALSE,NA,3,2251023
2211308_2_008,2211308,225,10,2,1,210,1727.13,1212,225102,TRUE,FALSE,NA,3,2251023
2210805_2_001,2210805,225,10,2,1,157,1785.07,1212,225102,TRUE,FALSE,NA,3,2251023
2210508_2_009,2210508,225,10,2,1,81,1837.6700000000003,1212,225102,TRUE,FALSE,NA,3,2251023
2200053_2_012,2200053,225,10,2,1,78,1954.93,1200,225102,TRUE,FALSE,NA,3,2251023
2210003_2_008,2210003,225,10,2,1,71,2128.66,1212,225102,TRUE,FALSE,NA,3,2251023
2210706_2_013,2210706,225,10,2,2,142,2292.439507042254,1412.7887323943662,225102,TRUE,FALSE,NA,3,2251023
2204352_2_008,2204352,225,10,2,1,93,2355.2,1212,225102,TRUE,FALSE,NA,3,2251023
2201200_1_033,2201200,225,20,1,1,146,662.64,400,225201,TRUE,FALSE,NA,1,2252011
2201200_1_013,2201200,225,20,1,1,181,666.69,400,225201,TRUE,FALSE,NA,1,2252011
2208403_1_074,2208403,225,20,1,1,217,686.16,600,225201,TRUE,FALSE,NA,1,2252011
2208403_1_073,2208403,225,20,1,1,129,740.46,600,225201,TRUE,FALSE,NA,1,2252011
2205805_1_014,2205805,225,20,1,1,232,759.28,450,225201,TRUE,FALSE,NA,1,2252011
2205805_1_016,2205805,225,20,1,1,121,767.0099999999999,400,225201,TRUE,FALSE,NA,1,2252011
2203701_1_032,2203701,225,20,1,1,242,777.4,400,225201,TRUE,FALSE,NA,1,2252011
2202729_1_003,2202729,225,20,1,1,134,791.47,402,225201,TRUE,FALSE,NA,1,2252011
2204659_1_005,2204659,225,20,1,1,216,804.01,450,225201,TRUE,FALSE,NA,1,2252011
2205805_1_007,2205805,225,20,1,1,342,805.54,600,225201,TRUE,FALSE,NA,1,2252011
2207900_1_028,2207900,225,20,1,3,238,818.698781512605,522.8823529411765,225201,TRUE,FALSE,NA,1,2252011
2206803_1_005,2206803,225,20,1,2,97,823.7728865979382,554.5360824742268,225201,TRUE,FALSE,NA,1,2252011
2208403_1_060,2208403,225,20,1,1,306,824.87,600,225201,TRUE,FALSE,NA,1,2252011
2201507_1_006,2201507,225,20,1,1,274,837.45,523,225201,TRUE,FALSE,NA,1,2252011
2208304_1_014,2208304,225,20,1,1,139,855.73,750,225201,TRUE,FALSE,NA,1,2252011
2203701_1_028,2203701,225,20,1,1,173,867.93,700,225201,TRUE,FALSE,NA,1,2252011
2205805_1_011,2205805,225,20,1,1,227,873.86,750,225201,TRUE,FALSE,NA,1,2252011
2208304_1_039,2208304,225,20,1,1,165,883.82,792.5,225201,TRUE,FALSE,NA,1,2252011
2201051_1_004,2201051,225,20,1,1,185,884.5199999999999,600,225201,TRUE,FALSE,NA,1,2252011
2207900_1_014,2207900,225,20,1,2,269,892.5641635687732,427.8810408921933,225201,TRUE,FALSE,NA,1,2252011
2207793_1_002,2207793,225,20,1,1,135,905.54,700,225201,TRUE,FALSE,NA,1,2252011
2201770_1_003,2201770,225,20,1,1,262,906.33,400,225201,TRUE,FALSE,NA,1,2252011
2209971_1_007,2209971,225,20,1,1,173,907.77,750,225201,TRUE,FALSE,NA,1,2252011
2201051_1_002,2201051,225,20,1,1,135,909.96,700,225201,TRUE,FALSE,NA,1,2252011
2201200_1_021,2201200,225,20,1,1,194,911.66,650,225201,TRUE,FALSE,NA,1,2252011
2201200_1_025,2201200,225,20,1,1,207,915.1,600,225201,TRUE,FALSE,NA,1,2252011
2208304_1_028,2208304,225,20,1,1,270,919.5,800,225201,TRUE,FALSE,NA,1,2252011
2207900_1_022,2207900,225,20,1,1,325,919.99,900,225201,TRUE,FALSE,NA,1,2252011
2202703_1_015,2202703,225,20,1,1,95,921.01,600,225201,TRUE,FALSE,NA,1,2252011
2202000_1_009,2202000,225,20,1,1,105,921.8,750,225201,TRUE,FALSE,NA,1,2252011
2202703_1_011,2202703,225,20,1,1,109,923.71,600,225201,TRUE,FALSE,NA,1,2252011
2203701_1_029,2203701,225,20,1,2,118,925.1959322033898,600,225201,TRUE,FALSE,NA,1,2252011
2207702_1_172,2207702,225,20,1,1,350,926.17,700,225201,TRUE,FALSE,NA,1,2252011
2208403_1_062,2208403,225,20,1,1,313,926.5499999999998,750,225201,TRUE,FALSE,NA,1,2252011
2208304_1_023,2208304,225,20,1,1,143,927.77,800,225201,TRUE,FALSE,NA,1,2252011
2202000_1_011,2202000,225,20,1,1,208,928.83,700,225201,TRUE,FALSE,NA,1,2252011
2210409_1_007,2210409,225,20,1,1,153,933.0800000000002,1212,225201,TRUE,FALSE,NA,1,2252011
2208304_1_032,2208304,225,20,1,1,283,936.18,600,225201,TRUE,FALSE,NA,1,2252011
2202000_1_018,2202000,225,20,1,1,93,936.41,600,225201,TRUE,FALSE,NA,1,2252011
2207702_1_132,2207702,225,20,1,1,190,938.01,1206,225201,TRUE,FALSE,NA,1,2252011
2202729_1_002,2202729,225,20,1,1,206,939,600,225201,TRUE,FALSE,NA,1,2252011
2208403_1_056,2208403,225,20,1,1,302,939.25,620,225201,TRUE,FALSE,NA,1,2252011
2208304_1_033,2208304,225,20,1,1,150,939.61,800,225201,TRUE,FALSE,NA,1,2252011
2202604_1_017,2202604,225,20,1,1,147,942.17,1000,225201,TRUE,FALSE,NA,1,2252011
2208502_1_006,2208502,225,20,1,1,331,943.23,700,225201,TRUE,FALSE,NA,1,2252011
2202000_1_006,2202000,225,20,1,1,416,946.57,800,225201,TRUE,FALSE,NA,1,2252011
2201507_1_010,2201507,225,20,1,1,128,951.38,1200,225201,TRUE,FALSE,NA,1,2252011
2202000_1_012,2202000,225,20,1,1,157,953.12,900,225201,TRUE,FALSE,NA,1,2252011
2209971_1_008,2209971,225,20,1,1,193,954.95,650,225201,TRUE,FALSE,NA,1,2252011
2208502_1_003,2208502,225,20,1,1,311,957.81,1119,225201,TRUE,FALSE,NA,1,2252011
2205409_1_006,2205409,225,20,1,1,241,962.12,800,225201,TRUE,FALSE,NA,1,2252011
2202000_1_010,2202000,225,20,1,1,130,962.16,535.5,225201,TRUE,FALSE,NA,1,2252011
2207702_3_001,2207702,225,20,3,1,144,964.71,960,225201,TRUE,FALSE,225203,1,2252011
2200301_1_008,2200301,225,20,1,1,230,965.61,956.5,225201,TRUE,FALSE,NA,1,2252011
2207900_1_012,2207900,225,20,1,1,256,965.94,664,225201,TRUE,FALSE,NA,1,2252011
2206670_1_003,2206670,225,20,1,1,226,966.05,700,225201,TRUE,FALSE,NA,1,2252011
2208403_1_058,2208403,225,20,1,1,303,971.16,750,225201,TRUE,FALSE,NA,1,2252011
2208502_1_008,2208502,225,20,1,2,112,971.899375,791.25,225201,TRUE,FALSE,NA,1,2252011
2202604_1_010,2202604,225,20,1,1,301,977.93,1040,225201,TRUE,FALSE,NA,1,2252011
2201200_1_006,2201200,225,20,1,1,244,979.42,1000,225201,TRUE,FALSE,NA,1,2252011
2208304_1_010,2208304,225,20,1,2,239,981.1654393305438,1034.3096234309623,225201,TRUE,FALSE,NA,1,2252011
2202000_1_008,2202000,225,20,1,1,207,984.26,1200,225201,TRUE,FALSE,NA,1,2252011
2201507_1_018,2201507,225,20,1,2,194,988.1731958762888,588.659793814433,225201,TRUE,FALSE,NA,1,2252011
2205805_1_012,2205805,225,20,1,1,158,989.89,900,225201,TRUE,FALSE,NA,1,2252011
2209971_1_003,2209971,225,20,1,1,212,992.02,850,225201,TRUE,FALSE,NA,1,2252011
2200301_1_005,2200301,225,20,1,1,334,997.01,1200,225201,TRUE,FALSE,NA,1,2252011
2202703_1_009,2202703,225,20,1,1,197,997.29,1200,225201,TRUE,FALSE,NA,1,2252011
2208502_1_002,2208502,225,20,1,1,253,997.65,600,225201,TRUE,FALSE,NA,1,2252011
2201200_1_004,2201200,225,20,1,1,249,1005.12,1025,225201,TRUE,FALSE,NA,1,2252011
2208304_1_036,2208304,225,20,1,1,171,1006.88,1200,225201,TRUE,FALSE,NA,1,2252011
2202604_1_014,2202604,225,20,1,1,276,1010.47,1006,225201,TRUE,FALSE,NA,1,2252011
2210409_1_008,2210409,225,20,1,1,259,1010.91,1212,225201,TRUE,FALSE,NA,1,2252011
2206357_1_002,2206357,225,20,1,3,279,1011.1874910394264,1015.3405017921148,225201,TRUE,FALSE,NA,1,2252011
2205458_1_002,2205458,225,20,1,1,120,1011.47,950,225201,TRUE,FALSE,NA,1,2252011
2202406_1_006,2202406,225,20,1,1,221,1011.87,1000,225201,TRUE,FALSE,NA,1,2252011
2210052_1_001,2210052,225,20,1,1,240,1012.01,1212,225201,TRUE,FALSE,NA,1,2252011
2208403_1_044,2208403,225,20,1,1,119,1012.14,1210,225201,TRUE,FALSE,NA,1,2252011
2202000_1_017,2202000,225,20,1,2,114,1012.8784210526316,934.8640350877192,225201,TRUE,FALSE,NA,1,2252011
2208403_1_059,2208403,225,20,1,1,250,1013.23,670,225201,TRUE,FALSE,NA,1,2252011
2210409_1_011,2210409,225,20,1,1,156,1013.27,800,225201,TRUE,FALSE,NA,1,2252011
2205706_1_007,2205706,225,20,1,1,281,1018.13,1200,225201,TRUE,FALSE,NA,1,2252011
2205805_1_013,2205805,225,20,1,1,263,1020.0599999999998,1000,225201,TRUE,FALSE,NA,1,2252011
2202406_1_003,2202406,225,20,1,2,305,1023.137049180328,1201.888524590164,225201,TRUE,FALSE,NA,1,2252011
2207702_1_130,2207702,225,20,1,1,337,1024.16,1212,225201,TRUE,FALSE,NA,1,2252011
2203701_1_034,2203701,225,20,1,1,118,1025.38,950,225201,TRUE,FALSE,NA,1,2252011
2201200_1_030,2201200,225,20,1,1,212,1032.27,600,225201,TRUE,FALSE,NA,1,2252011
2206670_1_002,2206670,225,20,1,1,205,1032.84,1000,225201,TRUE,FALSE,NA,1,2252011
2200301_1_007,2200301,225,20,1,1,128,1034.34,1212,225201,TRUE,FALSE,NA,1,2252011
2201507_1_015,2201507,225,20,1,1,109,1036.99,1000,225201,TRUE,FALSE,NA,1,2252011
2203701_1_031,2203701,225,20,1,1,109,1037.1,1000,225201,TRUE,FALSE,NA,1,2252011
2206209_1_005,2206209,225,20,1,1,393,1037.66,800,225201,TRUE,FALSE,NA,1,2252011
2209906_1_001,2209906,225,20,1,1,299,1038.51,1100,225201,TRUE,FALSE,NA,1,2252011
2203701_1_022,2203701,225,20,1,1,270,1040.42,1206,225201,TRUE,FALSE,NA,1,2252011
2206209_1_008,2206209,225,20,1,1,178,1045.61,1200,225201,TRUE,FALSE,NA,1,2252011
2206951_1_001,2206951,225,20,1,2,103,1045.6857281553398,896.1941747572815,225201,TRUE,FALSE,NA,1,2252011
2209906_1_005,2209906,225,20,1,1,205,1047.23,782,225201,TRUE,FALSE,NA,1,2252011
2202406_1_007,2202406,225,20,1,1,268,1047.64,1200,225201,TRUE,FALSE,NA,1,2252011
2202703_1_017,2202703,225,20,1,3,314,1050.9842993630573,1046.3312101910828,225201,TRUE,FALSE,NA,1,2252011
2209971_1_006,2209971,225,20,1,1,194,1053.19,900,225201,TRUE,FALSE,NA,1,2252011
2202208_1_019,2202208,225,20,1,1,144,1054.21,1212,225201,TRUE,FALSE,NA,1,2252011
2207900_1_011,2207900,225,20,1,1,295,1062.23,800,225201,TRUE,FALSE,NA,1,2252011
2206100_1_007,2206100,225,20,1,1,160,1063.62,600,225201,TRUE,FALSE,NA,1,2252011
2207702_1_084,2207702,225,20,1,1,273,1066.63,1212,225201,TRUE,FALSE,NA,1,2252011
2206100_1_004,2206100,225,20,1,1,225,1066.64,787,225201,TRUE,FALSE,NA,1,2252011
2202208_1_018,2202208,225,20,1,1,119,1067.66,1212,225201,TRUE,FALSE,NA,1,2252011
2208304_1_037,2208304,225,20,1,1,99,1070.27,1212,225201,TRUE,FALSE,NA,1,2252011
2209872_1_004,2209872,225,20,1,1,314,1070.71,1200,225201,TRUE,FALSE,NA,1,2252011
2208502_1_004,2208502,225,20,1,1,364,1073.51,1200,225201,TRUE,FALSE,NA,1,2252011
2207900_1_005,2207900,225,20,1,1,258,1073.74,1220,225201,TRUE,FALSE,NA,1,2252011
2210052_1_003,2210052,225,20,1,1,205,1075.56,1212,225201,TRUE,FALSE,NA,1,2252011
2202208_1_031,2202208,225,20,1,1,226,1078.33,1200,225201,TRUE,FALSE,NA,1,2252011
2201945_1_003,2201945,225,20,1,1,224,1078.96,1212,225201,TRUE,FALSE,NA,1,2252011
2203701_1_037,2203701,225,20,1,1,186,1080.55,1200,225201,TRUE,FALSE,NA,1,2252011
2206209_1_004,2206209,225,20,1,1,211,1081.54,750,225201,TRUE,FALSE,NA,1,2252011
2206357_1_003,2206357,225,20,1,2,163,1081.8139877300614,1212,225201,TRUE,FALSE,NA,1,2252011
2210656_1_005,2210656,225,20,1,2,228,1085.421052631579,1174.5263157894738,225201,TRUE,FALSE,NA,1,2252011
2207900_1_029,2207900,225,20,1,1,184,1086.85,1200,225201,TRUE,FALSE,NA,1,2252011
2207702_1_204,2207702,225,20,1,1,252,1086.98,900,225201,TRUE,FALSE,NA,1,2252011
2208304_1_038,2208304,225,20,1,1,278,1087.83,1000,225201,TRUE,FALSE,NA,1,2252011
2206100_1_008,2206100,225,20,1,2,100,1088.3438,1211.61,225201,TRUE,FALSE,NA,1,2252011
2205706_1_012,2205706,225,20,1,1,126,1089.58,1200,225201,TRUE,FALSE,NA,1,2252011
2201507_1_009,2201507,225,20,1,1,269,1090.74,1085,225201,TRUE,FALSE,NA,1,2252011
2201051_1_005,2201051,225,20,1,1,285,1093.2,1000,225201,TRUE,FALSE,NA,1,2252011
2205805_1_005,2205805,225,20,1,1,203,1094.23,1212,225201,TRUE,FALSE,NA,1,2252011
2209971_1_001,2209971,225,20,1,1,142,1095.32,1000,225201,TRUE,FALSE,NA,1,2252011
2207702_1_134,2207702,225,20,1,1,245,1097.56,1212,225201,TRUE,FALSE,NA,1,2252011
2202083_1_006,2202083,225,20,1,1,150,1098.31,1212,225201,TRUE,FALSE,NA,1,2252011
2200301_1_006,2200301,225,20,1,1,200,1099.56,1000,225201,TRUE,FALSE,NA,1,2252011
2206100_1_003,2206100,225,20,1,1,249,1100.7,800,225201,TRUE,FALSE,NA,1,2252011
2201507_1_019,2201507,225,20,1,2,406,1101.0159852216748,1068.472906403941,225201,TRUE,FALSE,NA,1,2252011
2208403_1_061,2208403,225,20,1,1,228,1101.37,1012,225201,TRUE,FALSE,NA,1,2252011
2209906_1_003,2209906,225,20,1,1,151,1101.51,1212,225201,TRUE,FALSE,NA,1,2252011
2208304_1_030,2208304,225,20,1,3,244,1101.835737704918,1051.573770491803,225201,TRUE,FALSE,NA,1,2252011
2208304_1_009,2208304,225,20,1,1,283,1102,1000,225201,TRUE,FALSE,NA,1,2252011
2201507_1_011,2201507,225,20,1,1,174,1102.69,1100,225201,TRUE,FALSE,NA,1,2252011
2207702_1_135,2207702,225,20,1,1,252,1104.37,1212,225201,TRUE,FALSE,NA,1,2252011
2208403_1_034,2208403,225,20,1,1,165,1105.58,1200,225201,TRUE,FALSE,NA,1,2252011
2208403_1_065,2208403,225,20,1,1,173,1106.35,900,225201,TRUE,FALSE,NA,1,2252011
2205805_1_015,2205805,225,20,1,2,270,1107.7022222222222,1085.1851851851852,225201,TRUE,FALSE,NA,1,2252011
2205706_1_014,2205706,225,20,1,1,312,1110.55,1212,225201,TRUE,FALSE,NA,1,2252011
2210409_1_002,2210409,225,20,1,1,214,1112.06,1212,225201,TRUE,FALSE,NA,1,2252011
2210656_1_002,2210656,225,20,1,2,325,1113.142553846154,1072.6153846153843,225201,TRUE,FALSE,NA,1,2252011
2207900_1_017,2207900,225,20,1,1,228,1113.92,1212,225201,TRUE,FALSE,NA,1,2252011
2201919_1_002,2201919,225,20,1,1,208,1113.93,827.5,225201,TRUE,FALSE,NA,1,2252011
2201051_1_003,2201051,225,20,1,1,178,1116.38,1212,225201,TRUE,FALSE,NA,1,2252011
2201200_1_036,2201200,225,20,1,2,153,1116.4505882352942,1074.8235294117646,225201,TRUE,FALSE,NA,1,2252011
2207702_1_086,2207702,225,20,1,1,140,1117.09,1212,225201,TRUE,FALSE,NA,1,2252011
2208403_1_031,2208403,225,20,1,3,219,1119.1446118721462,1075.0684931506848,225201,TRUE,FALSE,NA,1,2252011
2203701_1_033,2203701,225,20,1,1,114,1120.12,600,225201,TRUE,FALSE,NA,1,2252011
2202604_1_018,2202604,225,20,1,1,192,1121.07,1212,225201,TRUE,FALSE,NA,1,2252011
2201200_1_028,2201200,225,20,1,1,203,1121.11,1000,225201,TRUE,FALSE,NA,1,2252011
2206696_1_002,2206696,225,20,1,1,173,1121.54,600,225201,TRUE,FALSE,NA,1,2252011
2202000_1_013,2202000,225,20,1,1,267,1124.91,1200,225201,TRUE,FALSE,NA,1,2252011
2202604_1_011,2202604,225,20,1,2,245,1125.2397142857142,739.8857142857142,225201,TRUE,FALSE,NA,1,2252011
2202703_1_007,2202703,225,20,1,1,235,1125.92,1200,225201,TRUE,FALSE,NA,1,2252011
2207702_1_122,2207702,225,20,1,1,358,1126.56,1212,225201,TRUE,FALSE,NA,1,2252011
2205706_1_018,2205706,225,20,1,1,109,1127.23,1200,225201,TRUE,FALSE,NA,1,2252011
2205805_1_004,2205805,225,20,1,1,166,1128.64,1212,225201,TRUE,FALSE,NA,1,2252011
2202000_1_007,2202000,225,20,1,1,370,1129.19,1212,225201,TRUE,FALSE,NA,1,2252011
2202208_1_017,2202208,225,20,1,1,124,1130.87,1212,225201,TRUE,FALSE,NA,1,2252011
2207702_1_224,2207702,225,20,1,2,114,1130.9215789473683,1208.3157894736842,225201,TRUE,FALSE,NA,1,2252011
2202703_1_016,2202703,225,20,1,1,323,1132.71,600,225201,TRUE,FALSE,NA,1,2252011
2209872_1_003,2209872,225,20,1,1,195,1132.99,800,225201,TRUE,FALSE,NA,1,2252011
2201200_1_005,2201200,225,20,1,1,267,1134.3,1212,225201,TRUE,FALSE,NA,1,2252011
2201200_1_035,2201200,225,20,1,1,345,1138.03,1000,225201,TRUE,FALSE,NA,1,2252011
2202729_1_005,2202729,225,20,1,1,158,1140.04,1212,225201,TRUE,FALSE,NA,1,2252011
2201507_1_013,2201507,225,20,1,1,222,1140.11,1212,225201,TRUE,FALSE,NA,1,2252011
2202711_1_003,2202711,225,20,1,1,126,1141.45,1212,225201,TRUE,FALSE,NA,1,2252011
2204659_1_006,2204659,225,20,1,1,255,1142.08,800,225201,TRUE,FALSE,NA,1,2252011
2201507_1_017,2201507,225,20,1,1,132,1145.13,1000,225201,TRUE,FALSE,NA,1,2252011
2208403_1_016,2208403,225,20,1,1,368,1145.56,1212,225201,TRUE,FALSE,NA,1,2252011
2210409_1_012,2210409,225,20,1,2,255,1146.756666666667,1212,225201,TRUE,FALSE,NA,1,2252011
2201770_1_004,2201770,225,20,1,1,284,1152.57,1212,225201,TRUE,FALSE,NA,1,2252011
2210409_1_004,2210409,225,20,1,1,179,1153.23,1212,225201,TRUE,FALSE,NA,1,2252011
2202083_1_002,2202083,225,20,1,1,303,1155.09,1212,225201,TRUE,FALSE,NA,1,2252011
2207900_1_015,2207900,225,20,1,1,202,1156.41,1200,225201,TRUE,FALSE,NA,1,2252011
2203701_1_030,2203701,225,20,1,2,121,1156.67,950,225201,TRUE,FALSE,NA,1,2252011
2201507_1_014,2201507,225,20,1,1,196,1159.46,1200,225201,TRUE,FALSE,NA,1,2252011
2202208_1_052,2202208,225,20,1,1,123,1159.61,1212,225201,TRUE,FALSE,NA,1,2252011
2201200_1_026,2201200,225,20,1,1,114,1160.37,1200,225201,TRUE,FALSE,NA,1,2252011
2208304_1_004,2208304,225,20,1,1,113,1161.25,1212,225201,TRUE,FALSE,NA,1,2252011
2203701_1_013,2203701,225,20,1,1,247,1165.05,1212,225201,TRUE,FALSE,NA,1,2252011
2207702_1_106,2207702,225,20,1,1,330,1171.06,1000,225201,TRUE,FALSE,NA,1,2252011
2205458_1_004,2205458,225,20,1,1,135,1171.57,1200,225201,TRUE,FALSE,NA,1,2252011
2207702_1_055,2207702,225,20,1,1,277,1172.65,1212,225201,TRUE,FALSE,NA,1,2252011
2202729_1_001,2202729,225,20,1,1,236,1173.59,1212,225201,TRUE,FALSE,NA,1,2252011
2201960_1_004,2201960,225,20,1,3,152,1174.0323684210528,1212,225201,TRUE,FALSE,NA,1,2252011
2208304_1_040,2208304,225,20,1,1,313,1175,1212,225201,TRUE,FALSE,NA,1,2252011
2205458_1_003,2205458,225,20,1,2,202,1175.2752475247523,1168.4455445544554,225201,TRUE,FALSE,NA,1,2252011
2207900_1_027,2207900,225,20,1,1,168,1175.49,1200,225201,TRUE,FALSE,NA,1,2252011
2203701_1_035,2203701,225,20,1,1,286,1175.61,1212,225201,TRUE,FALSE,NA,1,2252011
2205854_1_002,2205854,225,20,1,1,328,1176.75,1004,225201,TRUE,FALSE,NA,1,2252011
2207702_1_217,2207702,225,20,1,1,197,1178.59,1212,225201,TRUE,FALSE,NA,1,2252011
2202729_1_006,2202729,225,20,1,3,146,1179.491712328767,888.6986301369863,225201,TRUE,FALSE,NA,1,2252011
2201200_1_015,2201200,225,20,1,1,117,1179.88,1212,225201,TRUE,FALSE,NA,1,2252011
2210409_1_003,2210409,225,20,1,1,225,1182.48,1212,225201,TRUE,FALSE,NA,1,2252011
2207793_1_001,2207793,225,20,1,1,159,1183.74,1212,225201,TRUE,FALSE,NA,1,2252011
2202174_1_002,2202174,225,20,1,1,221,1186,1200,225201,TRUE,FALSE,NA,1,2252011
2204659_1_004,2204659,225,20,1,1,398,1186.74,1200,225201,TRUE,FALSE,NA,1,2252011
2207702_1_004,2207702,225,20,1,1,113,1188.77,1212,225201,TRUE,FALSE,NA,1,2252011
2203701_1_020,2203701,225,20,1,1,300,1192.91,1212,225201,TRUE,FALSE,NA,1,2252011
2201200_1_039,2201200,225,20,1,1,192,1193.44,1200,225201,TRUE,FALSE,NA,1,2252011
2202653_1_001,2202653,225,20,1,1,369,1194.82,1212,225201,TRUE,FALSE,NA,1,2252011
2207900_1_021,2207900,225,20,1,1,214,1197.6,1200,225201,TRUE,FALSE,NA,1,2252011
2209906_1_004,2209906,225,20,1,2,255,1202.9760784313726,1207.529411764706,225201,TRUE,FALSE,NA,1,2252011
2202059_1_003,2202059,225,20,1,1,133,1206.63,1212,225201,TRUE,FALSE,NA,1,2252011
2201200_1_023,2201200,225,20,1,1,139,1206.66,1212,225201,TRUE,FALSE,NA,1,2252011
2202208_1_048,2202208,225,20,1,1,232,1210.25,1000,225201,TRUE,FALSE,NA,1,2252011
2202604_1_006,2202604,225,20,1,1,371,1213.17,1212,225201,TRUE,FALSE,NA,1,2252011
2201200_1_014,2201200,225,20,1,1,231,1213.53,1200,225201,TRUE,FALSE,NA,1,2252011
2202406_1_008,2202406,225,20,1,1,315,1213.64,1212,225201,TRUE,FALSE,NA,1,2252011
2202026_1_003,2202026,225,20,1,1,238,1215.03,1212,225201,TRUE,FALSE,NA,1,2252011
2208403_1_053,2208403,225,20,1,1,152,1215.58,1212,225201,TRUE,FALSE,NA,1,2252011
2202703_1_013,2202703,225,20,1,1,244,1215.73,1212,225201,TRUE,FALSE,NA,1,2252011
2203701_1_004,2203701,225,20,1,1,221,1216.83,1212,225201,TRUE,FALSE,NA,1,2252011
2207702_1_196,2207702,225,20,1,1,331,1218.01,1212,225201,TRUE,FALSE,NA,1,2252011
2206951_1_002,2206951,225,20,1,1,129,1218.7,1200,225201,TRUE,FALSE,NA,1,2252011
2206803_1_002,2206803,225,20,1,1,371,1220.28,1212,225201,TRUE,FALSE,NA,1,2252011
2200301_1_009,2200301,225,20,1,1,207,1220.33,1200,225201,TRUE,FALSE,NA,1,2252011
2208304_1_034,2208304,225,20,1,1,144,1220.69,1200,225201,TRUE,FALSE,NA,1,2252011
2205516_1_001,2205516,225,20,1,2,178,1222.2966292134831,1212,225201,TRUE,FALSE,NA,1,2252011
2208304_1_007,2208304,225,20,1,1,354,1222.58,1200,225201,TRUE,FALSE,NA,1,2252011
2203701_1_036,2203701,225,20,1,2,201,1224.2829850746268,1084.915422885572,225201,TRUE,FALSE,NA,1,2252011
2209971_1_004,2209971,225,20,1,1,222,1224.5,1200,225201,TRUE,FALSE,NA,1,2252011
2208403_1_017,2208403,225,20,1,1,328,1225.42,1212,225201,TRUE,FALSE,NA,1,2252011
2201200_1_038,2201200,225,20,1,1,189,1228.69,1212,225201,TRUE,FALSE,NA,1,2252011
2205805_1_019,2205805,225,20,1,1,202,1230.69,1212,225201,TRUE,FALSE,NA,1,2252011
2206696_1_001,2206696,225,20,1,1,241,1231.12,1200,225201,TRUE,FALSE,NA,1,2252011
2208304_1_019,2208304,225,20,1,1,132,1231.36,1112,225201,TRUE,FALSE,NA,1,2252011
2207702_1_124,2207702,225,20,1,1,329,1232.22,1212,225201,TRUE,FALSE,NA,1,2252011
2208304_1_021,2208304,225,20,1,1,217,1235.76,1200,225201,TRUE,FALSE,NA,1,2252011
2208403_1_030,2208403,225,20,1,2,205,1238.049512195122,1202.9268292682927,225201,TRUE,FALSE,NA,1,2252011
2207702_1_128,2207702,225,20,1,1,315,1242.26,1212,225201,TRUE,FALSE,NA,1,2252011
2207702_1_133,2207702,225,20,1,1,231,1243.9,1212,225201,TRUE,FALSE,NA,1,2252011
2202703_1_004,2202703,225,20,1,1,274,1244.65,1150,225201,TRUE,FALSE,NA,1,2252011
2207702_1_210,2207702,225,20,1,1,230,1245.05,1212,225201,TRUE,FALSE,NA,1,2252011
2204659_1_002,2204659,225,20,1,1,293,1245.95,1212,225201,TRUE,FALSE,NA,1,2252011
2207702_1_083,2207702,225,20,1,1,311,1246.18,1212,225201,TRUE,FALSE,NA,1,2252011
2208304_1_025,2208304,225,20,1,1,126,1247.72,1200,225201,TRUE,FALSE,NA,1,2252011
2207702_1_126,2207702,225,20,1,1,306,1250.03,1250,225201,TRUE,FALSE,NA,1,2252011
2208403_1_046,2208403,225,20,1,1,157,1250.17,1212,225201,TRUE,FALSE,NA,1,2252011
2202208_1_027,2202208,225,20,1,1,351,1251.7,1200,225201,TRUE,FALSE,NA,1,2252011
2207702_1_218,2207702,225,20,1,1,219,1251.74,1212,225201,TRUE,FALSE,NA,1,2252011
2207702_1_198,2207702,225,20,1,1,239,1253.89,1300,225201,TRUE,FALSE,NA,1,2252011
2202703_1_012,2202703,225,20,1,1,278,1255.26,1212,225201,TRUE,FALSE,NA,1,2252011
2202208_1_033,2202208,225,20,1,1,156,1256.54,1212,225201,TRUE,FALSE,NA,1,2252011
2208403_1_050,2208403,225,20,1,1,205,1257.69,1212,225201,TRUE,FALSE,NA,1,2252011
2207702_1_205,2207702,225,20,1,1,175,1258.82,1212,225201,TRUE,FALSE,NA,1,2252011
2207702_1_195,2207702,225,20,1,2,161,1259.0027950310557,1212,225201,TRUE,FALSE,NA,1,2252011
2203701_1_012,2203701,225,20,1,1,175,1261.09,1212,225201,TRUE,FALSE,NA,1,2252011
2202174_1_001,2202174,225,20,1,1,319,1263.52,1140,225201,TRUE,FALSE,NA,1,2252011
2204659_1_007,2204659,225,20,1,1,287,1265.31,1212,225201,TRUE,FALSE,NA,1,2252011
2206209_1_010,2206209,225,20,1,1,314,1267.3,1200,225201,TRUE,FALSE,NA,1,2252011
2202208_1_050,2202208,225,20,1,4,130,1267.893,1032,225201,TRUE,FALSE,NA,1,2252011
2202703_1_010,2202703,225,20,1,1,197,1268.68,1212,225201,TRUE,FALSE,NA,1,2252011
2203701_1_014,2203701,225,20,1,1,309,1269.68,1212,225201,TRUE,FALSE,NA,1,2252011
2202208_1_040,2202208,225,20,1,1,205,1271,1212,225201,TRUE,FALSE,NA,1,2252011
2201200_1_031,2201200,225,20,1,1,145,1274.29,1100,225201,TRUE,FALSE,NA,1,2252011
2208304_1_018,2208304,225,20,1,1,240,1275.23,1212,225201,TRUE,FALSE,NA,1,2252011
2202539_1_001,2202539,225,20,1,1,380,1276.13,1212,225201,TRUE,FALSE,NA,1,2252011
2205706_1_020,2205706,225,20,1,1,250,1276.77,1212,225201,TRUE,FALSE,NA,1,2252011
2201960_1_002,2201960,225,20,1,2,111,1277.1013513513512,1174.3783783783783,225201,TRUE,FALSE,NA,1,2252011
2202059_1_004,2202059,225,20,1,2,114,1277.4063157894736,1101.7543859649122,225201,TRUE,FALSE,NA,1,2252011
2207702_1_117,2207702,225,20,1,1,183,1277.55,1200,225201,TRUE,FALSE,NA,1,2252011
2206209_1_009,2206209,225,20,1,1,182,1278.35,1212,225201,TRUE,FALSE,NA,1,2252011
2200301_1_010,2200301,225,20,1,1,205,1279.34,1000,225201,TRUE,FALSE,NA,1,2252011
2201507_1_005,2201507,225,20,1,1,140,1280.66,1212,225201,TRUE,FALSE,NA,1,2252011
2202406_1_002,2202406,225,20,1,1,299,1281.65,1212,225201,TRUE,FALSE,NA,1,2252011
2206100_1_006,2206100,225,20,1,1,210,1283.45,1212,225201,TRUE,FALSE,NA,1,2252011
2207702_1_091,2207702,225,20,1,1,194,1283.65,1200,225201,TRUE,FALSE,NA,1,2252011
2207702_1_177,2207702,225,20,1,1,161,1283.76,1000,225201,TRUE,FALSE,NA,1,2252011
2202711_1_002,2202711,225,20,1,1,293,1284.31,1212,225201,TRUE,FALSE,NA,1,2252011
2206357_1_001,2206357,225,20,1,1,208,1284.32,1212,225201,TRUE,FALSE,NA,1,2252011
2205409_1_002,2205409,225,20,1,1,346,1285.72,1212,225201,TRUE,FALSE,NA,1,2252011
2207702_1_148,2207702,225,20,1,1,184,1286.16,1200,225201,TRUE,FALSE,NA,1,2252011
2203701_1_006,2203701,225,20,1,1,356,1287.63,1212,225201,TRUE,FALSE,NA,1,2252011
2208403_1_032,2208403,225,20,1,1,210,1287.75,1212,225201,TRUE,FALSE,NA,1,2252011
2208304_1_015,2208304,225,20,1,1,268,1288.25,1200,225201,TRUE,FALSE,NA,1,2252011
2202604_1_013,2202604,225,20,1,1,226,1288.7,1212,225201,TRUE,FALSE,NA,1,2252011
2206670_1_001,2206670,225,20,1,1,208,1290.63,1212,225201,TRUE,FALSE,NA,1,2252011
2205706_1_008,2205706,225,20,1,1,338,1293.14,1200,225201,TRUE,FALSE,NA,1,2252011
2205706_1_010,2205706,225,20,1,1,258,1297.23,1212,225201,TRUE,FALSE,NA,1,2252011
2202208_1_053,2202208,225,20,1,1,263,1297.58,1212,225201,TRUE,FALSE,NA,1,2252011
2202208_1_005,2202208,225,20,1,1,240,1300.6,1212,225201,TRUE,FALSE,NA,1,2252011
2209971_1_005,2209971,225,20,1,2,175,1305.9341714285713,1155.428571428571,225201,TRUE,FALSE,NA,1,2252011
2210052_1_004,2210052,225,20,1,1,319,1306.67,1212,225201,TRUE,FALSE,NA,1,2252011
2207702_1_067,2207702,225,20,1,1,297,1307.9,1220,225201,TRUE,FALSE,NA,1,2252011
2203701_1_027,2203701,225,20,1,1,255,1309.73,1212,225201,TRUE,FALSE,NA,1,2252011
2201200_1_032,2201200,225,20,1,1,239,1311.57,1212,225201,TRUE,FALSE,NA,1,2252011
2207702_1_143,2207702,225,20,1,1,324,1311.6,1212,225201,TRUE,FALSE,NA,1,2252011
2202604_1_008,2202604,225,20,1,1,164,1315.73,1212,225201,TRUE,FALSE,NA,1,2252011
2202208_1_051,2202208,225,20,1,1,210,1315.89,1212,225201,TRUE,FALSE,NA,1,2252011
2208403_1_043,2208403,225,20,1,1,307,1318.8,1212,225201,TRUE,FALSE,NA,1,2252011
2207900_1_018,2207900,225,20,1,1,238,1319.43,1212,225201,TRUE,FALSE,NA,1,2252011
2202604_1_007,2202604,225,20,1,1,301,1322.72,1212,225201,TRUE,FALSE,NA,1,2252011
2202208_1_030,2202208,225,20,1,1,246,1323.8,1212,225201,TRUE,FALSE,NA,1,2252011
2201200_1_034,2201200,225,20,1,2,162,1323.901851851852,883.5185185185185,225201,TRUE,FALSE,NA,1,2252011
2202208_1_035,2202208,225,20,1,1,189,1326.44,1212,225201,TRUE,FALSE,NA,1,2252011
2208403_1_067,2208403,225,20,1,1,225,1327.05,1200,225201,TRUE,FALSE,NA,1,2252011
2207702_1_105,2207702,225,20,1,1,153,1329.24,1212,225201,TRUE,FALSE,NA,1,2252011
2202406_1_004,2202406,225,20,1,1,227,1332.39,1212,225201,TRUE,FALSE,NA,1,2252011
2205573_1_002,2205573,225,20,1,1,323,1333.86,1200,225201,TRUE,FALSE,NA,1,2252011
2207702_1_075,2207702,225,20,1,1,250,1336.68,1212,225201,TRUE,FALSE,NA,1,2252011
2202208_1_028,2202208,225,20,1,1,290,1337.08,1212,225201,TRUE,FALSE,NA,1,2252011
2201200_1_010,2201200,225,20,1,1,129,1338.08,1200,225201,TRUE,FALSE,NA,1,2252011
2202604_1_004,2202604,225,20,1,1,281,1340.64,1212,225201,TRUE,FALSE,NA,1,2252011
2207702_1_207,2207702,225,20,1,1,115,1341.57,1212,225201,TRUE,FALSE,NA,1,2252011
2207702_1_171,2207702,225,20,1,1,247,1341.87,1212,225201,TRUE,FALSE,NA,1,2252011
2202711_1_001,2202711,225,20,1,1,269,1343.35,1212,225201,TRUE,FALSE,NA,1,2252011
2203701_1_024,2203701,225,20,1,1,201,1343.8,1212,225201,TRUE,FALSE,NA,1,2252011
2210656_1_001,2210656,225,20,1,1,180,1345.29,1212,225201,TRUE,FALSE,NA,1,2252011
2205706_1_021,2205706,225,20,1,1,203,1345.5699999999997,1212,225201,TRUE,FALSE,NA,1,2252011
2201945_1_004,2201945,225,20,1,1,263,1346.22,1212,225201,TRUE,FALSE,NA,1,2252011
2201770_1_002,2201770,225,20,1,1,260,1346.41,1179.5,225201,TRUE,FALSE,NA,1,2252011
2205854_1_003,2205854,225,20,1,1,350,1347.03,1212,225201,TRUE,FALSE,NA,1,2252011
2201507_1_016,2201507,225,20,1,1,117,1348.34,1212,225201,TRUE,FALSE,NA,1,2252011
2207900_1_010,2207900,225,20,1,1,249,1350.59,1200,225201,TRUE,FALSE,NA,1,2252011
2210656_1_003,2210656,225,20,1,1,171,1351.01,1200,225201,TRUE,FALSE,NA,1,2252011
2210052_1_002,2210052,225,20,1,1,190,1351.94,1212,225201,TRUE,FALSE,NA,1,2252011
2202083_1_001,2202083,225,20,1,1,267,1352.72,1212,225201,TRUE,FALSE,NA,1,2252011
2204659_1_008,2204659,225,20,1,1,170,1353.65,1212,225201,TRUE,FALSE,NA,1,2252011
2202703_1_005,2202703,225,20,1,1,289,1353.8,1200,225201,TRUE,FALSE,NA,1,2252011
2202083_1_005,2202083,225,20,1,1,209,1354.27,1212,225201,TRUE,FALSE,NA,1,2252011
2206753_1_002,2206753,225,20,1,1,260,1359.35,1212,225201,TRUE,FALSE,NA,1,2252011
2207702_1_066,2207702,225,20,1,1,252,1359.36,1212,225201,TRUE,FALSE,NA,1,2252011
2207702_1_178,2207702,225,20,1,1,168,1360.75,1212,225201,TRUE,FALSE,NA,1,2252011
2201960_1_005,2201960,225,20,1,2,186,1361.3948387096775,1212,225201,TRUE,FALSE,NA,1,2252011
2208304_1_022,2208304,225,20,1,1,188,1363.49,1212,225201,TRUE,FALSE,NA,1,2252011
2208403_1_055,2208403,225,20,1,3,208,1364.7251442307693,1212,225201,TRUE,FALSE,NA,1,2252011
2207702_1_116,2207702,225,20,1,1,210,1365.25,1212,225201,TRUE,FALSE,NA,1,2252011
2207702_1_144,2207702,225,20,1,1,313,1367.3,1212,225201,TRUE,FALSE,NA,1,2252011
2207702_1_188,2207702,225,20,1,1,177,1369.03,1212,225201,TRUE,FALSE,NA,1,2252011
2207702_1_054,2207702,225,20,1,1,204,1370.13,1212,225201,TRUE,FALSE,NA,1,2252011
2202711_1_004,2202711,225,20,1,1,234,1370.62,1212,225201,TRUE,FALSE,NA,1,2252011
2206209_1_006,2206209,225,20,1,1,299,1371.71,1200,225201,TRUE,FALSE,NA,1,2252011
2207900_1_016,2207900,225,20,1,1,174,1371.88,1210,225201,TRUE,FALSE,NA,1,2252011
2208403_1_069,2208403,225,20,1,1,221,1373.04,1212,225201,TRUE,FALSE,NA,1,2252011
2202083_1_009,2202083,225,20,1,1,97,1373.45,1212,225201,TRUE,FALSE,NA,1,2252011
2205805_1_010,2205805,225,20,1,1,236,1376.33,1212,225201,TRUE,FALSE,NA,1,2252011
2206753_1_001,2206753,225,20,1,1,319,1377.76,1212,225201,TRUE,FALSE,NA,1,2252011
2207702_1_045,2207702,225,20,1,1,248,1377.85,1212,225201,TRUE,FALSE,NA,1,2252011
2208304_1_003,2208304,225,20,1,1,240,1378.25,1200,225201,TRUE,FALSE,NA,1,2252011
2205706_1_019,2205706,225,20,1,1,91,1379.05,1212,225201,TRUE,FALSE,NA,1,2252011
2206209_1_003,2206209,225,20,1,1,204,1379.58,1200,225201,TRUE,FALSE,NA,1,2252011
2201960_1_007,2201960,225,20,1,1,234,1379.9,1212,225201,TRUE,FALSE,NA,1,2252011
2207900_1_013,2207900,225,20,1,1,269,1380.23,1212,225201,TRUE,FALSE,NA,1,2252011
2203701_1_008,2203701,225,20,1,1,236,1380.38,1212,225201,TRUE,FALSE,NA,1,2252011
2205516_1_004,2205516,225,20,1,1,110,1380.4,1212,225201,TRUE,FALSE,NA,1,2252011
2207702_1_199,2207702,225,20,1,1,285,1381.46,1212,225201,TRUE,FALSE,NA,1,2252011
2202208_1_006,2202208,225,20,1,1,267,1381.5,1212,225201,TRUE,FALSE,NA,1,2252011
2207702_1_022,2207702,225,20,1,1,248,1383.35,1212,225201,TRUE,FALSE,NA,1,2252011
2201507_1_002,2201507,225,20,1,1,288,1384.57,1212,225201,TRUE,FALSE,NA,1,2252011
2202729_1_004,2202729,225,20,1,1,217,1385.8499999999997,1212,225201,TRUE,FALSE,NA,1,2252011
2207702_1_118,2207702,225,20,1,1,201,1386.0799999999997,1200,225201,TRUE,FALSE,NA,1,2252011
2210409_1_009,2210409,225,20,1,1,179,1387.35,1212,225201,TRUE,FALSE,NA,1,2252011
2201200_1_027,2201200,225,20,1,1,299,1387.9,1212,225201,TRUE,FALSE,NA,1,2252011
2208403_1_019,2208403,225,20,1,1,269,1389.02,1212,225201,TRUE,FALSE,NA,1,2252011
2208304_1_001,2208304,225,20,1,1,147,1390.49,1200,225201,TRUE,FALSE,NA,1,2252011
2202208_1_038,2202208,225,20,1,1,268,1390.69,1212,225201,TRUE,FALSE,NA,1,2252011
2207702_1_074,2207702,225,20,1,1,282,1392.66,1212,225201,TRUE,FALSE,NA,1,2252011
2208403_1_038,2208403,225,20,1,1,201,1395.86,1200,225201,TRUE,FALSE,NA,1,2252011
2207702_1_112,2207702,225,20,1,1,161,1396.72,1212,225201,TRUE,FALSE,NA,1,2252011
2207702_1_127,2207702,225,20,1,1,182,1396.8,1250,225201,TRUE,FALSE,NA,1,2252011
2204659_1_003,2204659,225,20,1,1,291,1398.52,1212,225201,TRUE,FALSE,NA,1,2252011
2207702_1_145,2207702,225,20,1,1,107,1398.97,1200,225201,TRUE,FALSE,NA,1,2252011
2202208_1_022,2202208,225,20,1,1,202,1399.6500000000003,1212,225201,TRUE,FALSE,NA,1,2252011
2206803_1_001,2206803,225,20,1,1,342,1399.66,1200,225201,TRUE,FALSE,NA,1,2252011
2205573_1_001,2205573,225,20,1,1,294,1404.64,1212,225201,TRUE,FALSE,NA,1,2252011
2208403_1_071,2208403,225,20,1,1,182,1407.62,1212,225201,TRUE,FALSE,NA,1,2252011
2201507_1_003,2201507,225,20,1,1,192,1409.3499999999997,1212,225201,TRUE,FALSE,NA,1,2252011
2206100_1_002,2206100,225,20,1,1,221,1409.4100000000003,1212,225201,TRUE,FALSE,NA,1,2252011
2207702_1_090,2207702,225,20,1,1,143,1411.94,1212,225201,TRUE,FALSE,NA,1,2252011
2208403_1_052,2208403,225,20,1,1,140,1414,1212,225201,TRUE,FALSE,NA,1,2252011
2206803_1_004,2206803,225,20,1,1,191,1414.1900000000005,1212,225201,TRUE,FALSE,NA,1,2252011
2205409_1_003,2205409,225,20,1,1,327,1414.53,1200,225201,TRUE,FALSE,NA,1,2252011
2200301_1_011,2200301,225,20,1,1,95,1415.3099999999995,1212,225201,TRUE,FALSE,NA,1,2252011
2207900_1_024,2207900,225,20,1,1,265,1415.64,1200,225201,TRUE,FALSE,NA,1,2252011
2210409_1_010,2210409,225,20,1,1,323,1416.47,1212,225201,TRUE,FALSE,NA,1,2252011
2202208_1_029,2202208,225,20,1,1,107,1416.49,1200,225201,TRUE,FALSE,NA,1,2252011
2207702_1_021,2207702,225,20,1,1,300,1419.43,1212,225201,TRUE,FALSE,NA,1,2252011
2200301_1_003,2200301,225,20,1,1,264,1420.66,1212,225201,TRUE,FALSE,NA,1,2252011
2207702_1_110,2207702,225,20,1,1,211,1420.8699999999997,1212,225201,TRUE,FALSE,NA,1,2252011
2202000_1_016,2202000,225,20,1,1,240,1421.01,1200,225201,TRUE,FALSE,NA,1,2252011
2207702_1_082,2207702,225,20,1,1,191,1424.66,1200,225201,TRUE,FALSE,NA,1,2252011
2207702_1_028,2207702,225,20,1,1,164,1432.74,1212,225201,TRUE,FALSE,NA,1,2252011
2202000_1_005,2202000,225,20,1,1,282,1434.49,1212,225201,TRUE,FALSE,NA,1,2252011
2207702_1_053,2207702,225,20,1,1,335,1435.41,1212,225201,TRUE,FALSE,NA,1,2252011
2209906_1_002,2209906,225,20,1,1,243,1435.9400000000005,1224,225201,TRUE,FALSE,NA,1,2252011
2207702_1_120,2207702,225,20,1,1,266,1439.95,1212,225201,TRUE,FALSE,NA,1,2252011
2207702_1_202,2207702,225,20,1,1,138,1441.98,1212,225201,TRUE,FALSE,NA,1,2252011
2207702_1_119,2207702,225,20,1,1,212,1442.78,1212,225201,TRUE,FALSE,NA,1,2252011
2208403_1_036,2208403,225,20,1,1,163,1444.18,1212,225201,TRUE,FALSE,NA,1,2252011
2205458_1_001,2205458,225,20,1,1,142,1444.47,900,225201,TRUE,FALSE,NA,1,2252011
2208403_1_054,2208403,225,20,1,1,193,1446.24,1212,225201,TRUE,FALSE,NA,1,2252011
2207900_1_003,2207900,225,20,1,1,328,1447.13,1212,225201,TRUE,FALSE,NA,1,2252011
2203420_1_001,2203420,225,20,1,1,179,1448.39,1212,225201,TRUE,FALSE,NA,1,2252011
2207702_1_023,2207702,225,20,1,1,267,1449.15,1212,225201,TRUE,FALSE,NA,1,2252011
2206209_1_011,2206209,225,20,1,1,281,1454.21,1212,225201,TRUE,FALSE,NA,1,2252011
2207900_1_026,2207900,225,20,1,1,246,1458.67,1212,225201,TRUE,FALSE,NA,1,2252011
2201945_1_002,2201945,225,20,1,2,291,1463.1272164948457,1212,225201,TRUE,FALSE,NA,2,2252012
2202604_1_009,2202604,225,20,1,1,174,1463.84,1200,225201,TRUE,FALSE,NA,2,2252012
2202026_1_002,2202026,225,20,1,1,277,1464.4,1212,225201,TRUE,FALSE,NA,2,2252012
2201919_1_001,2201919,225,20,1,1,246,1464.54,1212,225201,TRUE,FALSE,NA,2,2252012
2206209_1_012,2206209,225,20,1,1,221,1469.06,1212,225201,TRUE,FALSE,NA,2,2252012
2208502_1_005,2208502,225,20,1,1,211,1469.2300000000002,1200,225201,TRUE,FALSE,NA,2,2252012
2208304_1_008,2208304,225,20,1,1,150,1470.15,1200,225201,TRUE,FALSE,NA,2,2252012
2208403_1_051,2208403,225,20,1,1,218,1471.71,1212,225201,TRUE,FALSE,NA,2,2252012
2207702_1_093,2207702,225,20,1,1,257,1475.13,1212,225201,TRUE,FALSE,NA,2,2252012
2203701_1_017,2203701,225,20,1,1,285,1476.5,1212,225201,TRUE,FALSE,NA,2,2252012
2209971_1_002,2209971,225,20,1,1,219,1478.8100000000002,1212,225201,TRUE,FALSE,NA,2,2252012
2203701_1_003,2203701,225,20,1,1,359,1479.2700000000002,1212,225201,TRUE,FALSE,NA,2,2252012
2209906_1_006,2209906,225,20,1,1,234,1479.41,1212,225201,TRUE,FALSE,NA,2,2252012
2206100_1_001,2206100,225,20,1,1,319,1482.21,1212,225201,TRUE,FALSE,NA,2,2252012
2203701_1_026,2203701,225,20,1,1,139,1483.82,1212,225201,TRUE,FALSE,NA,2,2252012
2207702_1_068,2207702,225,20,1,1,245,1484.47,1212,225201,TRUE,FALSE,NA,2,2252012
2207702_1_040,2207702,225,20,1,1,289,1484.91,1212,225201,TRUE,FALSE,NA,2,2252012
2201200_1_002,2201200,225,20,1,1,195,1486.59,1212,225201,TRUE,FALSE,NA,2,2252012
2208403_1_068,2208403,225,20,1,1,202,1487.11,1212,225201,TRUE,FALSE,NA,2,2252012
2201200_1_019,2201200,225,20,1,1,195,1488.71,1212,225201,TRUE,FALSE,NA,2,2252012
2208403_1_064,2208403,225,20,1,1,300,1489.47,1212,225201,TRUE,FALSE,NA,2,2252012
2206209_1_007,2206209,225,20,1,1,251,1489.73,1212,225201,TRUE,FALSE,NA,2,2252012
2207702_1_151,2207702,225,20,1,1,215,1492.3300000000002,1212,225201,TRUE,FALSE,NA,2,2252012
2201770_1_001,2201770,225,20,1,1,194,1494.8,1212,225201,TRUE,FALSE,NA,2,2252012
2206951_1_003,2206951,225,20,1,1,188,1495.39,1212,225201,TRUE,FALSE,NA,2,2252012
2202604_1_015,2202604,225,20,1,1,148,1497.45,1212,225201,TRUE,FALSE,NA,2,2252012
2207702_1_057,2207702,225,20,1,1,271,1497.63,1212,225201,TRUE,FALSE,NA,2,2252012
2207702_1_041,2207702,225,20,1,1,246,1499.2,1212,225201,TRUE,FALSE,NA,2,2252012
2201960_1_003,2201960,225,20,1,1,185,1501.0099999999998,1212,225201,TRUE,FALSE,NA,2,2252012
2202208_1_036,2202208,225,20,1,1,235,1501.34,1212,225201,TRUE,FALSE,NA,2,2252012
2207702_1_079,2207702,225,20,1,1,341,1503.13,1212,225201,TRUE,FALSE,NA,2,2252012
2207702_1_150,2207702,225,20,1,1,329,1508.3,1212,225201,TRUE,FALSE,NA,2,2252012
2205706_1_011,2205706,225,20,1,1,143,1513.29,1212,225201,TRUE,FALSE,NA,2,2252012
2208403_1_066,2208403,225,20,1,2,160,1516.4699375,1212,225201,TRUE,FALSE,NA,2,2252012
2208403_1_057,2208403,225,20,1,1,190,1518.2600000000002,1212,225201,TRUE,FALSE,NA,2,2252012
2207702_1_168,2207702,225,20,1,1,328,1520.57,1212,225201,TRUE,FALSE,NA,2,2252012
2202604_1_005,2202604,225,20,1,1,192,1525.17,1212,225201,TRUE,FALSE,NA,2,2252012
2202604_1_003,2202604,225,20,1,1,302,1526.15,1212,225201,TRUE,FALSE,NA,2,2252012
2209872_1_002,2209872,225,20,1,1,185,1528.2400000000002,1212,225201,TRUE,FALSE,NA,2,2252012
2208403_1_048,2208403,225,20,1,1,205,1529.19,1200,225201,TRUE,FALSE,NA,2,2252012
2204659_1_009,2204659,225,20,1,1,285,1532.31,1212,225201,TRUE,FALSE,NA,2,2252012
2202208_1_057,2202208,225,20,1,1,118,1532.61,1212,225201,TRUE,FALSE,NA,2,2252012
2207702_1_014,2207702,225,20,1,1,289,1537.06,1212,225201,TRUE,FALSE,NA,2,2252012
2205516_1_003,2205516,225,20,1,2,174,1539.5531609195402,1233.4942528735633,225201,TRUE,FALSE,NA,2,2252012
2206670_1_004,2206670,225,20,1,1,170,1544.24,1200,225201,TRUE,FALSE,NA,2,2252012
2208403_1_049,2208403,225,20,1,1,181,1544.43,1212,225201,TRUE,FALSE,NA,2,2252012
2203420_1_002,2203420,225,20,1,1,141,1545.34,1212,225201,TRUE,FALSE,NA,2,2252012
2210656_1_004,2210656,225,20,1,1,263,1546.05,1200,225201,TRUE,FALSE,NA,2,2252012
2208403_1_041,2208403,225,20,1,1,261,1546.59,1112,225201,TRUE,FALSE,NA,2,2252012
2202208_1_021,2202208,225,20,1,1,127,1550.89,1212,225201,TRUE,FALSE,NA,2,2252012
2207702_1_141,2207702,225,20,1,1,218,1552.2999999999995,1200,225201,TRUE,FALSE,NA,2,2252012
2209872_1_001,2209872,225,20,1,1,219,1554.76,1212,225201,TRUE,FALSE,NA,2,2252012
2208403_1_018,2208403,225,20,1,1,351,1557.9500000000005,1212,225201,TRUE,FALSE,NA,2,2252012
2202208_1_044,2202208,225,20,1,1,306,1561.38,1212,225201,TRUE,FALSE,NA,2,2252012
2205805_1_009,2205805,225,20,1,1,335,1563.82,1212,225201,TRUE,FALSE,NA,2,2252012
2207702_1_046,2207702,225,20,1,1,187,1564.05,1200,225201,TRUE,FALSE,NA,2,2252012
2202208_1_049,2202208,225,20,1,1,153,1566.08,1212,225201,TRUE,FALSE,NA,2,2252012
2207702_1_029,2207702,225,20,1,1,269,1567.94,1212,225201,TRUE,FALSE,NA,2,2252012
2200301_1_004,2200301,225,20,1,1,287,1568.04,1212,225201,TRUE,FALSE,NA,2,2252012
2207702_1_064,2207702,225,20,1,1,145,1568.65,1212,225201,TRUE,FALSE,NA,2,2252012
2202208_1_020,2202208,225,20,1,2,174,1569.7494252873564,1212,225201,TRUE,FALSE,NA,2,2252012
2202208_1_041,2202208,225,20,1,2,140,1570.2138571428573,1200,225201,TRUE,FALSE,NA,2,2252012
2202000_1_015,2202000,225,20,1,1,217,1570.36,1212,225201,TRUE,FALSE,NA,2,2252012
2208304_1_035,2208304,225,20,1,1,158,1571.31,1205.5,225201,TRUE,FALSE,NA,2,2252012
2201507_1_001,2201507,225,20,1,1,217,1572.08,1212,225201,TRUE,FALSE,NA,2,2252012
2208403_1_040,2208403,225,20,1,1,270,1574.8,1212,225201,TRUE,FALSE,NA,2,2252012
2207702_1_149,2207702,225,20,1,4,197,1576.170964467005,1212,225201,TRUE,FALSE,NA,2,2252012
2208403_1_022,2208403,225,20,1,1,178,1577.33,1212,225201,TRUE,FALSE,NA,2,2252012
2205706_1_009,2205706,225,20,1,1,309,1580.08,1213,225201,TRUE,FALSE,NA,2,2252012
2208403_1_033,2208403,225,20,1,1,131,1580.82,1212,225201,TRUE,FALSE,NA,2,2252012
2207702_1_170,2207702,225,20,1,1,158,1582.06,1212,225201,TRUE,FALSE,NA,2,2252012
2201945_1_001,2201945,225,20,1,1,228,1590,1212,225201,TRUE,FALSE,NA,2,2252012
2202406_1_005,2202406,225,20,1,1,256,1591.55,1212,225201,TRUE,FALSE,NA,2,2252012
2207702_1_038,2207702,225,20,1,1,168,1595.9299999999998,1200,225201,TRUE,FALSE,NA,2,2252012
2205854_1_001,2205854,225,20,1,2,303,1597.608184818482,1212,225201,TRUE,FALSE,NA,2,2252012
2207702_1_152,2207702,225,20,1,1,208,1597.97,1212,225201,TRUE,FALSE,NA,2,2252012
2207702_1_081,2207702,225,20,1,1,224,1601.2100000000005,1212,225201,TRUE,FALSE,NA,2,2252012
2207702_1_071,2207702,225,20,1,1,305,1604.98,1250,225201,TRUE,FALSE,NA,2,2252012
2207702_1_212,2207702,225,20,1,1,140,1614.32,1200,225201,TRUE,FALSE,NA,2,2252012
2207702_1_056,2207702,225,20,1,1,144,1616.79,1212,225201,TRUE,FALSE,NA,2,2252012
2207702_1_032,2207702,225,20,1,2,254,1619.3,1212,225201,TRUE,FALSE,NA,2,2252012
2204659_1_001,2204659,225,20,1,1,162,1619.89,1212,225201,TRUE,FALSE,NA,2,2252012
2207702_1_140,2207702,225,20,1,1,138,1621.34,1212,225201,TRUE,FALSE,NA,2,2252012
2200301_1_002,2200301,225,20,1,1,207,1623.94,1212,225201,TRUE,FALSE,NA,2,2252012
2208304_1_011,2208304,225,20,1,1,166,1624.68,1200,225201,TRUE,FALSE,NA,2,2252012
2207702_1_059,2207702,225,20,1,1,197,1626.6300000000003,1212,225201,TRUE,FALSE,NA,2,2252012
2207702_1_174,2207702,225,20,1,1,195,1629.1400000000003,1212,225201,TRUE,FALSE,NA,2,2252012
2206209_1_002,2206209,225,20,1,1,281,1631.79,1212,225201,TRUE,FALSE,NA,2,2252012
2202208_1_032,2202208,225,20,1,1,164,1631.96,1212,225201,TRUE,FALSE,NA,2,2252012
2207702_1_006,2207702,225,20,1,1,144,1633.42,1212,225201,TRUE,FALSE,NA,2,2252012
2207702_1_069,2207702,225,20,1,1,212,1634.9100000000003,1212,225201,TRUE,FALSE,NA,2,2252012
2201200_1_008,2201200,225,20,1,1,196,1636.03,1212,225201,TRUE,FALSE,NA,2,2252012
2207702_1_063,2207702,225,20,1,1,167,1636.07,1212,225201,TRUE,FALSE,NA,2,2252012
2207702_1_125,2207702,225,20,1,1,321,1639.03,1200,225201,TRUE,FALSE,NA,2,2252012
2202703_1_003,2202703,225,20,1,1,281,1639.82,1212,225201,TRUE,FALSE,NA,2,2252012
2208403_1_063,2208403,225,20,1,1,231,1641.48,1200,225201,TRUE,FALSE,NA,2,2252012
2205409_1_001,2205409,225,20,1,1,245,1650.65,1200,225201,TRUE,FALSE,NA,2,2252012
2208403_1_029,2208403,225,20,1,1,273,1651.86,1212,225201,TRUE,FALSE,NA,2,2252012
2203701_1_015,2203701,225,20,1,1,249,1653.4,1212,225201,TRUE,FALSE,NA,2,2252012
2205276_1_001,2205276,225,20,1,1,216,1653.4,1212,225201,TRUE,FALSE,NA,2,2252012
2205409_1_004,2205409,225,20,1,1,147,1656.15,1200,225201,TRUE,FALSE,NA,2,2252012
2205805_1_008,2205805,225,20,1,1,296,1658.1,1212,225201,TRUE,FALSE,NA,2,2252012
2202208_1_034,2202208,225,20,1,1,171,1661.53,1212,225201,TRUE,FALSE,NA,2,2252012
2205805_1_017,2205805,225,20,1,1,185,1662.0700000000002,1212,225201,TRUE,FALSE,NA,2,2252012
2207702_1_035,2207702,225,20,1,1,284,1662.63,1212,225201,TRUE,FALSE,NA,2,2252012
2202000_1_003,2202000,225,20,1,1,184,1665.4699999999998,1212,225201,TRUE,FALSE,NA,2,2252012
2207702_1_206,2207702,225,20,1,1,100,1666.43,1212,225201,TRUE,FALSE,NA,2,2252012
2202083_1_010,2202083,225,20,1,1,126,1667.81,1212,225201,TRUE,FALSE,NA,2,2252012
2205706_1_005,2205706,225,20,1,4,166,1668.799156626506,1212,225201,TRUE,FALSE,NA,2,2252012
2207702_1_031,2207702,225,20,1,1,239,1676.78,1212,225201,TRUE,FALSE,NA,2,2252012
2207900_1_020,2207900,225,20,1,1,178,1679.5,1400,225201,TRUE,FALSE,NA,2,2252012
2207702_1_113,2207702,225,20,1,1,340,1681.8100000000002,1212,225201,TRUE,FALSE,NA,2,2252012
2208304_1_005,2208304,225,20,1,1,139,1683.6,1212,225201,TRUE,FALSE,NA,2,2252012
2202703_1_002,2202703,225,20,1,1,315,1690.5299999999995,1212,225201,TRUE,FALSE,NA,2,2252012
2201200_1_003,2201200,225,20,1,1,271,1690.76,1212,225201,TRUE,FALSE,NA,2,2252012
2208403_1_021,2208403,225,20,1,1,118,1691.2,1200,225201,TRUE,FALSE,NA,2,2252012
2207900_1_023,2207900,225,20,1,1,250,1691.85,1212,225201,TRUE,FALSE,NA,2,2252012
2207702_1_058,2207702,225,20,1,1,247,1692.05,1212,225201,TRUE,FALSE,NA,2,2252012
2202000_1_004,2202000,225,20,1,1,381,1692.08,1212,225201,TRUE,FALSE,NA,2,2252012
2201051_1_001,2201051,225,20,1,1,211,1694.11,1212,225201,TRUE,FALSE,NA,2,2252012
2202059_1_001,2202059,225,20,1,1,212,1695.76,1200,225201,TRUE,FALSE,NA,2,2252012
2207702_1_111,2207702,225,20,1,1,205,1698.31,1212,225201,TRUE,FALSE,NA,2,2252012
2208403_1_070,2208403,225,20,1,3,163,1700.685398773006,1120.9079754601228,225201,TRUE,FALSE,NA,2,2252012
2205805_1_006,2205805,225,20,1,2,245,1706.7391428571427,1212,225201,TRUE,FALSE,NA,2,2252012
2206696_1_003,2206696,225,20,1,1,215,1708.27,1200,225201,TRUE,FALSE,NA,2,2252012
2201200_1_007,2201200,225,20,1,1,230,1708.71,1212,225201,TRUE,FALSE,NA,2,2252012
2207702_1_107,2207702,225,20,1,1,181,1712.22,1300,225201,TRUE,FALSE,NA,2,2252012
2208304_1_017,2208304,225,20,1,1,194,1712.6899999999998,1200,225201,TRUE,FALSE,NA,2,2252012
2205805_1_002,2205805,225,20,1,1,245,1714.28,1212,225201,TRUE,FALSE,NA,2,2252012
2207900_1_008,2207900,225,20,1,1,172,1718.93,1200,225201,TRUE,FALSE,NA,2,2252012
2207702_1_012,2207702,225,20,1,1,278,1722.28,1212,225201,TRUE,FALSE,NA,2,2252012
2206803_1_003,2206803,225,20,1,1,210,1724.25,1212,225201,TRUE,FALSE,NA,2,2252012
2207702_1_154,2207702,225,20,1,1,210,1726.23,1212,225201,TRUE,FALSE,NA,2,2252012
2207702_1_187,2207702,225,20,1,1,201,1730.04,1212,225201,TRUE,FALSE,NA,2,2252012
2207702_1_060,2207702,225,20,1,1,312,1732.11,1212,225201,TRUE,FALSE,NA,2,2252012
2201200_1_029,2201200,225,20,1,1,216,1733.3,1212,225201,TRUE,FALSE,NA,2,2252012
2208502_1_001,2208502,225,20,1,1,329,1733.63,1212,225201,TRUE,FALSE,NA,2,2252012
2205706_1_022,2205706,225,20,1,1,182,1737.74,1012,225201,TRUE,FALSE,NA,2,2252012
2207900_1_019,2207900,225,20,1,1,367,1738.2100000000005,1200,225201,TRUE,FALSE,NA,2,2252012
2201507_1_012,2201507,225,20,1,1,175,1740.07,1212,225201,TRUE,FALSE,NA,2,2252012
2207900_1_002,2207900,225,20,1,1,275,1741.97,1212,225201,TRUE,FALSE,NA,2,2252012
2208304_1_029,2208304,225,20,1,2,123,1749.827804878049,1212,225201,TRUE,FALSE,NA,2,2252012
2207702_1_164,2207702,225,20,1,1,112,1759.38,1212,225201,TRUE,FALSE,NA,2,2252012
2201507_1_008,2201507,225,20,1,1,206,1759.83,1212,225201,TRUE,FALSE,NA,2,2252012
2207702_1_039,2207702,225,20,1,1,250,1761.03,1220,225201,TRUE,FALSE,NA,2,2252012
2207900_1_006,2207900,225,20,1,1,263,1762.89,1214,225201,TRUE,FALSE,NA,2,2252012
2208304_1_027,2208304,225,20,1,1,163,1763.92,1212,225201,TRUE,FALSE,NA,2,2252012
2208403_1_035,2208403,225,20,1,1,290,1764.71,1212,225201,TRUE,FALSE,NA,2,2252012
2208403_1_025,2208403,225,20,1,1,109,1766.42,1200,225201,TRUE,FALSE,NA,2,2252012
2202604_1_016,2202604,225,20,1,1,175,1766.57,1212,225201,TRUE,FALSE,NA,2,2252012
2202059_1_002,2202059,225,20,1,1,301,1767.67,1212,225201,TRUE,FALSE,NA,2,2252012
2208403_1_045,2208403,225,20,1,1,261,1767.87,1212,225201,TRUE,FALSE,NA,2,2252012
2210409_1_005,2210409,225,20,1,1,289,1768.39,1212,225201,TRUE,FALSE,NA,2,2252012
2203701_1_018,2203701,225,20,1,1,356,1768.5499999999995,1212,225201,TRUE,FALSE,NA,2,2252012
2207702_1_183,2207702,225,20,1,1,296,1770.37,1212,225201,TRUE,FALSE,NA,2,2252012
2202208_1_008,2202208,225,20,1,2,127,1775.3096062992126,1206.4251968503936,225201,TRUE,FALSE,NA,2,2252012
2207702_1_109,2207702,225,20,1,1,230,1781.4700000000005,1212,225201,TRUE,FALSE,NA,2,2252012
2201919_1_003,2201919,225,20,1,1,175,1784.08,1212,225201,TRUE,FALSE,NA,2,2252012
2203701_1_005,2203701,225,20,1,1,229,1784.89,1212,225201,TRUE,FALSE,NA,2,2252012
2205276_1_002,2205276,225,20,1,1,120,1789.0799999999997,1212,225201,TRUE,FALSE,NA,2,2252012
2207702_1_173,2207702,225,20,1,1,115,1790.0899999999997,1212,225201,TRUE,FALSE,NA,2,2252012
2207702_1_146,2207702,225,20,1,1,158,1790.18,1212,225201,TRUE,FALSE,NA,2,2252012
2202208_1_046,2202208,225,20,1,1,294,1790.2799999999995,1212,225201,TRUE,FALSE,NA,2,2252012
2205805_1_018,2205805,225,20,1,1,154,1792.37,1212,225201,TRUE,FALSE,NA,2,2252012
2201200_1_016,2201200,225,20,1,2,96,1793.5126041666665,1212,225201,TRUE,FALSE,NA,2,2252012
2202083_1_007,2202083,225,20,1,1,147,1796.5800000000002,1212,225201,TRUE,FALSE,NA,2,2252012
2207702_1_200,2207702,225,20,1,1,162,1796.8,1212,225201,TRUE,FALSE,NA,2,2252012
2208304_1_020,2208304,225,20,1,1,139,1799.88,1212,225201,TRUE,FALSE,NA,2,2252012
2207702_1_020,2207702,225,20,1,1,174,1801.58,1212,225201,TRUE,FALSE,NA,2,2252012
2207900_1_032,2207900,225,20,1,1,119,1802.96,1212,225201,TRUE,FALSE,NA,2,2252012
2207702_1_073,2207702,225,20,1,1,262,1805.87,1212,225201,TRUE,FALSE,NA,2,2252012
2208304_1_012,2208304,225,20,1,2,190,1813.0366315789472,1212,225201,TRUE,FALSE,NA,2,2252012
2207702_1_131,2207702,225,20,1,1,205,1813.4,1212,225201,TRUE,FALSE,NA,2,2252012
2207702_1_211,2207702,225,20,1,1,143,1813.5,1200,225201,TRUE,FALSE,NA,2,2252012
2207900_1_007,2207900,225,20,1,1,213,1814.99,1200,225201,TRUE,FALSE,NA,2,2252012
2203701_1_016,2203701,225,20,1,1,299,1817.39,1212,225201,TRUE,FALSE,NA,2,2252012
2207702_1_167,2207702,225,20,1,1,267,1818.56,1212,225201,TRUE,FALSE,NA,2,2252012
2208403_1_039,2208403,225,20,1,1,329,1821.29,1212,225201,TRUE,FALSE,NA,2,2252012
2202083_1_011,2202083,225,20,1,2,114,1822.4768421052631,1212,225201,TRUE,FALSE,NA,2,2252012
2201960_1_001,2201960,225,20,1,1,241,1831.14,1212,225201,TRUE,FALSE,NA,2,2252012
2205706_1_016,2205706,225,20,1,1,148,1832.06,1212,225201,TRUE,FALSE,NA,2,2252012
2210409_1_001,2210409,225,20,1,1,206,1838.06,1212,225201,TRUE,FALSE,NA,2,2252012
2202083_1_003,2202083,225,20,1,1,146,1838.98,1212,225201,TRUE,FALSE,NA,2,2252012
2208403_1_037,2208403,225,20,1,1,240,1842.88,1212,225201,TRUE,FALSE,NA,2,2252012
2205516_1_002,2205516,225,20,1,1,172,1844.21,1212,225201,TRUE,FALSE,NA,2,2252012
2207702_1_192,2207702,225,20,1,1,134,1846.31,1212,225201,TRUE,FALSE,NA,2,2252012
2208502_1_007,2208502,225,20,1,1,158,1846.69,1212,225201,TRUE,FALSE,NA,2,2252012
2202208_1_009,2202208,225,20,1,1,258,1847.32,1200,225201,TRUE,FALSE,NA,2,2252012
2201960_1_006,2201960,225,20,1,3,219,1847.5840182648403,1481.2785388127854,225201,TRUE,FALSE,NA,2,2252012
2208403_1_042,2208403,225,20,1,1,260,1848.12,1112,225201,TRUE,FALSE,NA,2,2252012
2202208_1_047,2202208,225,20,1,1,206,1849.11,1212,225201,TRUE,FALSE,NA,2,2252012
2207900_1_004,2207900,225,20,1,1,313,1849.14,1212,225201,TRUE,FALSE,NA,2,2252012
2207702_1_092,2207702,225,20,1,1,353,1849.52,1212,225201,TRUE,FALSE,NA,2,2252012
2205706_1_006,2205706,225,20,1,1,207,1855.42,1212,225201,TRUE,FALSE,NA,2,2252012
2203701_1_007,2203701,225,20,1,1,367,1856.05,1212,225201,TRUE,FALSE,NA,2,2252012
2203701_1_002,2203701,225,20,1,1,204,1856.83,1200,225201,TRUE,FALSE,NA,2,2252012
2202000_1_002,2202000,225,20,1,1,278,1859.85,1212,225201,TRUE,FALSE,NA,2,2252012
2207702_1_034,2207702,225,20,1,1,229,1862.84,1212,225201,TRUE,FALSE,NA,2,2252012
2207702_1_027,2207702,225,20,1,1,277,1877.77,1212,225201,TRUE,FALSE,NA,2,2252012
2207702_1_042,2207702,225,20,1,1,273,1877.97,1212,225201,TRUE,FALSE,NA,2,2252012
2207702_1_121,2207702,225,20,1,1,268,1878.3,1212,225201,TRUE,FALSE,NA,2,2252012
2207702_1_215,2207702,225,20,1,1,150,1881.03,1212,225201,TRUE,FALSE,NA,2,2252012
2202703_1_008,2202703,225,20,1,1,211,1886.02,1200,225201,TRUE,FALSE,NA,2,2252012
2207900_1_009,2207900,225,20,1,1,163,1888.76,1212,225201,TRUE,FALSE,NA,2,2252012
2207702_1_201,2207702,225,20,1,5,188,1895.483404255319,1438.021276595745,225201,TRUE,FALSE,NA,2,2252012
2207702_1_013,2207702,225,20,1,1,240,1905.32,1212,225201,TRUE,FALSE,NA,2,2252012
2207702_1_030,2207702,225,20,1,1,237,1907.81,1300,225201,TRUE,FALSE,NA,2,2252012
2208403_1_028,2208403,225,20,1,2,214,1912.642336448598,1212,225201,TRUE,FALSE,NA,2,2252012
2208304_1_031,2208304,225,20,1,2,204,1914.3377941176473,1205.235294117647,225201,TRUE,FALSE,NA,2,2252012
2207702_1_077,2207702,225,20,1,1,336,1918.23,1212,225201,TRUE,FALSE,NA,2,2252012
2207702_1_089,2207702,225,20,1,1,236,1921.02,1212,225201,TRUE,FALSE,NA,2,2252012
2208502_1_009,2208502,225,20,1,1,181,1930.75,1212,225201,TRUE,FALSE,NA,2,2252012
2207702_1_186,2207702,225,20,1,1,117,1932.23,1212,225201,TRUE,FALSE,NA,2,2252012
2208403_1_026,2208403,225,20,1,1,176,1932.93,1212,225201,TRUE,FALSE,NA,2,2252012
2205706_1_004,2205706,225,20,1,3,117,1955.9920512820513,1256.991452991453,225201,TRUE,FALSE,NA,2,2252012
2207702_1_180,2207702,225,20,1,1,291,1956.3699999999997,1212,225201,TRUE,FALSE,NA,2,2252012
2208403_1_024,2208403,225,20,1,1,253,1956.53,1212,225201,TRUE,FALSE,NA,2,2252012
2207702_1_036,2207702,225,20,1,1,176,1958.9200000000003,1212,225201,TRUE,FALSE,NA,2,2252012
2203701_1_025,2203701,225,20,1,1,237,1967.53,1212,225201,TRUE,FALSE,NA,2,2252012
2205706_1_003,2205706,225,20,1,1,241,1972.58,1212,225201,TRUE,FALSE,NA,2,2252012
2207702_1_123,2207702,225,20,1,1,220,1972.58,1212,225201,TRUE,FALSE,NA,2,2252012
2208403_1_020,2208403,225,20,1,1,306,1980.7200000000005,1212,225201,TRUE,FALSE,NA,2,2252012
2207702_1_048,2207702,225,20,1,1,217,1986.58,1212,225201,TRUE,FALSE,NA,2,2252012
2208403_1_027,2208403,225,20,1,2,183,1992.502513661202,1212,225201,TRUE,FALSE,NA,2,2252012
2201200_1_024,2201200,225,20,1,2,255,1998.9686666666664,1212,225201,TRUE,FALSE,NA,2,2252012
2205706_1_013,2205706,225,20,1,3,91,2010.876043956044,1283.1208791208792,225201,TRUE,FALSE,NA,2,2252012
2206100_1_005,2206100,225,20,1,1,141,2016.01,1230,225201,TRUE,FALSE,NA,2,2252012
2207702_1_101,2207702,225,20,1,1,211,2031.8800000000003,1212,225201,TRUE,FALSE,NA,2,2252012
2203701_1_011,2203701,225,20,1,1,113,2033.82,1212,225201,TRUE,FALSE,NA,2,2252012
2205706_1_017,2205706,225,20,1,1,161,2034.25,1250,225201,TRUE,FALSE,NA,2,2252012
2207702_1_070,2207702,225,20,1,1,213,2047.75,1212,225201,TRUE,FALSE,NA,2,2252012
2201200_1_037,2201200,225,20,1,2,182,2048.862032967033,1215.4725274725274,225201,TRUE,FALSE,NA,2,2252012
2203701_1_021,2203701,225,20,1,1,319,2050.67,1212,225201,TRUE,FALSE,NA,2,2252012
2208403_1_014,2208403,225,20,1,1,306,2074.97,1212,225201,TRUE,FALSE,NA,2,2252012
2202208_1_054,2202208,225,20,1,4,167,2080.8716766467064,1212,225201,TRUE,FALSE,NA,2,2252012
2202604_1_001,2202604,225,20,1,2,228,2084.142105263158,1237.6666666666667,225201,TRUE,FALSE,NA,2,2252012
2205805_1_020,2205805,225,20,1,2,184,2085.268804347826,1374.7391304347825,225201,TRUE,FALSE,NA,2,2252012
2207702_1_080,2207702,225,20,1,1,194,2085.72,1212,225201,TRUE,FALSE,NA,2,2252012
2205706_1_015,2205706,225,20,1,3,106,2086.317830188679,1376.3915094339625,225201,TRUE,FALSE,NA,2,2252012
2207702_1_094,2207702,225,20,1,1,164,2086.56,1212,225201,TRUE,FALSE,NA,2,2252012
2202406_1_001,2202406,225,20,1,1,251,2090.52,1200,225201,TRUE,FALSE,NA,2,2252012
2202208_1_014,2202208,225,20,1,2,126,2091.447777777778,1591.5555555555557,225201,TRUE,FALSE,NA,2,2252012
2207702_1_157,2207702,225,20,1,1,307,2098.31,1212,225201,TRUE,FALSE,NA,2,2252012
2202026_1_001,2202026,225,20,1,1,189,2098.35,1212,225201,TRUE,FALSE,NA,2,2252012
2202026_1_004,2202026,225,20,1,1,159,2102.41,1212,225201,TRUE,FALSE,NA,2,2252012
2206209_1_013,2206209,225,20,1,1,197,2103.24,1212,225201,TRUE,FALSE,NA,2,2252012
2207702_1_191,2207702,225,20,1,1,149,2103.63,1212,225201,TRUE,FALSE,NA,2,2252012
2207702_1_016,2207702,225,20,1,1,172,2104.03,1300,225201,TRUE,FALSE,NA,2,2252012
2202208_1_026,2202208,225,20,1,1,166,2104.68,1212,225201,TRUE,FALSE,NA,2,2252012
2201507_1_007,2201507,225,20,1,1,174,2104.94,1212,225201,TRUE,FALSE,NA,2,2252012
2202208_1_025,2202208,225,20,1,1,218,2105.1,1212,225201,TRUE,FALSE,NA,2,2252012
2207702_1_163,2207702,225,20,1,1,241,2107.13,1212,225201,TRUE,FALSE,NA,2,2252012
2203701_1_019,2203701,225,20,1,1,202,2108.82,1212,225201,TRUE,FALSE,NA,2,2252012
2202083_1_008,2202083,225,20,1,1,138,2112.27,1212,225201,TRUE,FALSE,NA,2,2252012
2202000_1_001,2202000,225,20,1,1,213,2115.92,1200,225201,TRUE,FALSE,NA,2,2252012
2208304_1_013,2208304,225,20,1,1,156,2117.06,1212,225201,TRUE,FALSE,NA,2,2252012
2207702_1_072,2207702,225,20,1,1,348,2118.42,1212,225201,TRUE,FALSE,NA,2,2252012
2202208_1_056,2202208,225,20,1,1,231,2126.21,1212,225201,TRUE,FALSE,NA,2,2252012
2207702_1_103,2207702,225,20,1,1,152,2127.82,1300,225201,TRUE,FALSE,NA,2,2252012
2205805_1_001,2205805,225,20,1,1,184,2128.59,1212,225201,TRUE,FALSE,NA,2,2252012
2207702_1_153,2207702,225,20,1,1,123,2133.77,1212,225201,TRUE,FALSE,NA,2,2252012
2205409_1_005,2205409,225,20,1,1,128,2135.44,1212,225201,TRUE,FALSE,NA,2,2252012
2202208_1_011,2202208,225,20,1,1,149,2136.78,1212,225201,TRUE,FALSE,NA,2,2252012
2207900_1_033,2207900,225,20,1,1,209,2147.87,1212,225201,TRUE,FALSE,NA,2,2252012
2207702_1_142,2207702,225,20,1,1,302,2152.67,1500,225201,TRUE,FALSE,NA,2,2252012
2207702_1_158,2207702,225,20,1,1,217,2152.89,1212,225201,TRUE,FALSE,NA,2,2252012
2207900_1_030,2207900,225,20,1,1,161,2153.51,1212,225201,TRUE,FALSE,NA,2,2252012
2207702_1_078,2207702,225,20,1,1,133,2156.78,1350,225201,TRUE,FALSE,NA,2,2252012
2207702_1_018,2207702,225,20,1,1,276,2157.1,1212,225201,TRUE,FALSE,NA,2,2252012
2202208_1_016,2202208,225,20,1,1,154,2164.45,1212,225201,TRUE,FALSE,NA,3,2252013
2208403_1_047,2208403,225,20,1,1,158,2169.27,1212,225201,TRUE,FALSE,NA,3,2252013
2202208_1_023,2202208,225,20,1,1,339,2196.95,1212,225201,TRUE,FALSE,NA,3,2252013
2202208_1_037,2202208,225,20,1,1,265,2200.77,1212,225201,TRUE,FALSE,NA,3,2252013
2207900_1_001,2207900,225,20,1,1,244,2205.16,1200,225201,TRUE,FALSE,NA,3,2252013
2202208_1_015,2202208,225,20,1,1,213,2210.92,1200,225201,TRUE,FALSE,NA,3,2252013
2201200_1_022,2201200,225,20,1,1,158,2211.63,1200,225201,TRUE,FALSE,NA,3,2252013
2202208_1_055,2202208,225,20,1,1,186,2213.14,1500,225201,TRUE,FALSE,NA,3,2252013
2207702_1_065,2207702,225,20,1,1,199,2229.94,1200,225201,TRUE,FALSE,NA,3,2252013
2207702_1_115,2207702,225,20,1,1,144,2231.98,1212,225201,TRUE,FALSE,NA,3,2252013
2208403_1_009,2208403,225,20,1,1,240,2242.04,1450,225201,TRUE,FALSE,NA,3,2252013
2201200_1_017,2201200,225,20,1,2,133,2243.331428571428,1212,225201,TRUE,FALSE,NA,3,2252013
2207702_1_155,2207702,225,20,1,2,197,2248.1916243654823,1464.1015228426395,225201,TRUE,FALSE,NA,3,2252013
2202703_1_006,2202703,225,20,1,1,210,2266.14,1200,225201,TRUE,FALSE,NA,3,2252013
2207702_1_044,2207702,225,20,1,1,200,2269.84,1212,225201,TRUE,FALSE,NA,3,2252013
2203701_1_010,2203701,225,20,1,1,206,2287.14,1212,225201,TRUE,FALSE,NA,3,2252013
2207702_1_102,2207702,225,20,1,1,324,2288.74,1300,225201,TRUE,FALSE,NA,3,2252013
2208403_1_013,2208403,225,20,1,5,171,2289.7507017543858,1378.7368421052631,225201,TRUE,FALSE,NA,3,2252013
2207702_1_097,2207702,225,20,1,1,161,2290.6,1400,225201,TRUE,FALSE,NA,3,2252013
2207702_1_189,2207702,225,20,1,1,138,2293.54,1581.5,225201,TRUE,FALSE,NA,3,2252013
2201200_1_009,2201200,225,20,1,1,229,2300.96,1212,225201,TRUE,FALSE,NA,3,2252013
2207702_1_129,2207702,225,20,1,1,139,2301.85,1212,225201,TRUE,FALSE,NA,3,2252013
2202208_1_010,2202208,225,20,1,1,307,2303.7,1850,225201,TRUE,FALSE,NA,3,2252013
2208403_1_072,2208403,225,20,1,1,267,2306.56,1212,225201,TRUE,FALSE,NA,3,2252013
2207702_1_005,2207702,225,20,1,1,140,2307.52,1300,225201,TRUE,FALSE,NA,3,2252013
2207702_1_221,2207702,225,20,1,6,167,2308.323652694611,2084.958083832335,225201,TRUE,FALSE,NA,3,2252013
2202208_1_039,2202208,225,20,1,1,178,2311.86,1212,225201,TRUE,FALSE,NA,3,2252013
2207702_1_051,2207702,225,20,1,1,219,2315.52,1500,225201,TRUE,FALSE,NA,3,2252013
2207702_1_047,2207702,225,20,1,1,255,2316.58,1212,225201,TRUE,FALSE,NA,3,2252013
2203701_1_009,2203701,225,20,1,1,126,2318.24,1212,225201,TRUE,FALSE,NA,3,2252013
2207702_1_156,2207702,225,20,1,1,204,2321.07,1500,225201,TRUE,FALSE,NA,3,2252013
2207702_1_085,2207702,225,20,1,1,176,2322.46,1212,225201,TRUE,FALSE,NA,3,2252013
2207702_1_088,2207702,225,20,1,1,259,2326.5,1350,225201,TRUE,FALSE,NA,3,2252013
2201507_1_004,2201507,225,20,1,1,275,2331.68,1212,225201,TRUE,FALSE,NA,3,2252013
2207702_1_160,2207702,225,20,1,1,298,2333.87,1212,225201,TRUE,FALSE,NA,3,2252013
2205805_1_003,2205805,225,20,1,1,140,2354.53,1212,225201,TRUE,FALSE,NA,3,2252013
2208304_1_002,2208304,225,20,1,1,184,2359.82,1212,225201,TRUE,FALSE,NA,3,2252013
2202208_1_043,2202208,225,20,1,1,350,2367.49,1500,225201,TRUE,FALSE,NA,3,2252013
2208403_1_006,2208403,225,20,1,1,214,2381.25,1212,225201,TRUE,FALSE,NA,3,2252013
2207702_1_026,2207702,225,20,1,1,271,2398.05,1212,225201,TRUE,FALSE,NA,3,2252013
2201200_1_011,2201200,225,20,1,1,201,2410.32,1212,225201,TRUE,FALSE,NA,3,2252013
2207702_1_169,2207702,225,20,1,1,331,2423.65,1212,225201,TRUE,FALSE,NA,3,2252013
2200301_1_001,2200301,225,20,1,1,219,2429.3600000000006,1212,225201,TRUE,FALSE,NA,3,2252013
2205706_1_002,2205706,225,20,1,1,191,2438.81,1212,225201,TRUE,FALSE,NA,3,2252013
2202703_1_014,2202703,225,20,1,2,201,2441.452935323383,1372.8358208955224,225201,TRUE,FALSE,NA,3,2252013
2202208_1_004,2202208,225,20,1,3,204,2448.9656862745096,1384.5098039215686,225201,TRUE,FALSE,NA,3,2252013
2202208_1_042,2202208,225,20,1,1,368,2462.55,1354.5,225201,TRUE,FALSE,NA,3,2252013
2207702_1_185,2207702,225,20,1,1,128,2472.46,1550,225201,TRUE,FALSE,NA,3,2252013
2207702_1_162,2207702,225,20,1,1,230,2483.39,1212,225201,TRUE,FALSE,NA,3,2252013
2208304_1_024,2208304,225,20,1,2,142,2517.0278169014086,1316.5915492957747,225201,TRUE,FALSE,NA,3,2252013
2206209_1_001,2206209,225,20,1,1,167,2537.59,1212,225201,TRUE,FALSE,NA,3,2252013
2207702_1_176,2207702,225,20,1,1,232,2539.83,1212,225201,TRUE,FALSE,NA,3,2252013
2207702_1_011,2207702,225,20,1,2,135,2554.4853333333335,1947.4666666666667,225201,TRUE,FALSE,NA,3,2252013
2201200_1_020,2201200,225,20,1,1,109,2556.75,1212,225201,TRUE,FALSE,NA,3,2252013
2208304_1_026,2208304,225,20,1,2,116,2584.834396551724,1742.7413793103449,225201,TRUE,FALSE,NA,3,2252013
2207702_1_182,2207702,225,20,1,1,116,2590.53,1500,225201,TRUE,FALSE,NA,3,2252013
2207900_1_031,2207900,225,20,1,1,100,2590.59,2400,225201,TRUE,FALSE,NA,3,2252013
2207702_1_175,2207702,225,20,1,1,334,2596.04,1212,225201,TRUE,FALSE,NA,3,2252013
2208403_1_015,2208403,225,20,1,1,216,2615.35,2000,225201,TRUE,FALSE,NA,3,2252013
2208304_1_016,2208304,225,20,1,2,195,2628.4641538461537,1579.4871794871794,225201,TRUE,FALSE,NA,3,2252013
2207702_1_147,2207702,225,20,1,1,230,2630.53,2240,225201,TRUE,FALSE,NA,3,2252013
2207702_1_007,2207702,225,20,1,1,148,2634.93,1212,225201,TRUE,FALSE,NA,3,2252013
2207702_1_108,2207702,225,20,1,1,156,2645.91,1800,225201,TRUE,FALSE,NA,3,2252013
2207702_1_062,2207702,225,20,1,1,145,2673.78,1212,225201,TRUE,FALSE,NA,3,2252013
2202703_1_001,2202703,225,20,1,1,218,2684.32,1212,225201,TRUE,FALSE,NA,3,2252013
2202604_1_002,2202604,225,20,1,1,154,2692.7,1500,225201,TRUE,FALSE,NA,3,2252013
2207702_1_181,2207702,225,20,1,1,320,2692.97,1270,225201,TRUE,FALSE,NA,3,2252013
2207702_1_019,2207702,225,20,1,1,259,2699.63,2000,225201,TRUE,FALSE,NA,3,2252013
2208403_1_011,2208403,225,20,1,1,138,2714.74,1400,225201,TRUE,FALSE,NA,3,2252013
2203701_1_001,2203701,225,20,1,1,181,2719.4,1750,225201,TRUE,FALSE,NA,3,2252013
2202208_1_007,2202208,225,20,1,1,215,2723.6,1770,225201,TRUE,FALSE,NA,3,2252013
2202083_1_004,2202083,225,20,1,1,116,2736.43,1212,225201,TRUE,FALSE,NA,3,2252013
2208403_1_007,2208403,225,20,1,1,141,2748.33,2000,225201,TRUE,FALSE,NA,3,2252013
2207900_1_025,2207900,225,20,1,1,177,2763.92,1256,225201,TRUE,FALSE,NA,3,2252013
2205706_1_001,2205706,225,20,1,1,116,2765.43,1212,225201,TRUE,FALSE,NA,3,2252013
2202000_1_014,2202000,225,20,1,1,94,2766.69,1300,225201,TRUE,FALSE,NA,3,2252013
2202208_1_003,2202208,225,20,1,1,121,2767.41,1600,225201,TRUE,FALSE,NA,3,2252013
2207702_1_076,2207702,225,20,1,1,298,2793.07,1900,225201,TRUE,FALSE,NA,3,2252013
2207702_1_194,2207702,225,20,1,1,121,2797.26,1300,225201,TRUE,FALSE,NA,3,2252013
2207702_1_216,2207702,225,20,1,1,244,2800.5,2000,225201,TRUE,FALSE,NA,3,2252013
2202208_1_024,2202208,225,20,1,1,278,2808.14,1300,225201,TRUE,FALSE,NA,3,2252013
2207702_1_220,2207702,225,20,1,1,215,2814.19,1300,225201,TRUE,FALSE,NA,3,2252013
2207702_1_003,2207702,225,20,1,1,204,2822.04,2000,225201,TRUE,FALSE,NA,3,2252013
2208403_1_010,2208403,225,20,1,1,226,2831.48,1818,225201,TRUE,FALSE,NA,3,2252013
2207702_1_095,2207702,225,20,1,1,133,2845.89,1500,225201,TRUE,FALSE,NA,3,2252013
2208403_1_004,2208403,225,20,1,1,243,2865.35,1800,225201,TRUE,FALSE,NA,3,2252013
2207702_1_037,2207702,225,20,1,1,171,2878.32,2000,225201,TRUE,FALSE,NA,3,2252013
2208403_1_008,2208403,225,20,1,1,322,2888.14,2000,225201,TRUE,FALSE,NA,3,2252013
2202208_1_002,2202208,225,20,1,1,231,2895.12,2000,225201,TRUE,FALSE,NA,3,2252013
2207702_1_017,2207702,225,20,1,1,315,2900.28,1280,225201,TRUE,FALSE,NA,3,2252013
2207702_1_052,2207702,225,20,1,1,278,2902.13,2000,225201,TRUE,FALSE,NA,3,2252013
2202208_1_045,2202208,225,20,1,1,138,2927.31,1550,225201,TRUE,FALSE,NA,3,2252013
2207702_1_190,2207702,225,20,1,1,190,2938.369999999999,1500,225201,TRUE,FALSE,NA,3,2252013
2203701_1_023,2203701,225,20,1,1,158,2946.36,1462,225201,TRUE,FALSE,NA,3,2252013
2207702_1_009,2207702,225,20,1,1,272,2952.52,2200,225201,TRUE,FALSE,NA,3,2252013
2207702_1_025,2207702,225,20,1,1,298,2954.43,1700,225201,TRUE,FALSE,NA,3,2252013
2207702_1_136,2207702,225,20,1,1,166,2955.16,2424,225201,TRUE,FALSE,NA,3,2252013
2207702_1_100,2207702,225,20,1,1,214,2978.85,2000,225201,TRUE,FALSE,NA,3,2252013
2207702_1_203,2207702,225,20,1,1,323,3000.51,2000,225201,TRUE,FALSE,NA,3,2252013
2207702_1_099,2207702,225,20,1,1,134,3025.54,2000,225201,TRUE,FALSE,NA,3,2252013
2208403_1_003,2208403,225,20,1,1,316,3025.72,1800,225201,TRUE,FALSE,NA,3,2252013
2208403_1_005,2208403,225,20,1,1,243,3029.11,2000,225201,TRUE,FALSE,NA,3,2252013
2207702_1_161,2207702,225,20,1,1,250,3034.79,1300,225201,TRUE,FALSE,NA,3,2252013
2208403_1_075,2208403,225,20,1,1,139,3036.41,1550,225201,TRUE,FALSE,NA,3,2252013
2207702_1_138,2207702,225,20,1,1,153,3052.26,2375,225201,TRUE,FALSE,NA,3,2252013
2208304_1_006,2208304,225,20,1,1,153,3055.02,1800,225201,TRUE,FALSE,NA,3,2252013
2207702_1_033,2207702,225,20,1,1,315,3083.73,1800,225201,TRUE,FALSE,NA,3,2252013
2207702_1_050,2207702,225,20,1,1,282,3108.73,2400,225201,TRUE,FALSE,NA,3,2252013
2207702_1_137,2207702,225,20,1,1,143,3135.07,2500,225201,TRUE,FALSE,NA,3,2252013
2201200_1_018,2201200,225,20,1,2,126,3139.3966666666665,1205.3333333333333,225201,TRUE,FALSE,NA,3,2252013
2201200_1_001,2201200,225,20,1,1,246,3140.08,1800,225201,TRUE,FALSE,NA,3,2252013
2207702_1_061,2207702,225,20,1,1,298,3152.59,2200,225201,TRUE,FALSE,NA,3,2252013
2202208_1_013,2202208,225,20,1,1,194,3164.1299999999997,2000,225201,TRUE,FALSE,NA,3,2252013
2207702_1_139,2207702,225,20,1,1,173,3281.3199999999997,2424,225201,TRUE,FALSE,NA,3,2252013
2208403_1_023,2208403,225,20,1,2,104,3286.1325,1573,225201,TRUE,FALSE,NA,3,2252013
2207702_1_015,2207702,225,20,1,1,162,3288.3400000000006,2400,225201,TRUE,FALSE,NA,3,2252013
2202208_1_001,2202208,225,20,1,1,227,3300.26,2000,225201,TRUE,FALSE,NA,3,2252013
2207702_1_184,2207702,225,20,1,1,118,3351.2,1300,225201,TRUE,FALSE,NA,3,2252013
2207702_1_049,2207702,225,20,1,1,195,3351.44,2000,225201,TRUE,FALSE,NA,3,2252013
2202604_1_012,2202604,225,20,1,1,176,3386.72,1212,225201,TRUE,FALSE,NA,3,2252013
2207702_1_193,2207702,225,20,1,1,172,3397.57,1700,225201,TRUE,FALSE,NA,3,2252013
2207702_1_223,2207702,225,20,1,1,206,3457.86,1212,225201,TRUE,FALSE,NA,3,2252013
2207702_1_104,2207702,225,20,1,1,249,3467.86,2500,225201,TRUE,FALSE,NA,3,2252013
2207702_1_209,2207702,225,20,1,1,158,3479.82,2000,225201,TRUE,FALSE,NA,3,2252013
2207702_1_098,2207702,225,20,1,1,154,3498.1600000000003,2400,225201,TRUE,FALSE,NA,3,2252013
2201200_1_012,2201200,225,20,1,1,151,3539.76,2500,225201,TRUE,FALSE,NA,3,2252013
2207702_1_010,2207702,225,20,1,1,251,3576.43,2424,225201,TRUE,FALSE,NA,3,2252013
2207702_1_197,2207702,225,20,1,1,288,3744.12,2400,225201,TRUE,FALSE,NA,3,2252013
2208403_1_001,2208403,225,20,1,1,194,3860.97,2300,225201,TRUE,FALSE,NA,3,2252013
2207702_1_096,2207702,225,20,1,1,139,3932.83,3000,225201,TRUE,FALSE,NA,3,2252013
2207702_1_001,2207702,225,20,1,1,107,3949.62,2000,225201,TRUE,FALSE,NA,3,2252013
2207702_1_114,2207702,225,20,1,1,269,3951.43,2000,225201,TRUE,FALSE,NA,3,2252013
2207702_1_208,2207702,225,20,1,1,232,4118.33,2400,225201,TRUE,FALSE,NA,3,2252013
2208403_1_002,2208403,225,20,1,1,243,4300.84,2700,225201,TRUE,FALSE,NA,3,2252013
2207702_1_002,2207702,225,20,1,1,132,4417.33,3000,225201,TRUE,FALSE,NA,3,2252013
2207702_1_024,2207702,225,20,1,1,230,4425.75,3000,225201,TRUE,FALSE,NA,3,2252013
2207702_1_222,2207702,225,20,1,1,143,4642.87,2000,225201,TRUE,FALSE,NA,3,2252013
2207702_1_008,2207702,225,20,1,1,176,4712.44,2110.5,225201,TRUE,FALSE,NA,3,2252013
2207702_1_219,2207702,225,20,1,1,162,4866.03,1550,225201,TRUE,FALSE,NA,3,2252013
2202208_1_012,2202208,225,20,1,3,155,4993.428451612904,3390,225201,TRUE,FALSE,NA,3,2252013
2207702_1_159,2207702,225,20,1,1,147,5283.88,3500,225201,TRUE,FALSE,NA,3,2252013
2207702_1_214,2207702,225,20,1,1,149,5325.26,3100,225201,TRUE,FALSE,NA,3,2252013
2208403_1_012,2208403,225,20,1,3,133,5440.257894736843,3962.406015037594,225201,TRUE,FALSE,NA,3,2252013
2207702_1_087,2207702,225,20,1,1,278,6040.08,4500,225201,TRUE,FALSE,NA,3,2252013
2207702_1_165,2207702,225,20,1,1,158,6645.41,4350,225201,TRUE,FALSE,NA,3,2252013
2207702_1_213,2207702,225,20,1,1,195,6807.64,5000,225201,TRUE,FALSE,NA,3,2252013
2207702_1_043,2207702,225,20,1,1,372,7112.11,5000,225201,TRUE,FALSE,NA,3,2252013
2207702_1_166,2207702,225,20,1,1,186,7430.34,5000,225201,TRUE,FALSE,NA,3,2252013
2207702_1_179,2207702,225,20,1,1,119,8344.68,6000,225201,TRUE,FALSE,NA,3,2252013
2210409_1_006,2210409,225,20,1,1,193,9359.74,1212,225201,TRUE,FALSE,NA,3,2252013
2206209_2_028,2206209,225,20,2,1,73,552.72,400,225202,TRUE,FALSE,NA,1,2252021
2206209_2_030,2206209,225,20,2,1,119,610.66,400,225202,TRUE,FALSE,NA,1,2252021
2205805_2_021,2205805,225,20,2,1,101,648.22,400,225202,TRUE,FALSE,NA,1,2252021
2210052_2_006,2210052,225,20,2,1,69,649.42,400,225202,TRUE,FALSE,NA,1,2252021
2205854_2_003,2205854,225,20,2,1,118,670.73,400,225202,TRUE,FALSE,NA,1,2252021
2205805_2_009,2205805,225,20,2,1,144,673.01,400,225202,TRUE,FALSE,NA,1,2252021
2205409_2_018,2205409,225,20,2,1,88,682.05,500,225202,TRUE,FALSE,NA,1,2252021
2202174_2_003,2202174,225,20,2,1,80,713.7,550,225202,TRUE,FALSE,NA,1,2252021
2202026_2_011,2202026,225,20,2,2,73,714.6175342465754,464.7739726027397,225202,TRUE,FALSE,NA,1,2252021
2205805_2_011,2205805,225,20,2,1,143,725.48,400,225202,TRUE,FALSE,NA,1,2252021
2206803_2_003,2206803,225,20,2,1,73,727.89,600,225202,TRUE,FALSE,NA,1,2252021
2209971_2_008,2209971,225,20,2,1,112,729.28,600,225202,TRUE,FALSE,NA,1,2252021
2202059_2_013,2202059,225,20,2,1,76,732.96,600,225202,TRUE,FALSE,NA,1,2252021
2205458_2_004,2205458,225,20,2,1,177,734.28,700,225202,TRUE,FALSE,NA,1,2252021
2205805_2_008,2205805,225,20,2,1,187,737.5800000000002,400,225202,TRUE,FALSE,NA,1,2252021
2202174_2_001,2202174,225,20,2,1,154,738.3,400,225202,TRUE,FALSE,NA,1,2252021
2206209_2_020,2206209,225,20,2,1,186,740.87,600,225202,TRUE,FALSE,NA,1,2252021
2201507_2_024,2201507,225,20,2,3,104,742.9666346153846,617.3461538461538,225202,TRUE,FALSE,NA,1,2252021
2202703_2_011,2202703,225,20,2,1,187,744.91,400,225202,TRUE,FALSE,NA,1,2252021
2202604_2_008,2202604,225,20,2,1,73,746.06,600,225202,TRUE,FALSE,NA,1,2252021
2209971_2_007,2209971,225,20,2,1,118,747.67,600,225202,TRUE,FALSE,NA,1,2252021
2202539_2_006,2202539,225,20,2,1,190,747.68,600,225202,TRUE,FALSE,NA,1,2252021
2202026_2_007,2202026,225,20,2,1,67,752.05,500,225202,TRUE,FALSE,NA,1,2252021
2205409_2_011,2205409,225,20,2,2,91,757.0138461538461,400,225202,TRUE,FALSE,NA,1,2252021
2210409_2_023,2210409,225,20,2,1,73,757.43,600,225202,TRUE,FALSE,NA,1,2252021
2206803_2_010,2206803,225,20,2,2,181,759.99,523.0386740331492,225202,TRUE,FALSE,NA,1,2252021
2201200_2_022,2201200,225,20,2,1,157,762.73,452.5,225202,TRUE,FALSE,NA,1,2252021
2206209_2_035,2206209,225,20,2,2,113,763.1189380530974,471.6814159292035,225202,TRUE,FALSE,NA,1,2252021
2202406_2_007,2202406,225,20,2,1,144,764.54,400,225202,TRUE,FALSE,NA,1,2252021
2203701_2_035,2203701,225,20,2,1,139,766.93,500,225202,TRUE,FALSE,NA,1,2252021
2206803_2_004,2206803,225,20,2,1,65,770.78,450,225202,TRUE,FALSE,NA,1,2252021
2209872_2_004,2209872,225,20,2,1,149,771.03,500,225202,TRUE,FALSE,NA,1,2252021
2202703_2_013,2202703,225,20,2,1,64,774.66,650,225202,TRUE,FALSE,NA,1,2252021
2206357_2_007,2206357,225,20,2,1,73,774.69,550,225202,TRUE,FALSE,NA,1,2252021
2202059_2_016,2202059,225,20,2,1,74,775.55,450,225202,TRUE,FALSE,NA,1,2252021
2207793_2_002,2207793,225,20,2,1,121,776.48,700,225202,TRUE,FALSE,NA,1,2252021
2206696_2_006,2206696,225,20,2,1,248,776.76,600,225202,TRUE,FALSE,NA,1,2252021
2202703_2_037,2202703,225,20,2,1,125,777.73,400,225202,TRUE,FALSE,NA,1,2252021
2205409_2_004,2205409,225,20,2,2,163,780.25865030674845,677.3006134969326,225202,TRUE,FALSE,NA,1,2252021
2202703_2_009,2202703,225,20,2,2,92,782.2608695652174,647.1304347826087,225202,TRUE,FALSE,NA,1,2252021
2208502_2_009,2208502,225,20,2,3,139,782.9940287769784,568.3453237410072,225202,TRUE,FALSE,NA,1,2252021
2201770_2_003,2201770,225,20,2,1,272,785.12,600,225202,TRUE,FALSE,NA,1,2252021
2202703_2_020,2202703,225,20,2,1,121,786.5,400,225202,TRUE,FALSE,NA,1,2252021
2205706_2_001,2205706,225,20,2,1,69,789.09,600,225202,TRUE,FALSE,NA,1,2252021
2203701_2_027,2203701,225,20,2,1,128,790.35,700,225202,TRUE,FALSE,NA,1,2252021
2209971_2_002,2209971,225,20,2,1,83,790.4,400,225202,TRUE,FALSE,NA,1,2252021
2203701_2_036,2203701,225,20,2,4,184,790.7195652173913,500.2717391304348,225202,TRUE,FALSE,NA,1,2252021
2209906_2_005,2209906,225,20,2,1,136,792.83,700,225202,TRUE,FALSE,NA,1,2252021
2201507_2_013,2201507,225,20,2,1,138,793.43,500,225202,TRUE,FALSE,NA,1,2252021
2200301_2_006,2200301,225,20,2,1,134,795.1,450,225202,TRUE,FALSE,NA,1,2252021
2206803_2_002,2206803,225,20,2,1,109,796.58,600,225202,TRUE,FALSE,NA,1,2252021
2202703_2_033,2202703,225,20,2,1,78,797.26,400,225202,TRUE,FALSE,NA,1,2252021
2207900_2_018,2207900,225,20,2,1,63,800.45,400,225202,TRUE,FALSE,NA,1,2252021
2205805_2_016,2205805,225,20,2,1,203,802.05,400,225202,TRUE,FALSE,NA,1,2252021
2206209_2_018,2206209,225,20,2,1,193,803.5,400,225202,TRUE,FALSE,NA,1,2252021
2203701_2_017,2203701,225,20,2,1,70,804.27,600,225202,TRUE,FALSE,NA,1,2252021
2207900_2_021,2207900,225,20,2,1,192,807.73,400,225202,TRUE,FALSE,NA,1,2252021
2203701_2_028,2203701,225,20,2,2,65,807.8238461538461,400,225202,TRUE,FALSE,NA,1,2252021
2205706_2_034,2205706,225,20,2,1,136,808.97,550,225202,TRUE,FALSE,NA,1,2252021
2208502_2_008,2208502,225,20,2,3,174,809.528275862069,450.57471264367814,225202,TRUE,FALSE,NA,1,2252021
2206100_2_010,2206100,225,20,2,4,165,809.9331515151515,606.060606060606,225202,TRUE,FALSE,NA,1,2252021
2208502_2_002,2208502,225,20,2,2,189,811.2498412698412,528.042328042328,225202,TRUE,FALSE,NA,1,2252021
2202703_2_012,2202703,225,20,2,2,290,813.8525517241379,400,225202,TRUE,FALSE,NA,1,2252021
2201507_2_035,2201507,225,20,2,5,93,815.0648387096774,538.4408602150538,225202,TRUE,FALSE,NA,1,2252021
2202729_2_005,2202729,225,20,2,1,85,816.12,1000,225202,TRUE,FALSE,NA,1,2252021
2206670_2_002,2206670,225,20,2,1,116,816.35,600,225202,TRUE,FALSE,NA,1,2252021
2201051_2_004,2201051,225,20,2,1,152,822.23,400,225202,TRUE,FALSE,NA,1,2252021
2202703_2_023,2202703,225,20,2,1,249,822.53,400,225202,TRUE,FALSE,NA,1,2252021
2205409_2_019,2205409,225,20,2,1,100,823.23,500,225202,TRUE,FALSE,NA,1,2252021
2202000_2_001,2202000,225,20,2,1,135,823.74,700,225202,TRUE,FALSE,NA,1,2252021
2201200_2_026,2201200,225,20,2,2,110,824.2926363636363,894.8727272727273,225202,TRUE,FALSE,NA,1,2252021
2202000_2_013,2202000,225,20,2,1,93,824.96,600,225202,TRUE,FALSE,NA,1,2252021
2203701_2_033,2203701,225,20,2,2,92,825.1273913043478,600,225202,TRUE,FALSE,NA,1,2252021
2202174_2_009,2202174,225,20,2,4,95,825.8548421052632,692.7157894736843,225202,TRUE,FALSE,NA,1,2252021
2206209_2_031,2206209,225,20,2,1,68,827.31,600,225202,TRUE,FALSE,NA,1,2252021
2202000_2_006,2202000,225,20,2,3,125,829.2156000000001,661.6,225202,TRUE,FALSE,NA,1,2252021
2210409_2_014,2210409,225,20,2,1,101,829.46,400,225202,TRUE,FALSE,NA,1,2252021
2210656_2_006,2210656,225,20,2,1,113,830.1,480,225202,TRUE,FALSE,NA,1,2252021
2203701_2_007,2203701,225,20,2,2,126,833.88,986.4444444444443,225202,TRUE,FALSE,NA,1,2252021
2201507_2_011,2201507,225,20,2,1,97,834.0899999999999,600,225202,TRUE,FALSE,NA,1,2252021
2202703_2_015,2202703,225,20,2,1,161,835.1400000000001,560,225202,TRUE,FALSE,NA,1,2252021
2205706_2_024,2205706,225,20,2,1,213,835.26,750,225202,TRUE,FALSE,NA,1,2252021
2209906_2_001,2209906,225,20,2,1,66,835.69,1212,225202,TRUE,FALSE,NA,1,2252021
2202604_2_014,2202604,225,20,2,1,151,835.74,600,225202,TRUE,FALSE,NA,1,2252021
2200301_2_007,2200301,225,20,2,2,201,836.1752736318408,600,225202,TRUE,FALSE,NA,1,2252021
2210656_2_009,2210656,225,20,2,1,103,836.73,500.5,225202,TRUE,FALSE,NA,1,2252021
2206100_2_011,2206100,225,20,2,1,61,837.33,400,225202,TRUE,FALSE,NA,1,2252021
2205573_2_002,2205573,225,20,2,1,69,837.49,715,225202,TRUE,FALSE,NA,1,2252021
2209872_2_007,2209872,225,20,2,1,122,838.75,600,225202,TRUE,FALSE,NA,1,2252021
2205805_2_017,2205805,225,20,2,2,68,840.4100000000001,600,225202,TRUE,FALSE,NA,1,2252021
2206209_2_038,2206209,225,20,2,1,63,840.93,500,225202,TRUE,FALSE,NA,1,2252021
2202703_2_004,2202703,225,20,2,1,256,841.15,400,225202,TRUE,FALSE,NA,1,2252021
2203701_2_009,2203701,225,20,2,1,119,842.49,550,225202,TRUE,FALSE,NA,1,2252021
2205706_2_019,2205706,225,20,2,1,141,842.64,600,225202,TRUE,FALSE,NA,1,2252021
2206100_2_009,2206100,225,20,2,1,72,842.87,600,225202,TRUE,FALSE,NA,1,2252021
2210052_2_005,2210052,225,20,2,3,139,843.0315827338129,541.0071942446043,225202,TRUE,FALSE,NA,1,2252021
2209971_2_006,2209971,225,20,2,1,79,844.09,600,225202,TRUE,FALSE,NA,1,2252021
2206803_2_007,2206803,225,20,2,1,103,844.52,660,225202,TRUE,FALSE,NA,1,2252021
2205805_2_019,2205805,225,20,2,1,81,845.1,600,225202,TRUE,FALSE,NA,1,2252021
2209872_2_002,2209872,225,20,2,1,183,846.52,600,225202,TRUE,FALSE,NA,1,2252021
2201200_2_031,2201200,225,20,2,1,129,846.6,600,225202,TRUE,FALSE,NA,1,2252021
2207900_2_010,2207900,225,20,2,1,82,846.7799999999999,600,225202,TRUE,FALSE,NA,1,2252021
2206209_2_006,2206209,225,20,2,1,124,847.42,600,225202,TRUE,FALSE,NA,1,2252021
2205573_2_001,2205573,225,20,2,1,84,847.5300000000001,600,225202,TRUE,FALSE,NA,1,2252021
2202604_2_009,2202604,225,20,2,1,77,848,600,225202,TRUE,FALSE,NA,1,2252021
2201200_2_035,2201200,225,20,2,1,146,848.52,600,225202,TRUE,FALSE,NA,1,2252021
2201200_2_033,2201200,225,20,2,1,75,848.68,700,225202,TRUE,FALSE,NA,1,2252021
2202208_2_005,2202208,225,20,2,1,79,850.8500000000001,800,225202,TRUE,FALSE,NA,1,2252021
2202406_2_005,2202406,225,20,2,1,138,850.88,500,225202,TRUE,FALSE,NA,1,2252021
2209906_2_003,2209906,225,20,2,1,65,851.16,871,225202,TRUE,FALSE,NA,1,2252021
2206209_2_039,2206209,225,20,2,1,66,852.23,750,225202,TRUE,FALSE,NA,1,2252021
2201051_2_010,2201051,225,20,2,2,108,853.3466666666667,656.8333333333334,225202,TRUE,FALSE,NA,1,2252021
2202653_2_007,2202653,225,20,2,3,229,853.3579475982533,733.7379912663755,225202,TRUE,FALSE,NA,1,2252021
2202703_2_027,2202703,225,20,2,1,104,853.36,1212,225202,TRUE,FALSE,NA,1,2252021
2203701_2_021,2203701,225,20,2,2,63,854.8739682539682,762.6984126984127,225202,TRUE,FALSE,NA,1,2252021
2210409_2_028,2210409,225,20,2,3,121,855.4677685950413,570.9421487603306,225202,TRUE,FALSE,NA,1,2252021
2208304_2_004,2208304,225,20,2,1,198,856.3500000000001,970,225202,TRUE,FALSE,NA,1,2252021
2202703_2_007,2202703,225,20,2,1,147,856.39,500,225202,TRUE,FALSE,NA,1,2252021
2201507_2_012,2201507,225,20,2,1,114,857.27,400,225202,TRUE,FALSE,NA,1,2252021
2205573_2_005,2205573,225,20,2,3,147,857.4560544217686,1116.4897959183672,225202,TRUE,FALSE,NA,1,2252021
2202604_2_001,2202604,225,20,2,1,181,857.65,600,225202,TRUE,FALSE,NA,1,2252021
2203701_2_014,2203701,225,20,2,1,118,857.68,450,225202,TRUE,FALSE,NA,1,2252021
2210656_2_007,2210656,225,20,2,1,154,857.7900000000001,600,225202,TRUE,FALSE,NA,1,2252021
2208502_2_006,2208502,225,20,2,2,180,858.4151111111112,497.77777777777777,225202,TRUE,FALSE,NA,1,2252021
2208304_2_010,2208304,225,20,2,1,75,858.57,400,225202,TRUE,FALSE,NA,1,2252021
2201507_2_023,2201507,225,20,2,3,129,859.9432558139536,814.6046511627907,225202,TRUE,FALSE,NA,1,2252021
2205409_2_020,2205409,225,20,2,2,172,860.1775,743.75,225202,TRUE,FALSE,NA,1,2252021
2201200_2_050,2201200,225,20,2,2,90,861.9359999999999,643.3333333333334,225202,TRUE,FALSE,NA,1,2252021
2201507_2_022,2201507,225,20,2,1,128,862.11,600,225202,TRUE,FALSE,NA,1,2252021
2206357_2_002,2206357,225,20,2,1,138,863.12,700,225202,TRUE,FALSE,NA,1,2252021
2206100_2_007,2206100,225,20,2,1,131,864.6,600,225202,TRUE,FALSE,NA,1,2252021
2202539_2_004,2202539,225,20,2,1,271,864.76,640,225202,TRUE,FALSE,NA,1,2252021
2200301_2_013,2200301,225,20,2,2,118,865.0721186440679,786.4406779661017,225202,TRUE,FALSE,NA,1,2252021
2201507_2_018,2201507,225,20,2,1,77,865.4599999999999,1000,225202,TRUE,FALSE,NA,1,2252021
2201200_2_008,2201200,225,20,2,1,206,865.56,400,225202,TRUE,FALSE,NA,1,2252021
2202604_2_002,2202604,225,20,2,1,68,866.34,600,225202,TRUE,FALSE,NA,1,2252021
2201200_2_034,2201200,225,20,2,1,85,867.2199999999999,650,225202,TRUE,FALSE,NA,1,2252021
2203701_2_002,2203701,225,20,2,1,298,868.45,600,225202,TRUE,FALSE,NA,1,2252021
2201200_2_030,2201200,225,20,2,1,176,868.82,600,225202,TRUE,FALSE,NA,1,2252021
2202604_2_013,2202604,225,20,2,1,71,868.82,600,225202,TRUE,FALSE,NA,1,2252021
2201960_2_004,2201960,225,20,2,1,105,869.9800000000001,600,225202,TRUE,FALSE,NA,1,2252021
2202174_2_012,2202174,225,20,2,4,177,871.2957627118644,760.5084745762712,225202,TRUE,FALSE,NA,1,2252021
2202000_2_015,2202000,225,20,2,1,106,872.2000000000002,700,225202,TRUE,FALSE,NA,1,2252021
2208403_2_029,2208403,225,20,2,2,159,872.3125157232705,1038.3647798742138,225202,TRUE,FALSE,NA,1,2252021
2205573_2_010,2205573,225,20,2,1,95,872.65,1200,225202,TRUE,FALSE,NA,1,2252021
2201770_2_002,2201770,225,20,2,1,241,873.14,536,225202,TRUE,FALSE,NA,1,2252021
2205805_2_005,2205805,225,20,2,1,170,873.62,600,225202,TRUE,FALSE,NA,1,2252021
2201507_2_006,2201507,225,20,2,1,111,873.6200000000001,475,225202,TRUE,FALSE,NA,1,2252021
2202026_2_006,2202026,225,20,2,2,210,873.9517142857143,1060.857142857143,225202,TRUE,FALSE,NA,1,2252021
2202703_2_005,2202703,225,20,2,1,208,874.05,900,225202,TRUE,FALSE,NA,1,2252021
2204659_2_004,2204659,225,20,2,2,137,874.44,600,225202,TRUE,FALSE,NA,1,2252021
2202604_2_017,2202604,225,20,2,2,142,875.3612676056338,565.830985915493,225202,TRUE,FALSE,NA,1,2252021
2203701_2_001,2203701,225,20,2,1,104,875.8999999999999,450,225202,TRUE,FALSE,NA,1,2252021
2206100_2_001,2206100,225,20,2,1,141,876.14,1120,225202,TRUE,FALSE,NA,1,2252021
2206357_2_008,2206357,225,20,2,1,135,876.82,550,225202,TRUE,FALSE,NA,1,2252021
2202208_2_011,2202208,225,20,2,1,95,877.11,710,225202,TRUE,FALSE,NA,1,2252021
2205805_2_014,2205805,225,20,2,1,112,878.24,600,225202,TRUE,FALSE,NA,1,2252021
2206209_2_040,2206209,225,20,2,2,95,878.5783157894737,528.421052631579,225202,TRUE,FALSE,NA,1,2252021
2203701_2_029,2203701,225,20,2,2,127,879.3644094488188,925.3070866141732,225202,TRUE,FALSE,NA,1,2252021
2202406_2_001,2202406,225,20,2,1,214,879.64,600,225202,TRUE,FALSE,NA,1,2252021
2207793_2_001,2207793,225,20,2,1,136,879.77,1010,225202,TRUE,FALSE,NA,1,2252021
2201200_2_015,2201200,225,20,2,1,117,880.17,400,225202,TRUE,FALSE,NA,1,2252021
2202653_2_004,2202653,225,20,2,2,84,880.4042857142856,847.7142857142857,225202,TRUE,FALSE,NA,1,2252021
2201200_2_016,2201200,225,20,2,1,274,880.76,500,225202,TRUE,FALSE,NA,1,2252021
2201200_2_037,2201200,225,20,2,1,141,881.54,1000,225202,TRUE,FALSE,NA,1,2252021
2206670_2_001,2206670,225,20,2,1,158,882.2,700,225202,TRUE,FALSE,NA,1,2252021
2204659_2_002,2204659,225,20,2,1,87,882.71,700,225202,TRUE,FALSE,NA,1,2252021
2202174_2_008,2202174,225,20,2,2,105,883.3466666666666,533.3333333333334,225202,TRUE,FALSE,NA,1,2252021
2209872_2_003,2209872,225,20,2,1,95,883.64,750,225202,TRUE,FALSE,NA,1,2252021
2207900_2_006,2207900,225,20,2,1,181,883.96,1000,225202,TRUE,FALSE,NA,1,2252021
2205706_2_017,2205706,225,20,2,1,126,884.07,1000,225202,TRUE,FALSE,NA,1,2252021
2201200_2_023,2201200,225,20,2,1,84,884.26,400,225202,TRUE,FALSE,NA,1,2252021
2202703_2_026,2202703,225,20,2,1,103,884.63,600,225202,TRUE,FALSE,NA,1,2252021
2205805_2_022,2205805,225,20,2,2,103,884.7730097087378,600,225202,TRUE,FALSE,NA,1,2252021
2206209_2_001,2206209,225,20,2,1,67,885.03,700,225202,TRUE,FALSE,NA,1,2252021
2202059_2_006,2202059,225,20,2,1,274,885.6,1100,225202,TRUE,FALSE,NA,1,2252021
2203701_2_022,2203701,225,20,2,1,185,885.9,600,225202,TRUE,FALSE,NA,1,2252021
2205706_2_015,2205706,225,20,2,1,155,886.34,600,225202,TRUE,FALSE,NA,1,2252021
2201051_2_012,2201051,225,20,2,1,85,887.06,1212,225202,TRUE,FALSE,NA,1,2252021
2206209_2_004,2206209,225,20,2,1,191,887.39,716,225202,TRUE,FALSE,NA,1,2252021
2201200_2_021,2201200,225,20,2,1,214,887.52,700,225202,TRUE,FALSE,NA,1,2252021
2203701_2_037,2203701,225,20,2,1,66,887.52,1000,225202,TRUE,FALSE,NA,1,2252021
2202703_2_028,2202703,225,20,2,2,103,887.86213592233,531.2135922330098,225202,TRUE,FALSE,NA,1,2252021
2205409_2_005,2205409,225,20,2,1,198,888.2600000000001,600,225202,TRUE,FALSE,NA,1,2252021
2202174_2_010,2202174,225,20,2,1,153,889.8400000000001,500,225202,TRUE,FALSE,NA,1,2252021
2205409_2_012,2205409,225,20,2,1,85,890.06,1212,225202,TRUE,FALSE,NA,1,2252021
2208304_2_013,2208304,225,20,2,1,125,890.39,800,225202,TRUE,FALSE,NA,1,2252021
2207900_2_011,2207900,225,20,2,1,107,890.65,800,225202,TRUE,FALSE,NA,1,2252021
2206209_2_002,2206209,225,20,2,1,163,890.67,700,225202,TRUE,FALSE,NA,1,2252021
2200301_2_010,2200301,225,20,2,2,232,891.88875,809.375,225202,TRUE,FALSE,NA,1,2252021
2206100_2_003,2206100,225,20,2,1,107,891.95,800,225202,TRUE,FALSE,NA,1,2252021
2205805_2_004,2205805,225,20,2,1,175,892.38,800,225202,TRUE,FALSE,NA,1,2252021
2202604_2_003,2202604,225,20,2,1,208,892.5400000000001,1200,225202,TRUE,FALSE,NA,1,2252021
2202539_2_005,2202539,225,20,2,1,262,892.56,600,225202,TRUE,FALSE,NA,1,2252021
2210409_2_018,2210409,225,20,2,1,96,893.12,960,225202,TRUE,FALSE,NA,1,2252021
2205805_2_018,2205805,225,20,2,1,136,893.39,600,225202,TRUE,FALSE,NA,1,2252021
2209971_2_009,2209971,225,20,2,2,104,893.8474038461538,700,225202,TRUE,FALSE,NA,1,2252021
2203701_2_003,2203701,225,20,2,2,168,894.2421428571428,548.8095238095239,225202,TRUE,FALSE,NA,1,2252021
2202208_2_013,2202208,225,20,2,1,97,894.27,800,225202,TRUE,FALSE,NA,1,2252021
2201200_2_027,2201200,225,20,2,1,196,895.44,600,225202,TRUE,FALSE,NA,1,2252021
2202703_2_002,2202703,225,20,2,1,76,895.83,600,225202,TRUE,FALSE,NA,1,2252021
2208304_2_008,2208304,225,20,2,2,203,895.9295073891626,642.3645320197045,225202,TRUE,FALSE,NA,1,2252021
2202026_2_001,2202026,225,20,2,1,191,897.7200000000001,760,225202,TRUE,FALSE,NA,1,2252021
2210409_2_005,2210409,225,20,2,2,236,897.9567796610169,659.8983050847457,225202,TRUE,FALSE,NA,1,2252021
2201960_2_005,2201960,225,20,2,1,133,899.45,850,225202,TRUE,FALSE,NA,1,2252021
2201200_2_046,2201200,225,20,2,4,203,899.7227586206897,780.384236453202,225202,TRUE,FALSE,NA,1,2252021
2202539_2_002,2202539,225,20,2,1,238,899.84,1112,225202,TRUE,FALSE,NA,1,2252021
2210656_2_012,2210656,225,20,2,3,176,900.2845454545454,1076.3863636363635,225202,TRUE,FALSE,NA,1,2252021
2201200_2_024,2201200,225,20,2,1,103,900.45,700,225202,TRUE,FALSE,NA,1,2252021
2206696_2_002,2206696,225,20,2,1,64,900.49,600,225202,TRUE,FALSE,NA,1,2252021
2202406_2_002,2202406,225,20,2,1,71,901.1,500,225202,TRUE,FALSE,NA,1,2252021
2210656_2_003,2210656,225,20,2,1,196,901.34,1000,225202,TRUE,FALSE,NA,1,2252021
2202059_2_004,2202059,225,20,2,1,131,901.44,720,225202,TRUE,FALSE,NA,1,2252021
2201770_2_004,2201770,225,20,2,2,97,901.9645360824742,604.6134020618557,225202,TRUE,FALSE,NA,1,2252021
2202729_2_004,2202729,225,20,2,1,132,902.95,625,225202,TRUE,FALSE,NA,1,2252021
2205458_2_002,2205458,225,20,2,3,196,903.8745918367346,715.530612244898,225202,TRUE,FALSE,NA,1,2252021
2203701_2_030,2203701,225,20,2,1,107,904.6,1212,225202,TRUE,FALSE,NA,1,2252021
2206209_2_027,2206209,225,20,2,1,169,905.06,710,225202,TRUE,FALSE,NA,1,2252021
2201200_2_006,2201200,225,20,2,1,190,905.47,600,225202,TRUE,FALSE,NA,1,2252021
2206951_2_003,2206951,225,20,2,1,126,905.74,600,225202,TRUE,FALSE,NA,1,2252021
2206357_2_005,2206357,225,20,2,1,129,905.79,600,225202,TRUE,FALSE,NA,1,2252021
2208304_2_012,2208304,225,20,2,1,89,906.25,1000,225202,TRUE,FALSE,NA,1,2252021
2209872_2_005,2209872,225,20,2,1,72,906.58,600,225202,TRUE,FALSE,NA,1,2252021
2205805_2_023,2205805,225,20,2,2,165,906.7240606060606,1019.1272727272728,225202,TRUE,FALSE,NA,1,2252021
2207702_2_020,2207702,225,20,2,1,125,907.11,800,225202,TRUE,FALSE,NA,1,2252021
2208403_2_010,2208403,225,20,2,1,78,907.39,650,225202,TRUE,FALSE,NA,1,2252021
2206951_2_004,2206951,225,20,2,1,128,907.88,839,225202,TRUE,FALSE,NA,1,2252021
2201507_2_005,2201507,225,20,2,1,87,908.16,600,225202,TRUE,FALSE,NA,1,2252021
2201051_2_002,2201051,225,20,2,2,103,909.2228155339808,926.7961165048544,225202,TRUE,FALSE,NA,1,2252021
2201507_2_003,2201507,225,20,2,1,270,909.73,700,225202,TRUE,FALSE,NA,1,2252021
2206357_2_001,2206357,225,20,2,1,118,910.31,700,225202,TRUE,FALSE,NA,1,2252021
2202059_2_019,2202059,225,20,2,1,107,910.64,600,225202,TRUE,FALSE,NA,1,2252021
2208304_2_006,2208304,225,20,2,1,211,910.95,700,225202,TRUE,FALSE,NA,1,2252021
2208502_2_001,2208502,225,20,2,1,84,911.9,540,225202,TRUE,FALSE,NA,1,2252021
2202059_2_014,2202059,225,20,2,1,123,912.47,1200,225202,TRUE,FALSE,NA,1,2252021
2203701_2_020,2203701,225,20,2,1,140,912.51,600,225202,TRUE,FALSE,NA,1,2252021
2202703_2_034,2202703,225,20,2,1,143,912.61,600,225202,TRUE,FALSE,NA,1,2252021
2208403_2_019,2208403,225,20,2,1,90,913.92,1212,225202,TRUE,FALSE,NA,1,2252021
2201945_2_003,2201945,225,20,2,1,95,915.06,600,225202,TRUE,FALSE,NA,1,2252021
2200301_2_016,2200301,225,20,2,2,69,915.1273913043478,1212,225202,TRUE,FALSE,NA,1,2252021
2202703_2_038,2202703,225,20,2,1,79,915.13,700,225202,TRUE,FALSE,NA,1,2252021
2201507_2_030,2201507,225,20,2,1,163,916.18,700,225202,TRUE,FALSE,NA,1,2252021
2205409_2_003,2205409,225,20,2,1,288,916.53,500,225202,TRUE,FALSE,NA,1,2252021
2206100_2_002,2206100,225,20,2,1,148,917.03,804,225202,TRUE,FALSE,NA,1,2252021
2207900_2_032,2207900,225,20,2,1,72,917.19,400,225202,TRUE,FALSE,NA,1,2252021
2205409_2_007,2205409,225,20,2,1,90,917.25,600,225202,TRUE,FALSE,NA,1,2252021
2210409_2_020,2210409,225,20,2,3,174,919.4562068965516,712.919540229885,225202,TRUE,FALSE,NA,1,2252021
2206209_2_034,2206209,225,20,2,1,209,919.76,700,225202,TRUE,FALSE,NA,1,2252021
2202059_2_007,2202059,225,20,2,1,62,919.86,710,225202,TRUE,FALSE,NA,1,2252021
2202604_2_004,2202604,225,20,2,1,182,920.13,850,225202,TRUE,FALSE,NA,1,2252021
2206100_2_005,2206100,225,20,2,1,80,920.95,1212,225202,TRUE,FALSE,NA,1,2252021
2206209_2_024,2206209,225,20,2,1,98,921.3300000000002,700,225202,TRUE,FALSE,NA,1,2252021
2201507_2_019,2201507,225,20,2,1,103,921.6,1200,225202,TRUE,FALSE,NA,1,2252021
2205805_2_015,2205805,225,20,2,2,213,921.921220657277,556.8075117370892,225202,TRUE,FALSE,NA,1,2252021
2206100_2_008,2206100,225,20,2,2,134,924.3110447761194,851.1940298507462,225202,TRUE,FALSE,NA,1,2252021
2203420_2_001,2203420,225,20,2,1,162,924.41,1212,225202,TRUE,FALSE,NA,1,2252021
2205805_2_003,2205805,225,20,2,1,75,924.74,1212,225202,TRUE,FALSE,NA,1,2252021
2201200_2_036,2201200,225,20,2,2,118,924.8228813559324,778.6440677966102,225202,TRUE,FALSE,NA,1,2252021
2207900_2_020,2207900,225,20,2,1,138,925.2,655,225202,TRUE,FALSE,NA,1,2252021
2205409_2_009,2205409,225,20,2,3,90,925.2893333333334,671.0555555555555,225202,TRUE,FALSE,NA,1,2252021
2210409_2_002,2210409,225,20,2,1,78,925.72,1000,225202,TRUE,FALSE,NA,1,2252021
2210409_2_004,2210409,225,20,2,1,76,926.74,1212,225202,TRUE,FALSE,NA,1,2252021
2210409_2_019,2210409,225,20,2,1,101,926.75,1212,225202,TRUE,FALSE,NA,1,2252021
2203701_2_031,2203701,225,20,2,1,154,926.79,1212,225202,TRUE,FALSE,NA,1,2252021
2201051_2_011,2201051,225,20,2,2,106,926.9798113207548,876.1509433962265,225202,TRUE,FALSE,NA,1,2252021
2210052_2_002,2210052,225,20,2,1,116,927.28,1212,225202,TRUE,FALSE,NA,1,2252021
2206209_2_021,2206209,225,20,2,1,176,927.75,600,225202,TRUE,FALSE,NA,1,2252021
2200301_2_009,2200301,225,20,2,1,134,928.03,600,225202,TRUE,FALSE,NA,1,2252021
2205706_2_011,2205706,225,20,2,1,249,928.49,725,225202,TRUE,FALSE,NA,1,2252021
2208403_2_038,2208403,225,20,2,1,67,928.7,1212,225202,TRUE,FALSE,NA,1,2252021
2208304_2_005,2208304,225,20,2,1,265,928.75,800,225202,TRUE,FALSE,NA,1,2252021
2202059_2_018,2202059,225,20,2,1,184,928.93,1212,225202,TRUE,FALSE,NA,1,2252021
2208304_2_015,2208304,225,20,2,2,188,929.97,1200,225202,TRUE,FALSE,NA,1,2252021
2205706_2_016,2205706,225,20,2,1,158,930.02,1200,225202,TRUE,FALSE,NA,1,2252021
2202208_2_016,2202208,225,20,2,1,127,930.31,800,225202,TRUE,FALSE,NA,1,2252021
2210409_2_011,2210409,225,20,2,1,119,930.79,1206,225202,TRUE,FALSE,NA,1,2252021
2209906_2_007,2209906,225,20,2,1,165,931.24,1210,225202,TRUE,FALSE,NA,1,2252021
2210409_2_017,2210409,225,20,2,1,128,932.25,1212,225202,TRUE,FALSE,NA,1,2252021
2201200_2_029,2201200,225,20,2,1,98,932.38,1000,225202,TRUE,FALSE,NA,1,2252021
2203701_2_034,2203701,225,20,2,2,104,932.9674038461536,788.7019230769231,225202,TRUE,FALSE,NA,1,2252021
2202174_2_007,2202174,225,20,2,2,159,933.2058490566036,606.1635220125786,225202,TRUE,FALSE,NA,1,2252021
2205706_2_031,2205706,225,20,2,1,105,933.24,700,225202,TRUE,FALSE,NA,1,2252021
2202703_2_014,2202703,225,20,2,1,166,933.59,650,225202,TRUE,FALSE,NA,1,2252021
2206803_2_001,2206803,225,20,2,1,128,933.8,1150,225202,TRUE,FALSE,NA,1,2252021
2206209_2_025,2206209,225,20,2,1,77,933.83,600,225202,TRUE,FALSE,NA,1,2252021
2205854_2_001,2205854,225,20,2,1,132,933.91,1212,225202,TRUE,FALSE,NA,1,2252021
2208403_2_004,2208403,225,20,2,1,114,933.96,1212,225202,TRUE,FALSE,NA,1,2252021
2206803_2_009,2206803,225,20,2,1,277,934.02,562.5,225202,TRUE,FALSE,NA,1,2252021
2205409_2_014,2205409,225,20,2,1,155,934.4,815,225202,TRUE,FALSE,NA,1,2252021
2206100_2_006,2206100,225,20,2,1,127,934.98,750,225202,TRUE,FALSE,NA,1,2252021
2206209_2_032,2206209,225,20,2,1,118,935.1,600,225202,TRUE,FALSE,NA,1,2252021
2202604_2_012,2202604,225,20,2,2,66,935.1045454545456,1045.4545454545455,225202,TRUE,FALSE,NA,1,2252021
2206357_2_006,2206357,225,20,2,1,100,935.58,1212,225202,TRUE,FALSE,NA,1,2252021
2201200_2_012,2201200,225,20,2,1,179,935.86,900,225202,TRUE,FALSE,NA,1,2252021
2210656_2_004,2210656,225,20,2,1,150,936.35,1212,225202,TRUE,FALSE,NA,1,2252021
2202026_2_003,2202026,225,20,2,4,181,936.689723756906,888.1325966850828,225202,TRUE,FALSE,NA,1,2252021
2201200_2_048,2201200,225,20,2,1,77,937.61,1000,225202,TRUE,FALSE,NA,1,2252021
2201507_2_010,2201507,225,20,2,1,253,937.76,800,225202,TRUE,FALSE,NA,1,2252021
2201200_2_028,2201200,225,20,2,1,187,937.99,1100,225202,TRUE,FALSE,NA,1,2252021
2201507_2_028,2201507,225,20,2,2,209,938.2609090909092,1212,225202,TRUE,FALSE,NA,1,2252021
2206951_2_001,2206951,225,20,2,2,90,938.372777777778,797.2,225202,TRUE,FALSE,NA,1,2252021
2205706_2_021,2205706,225,20,2,1,156,938.39,1212,225202,TRUE,FALSE,NA,1,2252021
2208502_2_005,2208502,225,20,2,1,146,938.59,700,225202,TRUE,FALSE,NA,1,2252021
2201507_2_004,2201507,225,20,2,1,151,939.47,600,225202,TRUE,FALSE,NA,1,2252021
2200301_2_005,2200301,225,20,2,1,93,939.59,650,225202,TRUE,FALSE,NA,1,2252021
2201051_2_008,2201051,225,20,2,1,80,939.84,1000,225202,TRUE,FALSE,NA,1,2252021
2201945_2_006,2201945,225,20,2,2,129,940.0246511627906,600,225202,TRUE,FALSE,NA,1,2252021
2210409_2_003,2210409,225,20,2,1,97,940.67,400,225202,TRUE,FALSE,NA,1,2252021
2202000_2_004,2202000,225,20,2,3,136,940.6810294117648,1024.8235294117646,225202,TRUE,FALSE,NA,1,2252021
2202703_2_018,2202703,225,20,2,1,142,940.8,1200,225202,TRUE,FALSE,NA,1,2252021
2208403_2_033,2208403,225,20,2,2,215,941.4425581395348,441.86046511627904,225202,TRUE,FALSE,NA,1,2252021
2206209_2_005,2206209,225,20,2,1,303,941.63,760,225202,TRUE,FALSE,NA,1,2252021
2208304_2_003,2208304,225,20,2,1,114,942.33,1000,225202,TRUE,FALSE,NA,1,2252021
2205805_2_020,2205805,225,20,2,3,173,943.3645086705202,667.6300578034682,225202,TRUE,FALSE,NA,1,2252021
2206100_2_012,2206100,225,20,2,1,132,943.5,950,225202,TRUE,FALSE,NA,1,2252021
2205706_2_014,2205706,225,20,2,1,159,943.65,1000,225202,TRUE,FALSE,NA,1,2252021
2209971_2_004,2209971,225,20,2,1,100,943.88,700,225202,TRUE,FALSE,NA,1,2252021
2201200_2_011,2201200,225,20,2,2,120,943.894,964.875,225202,TRUE,FALSE,NA,1,2252021
2202604_2_018,2202604,225,20,2,2,207,944.3585507246376,600,225202,TRUE,FALSE,NA,1,2252021
2202703_2_029,2202703,225,20,2,2,103,944.4100970873787,908.9708737864078,225202,TRUE,FALSE,NA,1,2252021
2206696_2_011,2206696,225,20,2,2,83,944.4230120481928,997.5903614457832,225202,TRUE,FALSE,NA,1,2252021
2203420_2_006,2203420,225,20,2,1,102,945.35,1212,225202,TRUE,FALSE,NA,1,2252021
2202406_2_004,2202406,225,20,2,2,198,945.4444444444443,1212,225202,TRUE,FALSE,NA,1,2252021
2208403_2_003,2208403,225,20,2,1,116,945.98,900,225202,TRUE,FALSE,NA,1,2252021
2201507_2_021,2201507,225,20,2,2,117,946.4920512820512,1154.017094017094,225202,TRUE,FALSE,NA,1,2252021
2202703_2_031,2202703,225,20,2,1,131,947.12,860,225202,TRUE,FALSE,NA,1,2252021
2202703_2_030,2202703,225,20,2,1,94,947.34,600,225202,TRUE,FALSE,NA,1,2252021
2201507_2_026,2201507,225,20,2,1,145,947.86,1000,225202,TRUE,FALSE,NA,1,2252021
2206357_2_011,2206357,225,20,2,1,108,948.16,600,225202,TRUE,FALSE,NA,1,2252021
2210656_2_010,2210656,225,20,2,1,71,948.57,1212,225202,TRUE,FALSE,NA,1,2252021
2201200_2_038,2201200,225,20,2,2,84,949.1008333333332,915.3333333333334,225202,TRUE,FALSE,NA,1,2252021
2206803_2_011,2206803,225,20,2,1,136,950.02,600,225202,TRUE,FALSE,NA,1,2252021
2208403_2_013,2208403,225,20,2,2,94,950.54914893617,745.531914893617,225202,TRUE,FALSE,NA,1,2252021
2201770_2_005,2201770,225,20,2,1,146,950.5599999999998,750,225202,TRUE,FALSE,NA,1,2252021
2210409_2_008,2210409,225,20,2,1,202,950.62,1212,225202,TRUE,FALSE,NA,1,2252021
2201507_2_017,2201507,225,20,2,1,86,950.68,1200,225202,TRUE,FALSE,NA,1,2252021
2207900_2_033,2207900,225,20,2,1,62,951.05,600,225202,TRUE,FALSE,NA,1,2252021
2202703_2_017,2202703,225,20,2,1,101,951.84,600,225202,TRUE,FALSE,NA,1,2252021
2205409_2_017,2205409,225,20,2,1,175,952.93,800,225202,TRUE,FALSE,NA,1,2252021
2201507_2_020,2201507,225,20,2,1,212,953.87,1024,225202,TRUE,FALSE,NA,1,2252021
2202604_2_016,2202604,225,20,2,1,117,954.64,1006,225202,TRUE,FALSE,NA,1,2252021
2202208_2_022,2202208,225,20,2,1,244,954.78,1000,225202,TRUE,FALSE,NA,1,2252021
2205805_2_013,2205805,225,20,2,1,66,954.88,600,225202,TRUE,FALSE,NA,1,2252021
2209971_2_010,2209971,225,20,2,1,81,956.25,1200,225202,TRUE,FALSE,NA,1,2252021
2201200_2_039,2201200,225,20,2,1,186,956.55,705,225202,TRUE,FALSE,NA,1,2252021
2201200_2_013,2201200,225,20,2,1,102,956.99,600,225202,TRUE,FALSE,NA,1,2252021
2202059_2_010,2202059,225,20,2,1,86,957.01,1212,225202,TRUE,FALSE,NA,1,2252021
2200301_2_008,2200301,225,20,2,1,165,957.13,1100,225202,TRUE,FALSE,NA,1,2252021
2205573_2_009,2205573,225,20,2,1,61,957.35,1200,225202,TRUE,FALSE,NA,1,2252021
2207900_2_013,2207900,225,20,2,2,285,957.910105263158,837.5368421052632,225202,TRUE,FALSE,NA,1,2252021
2206670_2_004,2206670,225,20,2,1,159,958.5499999999998,800,225202,TRUE,FALSE,NA,2,2252022
2209971_2_005,2209971,225,20,2,1,141,959.35,600,225202,TRUE,FALSE,NA,2,2252022
2201919_2_003,2201919,225,20,2,1,138,959.72,1212,225202,TRUE,FALSE,NA,2,2252022
2206209_2_011,2206209,225,20,2,1,165,960.13,1206,225202,TRUE,FALSE,NA,2,2252022
2202000_2_007,2202000,225,20,2,1,132,961.07,850,225202,TRUE,FALSE,NA,2,2252022
2201507_2_032,2201507,225,20,2,2,215,962.0953953488372,691.2093023255813,225202,TRUE,FALSE,NA,2,2252022
2202000_2_002,2202000,225,20,2,1,179,963.01,1200,225202,TRUE,FALSE,NA,2,2252022
2200301_2_011,2200301,225,20,2,1,265,963.45,1050,225202,TRUE,FALSE,NA,2,2252022
2208403_2_034,2208403,225,20,2,1,130,964.13,1212,225202,TRUE,FALSE,NA,2,2252022
2202604_2_010,2202604,225,20,2,2,99,964.2557575757576,890.5454545454545,225202,TRUE,FALSE,NA,2,2252022
2208403_2_039,2208403,225,20,2,1,85,966.29,1212,225202,TRUE,FALSE,NA,2,2252022
2201507_2_034,2201507,225,20,2,1,63,966.48,750,225202,TRUE,FALSE,NA,2,2252022
2202653_2_001,2202653,225,20,2,2,97,966.920412371134,805.1546391752578,225202,TRUE,FALSE,NA,2,2252022
2206209_2_008,2206209,225,20,2,1,111,967.18,1185,225202,TRUE,FALSE,NA,2,2252022
2210656_2_014,2210656,225,20,2,1,129,967.21,900,225202,TRUE,FALSE,NA,2,2252022
2205706_2_035,2205706,225,20,2,2,70,967.326,1146.8,225202,TRUE,FALSE,NA,2,2252022
2202406_2_008,2202406,225,20,2,1,70,967.63,1000,225202,TRUE,FALSE,NA,2,2252022
2206209_2_003,2206209,225,20,2,1,147,968.73,700,225202,TRUE,FALSE,NA,2,2252022
2205805_2_025,2205805,225,20,2,3,92,968.953152173913,960.1304347826087,225202,TRUE,FALSE,NA,2,2252022
2205409_2_001,2205409,225,20,2,1,231,969.02,1000,225202,TRUE,FALSE,NA,2,2252022
2206209_2_022,2206209,225,20,2,1,113,969.59,500,225202,TRUE,FALSE,NA,2,2252022
2206696_2_004,2206696,225,20,2,1,311,969.64,600,225202,TRUE,FALSE,NA,2,2252022
2206696_2_014,2206696,225,20,2,1,63,969.64,850,225202,TRUE,FALSE,NA,2,2252022
2208403_2_037,2208403,225,20,2,1,66,970,1212,225202,TRUE,FALSE,NA,2,2252022
2201200_2_020,2201200,225,20,2,2,129,970.037906976744,1212,225202,TRUE,FALSE,NA,2,2252022
2210409_2_012,2210409,225,20,2,1,138,970.47,1212,225202,TRUE,FALSE,NA,2,2252022
2203701_2_015,2203701,225,20,2,1,73,970.55,1000,225202,TRUE,FALSE,NA,2,2252022
2202703_2_016,2202703,225,20,2,1,89,971.04,800,225202,TRUE,FALSE,NA,2,2252022
2201919_2_007,2201919,225,20,2,1,163,971.27,1012,225202,TRUE,FALSE,NA,2,2252022
2201200_2_005,2201200,225,20,2,1,287,972.49,600,225202,TRUE,FALSE,NA,2,2252022
2202208_2_015,2202208,225,20,2,1,149,973.38,1212,225202,TRUE,FALSE,NA,2,2252022
2203420_2_002,2203420,225,20,2,1,189,973.42,500,225202,TRUE,FALSE,NA,2,2252022
2210409_2_010,2210409,225,20,2,1,72,973.85,1212,225202,TRUE,FALSE,NA,2,2252022
2201960_2_006,2201960,225,20,2,1,171,974.09,1212,225202,TRUE,FALSE,NA,2,2252022
2208304_2_011,2208304,225,20,2,1,83,974.36,1000,225202,TRUE,FALSE,NA,2,2252022
2206696_2_010,2206696,225,20,2,1,125,975,700,225202,TRUE,FALSE,NA,2,2252022
2202083_2_001,2202083,225,20,2,1,102,975.53,740,225202,TRUE,FALSE,NA,2,2252022
2202703_2_006,2202703,225,20,2,1,64,976,900,225202,TRUE,FALSE,NA,2,2252022
2205409_2_006,2205409,225,20,2,1,133,976.41,1000,225202,TRUE,FALSE,NA,2,2252022
2201507_2_008,2201507,225,20,2,1,204,977.29,800,225202,TRUE,FALSE,NA,2,2252022
2207900_2_007,2207900,225,20,2,1,116,977.61,1000,225202,TRUE,FALSE,NA,2,2252022
2208403_2_025,2208403,225,20,2,1,95,977.61,1212,225202,TRUE,FALSE,NA,2,2252022
2210656_2_013,2210656,225,20,2,4,155,977.617741935484,926.283870967742,225202,TRUE,FALSE,NA,2,2252022
2202653_2_010,2202653,225,20,2,1,174,978.15,1000,225202,TRUE,FALSE,NA,2,2252022
2206357_2_012,2206357,225,20,2,1,168,978.45,953,225202,TRUE,FALSE,NA,2,2252022
2210409_2_025,2210409,225,20,2,1,152,978.81,1212,225202,TRUE,FALSE,NA,2,2252022
2202174_2_004,2202174,225,20,2,1,161,978.84,600,225202,TRUE,FALSE,NA,2,2252022
2210656_2_016,2210656,225,20,2,1,117,978.99,1212,225202,TRUE,FALSE,NA,2,2252022
2205573_2_014,2205573,225,20,2,1,87,979.04,1212,225202,TRUE,FALSE,NA,2,2252022
2210656_2_005,2210656,225,20,2,1,169,979.15,1200,225202,TRUE,FALSE,NA,2,2252022
2206670_2_003,2206670,225,20,2,1,187,979.1699999999998,1000,225202,TRUE,FALSE,NA,2,2252022
2207702_2_012,2207702,225,20,2,1,145,979.35,1212,225202,TRUE,FALSE,NA,2,2252022
2202729_2_001,2202729,225,20,2,2,117,979.9066666666664,806.6666666666666,225202,TRUE,FALSE,NA,2,2252022
2203701_2_019,2203701,225,20,2,1,62,980.48,450,225202,TRUE,FALSE,NA,2,2252022
2204659_2_003,2204659,225,20,2,2,115,980.7385217391304,794.7826086956521,225202,TRUE,FALSE,NA,2,2252022
2203701_2_025,2203701,225,20,2,3,307,980.8704885993484,899.71335504886,225202,TRUE,FALSE,NA,2,2252022
2206803_2_005,2206803,225,20,2,1,107,980.98,600,225202,TRUE,FALSE,NA,2,2252022
2203420_2_004,2203420,225,20,2,1,144,981.2000000000002,1212,225202,TRUE,FALSE,NA,2,2252022
2202174_2_002,2202174,225,20,2,1,192,981.62,700,225202,TRUE,FALSE,NA,2,2252022
2201051_2_006,2201051,225,20,2,4,151,981.9060264900662,1120,225202,TRUE,FALSE,NA,2,2252022
2205854_2_008,2205854,225,20,2,1,102,982.05,600,225202,TRUE,FALSE,NA,2,2252022
2202000_2_016,2202000,225,20,2,2,152,984.6505263157896,986.5263157894736,225202,TRUE,FALSE,NA,2,2252022
2205805_2_001,2205805,225,20,2,1,148,985.08,1000,225202,TRUE,FALSE,NA,2,2252022
2205573_2_011,2205573,225,20,2,1,92,985.15,1200,225202,TRUE,FALSE,NA,2,2252022
2206209_2_010,2206209,225,20,2,1,78,985.29,1212,225202,TRUE,FALSE,NA,2,2252022
2206209_2_037,2206209,225,20,2,1,108,986.11,875,225202,TRUE,FALSE,NA,2,2252022
2205706_2_028,2205706,225,20,2,1,75,986.38,1212,225202,TRUE,FALSE,NA,2,2252022
2202703_2_008,2202703,225,20,2,1,177,987.2,700,225202,TRUE,FALSE,NA,2,2252022
2209971_2_001,2209971,225,20,2,1,88,987.83,675,225202,TRUE,FALSE,NA,2,2252022
2200301_2_003,2200301,225,20,2,1,162,987.88,1212,225202,TRUE,FALSE,NA,2,2252022
2206951_2_005,2206951,225,20,2,2,111,987.9914414414416,1212,225202,TRUE,FALSE,NA,2,2252022
2201200_2_002,2201200,225,20,2,1,114,988.01,1200,225202,TRUE,FALSE,NA,2,2252022
2202174_2_011,2202174,225,20,2,2,68,988.5833823529412,1211.0882352941176,225202,TRUE,FALSE,NA,2,2252022
2207702_2_004,2207702,225,20,2,1,84,988.89,1200,225202,TRUE,FALSE,NA,2,2252022
2203701_2_013,2203701,225,20,2,1,87,989.11,1212,225202,TRUE,FALSE,NA,2,2252022
2202711_2_005,2202711,225,20,2,2,90,989.16,1006.3111111111112,225202,TRUE,FALSE,NA,2,2252022
2207900_2_025,2207900,225,20,2,2,64,989.380625,867.75,225202,TRUE,FALSE,NA,2,2252022
2205706_2_013,2205706,225,20,2,1,160,991,800,225202,TRUE,FALSE,NA,2,2252022
2202703_2_010,2202703,225,20,2,2,222,991.461891891892,1097.2972972972973,225202,TRUE,FALSE,NA,2,2252022
2201507_2_001,2201507,225,20,2,1,138,991.62,1212,225202,TRUE,FALSE,NA,2,2252022
2202703_2_032,2202703,225,20,2,1,102,991.79,600,225202,TRUE,FALSE,NA,2,2252022
2205409_2_002,2205409,225,20,2,1,81,992.06,1212,225202,TRUE,FALSE,NA,2,2252022
2202174_2_005,2202174,225,20,2,1,154,992.2000000000002,600,225202,TRUE,FALSE,NA,2,2252022
2207793_2_003,2207793,225,20,2,3,180,992.3490555555557,1184.911111111111,225202,TRUE,FALSE,NA,2,2252022
2205276_2_005,2205276,225,20,2,2,129,992.648139534884,1032.5581395348838,225202,TRUE,FALSE,NA,2,2252022
2202703_2_019,2202703,225,20,2,1,119,993.71,600,225202,TRUE,FALSE,NA,2,2252022
2201960_2_008,2201960,225,20,2,1,79,993.82,1212,225202,TRUE,FALSE,NA,2,2252022
2205706_2_033,2205706,225,20,2,1,120,995,1166,225202,TRUE,FALSE,NA,2,2252022
2202711_2_007,2202711,225,20,2,1,90,995.22,1200,225202,TRUE,FALSE,NA,2,2252022
2202059_2_011,2202059,225,20,2,1,193,995.47,1200,225202,TRUE,FALSE,NA,2,2252022
2203701_2_004,2203701,225,20,2,1,228,995.57,800,225202,TRUE,FALSE,NA,2,2252022
2206357_2_004,2206357,225,20,2,1,175,995.69,1212,225202,TRUE,FALSE,NA,2,2252022
2210409_2_007,2210409,225,20,2,2,122,995.7687704918034,1133.8032786885246,225202,TRUE,FALSE,NA,2,2252022
2201919_2_008,2201919,225,20,2,1,97,996.33,1212,225202,TRUE,FALSE,NA,2,2252022
2201945_2_010,2201945,225,20,2,1,85,996.8,1100,225202,TRUE,FALSE,NA,2,2252022
2207900_2_028,2207900,225,20,2,1,98,998.03,1100,225202,TRUE,FALSE,NA,2,2252022
2201200_2_042,2201200,225,20,2,2,66,998.4772727272727,1205.8181818181818,225202,TRUE,FALSE,NA,2,2252022
2202604_2_015,2202604,225,20,2,1,119,999.03,1212,225202,TRUE,FALSE,NA,2,2252022
2203701_2_006,2203701,225,20,2,1,198,999.15,500,225202,TRUE,FALSE,NA,2,2252022
2201200_2_007,2201200,225,20,2,1,139,999.6,1212,225202,TRUE,FALSE,NA,2,2252022
2208304_2_001,2208304,225,20,2,1,162,1000.22,1212,225202,TRUE,FALSE,NA,2,2252022
2201507_2_037,2201507,225,20,2,1,64,1000.67,1212,225202,TRUE,FALSE,NA,2,2252022
2201507_2_036,2201507,225,20,2,1,100,1000.73,860,225202,TRUE,FALSE,NA,2,2252022
2208502_2_004,2208502,225,20,2,1,64,1002.46,1000,225202,TRUE,FALSE,NA,2,2252022
2210409_2_029,2210409,225,20,2,4,123,1002.7155284552844,1111.8373983739837,225202,TRUE,FALSE,NA,2,2252022
2202174_2_006,2202174,225,20,2,1,155,1003.2,600,225202,TRUE,FALSE,NA,2,2252022
2206753_2_005,2206753,225,20,2,1,143,1003.84,992,225202,TRUE,FALSE,NA,2,2252022
2206696_2_007,2206696,225,20,2,1,100,1004.29,725,225202,TRUE,FALSE,NA,2,2252022
2202653_2_003,2202653,225,20,2,1,160,1004.6699999999998,800,225202,TRUE,FALSE,NA,2,2252022
2205706_2_004,2205706,225,20,2,1,165,1004.99,1200,225202,TRUE,FALSE,NA,2,2252022
2202703_2_025,2202703,225,20,2,1,101,1005.24,600,225202,TRUE,FALSE,NA,2,2252022
2201200_2_019,2201200,225,20,2,1,134,1005.25,925,225202,TRUE,FALSE,NA,2,2252022
2202208_2_002,2202208,225,20,2,1,161,1006.9,1200,225202,TRUE,FALSE,NA,2,2252022
2209872_2_001,2209872,225,20,2,1,190,1007.3,1212,225202,TRUE,FALSE,NA,2,2252022
2203701_2_012,2203701,225,20,2,1,99,1007.3099999999998,1006,225202,TRUE,FALSE,NA,2,2252022
2202729_2_002,2202729,225,20,2,1,262,1008.09,808,225202,TRUE,FALSE,NA,2,2252022
2202059_2_009,2202059,225,20,2,1,174,1008.78,1212,225202,TRUE,FALSE,NA,2,2252022
2210409_2_026,2210409,225,20,2,1,91,1008.79,1212,225202,TRUE,FALSE,NA,2,2252022
2207900_2_026,2207900,225,20,2,1,130,1008.89,1212,225202,TRUE,FALSE,NA,2,2252022
2206670_2_005,2206670,225,20,2,1,205,1009.2,1000,225202,TRUE,FALSE,NA,2,2252022
2206209_2_023,2206209,225,20,2,1,158,1009.42,755,225202,TRUE,FALSE,NA,2,2252022
2205409_2_010,2205409,225,20,2,3,201,1009.6254228855722,803.4825870646766,225202,TRUE,FALSE,NA,2,2252022
2205854_2_005,2205854,225,20,2,1,126,1009.67,1004,225202,TRUE,FALSE,NA,2,2252022
2202208_2_004,2202208,225,20,2,1,112,1010.37,1212,225202,TRUE,FALSE,NA,2,2252022
2203701_2_018,2203701,225,20,2,1,236,1011.01,1212,225202,TRUE,FALSE,NA,2,2252022
2209906_2_006,2209906,225,20,2,2,112,1011.3741964285716,1212,225202,TRUE,FALSE,NA,2,2252022
2210409_2_009,2210409,225,20,2,1,63,1011.8,1212,225202,TRUE,FALSE,NA,2,2252022
2202539_2_008,2202539,225,20,2,1,73,1012.1900000000002,800,225202,TRUE,FALSE,NA,2,2252022
2202000_2_011,2202000,225,20,2,1,186,1013.08,1200,225202,TRUE,FALSE,NA,2,2252022
2209971_2_003,2209971,225,20,2,1,98,1013.36,874.5,225202,TRUE,FALSE,NA,2,2252022
2203701_2_011,2203701,225,20,2,1,108,1013.4299999999998,1000,225202,TRUE,FALSE,NA,2,2252022
2202604_2_011,2202604,225,20,2,2,120,1013.9341666666668,870.3,225202,TRUE,FALSE,NA,2,2252022
2207900_2_027,2207900,225,20,2,2,171,1014.5643859649122,1000.842105263158,225202,TRUE,FALSE,NA,2,2252022
2206696_2_001,2206696,225,20,2,2,131,1014.5780916030536,949.6183206106872,225202,TRUE,FALSE,NA,2,2252022
2203701_2_023,2203701,225,20,2,1,137,1016.41,1000,225202,TRUE,FALSE,NA,2,2252022
2206670_2_007,2206670,225,20,2,2,144,1016.4466666666664,1031.9791666666667,225202,TRUE,FALSE,NA,2,2252022
2201770_2_006,2201770,225,20,2,2,247,1017.312024291498,934.251012145749,225202,TRUE,FALSE,NA,2,2252022
2200301_2_012,2200301,225,20,2,1,81,1017.51,1200,225202,TRUE,FALSE,NA,2,2252022
2207702_2_013,2207702,225,20,2,1,73,1018.5,1212,225202,TRUE,FALSE,NA,2,2252022
2210409_2_021,2210409,225,20,2,1,76,1020.38,606,225202,TRUE,FALSE,NA,2,2252022
2208403_2_016,2208403,225,20,2,1,89,1021.34,1212,225202,TRUE,FALSE,NA,2,2252022
2210409_2_006,2210409,225,20,2,2,101,1021.4841584158416,1212,225202,TRUE,FALSE,NA,2,2252022
2201507_2_016,2201507,225,20,2,1,67,1021.49,1200,225202,TRUE,FALSE,NA,2,2252022
2210409_2_015,2210409,225,20,2,2,84,1021.96,1212,225202,TRUE,FALSE,NA,2,2252022
2201200_2_047,2201200,225,20,2,1,214,1023.23,1212,225202,TRUE,FALSE,NA,2,2252022
2202406_2_010,2202406,225,20,2,1,110,1023.48,1200,225202,TRUE,FALSE,NA,2,2252022
2202653_2_009,2202653,225,20,2,1,70,1023.58,900,225202,TRUE,FALSE,NA,2,2252022
2208403_2_041,2208403,225,20,2,1,100,1023.62,1212,225202,TRUE,FALSE,NA,2,2252022
2202000_2_009,2202000,225,20,2,1,193,1024.31,1200,225202,TRUE,FALSE,NA,2,2252022
2205276_2_007,2205276,225,20,2,1,159,1025.28,1012,225202,TRUE,FALSE,NA,2,2252022
2201960_2_007,2201960,225,20,2,2,110,1025.46,1000,225202,TRUE,FALSE,NA,2,2252022
2202729_2_006,2202729,225,20,2,1,151,1025.47,1212,225202,TRUE,FALSE,NA,2,2252022
2201200_2_032,2201200,225,20,2,2,107,1025.9518691588785,948.8971962616822,225202,TRUE,FALSE,NA,2,2252022
2205573_2_004,2205573,225,20,2,1,148,1026.73,1212,225202,TRUE,FALSE,NA,2,2252022
2208403_2_020,2208403,225,20,2,1,112,1026.93,1212,225202,TRUE,FALSE,NA,2,2252022
2208304_2_002,2208304,225,20,2,1,114,1027.17,1212,225202,TRUE,FALSE,NA,2,2252022
2206696_2_013,2206696,225,20,2,2,294,1027.607619047619,840.8163265306123,225202,TRUE,FALSE,NA,2,2252022
2208304_2_009,2208304,225,20,2,1,174,1027.87,1200,225202,TRUE,FALSE,NA,2,2252022
2202604_2_019,2202604,225,20,2,2,243,1028.2646913580247,1096.148148148148,225202,TRUE,FALSE,NA,2,2252022
2202059_2_015,2202059,225,20,2,3,80,1028.77125,1186.75,225202,TRUE,FALSE,NA,2,2252022
2205516_2_005,2205516,225,20,2,3,142,1029.2035211267605,1081.4788732394366,225202,TRUE,FALSE,NA,2,2252022
2202703_2_022,2202703,225,20,2,2,120,1029.5625,452.5,225202,TRUE,FALSE,NA,2,2252022
2210409_2_027,2210409,225,20,2,2,102,1030.1282352941178,1208.0588235294117,225202,TRUE,FALSE,NA,2,2252022
2202711_2_006,2202711,225,20,2,1,92,1030.38,1100,225202,TRUE,FALSE,NA,2,2252022
2202083_2_006,2202083,225,20,2,2,111,1030.926126126126,1105.045045045045,225202,TRUE,FALSE,NA,2,2252022
2202208_2_014,2202208,225,20,2,2,247,1030.9295141700404,1156.2753036437248,225202,TRUE,FALSE,NA,2,2252022
2208403_2_036,2208403,225,20,2,2,158,1030.947341772152,1103.5443037974685,225202,TRUE,FALSE,NA,2,2252022
2206951_2_002,2206951,225,20,2,1,130,1031.22,1000,225202,TRUE,FALSE,NA,2,2252022
2201051_2_009,2201051,225,20,2,1,157,1031.97,1200,225202,TRUE,FALSE,NA,2,2252022
2201507_2_014,2201507,225,20,2,1,67,1032.3,1200,225202,TRUE,FALSE,NA,2,2252022
2201960_2_011,2201960,225,20,2,3,123,1032.440325203252,771.0325203252032,225202,TRUE,FALSE,NA,2,2252022
2210052_2_004,2210052,225,20,2,1,132,1033.66,1212,225202,TRUE,FALSE,NA,2,2252022
2205409_2_013,2205409,225,20,2,1,68,1033.76,1125,225202,TRUE,FALSE,NA,2,2252022
2210409_2_013,2210409,225,20,2,2,111,1034.978018018018,1202.7027027027027,225202,TRUE,FALSE,NA,2,2252022
2206100_2_004,2206100,225,20,2,1,200,1037.07,1102,225202,TRUE,FALSE,NA,2,2252022
2202026_2_008,2202026,225,20,2,1,78,1037.66,1200,225202,TRUE,FALSE,NA,2,2252022
2202026_2_012,2202026,225,20,2,2,97,1038.3011340206183,1172.1649484536083,225202,TRUE,FALSE,NA,2,2252022
2208403_2_014,2208403,225,20,2,1,81,1038.32,1212,225202,TRUE,FALSE,NA,2,2252022
2205805_2_007,2205805,225,20,2,1,174,1038.79,700,225202,TRUE,FALSE,NA,2,2252022
2201507_2_027,2201507,225,20,2,1,145,1039.23,1200,225202,TRUE,FALSE,NA,2,2252022
2201507_2_031,2201507,225,20,2,3,134,1039.483582089552,1212,225202,TRUE,FALSE,NA,2,2252022
2210409_2_022,2210409,225,20,2,1,165,1039.5,1212,225202,TRUE,FALSE,NA,2,2252022
2208304_2_016,2208304,225,20,2,1,76,1040.56,1200,225202,TRUE,FALSE,NA,2,2252022
2210409_2_024,2210409,225,20,2,1,72,1040.91,1205.5,225202,TRUE,FALSE,NA,2,2252022
2201919_2_002,2201919,225,20,2,2,169,1043.01,1212,225202,TRUE,FALSE,NA,2,2252022
2205276_2_003,2205276,225,20,2,1,138,1043.49,1212,225202,TRUE,FALSE,NA,2,2252022
2201200_2_045,2201200,225,20,2,1,96,1045.01,1212,225202,TRUE,FALSE,NA,2,2252022
2201945_2_002,2201945,225,20,2,1,103,1045.1,1212,225202,TRUE,FALSE,NA,2,2252022
2202059_2_008,2202059,225,20,2,1,133,1045.54,1212,225202,TRUE,FALSE,NA,2,2252022
2207793_2_004,2207793,225,20,2,1,157,1046.16,1206,225202,TRUE,FALSE,NA,2,2252022
2201507_2_025,2201507,225,20,2,1,64,1047.06,1200,225202,TRUE,FALSE,NA,2,2252022
2208403_2_008,2208403,225,20,2,1,80,1047.09,1212,225202,TRUE,FALSE,NA,2,2252022
2207900_2_009,2207900,225,20,2,1,121,1047.16,400,225202,TRUE,FALSE,NA,2,2252022
2201200_2_017,2201200,225,20,2,1,152,1048.07,650,225202,TRUE,FALSE,NA,2,2252022
2202000_2_014,2202000,225,20,2,1,162,1048.55,1212,225202,TRUE,FALSE,NA,2,2252022
2202026_2_010,2202026,225,20,2,2,94,1050.5878723404255,1204.468085106383,225202,TRUE,FALSE,NA,2,2252022
2202208_2_012,2202208,225,20,2,1,118,1051.05,800,225202,TRUE,FALSE,NA,2,2252022
2201200_2_009,2201200,225,20,2,1,215,1051.75,1200,225202,TRUE,FALSE,NA,2,2252022
2202026_2_002,2202026,225,20,2,1,88,1052.55,1212,225202,TRUE,FALSE,NA,2,2252022
2201507_2_033,2201507,225,20,2,2,72,1053.8618055555553,652.7777777777778,225202,TRUE,FALSE,NA,2,2252022
2207793_2_006,2207793,225,20,2,2,189,1053.930582010582,1212,225202,TRUE,FALSE,NA,2,2252022
2207702_2_010,2207702,225,20,2,1,66,1053.94,1220,225202,TRUE,FALSE,NA,2,2252022
2205805_2_002,2205805,225,20,2,1,179,1054.05,1200,225202,TRUE,FALSE,NA,2,2252022
2207900_2_001,2207900,225,20,2,1,135,1055.03,1200,225202,TRUE,FALSE,NA,2,2252022
2202083_2_003,2202083,225,20,2,1,163,1055.04,1150,225202,TRUE,FALSE,NA,2,2252022
2201507_2_002,2201507,225,20,2,1,128,1055.6,1212,225202,TRUE,FALSE,NA,2,2252022
2202208_2_009,2202208,225,20,2,2,145,1056.4758620689656,1212,225202,TRUE,FALSE,NA,2,2252022
2201945_2_004,2201945,225,20,2,1,167,1056.86,1212,225202,TRUE,FALSE,NA,2,2252022
2201051_2_003,2201051,225,20,2,2,113,1057.967168141593,1119.2212389380531,225202,TRUE,FALSE,NA,2,2252022
2205706_2_008,2205706,225,20,2,1,284,1058.33,1212,225202,TRUE,FALSE,NA,2,2252022
2206209_2_029,2206209,225,20,2,2,212,1058.7250943396227,1009.509433962264,225202,TRUE,FALSE,NA,2,2252022
2208502_2_007,2208502,225,20,2,1,85,1058.88,600,225202,TRUE,FALSE,NA,2,2252022
2205276_2_004,2205276,225,20,2,1,183,1058.94,1212,225202,TRUE,FALSE,NA,2,2252022
2201200_2_001,2201200,225,20,2,1,139,1058.97,1200,225202,TRUE,FALSE,NA,2,2252022
2202026_2_013,2202026,225,20,2,1,77,1060.11,800,225202,TRUE,FALSE,NA,2,2252022
2202208_2_007,2202208,225,20,2,1,167,1060.18,1212,225202,TRUE,FALSE,NA,2,2252022
2205706_2_007,2205706,225,20,2,1,146,1060.25,1212,225202,TRUE,FALSE,NA,2,2252022
2208403_2_001,2208403,225,20,2,1,142,1060.34,1212,225202,TRUE,FALSE,NA,2,2252022
2202026_2_004,2202026,225,20,2,1,168,1060.44,1212,225202,TRUE,FALSE,NA,2,2252022
2210409_2_016,2210409,225,20,2,1,101,1060.63,1000,225202,TRUE,FALSE,NA,2,2252022
2210052_2_001,2210052,225,20,2,1,196,1061.38,800,225202,TRUE,FALSE,NA,2,2252022
2208304_2_007,2208304,225,20,2,1,203,1061.67,1212,225202,TRUE,FALSE,NA,2,2252022
2203701_2_005,2203701,225,20,2,1,220,1062.61,1212,225202,TRUE,FALSE,NA,2,2252022
2205706_2_012,2205706,225,20,2,2,258,1062.7760465116278,838.3255813953489,225202,TRUE,FALSE,NA,2,2252022
2202059_2_017,2202059,225,20,2,1,61,1062.85,1212,225202,TRUE,FALSE,NA,2,2252022
2202729_2_003,2202729,225,20,2,1,282,1063.42,700,225202,TRUE,FALSE,NA,2,2252022
2207702_2_016,2207702,225,20,2,1,87,1064.64,1212,225202,TRUE,FALSE,NA,2,2252022
2207900_2_002,2207900,225,20,2,1,225,1064.92,1212,225202,TRUE,FALSE,NA,2,2252022
2208403_2_002,2208403,225,20,2,1,74,1066.54,1212,225202,TRUE,FALSE,NA,2,2252022
2207702_2_017,2207702,225,20,2,2,83,1066.5715662650605,1212,225202,TRUE,FALSE,NA,2,2252022
2207900_2_029,2207900,225,20,2,2,204,1067.5388235294115,1212,225202,TRUE,FALSE,NA,2,2252022
2207900_2_008,2207900,225,20,2,1,71,1068,1212,225202,TRUE,FALSE,NA,2,2252022
2202604_2_006,2202604,225,20,2,1,81,1068.25,750,225202,TRUE,FALSE,NA,2,2252022
2201960_2_002,2201960,225,20,2,1,179,1068.59,1212,225202,TRUE,FALSE,NA,2,2252022
2202653_2_002,2202653,225,20,2,1,180,1069.23,600,225202,TRUE,FALSE,NA,2,2252022
2206670_2_008,2206670,225,20,2,2,215,1070.3757209302323,800,225202,TRUE,FALSE,NA,2,2252022
2209906_2_004,2209906,225,20,2,1,152,1070.89,1212,225202,TRUE,FALSE,NA,2,2252022
2205706_2_022,2205706,225,20,2,1,157,1071.31,600,225202,TRUE,FALSE,NA,2,2252022
2201051_2_007,2201051,225,20,2,1,83,1071.48,1212,225202,TRUE,FALSE,NA,2,2252022
2206209_2_036,2206209,225,20,2,2,215,1071.6704651162793,984.3023255813954,225202,TRUE,FALSE,NA,2,2252022
2202406_2_003,2202406,225,20,2,1,207,1071.83,1200,225202,TRUE,FALSE,NA,2,2252022
2209872_2_006,2209872,225,20,2,1,156,1072.31,1200,225202,TRUE,FALSE,NA,2,2252022
2205706_2_010,2205706,225,20,2,1,217,1072.68,800,225202,TRUE,FALSE,NA,2,2252022
2201960_2_012,2201960,225,20,2,1,87,1073.08,1100,225202,TRUE,FALSE,NA,2,2252022
2203701_2_010,2203701,225,20,2,1,106,1073.45,1100,225202,TRUE,FALSE,NA,2,2252022
2202406_2_006,2202406,225,20,2,1,86,1073.81,1200,225202,TRUE,FALSE,NA,2,2252022
2208403_2_035,2208403,225,20,2,3,136,1073.8610294117648,1050.7941176470588,225202,TRUE,FALSE,NA,2,2252022
2202026_2_009,2202026,225,20,2,1,98,1073.96,1200,225202,TRUE,FALSE,NA,2,2252022
2202711_2_001,2202711,225,20,2,1,171,1074.9,1212,225202,TRUE,FALSE,NA,2,2252022
2205458_2_005,2205458,225,20,2,1,153,1075.71,1000,225202,TRUE,FALSE,NA,2,2252022
2201200_2_004,2201200,225,20,2,1,213,1076.47,1000,225202,TRUE,FALSE,NA,2,2252022
2201507_2_029,2201507,225,20,2,2,189,1076.5633333333333,811.1111111111111,225202,TRUE,FALSE,NA,2,2252022
2202000_2_010,2202000,225,20,2,1,161,1077.29,1212,225202,TRUE,FALSE,NA,2,2252022
2201200_2_041,2201200,225,20,2,1,69,1079.59,1200,225202,TRUE,FALSE,NA,2,2252022
2202711_2_003,2202711,225,20,2,1,127,1079.8,1145,225202,TRUE,FALSE,NA,2,2252022
2208403_2_005,2208403,225,20,2,1,152,1079.97,1212,225202,TRUE,FALSE,NA,2,2252022
2205706_2_018,2205706,225,20,2,1,101,1081.65,1212,225202,TRUE,FALSE,NA,2,2252022
2207702_2_001,2207702,225,20,2,1,154,1082.06,1212,225202,TRUE,FALSE,NA,2,2252022
2203701_2_016,2203701,225,20,2,1,83,1082.5,1212,225202,TRUE,FALSE,NA,2,2252022
2206696_2_005,2206696,225,20,2,1,222,1083.12,600,225202,TRUE,FALSE,NA,2,2252022
2202539_2_007,2202539,225,20,2,1,68,1084.39,1000,225202,TRUE,FALSE,NA,2,2252022
2206803_2_006,2206803,225,20,2,2,77,1088.5597402597402,983.2987012987012,225202,TRUE,FALSE,NA,2,2252022
2201507_2_015,2201507,225,20,2,1,132,1089.59,1212,225202,TRUE,FALSE,NA,2,2252022
2206753_2_003,2206753,225,20,2,1,271,1090.6,1212,225202,TRUE,FALSE,NA,2,2252022
2205573_2_012,2205573,225,20,2,1,65,1090.68,1212,225202,TRUE,FALSE,NA,2,2252022
2205706_2_026,2205706,225,20,2,2,102,1091.466862745098,1052.9411764705883,225202,TRUE,FALSE,NA,2,2252022
2205854_2_009,2205854,225,20,2,2,86,1091.7053488372094,1091.0697674418604,225202,TRUE,FALSE,NA,2,2252022
2202059_2_003,2202059,225,20,2,1,98,1092.01,1212,225202,TRUE,FALSE,NA,2,2252022
2202711_2_004,2202711,225,20,2,1,88,1092.41,1070,225202,TRUE,FALSE,NA,2,2252022
2206696_2_009,2206696,225,20,2,1,170,1094.22,1100,225202,TRUE,FALSE,NA,2,2252022
2201919_2_005,2201919,225,20,2,1,172,1094.57,1212,225202,TRUE,FALSE,NA,2,2252022
2206696_2_003,2206696,225,20,2,1,90,1094.74,1200,225202,TRUE,FALSE,NA,2,2252022
2202059_2_002,2202059,225,20,2,1,110,1095.05,1212,225202,TRUE,FALSE,NA,2,2252022
2201051_2_001,2201051,225,20,2,1,106,1095.43,1212,225202,TRUE,FALSE,NA,2,2252022
2202604_2_005,2202604,225,20,2,3,138,1095.6602173913045,913.304347826087,225202,TRUE,FALSE,NA,2,2252022
2207900_2_003,2207900,225,20,2,1,131,1096.55,1200,225202,TRUE,FALSE,NA,2,2252022
2208403_2_024,2208403,225,20,2,1,88,1097.4,1150,225202,TRUE,FALSE,NA,2,2252022
2205573_2_008,2205573,225,20,2,2,131,1097.6175572519085,1068,225202,TRUE,FALSE,NA,2,2252022
2201200_2_025,2201200,225,20,2,1,69,1097.93,1212,225202,TRUE,FALSE,NA,2,2252022
2205706_2_003,2205706,225,20,2,1,204,1098.85,1200,225202,TRUE,FALSE,NA,2,2252022
2206209_2_007,2206209,225,20,2,1,181,1100.44,1200,225202,TRUE,FALSE,NA,2,2252022
2205854_2_004,2205854,225,20,2,1,141,1101.7,600,225202,TRUE,FALSE,NA,2,2252022
2208304_2_014,2208304,225,20,2,1,220,1103.08,1212,225202,TRUE,FALSE,NA,2,2252022
2208502_2_003,2208502,225,20,2,2,62,1104.0209677419357,1212,225202,TRUE,FALSE,NA,2,2252022
2202208_2_025,2202208,225,20,2,2,213,1104.879014084507,1212,225202,TRUE,FALSE,NA,2,2252022
2201945_2_008,2201945,225,20,2,3,130,1104.9925384615383,1212,225202,TRUE,FALSE,NA,2,2252022
2208403_2_017,2208403,225,20,2,1,169,1105.31,1212,225202,TRUE,FALSE,NA,2,2252022
2201200_2_018,2201200,225,20,2,1,146,1105.46,800,225202,TRUE,FALSE,NA,2,2252022
2202703_2_036,2202703,225,20,2,1,172,1105.75,600,225202,TRUE,FALSE,NA,2,2252022
2201051_2_005,2201051,225,20,2,2,114,1107.247543859649,1076.40350877193,225202,TRUE,FALSE,NA,2,2252022
2210656_2_001,2210656,225,20,2,1,92,1107.85,1212,225202,TRUE,FALSE,NA,2,2252022
2202000_2_012,2202000,225,20,2,1,124,1109.95,1200,225202,TRUE,FALSE,NA,2,2252022
2202000_2_005,2202000,225,20,2,1,153,1110.11,1200,225202,TRUE,FALSE,NA,2,2252022
2200301_2_015,2200301,225,20,2,1,79,1111.49,1212,225202,TRUE,FALSE,NA,2,2252022
2202703_2_024,2202703,225,20,2,1,147,1111.62,1091,225202,TRUE,FALSE,NA,2,2252022
2201507_2_009,2201507,225,20,2,2,126,1111.838888888889,1019.4444444444443,225202,TRUE,FALSE,NA,2,2252022
2202539_2_001,2202539,225,20,2,1,275,1111.95,1112,225202,TRUE,FALSE,NA,2,2252022
2205573_2_007,2205573,225,20,2,1,120,1112.8,1212,225202,TRUE,FALSE,NA,2,2252022
2201200_2_014,2201200,225,20,2,1,166,1113.16,1212,225202,TRUE,FALSE,NA,2,2252022
2208403_2_023,2208403,225,20,2,1,151,1113.23,1212,225202,TRUE,FALSE,NA,2,2252022
2207702_2_015,2207702,225,20,2,1,127,1114.49,1000,225202,TRUE,FALSE,NA,2,2252022
2208403_2_032,2208403,225,20,2,1,89,1114.87,1212,225202,TRUE,FALSE,NA,2,2252022
2201919_2_004,2201919,225,20,2,1,155,1116.75,1212,225202,TRUE,FALSE,NA,2,2252022
2205573_2_006,2205573,225,20,2,1,130,1117.13,1100,225202,TRUE,FALSE,NA,2,2252022
2202406_2_011,2202406,225,20,2,1,144,1117.32,1212,225202,TRUE,FALSE,NA,2,2252022
2207900_2_023,2207900,225,20,2,1,193,1117.75,1212,225202,TRUE,FALSE,NA,2,2252022
2207900_2_015,2207900,225,20,2,3,143,1118.4865034965037,1212,225202,TRUE,FALSE,NA,2,2252022
2201507_2_007,2201507,225,20,2,1,104,1119.2,1212,225202,TRUE,FALSE,NA,2,2252022
2201200_2_043,2201200,225,20,2,1,68,1120.84,1206,225202,TRUE,FALSE,NA,2,2252022
2205516_2_001,2205516,225,20,2,2,116,1120.8655172413792,1000.9655172413792,225202,TRUE,FALSE,NA,2,2252022
2201200_2_003,2201200,225,20,2,1,68,1121.31,1206,225202,TRUE,FALSE,NA,2,2252022
2206357_2_009,2206357,225,20,2,1,110,1121.32,1220,225202,TRUE,FALSE,NA,2,2252022
2206753_2_008,2206753,225,20,2,1,69,1122.78,1212,225202,TRUE,FALSE,NA,2,2252022
2200301_2_002,2200301,225,20,2,1,90,1123.66,1212,225202,TRUE,FALSE,NA,2,2252022
2205805_2_010,2205805,225,20,2,1,80,1125.24,1200,225202,TRUE,FALSE,NA,2,2252022
2208403_2_028,2208403,225,20,2,2,64,1125.484375,1166.5,225202,TRUE,FALSE,NA,2,2252022
2206696_2_012,2206696,225,20,2,3,198,1126.2448484848485,841.9191919191919,225202,TRUE,FALSE,NA,2,2252022
2202729_2_007,2202729,225,20,2,1,81,1126.81,900,225202,TRUE,FALSE,NA,2,2252022
2205706_2_005,2205706,225,20,2,1,178,1127.64,1212,225202,TRUE,FALSE,NA,2,2252022
2202711_2_002,2202711,225,20,2,1,69,1128.96,1212,225202,TRUE,FALSE,NA,2,2252022
2202539_2_003,2202539,225,20,2,1,152,1129.89,1206,225202,TRUE,FALSE,NA,2,2252022
2208403_2_021,2208403,225,20,2,1,80,1130.68,1212,225202,TRUE,FALSE,NA,2,2252022
2206357_2_010,2206357,225,20,2,1,86,1134.55,1150,225202,TRUE,FALSE,NA,2,2252022
2206753_2_006,2206753,225,20,2,1,63,1134.96,1212,225202,TRUE,FALSE,NA,2,2252022
2205409_2_016,2205409,225,20,2,1,107,1138.06,1000,225202,TRUE,FALSE,NA,2,2252022
2205573_2_013,2205573,225,20,2,2,87,1138.2866666666666,1108,225202,TRUE,FALSE,NA,2,2252022
2201200_2_010,2201200,225,20,2,1,141,1139.32,1212,225202,TRUE,FALSE,NA,2,2252022
2205409_2_008,2205409,225,20,2,1,129,1139.34,900,225202,TRUE,FALSE,NA,2,2252022
2202653_2_008,2202653,225,20,2,3,123,1140.0325203252032,820.3821138211382,225202,TRUE,FALSE,NA,2,2252022
2203701_2_024,2203701,225,20,2,1,154,1141.34,1212,225202,TRUE,FALSE,NA,2,2252022
2203420_2_003,2203420,225,20,2,1,121,1141.54,1212,225202,TRUE,FALSE,NA,2,2252022
2210656_2_002,2210656,225,20,2,1,205,1142.08,1200,225202,TRUE,FALSE,NA,2,2252022
2210656_2_011,2210656,225,20,2,1,67,1142.19,1212,225202,TRUE,FALSE,NA,2,2252022
2202000_2_008,2202000,225,20,2,1,115,1142.9100000000003,1212,225202,TRUE,FALSE,NA,2,2252022
2201770_2_001,2201770,225,20,2,1,79,1145.56,1212,225202,TRUE,FALSE,NA,2,2252022
2202703_2_003,2202703,225,20,2,1,101,1146.03,1200,225202,TRUE,FALSE,NA,2,2252022
2205276_2_002,2205276,225,20,2,1,186,1146.31,1212,225202,TRUE,FALSE,NA,2,2252022
2205458_2_003,2205458,225,20,2,1,82,1147.54,1212,225202,TRUE,FALSE,NA,3,2252023
2210656_2_015,2210656,225,20,2,1,92,1147.82,1200,225202,TRUE,FALSE,NA,3,2252023
2202083_2_004,2202083,225,20,2,1,65,1149.1,1212,225202,TRUE,FALSE,NA,3,2252023
2203701_2_026,2203701,225,20,2,1,247,1149.45,1000,225202,TRUE,FALSE,NA,3,2252023
2202208_2_006,2202208,225,20,2,1,173,1151.48,1212,225202,TRUE,FALSE,NA,3,2252023
2207702_2_002,2207702,225,20,2,1,65,1152.42,1212,225202,TRUE,FALSE,NA,3,2252023
2205573_2_003,2205573,225,20,2,1,63,1153.09,1212,225202,TRUE,FALSE,NA,3,2252023
2202026_2_005,2202026,225,20,2,1,78,1153.35,1212,225202,TRUE,FALSE,NA,3,2252023
2206209_2_041,2206209,225,20,2,1,92,1153.81,820,225202,TRUE,FALSE,NA,3,2252023
2202703_2_035,2202703,225,20,2,1,86,1155.9,800,225202,TRUE,FALSE,NA,3,2252023
2205706_2_020,2205706,225,20,2,1,76,1157.14,1200,225202,TRUE,FALSE,NA,3,2252023
2207900_2_024,2207900,225,20,2,2,176,1157.7594318181818,1067.0454545454545,225202,TRUE,FALSE,NA,3,2252023
2205706_2_032,2205706,225,20,2,2,109,1157.8266972477063,1153.926605504587,225202,TRUE,FALSE,NA,3,2252023
2201200_2_040,2201200,225,20,2,1,76,1161.05,1212,225202,TRUE,FALSE,NA,3,2252023
2206209_2_026,2206209,225,20,2,1,177,1161.13,1212,225202,TRUE,FALSE,NA,3,2252023
2201960_2_010,2201960,225,20,2,1,103,1162.21,1212,225202,TRUE,FALSE,NA,3,2252023
2202703_2_001,2202703,225,20,2,1,63,1163.61,1212,225202,TRUE,FALSE,NA,3,2252023
2208403_2_040,2208403,225,20,2,2,155,1163.765806451613,1212,225202,TRUE,FALSE,NA,3,2252023
2203420_2_005,2203420,225,20,2,1,111,1167.83,1212,225202,TRUE,FALSE,NA,3,2252023
2205706_2_002,2205706,225,20,2,1,121,1168.29,1212,225202,TRUE,FALSE,NA,3,2252023
2206357_2_003,2206357,225,20,2,1,148,1168.41,1220,225202,TRUE,FALSE,NA,3,2252023
2206209_2_016,2206209,225,20,2,1,179,1168.59,1212,225202,TRUE,FALSE,NA,3,2252023
2207900_2_019,2207900,225,20,2,2,225,1168.6825333333334,1086.7733333333333,225202,TRUE,FALSE,NA,3,2252023
2205516_2_008,2205516,225,20,2,1,84,1169.78,1212,225202,TRUE,FALSE,NA,3,2252023
2208403_2_018,2208403,225,20,2,2,185,1171.1337297297296,1212,225202,TRUE,FALSE,NA,3,2252023
2201945_2_009,2201945,225,20,2,1,60,1171.3,1206,225202,TRUE,FALSE,NA,3,2252023
2207900_2_004,2207900,225,20,2,1,169,1171.49,1200,225202,TRUE,FALSE,NA,3,2252023
2206753_2_004,2206753,225,20,2,2,190,1172.2155789473684,1212,225202,TRUE,FALSE,NA,3,2252023
2208403_2_031,2208403,225,20,2,3,133,1174.488796992481,1207.0375939849623,225202,TRUE,FALSE,NA,3,2252023
2206209_2_033,2206209,225,20,2,1,283,1174.9,800,225202,TRUE,FALSE,NA,3,2252023
2202059_2_012,2202059,225,20,2,1,70,1175.31,1100,225202,TRUE,FALSE,NA,3,2252023
2210409_2_001,2210409,225,20,2,1,128,1176.19,1212,225202,TRUE,FALSE,NA,3,2252023
2201919_2_001,2201919,225,20,2,1,100,1176.98,1201,225202,TRUE,FALSE,NA,3,2252023
2206209_2_014,2206209,225,20,2,1,166,1177.2,510,225202,TRUE,FALSE,NA,3,2252023
2207900_2_022,2207900,225,20,2,2,166,1177.9527710843372,1052.3253012048192,225202,TRUE,FALSE,NA,3,2252023
2206100_2_013,2206100,225,20,2,1,75,1181.44,1212,225202,TRUE,FALSE,NA,3,2252023
2202208_2_003,2202208,225,20,2,1,166,1184.2,1212,225202,TRUE,FALSE,NA,3,2252023
2202703_2_021,2202703,225,20,2,3,63,1184.611111111111,1212,225202,TRUE,FALSE,NA,3,2252023
2206209_2_019,2206209,225,20,2,1,96,1185.25,1212,225202,TRUE,FALSE,NA,3,2252023
2202000_2_003,2202000,225,20,2,1,77,1186.1,1200,225202,TRUE,FALSE,NA,3,2252023
2205706_2_006,2205706,225,20,2,1,148,1186.93,1212,225202,TRUE,FALSE,NA,3,2252023
2208403_2_030,2208403,225,20,2,1,67,1187.09,1212,225202,TRUE,FALSE,NA,3,2252023
2202208_2_024,2202208,225,20,2,2,247,1187.4223886639677,1212,225202,TRUE,FALSE,NA,3,2252023
2202208_2_008,2202208,225,20,2,3,197,1188.4296446700507,1212,225202,TRUE,FALSE,NA,3,2252023
2202653_2_006,2202653,225,20,2,1,86,1191.35,1200,225202,TRUE,FALSE,NA,3,2252023
2205706_2_036,2205706,225,20,2,1,69,1192.1,1000,225202,TRUE,FALSE,NA,3,2252023
2202406_2_009,2202406,225,20,2,1,96,1193.08,1212,225202,TRUE,FALSE,NA,3,2252023
2205516_2_006,2205516,225,20,2,2,121,1193.61173553719,1212,225202,TRUE,FALSE,NA,3,2252023
2205854_2_007,2205854,225,20,2,1,109,1193.92,1074,225202,TRUE,FALSE,NA,3,2252023
2201960_2_009,2201960,225,20,2,1,83,1193.98,1212,225202,TRUE,FALSE,NA,3,2252023
2202059_2_005,2202059,225,20,2,1,201,1194.23,1200,225202,TRUE,FALSE,NA,3,2252023
2205409_2_021,2205409,225,20,2,2,128,1196.365625,921.875,225202,TRUE,FALSE,NA,3,2252023
2207900_2_016,2207900,225,20,2,2,135,1197.8111111111111,946.6666666666666,225202,TRUE,FALSE,NA,3,2252023
2207900_2_017,2207900,225,20,2,1,102,1197.91,1212,225202,TRUE,FALSE,NA,3,2252023
2208403_2_022,2208403,225,20,2,1,156,1199.7,1200,225202,TRUE,FALSE,NA,3,2252023
2206753_2_002,2206753,225,20,2,1,180,1200.85,1200,225202,TRUE,FALSE,NA,3,2252023
2202208_2_001,2202208,225,20,2,1,85,1202.13,1212,225202,TRUE,FALSE,NA,3,2252023
2202208_2_010,2202208,225,20,2,3,153,1202.95045751634,1200,225202,TRUE,FALSE,NA,3,2252023
2207793_2_005,2207793,225,20,2,1,230,1204.5299999999995,1212,225202,TRUE,FALSE,NA,3,2252023
2206696_2_008,2206696,225,20,2,1,224,1205.88,1200,225202,TRUE,FALSE,NA,3,2252023
2206209_2_017,2206209,225,20,2,1,127,1206.31,900,225202,TRUE,FALSE,NA,3,2252023
2205458_2_001,2205458,225,20,2,1,95,1206.44,1212,225202,TRUE,FALSE,NA,3,2252023
2205854_2_002,2205854,225,20,2,1,105,1206.58,1212,225202,TRUE,FALSE,NA,3,2252023
2205516_2_002,2205516,225,20,2,1,183,1207.08,1212,225202,TRUE,FALSE,NA,3,2252023
2205516_2_003,2205516,225,20,2,4,149,1207.8595302013423,1175.6040268456377,225202,TRUE,FALSE,NA,3,2252023
2202653_2_005,2202653,225,20,2,1,196,1208.03,1000,225202,TRUE,FALSE,NA,3,2252023
2205458_2_007,2205458,225,20,2,2,93,1208.1283870967743,1054.3225806451612,225202,TRUE,FALSE,NA,3,2252023
2202059_2_001,2202059,225,20,2,1,211,1213.01,1200,225202,TRUE,FALSE,NA,3,2252023
2205458_2_008,2205458,225,20,2,2,172,1213.3653488372092,1051.1627906976744,225202,TRUE,FALSE,NA,3,2252023
2210052_2_003,2210052,225,20,2,1,63,1220.34,1200,225202,TRUE,FALSE,NA,3,2252023
2210656_2_008,2210656,225,20,2,1,105,1222.3,1200,225202,TRUE,FALSE,NA,3,2252023
2201945_2_001,2201945,225,20,2,1,122,1223.56,1212,225202,TRUE,FALSE,NA,3,2252023
2208403_2_027,2208403,225,20,2,1,106,1224.01,1212,225202,TRUE,FALSE,NA,3,2252023
2202604_2_007,2202604,225,20,2,3,170,1224.482823529412,1212,225202,TRUE,FALSE,NA,3,2252023
2205706_2_023,2205706,225,20,2,1,94,1225.17,1218,225202,TRUE,FALSE,NA,3,2252023
2206209_2_012,2206209,225,20,2,1,183,1226.56,1212,225202,TRUE,FALSE,NA,3,2252023
2205516_2_004,2205516,225,20,2,2,227,1228.5566079295156,1209.726872246696,225202,TRUE,FALSE,NA,3,2252023
2206670_2_006,2206670,225,20,2,1,85,1229.58,1200,225202,TRUE,FALSE,NA,3,2252023
2200301_2_001,2200301,225,20,2,1,172,1230.37,800,225202,TRUE,FALSE,NA,3,2252023
2206803_2_008,2206803,225,20,2,1,82,1230.39,1156,225202,TRUE,FALSE,NA,3,2252023
2200301_2_004,2200301,225,20,2,1,201,1231.3,1200,225202,TRUE,FALSE,NA,3,2252023
2205276_2_008,2205276,225,20,2,1,68,1233.56,1212,225202,TRUE,FALSE,NA,3,2252023
2206209_2_015,2206209,225,20,2,1,214,1237.44,800,225202,TRUE,FALSE,NA,3,2252023
2209906_2_002,2209906,225,20,2,1,82,1238.79,1212,225202,TRUE,FALSE,NA,3,2252023
2207900_2_005,2207900,225,20,2,1,125,1238.88,1212,225202,TRUE,FALSE,NA,3,2252023
2204659_2_001,2204659,225,20,2,1,82,1240.53,1212,225202,TRUE,FALSE,NA,3,2252023
2205276_2_001,2205276,225,20,2,2,152,1240.68875,1212,225202,TRUE,FALSE,NA,3,2252023
2208403_2_009,2208403,225,20,2,1,180,1241.67,1056,225202,TRUE,FALSE,NA,3,2252023
2202083_2_005,2202083,225,20,2,1,61,1247.46,1212,225202,TRUE,FALSE,NA,3,2252023
2207702_2_005,2207702,225,20,2,1,82,1248.96,1212,225202,TRUE,FALSE,NA,3,2252023
2207702_2_003,2207702,225,20,2,1,199,1249.54,1212,225202,TRUE,FALSE,NA,3,2252023
2205805_2_012,2205805,225,20,2,1,164,1251.65,1212,225202,TRUE,FALSE,NA,3,2252023
2201200_2_044,2201200,225,20,2,1,153,1251.99,1156,225202,TRUE,FALSE,NA,3,2252023
2205276_2_006,2205276,225,20,2,1,124,1252.13,1212,225202,TRUE,FALSE,NA,3,2252023
2205805_2_024,2205805,225,20,2,1,69,1254.78,1100,225202,TRUE,FALSE,NA,3,2252023
2201200_2_049,2201200,225,20,2,1,179,1255.97,1212,225202,TRUE,FALSE,NA,3,2252023
2202083_2_007,2202083,225,20,2,1,76,1256,1212,225202,TRUE,FALSE,NA,3,2252023
2205706_2_027,2205706,225,20,2,2,69,1262.8756521739133,1159.768115942029,225202,TRUE,FALSE,NA,3,2252023
2207702_2_006,2207702,225,20,2,3,184,1267.3365760869567,1212,225202,TRUE,FALSE,NA,3,2252023
2206753_2_001,2206753,225,20,2,1,108,1271.63,1212,225202,TRUE,FALSE,NA,3,2252023
2207702_2_019,2207702,225,20,2,1,197,1272.98,1212,225202,TRUE,FALSE,NA,3,2252023
2205516_2_007,2205516,225,20,2,1,115,1280.51,1212,225202,TRUE,FALSE,NA,3,2252023
2207702_2_014,2207702,225,20,2,1,71,1280.99,1212,225202,TRUE,FALSE,NA,3,2252023
2205854_2_011,2205854,225,20,2,1,148,1285.88,808,225202,TRUE,FALSE,NA,3,2252023
2207900_2_014,2207900,225,20,2,1,165,1290.18,1212,225202,TRUE,FALSE,NA,3,2252023
2203701_2_032,2203701,225,20,2,1,73,1291.02,1212,225202,TRUE,FALSE,NA,3,2252023
2207900_2_031,2207900,225,20,2,3,89,1291.071348314607,1098.876404494382,225202,TRUE,FALSE,NA,3,2252023
2205854_2_010,2205854,225,20,2,1,134,1291.6,1074,225202,TRUE,FALSE,NA,3,2252023
2202208_2_021,2202208,225,20,2,2,89,1298.1822471910114,1212,225202,TRUE,FALSE,NA,3,2252023
2206753_2_007,2206753,225,20,2,1,109,1304.6,1212,225202,TRUE,FALSE,NA,3,2252023
2208403_2_026,2208403,225,20,2,1,202,1304.94,1212,225202,TRUE,FALSE,NA,3,2252023
2208403_2_015,2208403,225,20,2,1,131,1305.74,1212,225202,TRUE,FALSE,NA,3,2252023
2202208_2_023,2202208,225,20,2,2,182,1311.0404945054945,1020.3296703296704,225202,TRUE,FALSE,NA,3,2252023
2206209_2_013,2206209,225,20,2,1,209,1313.14,1200,225202,TRUE,FALSE,NA,3,2252023
2201960_2_003,2201960,225,20,2,1,179,1314.7,1212,225202,TRUE,FALSE,NA,3,2252023
2202208_2_019,2202208,225,20,2,1,124,1315.88,1212,225202,TRUE,FALSE,NA,3,2252023
2200301_2_014,2200301,225,20,2,1,93,1318.93,1212,225202,TRUE,FALSE,NA,3,2252023
2205805_2_006,2205805,225,20,2,1,165,1321.84,1100,225202,TRUE,FALSE,NA,3,2252023
2207702_2_018,2207702,225,20,2,1,114,1330.29,1212,225202,TRUE,FALSE,NA,3,2252023
2203701_2_008,2203701,225,20,2,1,91,1335.29,1212,225202,TRUE,FALSE,NA,3,2252023
2207702_2_008,2207702,225,20,2,1,152,1336.98,1212,225202,TRUE,FALSE,NA,3,2252023
2203420_2_007,2203420,225,20,2,1,169,1341.63,1200,225202,TRUE,FALSE,NA,3,2252023
2205706_2_029,2205706,225,20,2,3,169,1348.6565680473373,1082.792899408284,225202,TRUE,FALSE,NA,3,2252023
2202208_2_017,2202208,225,20,2,1,114,1362.89,1212,225202,TRUE,FALSE,NA,3,2252023
2208403_2_012,2208403,225,20,2,1,169,1368.67,1212,225202,TRUE,FALSE,NA,3,2252023
2202208_2_018,2202208,225,20,2,2,64,1388.1678125,1096.125,225202,TRUE,FALSE,NA,3,2252023
2202083_2_002,2202083,225,20,2,2,109,1394.7168807339451,1205.394495412844,225202,TRUE,FALSE,NA,3,2252023
2205706_2_025,2205706,225,20,2,1,86,1402.99,1212,225202,TRUE,FALSE,NA,3,2252023
2205458_2_006,2205458,225,20,2,1,62,1411.56,1212,225202,TRUE,FALSE,NA,3,2252023
2207900_2_030,2207900,225,20,2,1,88,1414.11,1212,225202,TRUE,FALSE,NA,3,2252023
2202208_2_020,2202208,225,20,2,1,189,1426.22,1212,225202,TRUE,FALSE,NA,3,2252023
2208403_2_042,2208403,225,20,2,2,150,1428.640666666667,1144.6666666666667,225202,TRUE,FALSE,NA,3,2252023
2206209_2_009,2206209,225,20,2,1,208,1432.66,1200,225202,TRUE,FALSE,NA,3,2252023
2201919_2_006,2201919,225,20,2,1,196,1435.63,1212,225202,TRUE,FALSE,NA,3,2252023
2208403_2_006,2208403,225,20,2,1,87,1442.47,1212,225202,TRUE,FALSE,NA,3,2252023
2205706_2_030,2205706,225,20,2,1,200,1456.69,1212,225202,TRUE,FALSE,NA,3,2252023
2208403_2_043,2208403,225,20,2,2,127,1456.7684251968503,1212,225202,TRUE,FALSE,NA,3,2252023
2208403_2_011,2208403,225,20,2,2,68,1459.2823529411764,1212,225202,TRUE,FALSE,NA,3,2252023
2205706_2_009,2205706,225,20,2,1,196,1464.98,1212,225202,TRUE,FALSE,NA,3,2252023
2205409_2_015,2205409,225,20,2,1,63,1465.48,1212,225202,TRUE,FALSE,NA,3,2252023
2201945_2_005,2201945,225,20,2,1,112,1469.15,1212,225202,TRUE,FALSE,NA,3,2252023
2207900_2_012,2207900,225,20,2,1,98,1478.82,1212,225202,TRUE,FALSE,NA,3,2252023
2207702_2_009,2207702,225,20,2,1,85,1489.31,1212,225202,TRUE,FALSE,NA,3,2252023
2207702_2_011,2207702,225,20,2,1,84,1492.99,1212,225202,TRUE,FALSE,NA,3,2252023
2201960_2_001,2201960,225,20,2,1,140,1513.16,1212,225202,TRUE,FALSE,NA,3,2252023
2205805_2_026,2205805,225,20,2,2,116,1525.374051724138,868.0172413793103,225202,TRUE,FALSE,NA,3,2252023
2205854_2_006,2205854,225,20,2,1,80,1540.67,1212,225202,TRUE,FALSE,NA,3,2252023
2208403_2_007,2208403,225,20,2,1,203,1561,1212,225202,TRUE,FALSE,NA,3,2252023
2201945_2_007,2201945,225,20,2,2,87,1770.064367816092,1212,225202,TRUE,FALSE,NA,3,2252023
2207702_2_007,2207702,225,20,2,1,62,3688.35,1300,225202,TRUE,FALSE,NA,3,2252023
2202251_1_003,2202251,225,30,1,1,107,741.34,400,225301,TRUE,FALSE,NA,1,2253011
2209005_1_008,2209005,225,30,1,1,123,859,600,225301,TRUE,FALSE,NA,1,2253011
2203206_1_011,2203206,225,30,1,1,214,866.7,600,225301,TRUE,FALSE,NA,1,2253011
2200707_1_008,2200707,225,30,1,1,203,893.9099999999999,800,225301,TRUE,FALSE,NA,1,2253011
2203909_1_076,2203909,225,30,1,1,204,913.98,1200,225301,TRUE,FALSE,NA,1,2253011
2201903_1_015,2201903,225,30,1,1,255,939.06,800,225301,TRUE,FALSE,NA,1,2253011
2206704_1_003,2206704,225,30,1,1,170,957.15,825,225301,TRUE,FALSE,NA,1,2253011
2209005_1_006,2209005,225,30,1,1,204,962.33,700,225301,TRUE,FALSE,NA,1,2253011
2208700_1_006,2208700,225,30,1,1,256,973.54,631,225301,TRUE,FALSE,NA,1,2253011
2200707_1_002,2200707,225,30,1,1,133,981.52,1212,225301,TRUE,FALSE,NA,1,2253011
2203909_1_075,2203909,225,30,1,1,262,985.5,1200,225301,TRUE,FALSE,NA,1,2253011
2201150_1_013,2201150,225,30,1,1,95,989.38,700,225301,TRUE,FALSE,NA,1,2253011
2205607_1_004,2205607,225,30,1,2,274,1001.1975547445256,986.7518248175182,225301,TRUE,FALSE,NA,1,2253011
2210102_1_002,2210102,225,30,1,1,160,1002.87,1050,225301,TRUE,FALSE,NA,1,2253011
2201150_1_005,2201150,225,30,1,1,241,1004.26,400,225301,TRUE,FALSE,NA,1,2253011
2201101_1_010,2201101,225,30,1,1,136,1010.16,1000,225301,TRUE,FALSE,NA,1,2253011
2210607_1_005,2210607,225,30,1,1,278,1022.01,1000,225301,TRUE,FALSE,NA,1,2253011
2206001_1_005,2206001,225,30,1,3,182,1026.5078021978022,932.087912087912,225301,TRUE,FALSE,NA,1,2253011
2202752_1_009,2202752,225,30,1,1,124,1037.92,1212,225301,TRUE,FALSE,NA,1,2253011
2201929_1_003,2201929,225,30,1,1,130,1039.22,800,225301,TRUE,FALSE,NA,1,2253011
2203206_1_012,2203206,225,30,1,1,181,1041.48,1200,225301,TRUE,FALSE,NA,1,2253011
2207603_1_006,2207603,225,30,1,1,140,1043.04,1000,225301,TRUE,FALSE,NA,1,2253011
2205607_1_002,2205607,225,30,1,1,168,1048.62,1100,225301,TRUE,FALSE,NA,1,2253011
2205102_1_006,2205102,225,30,1,1,209,1048.99,1212,225301,TRUE,FALSE,NA,1,2253011
2201903_1_024,2201903,225,30,1,2,241,1049.7154356846474,1088.7966804979253,225301,TRUE,FALSE,NA,1,2253011
2205904_1_003,2205904,225,30,1,2,195,1057.3396923076923,1131.2820512820513,225301,TRUE,FALSE,NA,1,2253011
2203008_1_005,2203008,225,30,1,1,187,1071.25,1000,225301,TRUE,FALSE,NA,1,2253011
2201101_1_003,2201101,225,30,1,1,284,1077.4,1212,225301,TRUE,FALSE,NA,1,2253011
2211209_1_023,2211209,225,30,1,1,123,1077.4,800,225301,TRUE,FALSE,NA,1,2253011
2210953_1_001,2210953,225,30,1,1,260,1083,900,225301,TRUE,FALSE,NA,1,2253011
2209302_1_001,2209302,225,30,1,1,351,1086.29,1039,225301,TRUE,FALSE,NA,1,2253011
2201101_1_002,2201101,225,30,1,1,265,1087.53,1212,225301,TRUE,FALSE,NA,1,2253011
2207850_1_002,2207850,225,30,1,2,284,1093.127676056338,1022.3943661971832,225301,TRUE,FALSE,NA,1,2253011
2205532_1_002,2205532,225,30,1,1,113,1094,1050,225301,TRUE,FALSE,NA,1,2253011
2202307_1_017,2202307,225,30,1,1,253,1112.1,1200,225301,TRUE,FALSE,NA,1,2253011
2202752_1_008,2202752,225,30,1,1,159,1112.71,850,225301,TRUE,FALSE,NA,1,2253011
2203909_1_069,2203909,225,30,1,1,192,1116.77,1200,225301,TRUE,FALSE,NA,1,2253011
2204501_1_013,2204501,225,30,1,1,206,1116.87,1200,225301,TRUE,FALSE,NA,1,2253011
2204402_1_003,2204402,225,30,1,1,320,1119.63,1212,225301,TRUE,FALSE,NA,1,2253011
2202901_1_021,2202901,225,30,1,1,151,1125.36,1212,225301,TRUE,FALSE,NA,1,2253011
2202752_1_007,2202752,225,30,1,2,200,1126.3544,1054.06,225301,TRUE,FALSE,NA,1,2253011
2206605_1_001,2206605,225,30,1,1,181,1126.38,1212,225301,TRUE,FALSE,NA,1,2253011
2208700_1_005,2208700,225,30,1,1,218,1127.91,1200,225301,TRUE,FALSE,NA,1,2253011
2201101_1_005,2201101,225,30,1,1,205,1128.88,1100,225301,TRUE,FALSE,NA,1,2253011
2203750_1_002,2203750,225,30,1,2,329,1141.2687234042553,1124.881458966565,225301,TRUE,FALSE,NA,1,2253011
2208858_1_003,2208858,225,30,1,1,180,1143.15,1200,225301,TRUE,FALSE,NA,1,2253011
2209302_1_002,2209302,225,30,1,1,232,1146.62,1212,225301,TRUE,FALSE,NA,1,2253011
2208858_1_002,2208858,225,30,1,1,153,1154.74,1212,225301,TRUE,FALSE,NA,1,2253011
2202901_1_026,2202901,225,30,1,1,154,1155.62,1212,225301,TRUE,FALSE,NA,1,2253011
2202901_1_015,2202901,225,30,1,1,206,1159.78,1200,225301,TRUE,FALSE,NA,1,2253011
2204501_1_003,2204501,225,30,1,2,191,1162.538952879581,1206.5968586387437,225301,TRUE,FALSE,NA,1,2253011
2201150_1_010,2201150,225,30,1,2,94,1170.65,1200,225301,TRUE,FALSE,NA,1,2253011
2207603_1_007,2207603,225,30,1,1,221,1170.92,1212,225301,TRUE,FALSE,NA,1,2253011
2201903_1_007,2201903,225,30,1,1,196,1176.53,1212,225301,TRUE,FALSE,NA,1,2253011
2203206_1_010,2203206,225,30,1,1,244,1177.06,1212,225301,TRUE,FALSE,NA,1,2253011
2208700_1_007,2208700,225,30,1,1,223,1177.15,1200,225301,TRUE,FALSE,NA,1,2253011
2207603_1_002,2207603,225,30,1,1,272,1177.2,1000,225301,TRUE,FALSE,NA,1,2253011
2203107_1_005,2203107,225,30,1,2,277,1180.8370036101082,1212,225301,TRUE,FALSE,NA,1,2253011
2203800_1_004,2203800,225,30,1,2,176,1180.9593181818184,927.2727272727273,225301,TRUE,FALSE,NA,1,2253011
2207850_1_003,2207850,225,30,1,1,258,1182.56,1212,225301,TRUE,FALSE,NA,1,2253011
2202901_1_025,2202901,225,30,1,1,131,1183.38,1212,225301,TRUE,FALSE,NA,1,2253011
2204550_1_002,2204550,225,30,1,1,291,1184.88,1212,225301,TRUE,FALSE,NA,1,2253011
2209005_1_003,2209005,225,30,1,1,257,1184.94,1200,225301,TRUE,FALSE,NA,1,2253011
2211209_1_012,2211209,225,30,1,1,116,1188.04,1212,225301,TRUE,FALSE,NA,1,2253011
2201903_1_027,2201903,225,30,1,1,246,1188.95,1212,225301,TRUE,FALSE,NA,1,2253011
2210607_1_021,2210607,225,30,1,1,314,1190.55,1212,225301,TRUE,FALSE,NA,1,2253011
2202901_1_022,2202901,225,30,1,1,157,1190.91,1212,225301,TRUE,FALSE,NA,1,2253011
2206654_1_001,2206654,225,30,1,1,280,1191.38,1200,225301,TRUE,FALSE,NA,1,2253011
2205607_1_007,2205607,225,30,1,1,155,1195.12,1200,225301,TRUE,FALSE,NA,1,2253011
2205102_1_009,2205102,225,30,1,1,201,1199.37,1212,225301,TRUE,FALSE,NA,1,2253011
2202307_1_016,2202307,225,30,1,1,137,1200.43,1200,225301,TRUE,FALSE,NA,1,2253011
2204402_1_007,2204402,225,30,1,1,256,1201.05,850,225301,TRUE,FALSE,NA,1,2253011
2208700_1_003,2208700,225,30,1,1,247,1211.1,1200,225301,TRUE,FALSE,NA,1,2253011
2207603_1_001,2207603,225,30,1,1,272,1211.83,1200,225301,TRUE,FALSE,NA,1,2253011
2206704_1_006,2206704,225,30,1,2,143,1212.514195804196,1208.6433566433566,225301,TRUE,FALSE,NA,1,2253011
2200707_1_003,2200707,225,30,1,1,214,1213.22,1000,225301,TRUE,FALSE,NA,1,2253011
2203206_1_005,2203206,225,30,1,1,296,1214.13,1200,225301,TRUE,FALSE,NA,1,2253011
2209005_1_005,2209005,225,30,1,1,195,1214.29,1212,225301,TRUE,FALSE,NA,1,2253011
2203354_1_002,2203354,225,30,1,1,181,1214.35,1100,225301,TRUE,FALSE,NA,1,2253011
2202901_1_007,2202901,225,30,1,1,183,1215.76,1212,225301,TRUE,FALSE,NA,1,2253011
2204550_1_001,2204550,225,30,1,1,156,1218.28,1212,225301,TRUE,FALSE,NA,1,2253011
2206654_1_002,2206654,225,30,1,1,282,1219.6,1072.5,225301,TRUE,FALSE,NA,1,2253011
2204402_1_004,2204402,225,30,1,1,282,1222.24,1212,225301,TRUE,FALSE,NA,1,2253011
2201101_1_007,2201101,225,30,1,1,222,1224.38,1200,225301,TRUE,FALSE,NA,1,2253011
2202505_1_005,2202505,225,30,1,1,226,1225.79,1200,225301,TRUE,FALSE,NA,1,2253011
2203107_1_009,2203107,225,30,1,1,310,1225.88,1212,225301,TRUE,FALSE,NA,1,2253011
2201903_1_014,2201903,225,30,1,1,328,1228.61,1212,225301,TRUE,FALSE,NA,1,2253011
2205524_1_002,2205524,225,30,1,1,164,1231.27,1200,225301,TRUE,FALSE,NA,1,2253011
2203800_1_001,2203800,225,30,1,1,181,1232.27,1212,225301,TRUE,FALSE,NA,1,2253011
2207603_1_005,2207603,225,30,1,1,274,1237.57,1200,225301,TRUE,FALSE,NA,1,2253011
2202901_1_009,2202901,225,30,1,1,207,1242.27,1212,225301,TRUE,FALSE,NA,1,2253011
2205607_1_006,2205607,225,30,1,1,152,1248.38,1220,225301,TRUE,FALSE,NA,1,2253011
2202752_1_004,2202752,225,30,1,1,187,1249.69,1212,225301,TRUE,FALSE,NA,1,2253011
2210953_1_003,2210953,225,30,1,1,109,1251.9399999999998,1212,225301,TRUE,FALSE,NA,1,2253011
2200707_1_001,2200707,225,30,1,1,269,1251.95,1212,225301,TRUE,FALSE,NA,1,2253011
2206001_1_004,2206001,225,30,1,1,279,1254.91,1212,225301,TRUE,FALSE,NA,1,2253011
2203909_1_070,2203909,225,30,1,1,205,1256.42,1212,225301,TRUE,FALSE,NA,1,2253011
2211209_1_020,2211209,225,30,1,2,133,1259.366842105263,1204.781954887218,225301,TRUE,FALSE,NA,1,2253011
2205102_1_007,2205102,225,30,1,1,351,1260.55,1200,225301,TRUE,FALSE,NA,1,2253011
2209708_1_003,2209708,225,30,1,1,119,1261.31,1200,225301,TRUE,FALSE,NA,1,2253011
2203909_1_061,2203909,225,30,1,1,161,1262.81,1212,225301,TRUE,FALSE,NA,1,2253011
2211209_1_019,2211209,225,30,1,1,214,1263.17,1212,225301,TRUE,FALSE,NA,1,2253011
2210607_1_028,2210607,225,30,1,1,313,1269.71,1212,225301,TRUE,FALSE,NA,1,2253011
2201988_1_002,2201988,225,30,1,1,294,1276.71,1212,225301,TRUE,FALSE,NA,1,2253011
2210607_1_007,2210607,225,30,1,1,233,1277.11,1206,225301,TRUE,FALSE,NA,1,2253011
2200806_1_004,2200806,225,30,1,1,228,1278.15,1212,225301,TRUE,FALSE,NA,1,2253011
2203008_1_001,2203008,225,30,1,1,222,1279.6699999999998,1212,225301,TRUE,FALSE,NA,1,2253011
2205524_1_003,2205524,225,30,1,1,184,1282.53,1200,225301,TRUE,FALSE,NA,1,2253011
2211357_1_003,2211357,225,30,1,1,100,1283.2,1212,225301,TRUE,FALSE,NA,1,2253011
2203206_1_009,2203206,225,30,1,1,208,1285.84,1212,225301,TRUE,FALSE,NA,1,2253011
2210607_1_030,2210607,225,30,1,1,272,1291.19,1200,225301,TRUE,FALSE,NA,1,2253011
2206704_1_005,2206704,225,30,1,1,236,1293.31,1212,225301,TRUE,FALSE,NA,1,2253011
2202251_1_002,2202251,225,30,1,1,222,1297.63,1212,225301,TRUE,FALSE,NA,1,2253011
2203453_1_004,2203453,225,30,1,1,124,1303.83,1212,225301,TRUE,FALSE,NA,1,2253011
2203206_1_004,2203206,225,30,1,1,272,1304.35,1212,225301,TRUE,FALSE,NA,1,2253011
2209005_1_002,2209005,225,30,1,1,224,1306.69,1212,225301,TRUE,FALSE,NA,1,2253011
2203230_1_002,2203230,225,30,1,2,222,1309.9742792792792,1212,225301,TRUE,FALSE,NA,1,2253011
2203602_1_004,2203602,225,30,1,2,260,1313.5201538461538,1014.276923076923,225301,TRUE,FALSE,NA,1,2253011
2202752_1_001,2202752,225,30,1,1,204,1317.77,1212,225301,TRUE,FALSE,NA,1,2253011
2211209_1_026,2211209,225,30,1,1,335,1318.05,1212,225301,TRUE,FALSE,NA,1,2253011
2201988_1_001,2201988,225,30,1,2,253,1319.4374308300394,1210.292490118577,225301,TRUE,FALSE,NA,1,2253011
2202901_1_024,2202901,225,30,1,1,155,1321.75,1212,225301,TRUE,FALSE,NA,1,2253011
2200459_1_002,2200459,225,30,1,1,284,1330.85,1212,225301,TRUE,FALSE,NA,1,2253011
2201309_1_001,2201309,225,30,1,2,328,1332.9881707317072,1147.6341463414635,225301,TRUE,FALSE,NA,1,2253011
2209708_1_001,2209708,225,30,1,1,301,1337.38,1150,225301,TRUE,FALSE,NA,1,2253011
2210623_1_002,2210623,225,30,1,1,186,1340.2,1212,225301,TRUE,FALSE,NA,1,2253011
2203909_1_084,2203909,225,30,1,1,173,1340.82,1200,225301,TRUE,FALSE,NA,1,2253011
2210631_1_001,2210631,225,30,1,2,268,1344.5728358208955,1161.5671641791046,225301,TRUE,FALSE,NA,1,2253011
2202307_1_007,2202307,225,30,1,1,349,1344.94,1212,225301,TRUE,FALSE,NA,1,2253011
2203008_1_004,2203008,225,30,1,1,206,1345.74,1212,225301,TRUE,FALSE,NA,1,2253011
2209302_1_004,2209302,225,30,1,1,203,1349.91,1212,225301,TRUE,FALSE,NA,1,2253011
2205904_1_005,2205904,225,30,1,1,218,1350.46,1212,225301,TRUE,FALSE,NA,1,2253011
2210623_1_001,2210623,225,30,1,1,231,1353.48,1212,225301,TRUE,FALSE,NA,1,2253011
2208858_1_004,2208858,225,30,1,1,192,1353.59,1212,225301,TRUE,FALSE,NA,1,2253011
2210607_1_037,2210607,225,30,1,1,224,1353.69,1212,225301,TRUE,FALSE,NA,1,2253011
2203602_1_003,2203602,225,30,1,2,227,1354.7446696035245,1200,225301,TRUE,FALSE,NA,1,2253011
2203909_1_068,2203909,225,30,1,1,223,1355.59,1212,225301,TRUE,FALSE,NA,1,2253011
2201903_1_013,2201903,225,30,1,1,204,1358.94,1200,225301,TRUE,FALSE,NA,1,2253011
2208908_1_008,2208908,225,30,1,1,132,1362.48,1200,225301,TRUE,FALSE,NA,1,2253011
2209559_1_001,2209559,225,30,1,1,166,1364.86,1212,225301,TRUE,FALSE,NA,1,2253011
2205904_1_006,2205904,225,30,1,1,171,1365.01,1212,225301,TRUE,FALSE,NA,1,2253011
2202307_1_008,2202307,225,30,1,1,165,1367.5,1100,225301,TRUE,FALSE,NA,1,2253011
2203909_1_071,2203909,225,30,1,1,170,1368.79,1212,225301,TRUE,FALSE,NA,1,2253011
2208908_1_006,2208908,225,30,1,2,123,1371.4047154471546,1204.780487804878,225301,TRUE,FALSE,NA,1,2253011
2203909_1_077,2203909,225,30,1,4,101,1371.659405940594,1115.1287128712872,225301,TRUE,FALSE,NA,1,2253011
2203453_1_003,2203453,225,30,1,2,142,1371.6869014084505,847.887323943662,225301,TRUE,FALSE,NA,1,2253011
2205300_1_002,2205300,225,30,1,1,205,1372.59,1200,225301,TRUE,FALSE,NA,1,2253011
2209757_1_001,2209757,225,30,1,1,236,1374.59,1212,225301,TRUE,FALSE,NA,1,2253011
2205532_1_001,2205532,225,30,1,1,148,1375.39,1200,225301,TRUE,FALSE,NA,1,2253011
2204501_1_010,2204501,225,30,1,1,290,1379.1,1212,225301,TRUE,FALSE,NA,1,2253011
2201929_1_002,2201929,225,30,1,1,231,1379.24,1212,225301,TRUE,FALSE,NA,1,2253011
2202901_1_012,2202901,225,30,1,1,318,1380.1,1212,225301,TRUE,FALSE,NA,1,2253011
2205607_1_003,2205607,225,30,1,1,277,1381.21,1200,225301,TRUE,FALSE,NA,1,2253011
2203909_1_006,2203909,225,30,1,1,277,1382.21,1212,225301,TRUE,FALSE,NA,1,2253011
2211357_1_001,2211357,225,30,1,1,204,1382.77,1212,225301,TRUE,FALSE,NA,1,2253011
2208858_1_001,2208858,225,30,1,1,245,1387.36,1212,225301,TRUE,FALSE,NA,1,2253011
2203909_1_065,2203909,225,30,1,1,222,1390.28,1212,225301,TRUE,FALSE,NA,1,2253011
2202307_1_013,2202307,225,30,1,1,340,1390.89,1212,225301,TRUE,FALSE,NA,1,2253011
2209203_1_006,2209203,225,30,1,1,119,1392.4,1200,225301,TRUE,FALSE,NA,1,2253011
2210607_1_034,2210607,225,30,1,1,276,1395.62,1212,225301,TRUE,FALSE,NA,1,2253011
2203800_1_003,2203800,225,30,1,1,172,1397.23,1212,225301,TRUE,FALSE,NA,1,2253011
2203909_1_083,2203909,225,30,1,1,185,1397.46,1200,225301,TRUE,FALSE,NA,1,2253011
2205102_1_002,2205102,225,30,1,1,336,1405.06,1200,225301,TRUE,FALSE,NA,1,2253011
2205300_1_001,2205300,225,30,1,1,215,1405.29,1212,225301,TRUE,FALSE,NA,1,2253011
2202307_1_006,2202307,225,30,1,1,214,1407.2300000000002,1212,225301,TRUE,FALSE,NA,1,2253011
2203909_1_085,2203909,225,30,1,1,263,1408.32,1212,225301,TRUE,FALSE,NA,1,2253011
2210359_1_001,2210359,225,30,1,1,252,1410.21,1212,225301,TRUE,FALSE,NA,1,2253011
2202752_1_003,2202752,225,30,1,1,173,1411.44,1212,225301,TRUE,FALSE,NA,1,2253011
2204402_1_006,2204402,225,30,1,1,326,1413.67,1200,225301,TRUE,FALSE,NA,1,2253011
2203909_1_064,2203909,225,30,1,1,233,1414.4,1212,225301,TRUE,FALSE,NA,1,2253011
2209203_1_005,2209203,225,30,1,1,218,1415.85,1200,225301,TRUE,FALSE,NA,1,2253011
2202307_1_014,2202307,225,30,1,1,117,1416.41,1212,225301,TRUE,FALSE,NA,1,2253011
2207850_1_001,2207850,225,30,1,1,131,1417.74,1212,225301,TRUE,FALSE,NA,1,2253011
2203107_1_007,2203107,225,30,1,1,308,1418.96,1212,225301,TRUE,FALSE,NA,1,2253011
2210607_1_011,2210607,225,30,1,1,262,1422.92,1212,225301,TRUE,FALSE,NA,1,2253011
2207355_1_003,2207355,225,30,1,1,146,1422.97,1212,225301,TRUE,FALSE,NA,1,2253011
2210607_1_017,2210607,225,30,1,1,207,1432.93,1212,225301,TRUE,FALSE,NA,1,2253011
2203909_1_032,2203909,225,30,1,1,348,1436.3,1212,225301,TRUE,FALSE,NA,1,2253011
2205607_1_001,2205607,225,30,1,1,155,1438.75,1200,225301,TRUE,FALSE,NA,1,2253011
2207355_1_002,2207355,225,30,1,2,213,1439.56220657277,1123.0610328638495,225301,TRUE,FALSE,NA,1,2253011
2205904_1_004,2205904,225,30,1,1,140,1440.14,1212,225301,TRUE,FALSE,NA,1,2253011
2204402_1_009,2204402,225,30,1,1,170,1446.62,1212,225301,TRUE,FALSE,NA,1,2253011
2201101_1_009,2201101,225,30,1,1,165,1449.11,925,225301,TRUE,FALSE,NA,1,2253011
2203909_1_057,2203909,225,30,1,1,181,1453.81,1200,225301,TRUE,FALSE,NA,1,2253011
2202307_1_001,2202307,225,30,1,1,233,1456.74,1212,225301,TRUE,FALSE,NA,1,2253011
2202901_1_004,2202901,225,30,1,1,241,1456.82,1212,225301,TRUE,FALSE,NA,1,2253011
2200459_1_003,2200459,225,30,1,1,205,1456.9699999999998,1212,225301,TRUE,FALSE,NA,1,2253011
2210102_1_001,2210102,225,30,1,1,288,1460.08,1212,225301,TRUE,FALSE,NA,1,2253011
2203909_1_030,2203909,225,30,1,1,273,1460.98,1200,225301,TRUE,FALSE,NA,1,2253011
2206704_1_001,2206704,225,30,1,1,182,1467.26,1212,225301,TRUE,FALSE,NA,2,2253012
2201101_1_001,2201101,225,30,1,1,167,1470.71,1212,225301,TRUE,FALSE,NA,2,2253012
2203206_1_003,2203206,225,30,1,1,219,1471.67,1212,225301,TRUE,FALSE,NA,2,2253012
2207405_1_002,2207405,225,30,1,2,313,1472.9738977635784,1212,225301,TRUE,FALSE,NA,2,2253012
2203909_1_007,2203909,225,30,1,1,321,1476.64,1212,225301,TRUE,FALSE,NA,2,2253012
2203909_1_047,2203909,225,30,1,1,235,1477.47,1212,225301,TRUE,FALSE,NA,2,2253012
2210607_1_031,2210607,225,30,1,1,194,1478.96,1212,225301,TRUE,FALSE,NA,2,2253012
2211209_1_017,2211209,225,30,1,1,159,1480.06,1212,225301,TRUE,FALSE,NA,2,2253012
2210391_1_001,2210391,225,30,1,2,372,1480.3443548387097,1212,225301,TRUE,FALSE,NA,2,2253012
2209708_1_002,2209708,225,30,1,1,244,1480.93,1200,225301,TRUE,FALSE,NA,2,2253012
2202505_1_003,2202505,225,30,1,1,239,1484.38,1200,225301,TRUE,FALSE,NA,2,2253012
2204402_1_005,2204402,225,30,1,1,220,1485.76,1200,225301,TRUE,FALSE,NA,2,2253012
2211209_1_006,2211209,225,30,1,1,277,1486.45,1212,225301,TRUE,FALSE,NA,2,2253012
2203107_1_008,2203107,225,30,1,1,357,1488.2099999999998,1212,225301,TRUE,FALSE,NA,2,2253012
2203107_1_004,2203107,225,30,1,1,308,1489.42,1212,225301,TRUE,FALSE,NA,2,2253012
2201705_1_006,2201705,225,30,1,1,202,1490.27,1200,225301,TRUE,FALSE,NA,2,2253012
2208908_1_007,2208908,225,30,1,1,126,1491.78,1212,225301,TRUE,FALSE,NA,2,2253012
2211209_1_010,2211209,225,30,1,1,327,1495.67,1212,225301,TRUE,FALSE,NA,2,2253012
2203206_1_001,2203206,225,30,1,1,168,1496.53,1212,225301,TRUE,FALSE,NA,2,2253012
2210607_1_004,2210607,225,30,1,1,264,1497.17,1200,225301,TRUE,FALSE,NA,2,2253012
2204501_1_004,2204501,225,30,1,1,267,1500.41,1212,225301,TRUE,FALSE,NA,2,2253012
2203602_1_005,2203602,225,30,1,1,278,1502.44,1212,225301,TRUE,FALSE,NA,2,2253012
2204501_1_005,2204501,225,30,1,1,283,1504.03,1212,225301,TRUE,FALSE,NA,2,2253012
2203909_1_044,2203909,225,30,1,1,235,1504.29,1212,225301,TRUE,FALSE,NA,2,2253012
2203909_1_078,2203909,225,30,1,1,183,1509.12,1212,225301,TRUE,FALSE,NA,2,2253012
2203909_1_066,2203909,225,30,1,1,240,1509.2,1212,225301,TRUE,FALSE,NA,2,2253012
2201903_1_018,2201903,225,30,1,1,192,1511.16,1212,225301,TRUE,FALSE,NA,2,2253012
2206605_1_003,2206605,225,30,1,1,168,1516.09,1212,225301,TRUE,FALSE,NA,2,2253012
2201101_1_004,2201101,225,30,1,1,223,1516.29,1212,225301,TRUE,FALSE,NA,2,2253012
2204501_1_007,2204501,225,30,1,1,331,1517.47,1200,225301,TRUE,FALSE,NA,2,2253012
2202901_1_014,2202901,225,30,1,1,227,1518.5700000000002,1212,225301,TRUE,FALSE,NA,2,2253012
2203800_1_002,2203800,225,30,1,1,175,1521.64,1212,225301,TRUE,FALSE,NA,2,2253012
2203453_1_001,2203453,225,30,1,1,230,1521.7799999999995,1212,225301,TRUE,FALSE,NA,2,2253012
2203354_1_001,2203354,225,30,1,1,274,1523.76,1212,225301,TRUE,FALSE,NA,2,2253012
2209005_1_007,2209005,225,30,1,1,176,1526.69,1212,225301,TRUE,FALSE,NA,2,2253012
2203230_1_001,2203230,225,30,1,1,222,1527.8300000000002,1212,225301,TRUE,FALSE,NA,2,2253012
2203909_1_035,2203909,225,30,1,1,221,1530.88,1212,225301,TRUE,FALSE,NA,2,2253012
2206704_1_004,2206704,225,30,1,2,393,1531.2203053435114,1212,225301,TRUE,FALSE,NA,2,2253012
2210607_1_018,2210607,225,30,1,1,224,1532.31,1214,225301,TRUE,FALSE,NA,2,2253012
2209302_1_003,2209302,225,30,1,1,264,1536.4,1212,225301,TRUE,FALSE,NA,2,2253012
2203602_1_001,2203602,225,30,1,2,250,1545.8023999999998,1201.56,225301,TRUE,FALSE,NA,2,2253012
2206605_1_002,2206605,225,30,1,1,209,1547.88,1212,225301,TRUE,FALSE,NA,2,2253012
2203453_1_005,2203453,225,30,1,1,244,1557.34,1212,225301,TRUE,FALSE,NA,2,2253012
2208908_1_004,2208908,225,30,1,1,231,1559.7,1212,225301,TRUE,FALSE,NA,2,2253012
2201705_1_005,2201705,225,30,1,1,182,1565.5,1212,225301,TRUE,FALSE,NA,2,2253012
2208908_1_005,2208908,225,30,1,1,240,1566.0799999999997,1200,225301,TRUE,FALSE,NA,2,2253012
2201705_1_002,2201705,225,30,1,1,326,1568.83,1212,225301,TRUE,FALSE,NA,2,2253012
2206001_1_001,2206001,225,30,1,1,318,1568.91,1212,225301,TRUE,FALSE,NA,2,2253012
2200806_1_002,2200806,225,30,1,1,209,1573,1212,225301,TRUE,FALSE,NA,2,2253012
2208551_1_002,2208551,225,30,1,1,307,1573.8,1212,225301,TRUE,FALSE,NA,2,2253012
2201101_1_008,2201101,225,30,1,1,169,1577.8000000000002,1212,225301,TRUE,FALSE,NA,2,2253012
2202251_1_001,2202251,225,30,1,1,218,1579.9,1212,225301,TRUE,FALSE,NA,2,2253012
2203909_1_063,2203909,225,30,1,1,207,1580.0999999999997,1212,225301,TRUE,FALSE,NA,2,2253012
2210607_1_025,2210607,225,30,1,1,177,1585.7099999999998,1200,225301,TRUE,FALSE,NA,2,2253012
2211209_1_022,2211209,225,30,1,1,331,1587.1400000000003,1200,225301,TRUE,FALSE,NA,2,2253012
2211209_1_013,2211209,225,30,1,1,291,1587.65,1212,225301,TRUE,FALSE,NA,2,2253012
2209203_1_002,2209203,225,30,1,2,272,1588.1244852941177,1208.6029411764705,225301,TRUE,FALSE,NA,2,2253012
2202851_1_002,2202851,225,30,1,1,212,1588.47,1212,225301,TRUE,FALSE,NA,2,2253012
2201705_1_003,2201705,225,30,1,1,294,1589.25,1212,225301,TRUE,FALSE,NA,2,2253012
2210953_1_002,2210953,225,30,1,1,156,1590.29,1212,225301,TRUE,FALSE,NA,2,2253012
2209559_1_002,2209559,225,30,1,1,157,1593.06,1212,225301,TRUE,FALSE,NA,2,2253012
2202901_1_008,2202901,225,30,1,1,141,1598.73,1212,225301,TRUE,FALSE,NA,2,2253012
2201150_1_009,2201150,225,30,1,1,99,1599.79,1212,225301,TRUE,FALSE,NA,2,2253012
2201309_1_002,2201309,225,30,1,1,270,1599.94,1200,225301,TRUE,FALSE,NA,2,2253012
2203909_1_055,2203909,225,30,1,1,179,1601.09,1212,225301,TRUE,FALSE,NA,2,2253012
2211357_1_002,2211357,225,30,1,1,188,1602.2099999999998,1212,225301,TRUE,FALSE,NA,2,2253012
2203909_1_060,2203909,225,30,1,1,146,1603.98,1212,225301,TRUE,FALSE,NA,2,2253012
2203909_1_031,2203909,225,30,1,1,124,1610.35,1200,225301,TRUE,FALSE,NA,2,2253012
2201101_1_006,2201101,225,30,1,1,226,1622.4,1212,225301,TRUE,FALSE,NA,2,2253012
2210102_1_003,2210102,225,30,1,1,166,1623.47,1212,225301,TRUE,FALSE,NA,2,2253012
2203909_1_058,2203909,225,30,1,1,229,1625.01,1212,225301,TRUE,FALSE,NA,2,2253012
2204501_1_009,2204501,225,30,1,1,313,1634.99,1212,225301,TRUE,FALSE,NA,2,2253012
2203206_1_006,2203206,225,30,1,1,196,1635.8399999999997,1212,225301,TRUE,FALSE,NA,2,2253012
2211209_1_011,2211209,225,30,1,1,231,1642.65,1212,225301,TRUE,FALSE,NA,2,2253012
2207603_1_004,2207603,225,30,1,1,229,1646.4,1200,225301,TRUE,FALSE,NA,2,2253012
2202752_1_006,2202752,225,30,1,1,181,1651.08,1212,225301,TRUE,FALSE,NA,2,2253012
2203909_1_073,2203909,225,30,1,3,166,1651.383313253012,1210.7710843373493,225301,TRUE,FALSE,NA,2,2253012
2202505_1_004,2202505,225,30,1,1,327,1653.9799999999998,1200,225301,TRUE,FALSE,NA,2,2253012
2201903_1_006,2201903,225,30,1,1,267,1655.55,1212,225301,TRUE,FALSE,NA,2,2253012
2203909_1_015,2203909,225,30,1,1,191,1657.18,1212,225301,TRUE,FALSE,NA,2,2253012
2203107_1_002,2203107,225,30,1,1,207,1658.33,1212,225301,TRUE,FALSE,NA,2,2253012
2210607_1_016,2210607,225,30,1,1,205,1658.93,1212,225301,TRUE,FALSE,NA,2,2253012
2210607_1_008,2210607,225,30,1,1,189,1662.63,1212,225301,TRUE,FALSE,NA,2,2253012
2200806_1_003,2200806,225,30,1,1,157,1663.45,1212,225301,TRUE,FALSE,NA,2,2253012
2203909_1_029,2203909,225,30,1,1,135,1667.76,1200,225301,TRUE,FALSE,NA,2,2253012
2210607_1_036,2210607,225,30,1,1,166,1670.43,1212,225301,TRUE,FALSE,NA,2,2253012
2211209_1_021,2211209,225,30,1,1,322,1675.8900000000003,1212,225301,TRUE,FALSE,NA,2,2253012
2201903_1_023,2201903,225,30,1,2,375,1677.2057333333337,1291.36,225301,TRUE,FALSE,NA,2,2253012
2208551_1_001,2208551,225,30,1,1,228,1677.85,1212,225301,TRUE,FALSE,NA,2,2253012
2205300_1_003,2205300,225,30,1,1,240,1682.19,1212,225301,TRUE,FALSE,NA,2,2253012
2203909_1_036,2203909,225,30,1,1,260,1695.02,1212,225301,TRUE,FALSE,NA,2,2253012
2203008_1_003,2203008,225,30,1,1,221,1698.25,1200,225301,TRUE,FALSE,NA,2,2253012
2203008_1_002,2203008,225,30,1,1,202,1710.83,1200,225301,TRUE,FALSE,NA,2,2253012
2210607_1_009,2210607,225,30,1,1,306,1710.84,1212,225301,TRUE,FALSE,NA,2,2253012
2206001_1_002,2206001,225,30,1,1,205,1723.82,1212,225301,TRUE,FALSE,NA,2,2253012
2207405_1_001,2207405,225,30,1,1,323,1724.42,1212,225301,TRUE,FALSE,NA,2,2253012
2201903_1_009,2201903,225,30,1,1,223,1726.49,1212,225301,TRUE,FALSE,NA,2,2253012
2203909_1_005,2203909,225,30,1,1,196,1727.35,1212,225301,TRUE,FALSE,NA,2,2253012
2203453_1_002,2203453,225,30,1,1,294,1740.97,1212,225301,TRUE,FALSE,NA,2,2253012
2203107_1_003,2203107,225,30,1,1,286,1743.58,1212,225301,TRUE,FALSE,NA,2,2253012
2206605_1_005,2206605,225,30,1,1,207,1749.6500000000003,1212,225301,TRUE,FALSE,NA,2,2253012
2203909_1_021,2203909,225,30,1,1,247,1752.6,1212,225301,TRUE,FALSE,NA,2,2253012
2202901_1_023,2202901,225,30,1,2,231,1752.67,1212,225301,TRUE,FALSE,NA,2,2253012
2201705_1_001,2201705,225,30,1,1,211,1753.45,1212,225301,TRUE,FALSE,NA,2,2253012
2209203_1_003,2209203,225,30,1,1,264,1756.68,1200,225301,TRUE,FALSE,NA,2,2253012
2201903_1_005,2201903,225,30,1,1,325,1766.1,1200,225301,TRUE,FALSE,NA,2,2253012
2208908_1_002,2208908,225,30,1,1,97,1768.11,1212,225301,TRUE,FALSE,NA,2,2253012
2209005_1_001,2209005,225,30,1,1,228,1779.5099999999998,1212,225301,TRUE,FALSE,NA,2,2253012
2205904_1_001,2205904,225,30,1,1,223,1782.36,1212,225301,TRUE,FALSE,NA,2,2253012
2204501_1_006,2204501,225,30,1,1,259,1784.32,1212,225301,TRUE,FALSE,NA,2,2253012
2208700_1_001,2208700,225,30,1,1,276,1791.14,1212,225301,TRUE,FALSE,NA,2,2253012
2205524_1_001,2205524,225,30,1,1,259,1794.65,1212,225301,TRUE,FALSE,NA,2,2253012
2210607_1_019,2210607,225,30,1,1,271,1795.15,1260,225301,TRUE,FALSE,NA,2,2253012
2201150_1_007,2201150,225,30,1,4,224,1795.6039732142856,1319.196428571429,225301,TRUE,FALSE,NA,2,2253012
2202307_1_010,2202307,225,30,1,1,303,1804.23,1212,225301,TRUE,FALSE,NA,2,2253012
2210102_1_004,2210102,225,30,1,1,145,1807.22,1212,225301,TRUE,FALSE,NA,2,2253012
2201150_1_012,2201150,225,30,1,1,220,1810.71,1212,225301,TRUE,FALSE,NA,2,2253012
2206001_1_003,2206001,225,30,1,1,234,1815.85,1212,225301,TRUE,FALSE,NA,2,2253012
2205102_1_005,2205102,225,30,1,1,293,1818.0799999999997,1212,225301,TRUE,FALSE,NA,2,2253012
2203909_1_025,2203909,225,30,1,1,231,1824.86,1212,225301,TRUE,FALSE,NA,2,2253012
2205102_1_003,2205102,225,30,1,1,272,1825.32,1212,225301,TRUE,FALSE,NA,2,2253012
2201705_1_004,2201705,225,30,1,1,168,1825.98,1212,225301,TRUE,FALSE,NA,2,2253012
2203909_1_004,2203909,225,30,1,1,209,1826.78,1212,225301,TRUE,FALSE,NA,2,2253012
2211209_1_025,2211209,225,30,1,2,362,1829.650248618784,1212,225301,TRUE,FALSE,NA,2,2253012
2202851_1_001,2202851,225,30,1,1,294,1831.52,1212,225301,TRUE,FALSE,NA,2,2253012
2209203_1_001,2209203,225,30,1,1,225,1839.29,1212,225301,TRUE,FALSE,NA,2,2253012
2203354_1_004,2203354,225,30,1,1,196,1840.61,1212,225301,TRUE,FALSE,NA,2,2253012
2201929_1_001,2201929,225,30,1,1,243,1846.3099999999995,1212,225301,TRUE,FALSE,NA,2,2253012
2204402_1_002,2204402,225,30,1,1,342,1860.2899999999995,1212,225301,TRUE,FALSE,NA,2,2253012
2205102_1_001,2205102,225,30,1,1,199,1867.79,1212,225301,TRUE,FALSE,NA,2,2253012
2204501_1_002,2204501,225,30,1,1,165,1873.09,1212,225301,TRUE,FALSE,NA,2,2253012
2202307_1_012,2202307,225,30,1,1,297,1873.75,1600.5,225301,TRUE,FALSE,NA,2,2253012
2203750_1_001,2203750,225,30,1,1,134,1878.52,1212,225301,TRUE,FALSE,NA,2,2253012
2210607_1_014,2210607,225,30,1,1,236,1878.92,1212,225301,TRUE,FALSE,NA,2,2253012
2210607_1_022,2210607,225,30,1,1,297,1881.4,1200,225301,TRUE,FALSE,NA,2,2253012
2201150_1_008,2201150,225,30,1,1,206,1882.4,1212,225301,TRUE,FALSE,NA,2,2253012
2210359_1_002,2210359,225,30,1,1,209,1884.94,1212,225301,TRUE,FALSE,NA,2,2253012
2210607_1_002,2210607,225,30,1,1,263,1886.59,1212,225301,TRUE,FALSE,NA,2,2253012
2208700_1_002,2208700,225,30,1,1,179,1889.36,1212,225301,TRUE,FALSE,NA,2,2253012
2202901_1_028,2202901,225,30,1,1,203,1892.9700000000005,1212,225301,TRUE,FALSE,NA,2,2253012
2203909_1_045,2203909,225,30,1,1,284,1897.47,1212,225301,TRUE,FALSE,NA,2,2253012
2200707_1_004,2200707,225,30,1,1,272,1901.66,1212,225301,TRUE,FALSE,NA,2,2253012
2206704_1_002,2206704,225,30,1,1,226,1910.22,1212,225301,TRUE,FALSE,NA,2,2253012
2201903_1_029,2201903,225,30,1,1,215,1910.44,1212,225301,TRUE,FALSE,NA,2,2253012
2208908_1_001,2208908,225,30,1,1,258,1910.49,1212,225301,TRUE,FALSE,NA,2,2253012
2202901_1_005,2202901,225,30,1,1,218,1914.99,1212,225301,TRUE,FALSE,NA,2,2253012
2205102_1_004,2205102,225,30,1,1,248,1915.38,1200,225301,TRUE,FALSE,NA,2,2253012
2200707_1_007,2200707,225,30,1,3,186,1917.3085483870968,964.7096774193548,225301,TRUE,FALSE,NA,2,2253012
2203107_1_006,2203107,225,30,1,1,146,1919.26,1212,225301,TRUE,FALSE,NA,2,2253012
2210607_1_013,2210607,225,30,1,1,315,1933.11,1212,225301,TRUE,FALSE,NA,2,2253012
2211209_1_005,2211209,225,30,1,1,344,1944.34,1212,225301,TRUE,FALSE,NA,2,2253012
2205102_1_008,2205102,225,30,1,1,170,1948.23,1212,225301,TRUE,FALSE,NA,2,2253012
2203909_1_086,2203909,225,30,1,1,211,1949.11,1212,225301,TRUE,FALSE,NA,2,2253012
2203909_1_033,2203909,225,30,1,1,218,1959.6,1212,225301,TRUE,FALSE,NA,2,2253012
2203909_1_038,2203909,225,30,1,1,286,1970.4700000000005,1300,225301,TRUE,FALSE,NA,2,2253012
2211209_1_014,2211209,225,30,1,1,243,1973.7,1500,225301,TRUE,FALSE,NA,2,2253012
2202901_1_017,2202901,225,30,1,1,155,1986.55,1212,225301,TRUE,FALSE,NA,2,2253012
2205607_1_005,2205607,225,30,1,1,145,1987.67,1206,225301,TRUE,FALSE,NA,2,2253012
2207355_1_001,2207355,225,30,1,1,228,1991.8,1212,225301,TRUE,FALSE,NA,2,2253012
2203354_1_003,2203354,225,30,1,1,235,1998.4,1212,225301,TRUE,FALSE,NA,2,2253012
2206001_1_006,2206001,225,30,1,1,95,2011.93,1100,225301,TRUE,FALSE,NA,2,2253012
2203909_1_087,2203909,225,30,1,1,166,2012.87,1212,225301,TRUE,FALSE,NA,2,2253012
2203909_1_046,2203909,225,30,1,1,186,2019.66,1212,225301,TRUE,FALSE,NA,2,2253012
2203909_1_067,2203909,225,30,1,1,227,2021.01,1212,225301,TRUE,FALSE,NA,2,2253012
2202307_1_011,2202307,225,30,1,1,344,2021.84,1212,225301,TRUE,FALSE,NA,2,2253012
2202901_1_011,2202901,225,30,1,1,184,2023.67,1210,225301,TRUE,FALSE,NA,2,2253012
2203909_1_034,2203909,225,30,1,1,140,2024.3599999999997,1300,225301,TRUE,FALSE,NA,3,2253013
2200459_1_001,2200459,225,30,1,1,157,2025.38,1200,225301,TRUE,FALSE,NA,3,2253013
2209005_1_004,2209005,225,30,1,1,108,2030.07,1212,225301,TRUE,FALSE,NA,3,2253013
2202505_1_002,2202505,225,30,1,1,282,2040.74,1212,225301,TRUE,FALSE,NA,3,2253013
2203909_1_043,2203909,225,30,1,2,221,2044.699547511312,1283.2760180995474,225301,TRUE,FALSE,NA,3,2253013
2202901_1_032,2202901,225,30,1,1,105,2063.16,1212,225301,TRUE,FALSE,NA,3,2253013
2202901_1_029,2202901,225,30,1,1,118,2064.15,1450,225301,TRUE,FALSE,NA,3,2253013
2203909_1_041,2203909,225,30,1,2,269,2076.97405204461,1503.4795539033455,225301,TRUE,FALSE,NA,3,2253013
2205300_1_004,2205300,225,30,1,1,165,2077.19,1200,225301,TRUE,FALSE,NA,3,2253013
2208700_1_004,2208700,225,30,1,1,214,2080.86,1212,225301,TRUE,FALSE,NA,3,2253013
2202901_1_030,2202901,225,30,1,5,199,2081.931155778894,1420.9447236180904,225301,TRUE,FALSE,NA,3,2253013
2201903_1_019,2201903,225,30,1,1,257,2092.36,1212,225301,TRUE,FALSE,NA,3,2253013
2201101_1_011,2201101,225,30,1,1,111,2093.54,1212,225301,TRUE,FALSE,NA,3,2253013
2203909_1_082,2203909,225,30,1,1,350,2106.8,1212,225301,TRUE,FALSE,NA,3,2253013
2210607_1_026,2210607,225,30,1,1,332,2111.22,1212,225301,TRUE,FALSE,NA,3,2253013
2210607_1_029,2210607,225,30,1,1,284,2112.42,1212,225301,TRUE,FALSE,NA,3,2253013
2203909_1_062,2203909,225,30,1,2,153,2115.9841830065357,1323.843137254902,225301,TRUE,FALSE,NA,3,2253013
2206605_1_004,2206605,225,30,1,1,216,2130.9,1212,225301,TRUE,FALSE,NA,3,2253013
2203206_1_008,2203206,225,30,1,1,230,2131.47,1212,225301,TRUE,FALSE,NA,3,2253013
2203909_1_008,2203909,225,30,1,1,306,2134.96,1200,225301,TRUE,FALSE,NA,3,2253013
2210607_1_015,2210607,225,30,1,1,178,2135.32,1500,225301,TRUE,FALSE,NA,3,2253013
2211209_1_001,2211209,225,30,1,1,241,2137.64,1212,225301,TRUE,FALSE,NA,3,2253013
2202752_1_005,2202752,225,30,1,1,177,2144.95,1212,225301,TRUE,FALSE,NA,3,2253013
2202307_1_003,2202307,225,30,1,1,292,2153.14,1212,225301,TRUE,FALSE,NA,3,2253013
2204402_1_001,2204402,225,30,1,1,246,2157.9,1212,225301,TRUE,FALSE,NA,3,2253013
2201903_1_025,2201903,225,30,1,1,286,2163.37,1212,225301,TRUE,FALSE,NA,3,2253013
2211209_1_015,2211209,225,30,1,1,355,2165.02,1212,225301,TRUE,FALSE,NA,3,2253013
2201903_1_010,2201903,225,30,1,1,275,2165.72,1212,225301,TRUE,FALSE,NA,3,2253013
2201150_1_011,2201150,225,30,1,1,188,2171.83,1600,225301,TRUE,FALSE,NA,3,2253013
2202752_1_002,2202752,225,30,1,1,222,2185.54,1212,225301,TRUE,FALSE,NA,3,2253013
2202307_1_009,2202307,225,30,1,1,259,2189.45,1500,225301,TRUE,FALSE,NA,3,2253013
2203909_1_059,2203909,225,30,1,1,186,2196.56,1212,225301,TRUE,FALSE,NA,3,2253013
2211209_1_007,2211209,225,30,1,1,129,2198.25,1212,225301,TRUE,FALSE,NA,3,2253013
2210607_1_023,2210607,225,30,1,1,170,2205.56,1212,225301,TRUE,FALSE,NA,3,2253013
2210631_1_003,2210631,225,30,1,1,234,2214.46,1584,225301,TRUE,FALSE,NA,3,2253013
2202307_1_004,2202307,225,30,1,1,272,2219,1212,225301,TRUE,FALSE,NA,3,2253013
2210607_1_033,2210607,225,30,1,1,219,2220.62,1212,225301,TRUE,FALSE,NA,3,2253013
2203909_1_049,2203909,225,30,1,1,178,2222.29,1212,225301,TRUE,FALSE,NA,3,2253013
2201150_1_003,2201150,225,30,1,1,221,2237.02,1212,225301,TRUE,FALSE,NA,3,2253013
2200707_1_005,2200707,225,30,1,1,175,2238.74,1200,225301,TRUE,FALSE,NA,3,2253013
2201150_1_006,2201150,225,30,1,1,175,2247.63,1300,225301,TRUE,FALSE,NA,3,2253013
2201903_1_001,2201903,225,30,1,1,211,2251.51,1212,225301,TRUE,FALSE,NA,3,2253013
2210631_1_002,2210631,225,30,1,1,264,2261.13,1212,225301,TRUE,FALSE,NA,3,2253013
2200707_1_006,2200707,225,30,1,1,154,2265.83,1212,225301,TRUE,FALSE,NA,3,2253013
2203909_1_028,2203909,225,30,1,1,170,2267.4,1212,225301,TRUE,FALSE,NA,3,2253013
2211209_1_024,2211209,225,30,1,1,105,2270.92,1600,225301,TRUE,FALSE,NA,3,2253013
2211209_1_003,2211209,225,30,1,1,227,2283.25,1212,225301,TRUE,FALSE,NA,3,2253013
2203909_1_022,2203909,225,30,1,1,284,2287.88,1405,225301,TRUE,FALSE,NA,3,2253013
2209757_1_002,2209757,225,30,1,3,230,2290.7967826086956,1212,225301,TRUE,FALSE,NA,3,2253013
2211209_1_018,2211209,225,30,1,1,182,2295.02,1212,225301,TRUE,FALSE,NA,3,2253013
2203909_1_056,2203909,225,30,1,1,209,2299.45,1212,225301,TRUE,FALSE,NA,3,2253013
2201150_1_001,2201150,225,30,1,3,275,2317.397672727272,1484.669090909091,225301,TRUE,FALSE,NA,3,2253013
2203909_1_016,2203909,225,30,1,1,335,2320.7,1212,225301,TRUE,FALSE,NA,3,2253013
2205904_1_002,2205904,225,30,1,1,260,2328.93,1212,225301,TRUE,FALSE,NA,3,2253013
2200806_1_001,2200806,225,30,1,1,139,2336.19,1212,225301,TRUE,FALSE,NA,3,2253013
2203909_1_002,2203909,225,30,1,1,272,2337.02,1212,225301,TRUE,FALSE,NA,3,2253013
2209203_1_004,2209203,225,30,1,1,132,2338.21,1200,225301,TRUE,FALSE,NA,3,2253013
2203909_1_048,2203909,225,30,1,2,181,2348.587237569061,1433.171270718232,225301,TRUE,FALSE,NA,3,2253013
2201903_1_008,2201903,225,30,1,1,170,2348.65,1472,225301,TRUE,FALSE,NA,3,2253013
2204501_1_001,2204501,225,30,1,1,282,2357.01,1500,225301,TRUE,FALSE,NA,3,2253013
2202901_1_018,2202901,225,30,1,1,126,2359.1,1361,225301,TRUE,FALSE,NA,3,2253013
2202307_1_015,2202307,225,30,1,1,179,2360.75,1264,225301,TRUE,FALSE,NA,3,2253013
2211209_1_002,2211209,225,30,1,1,252,2362.2,1212,225301,TRUE,FALSE,NA,3,2253013
2202901_1_013,2202901,225,30,1,1,149,2376.51,1212,225301,TRUE,FALSE,NA,3,2253013
2203206_1_007,2203206,225,30,1,1,164,2380.75,1400,225301,TRUE,FALSE,NA,3,2253013
2203909_1_072,2203909,225,30,1,2,102,2400.7123529411765,1778.8823529411766,225301,TRUE,FALSE,NA,3,2253013
2201101_1_012,2201101,225,30,1,1,210,2413.13,1212,225301,TRUE,FALSE,NA,3,2253013
2202901_1_003,2202901,225,30,1,1,182,2418.96,1500,225301,TRUE,FALSE,NA,3,2253013
2203909_1_051,2203909,225,30,1,1,167,2420.77,1220,225301,TRUE,FALSE,NA,3,2253013
2210607_1_027,2210607,225,30,1,2,227,2439.6600881057266,1580.308370044053,225301,TRUE,FALSE,NA,3,2253013
2210607_1_006,2210607,225,30,1,1,158,2449.15,1212,225301,TRUE,FALSE,NA,3,2253013
2203909_1_042,2203909,225,30,1,1,234,2487.6,1325,225301,TRUE,FALSE,NA,3,2253013
2203909_1_026,2203909,225,30,1,1,167,2494.74,1224,225301,TRUE,FALSE,NA,3,2253013
2204501_1_011,2204501,225,30,1,1,103,2494.79,1206,225301,TRUE,FALSE,NA,3,2253013
2202901_1_027,2202901,225,30,1,1,201,2496.65,1212,225301,TRUE,FALSE,NA,3,2253013
2203909_1_019,2203909,225,30,1,2,292,2501.0710273972604,1277.775684931507,225301,TRUE,FALSE,NA,3,2253013
2201903_1_003,2201903,225,30,1,1,206,2505.63,1212,225301,TRUE,FALSE,NA,3,2253013
2203909_1_052,2203909,225,30,1,1,159,2505.99,1550,225301,TRUE,FALSE,NA,3,2253013
2201903_1_028,2201903,225,30,1,1,237,2507.95,1212,225301,TRUE,FALSE,NA,3,2253013
2210607_1_024,2210607,225,30,1,1,289,2517.7,1530,225301,TRUE,FALSE,NA,3,2253013
2201903_1_030,2201903,225,30,1,2,199,2549.334773869347,1291.5979899497488,225301,TRUE,FALSE,NA,3,2253013
2207603_1_003,2207603,225,30,1,1,191,2558.46,1200,225301,TRUE,FALSE,NA,3,2253013
2203909_1_014,2203909,225,30,1,1,270,2562.32,1250,225301,TRUE,FALSE,NA,3,2253013
2202505_1_001,2202505,225,30,1,1,233,2570.36,1254,225301,TRUE,FALSE,NA,3,2253013
2201150_1_004,2201150,225,30,1,1,220,2570.37,1200,225301,TRUE,FALSE,NA,3,2253013
2203602_1_002,2203602,225,30,1,1,177,2604.69,1212,225301,TRUE,FALSE,NA,3,2253013
2203206_1_002,2203206,225,30,1,1,134,2608.08,1368,225301,TRUE,FALSE,NA,3,2253013
2203909_1_018,2203909,225,30,1,1,192,2617.45,1450,225301,TRUE,FALSE,NA,3,2253013
2202901_1_020,2202901,225,30,1,3,161,2626.067701863354,1837.9130434782608,225301,TRUE,FALSE,NA,3,2253013
2202901_1_031,2202901,225,30,1,1,102,2630.12,1500,225301,TRUE,FALSE,NA,3,2253013
2210607_1_035,2210607,225,30,1,1,245,2633.75,1212,225301,TRUE,FALSE,NA,3,2253013
2201150_1_002,2201150,225,30,1,1,184,2639.01,1800,225301,TRUE,FALSE,NA,3,2253013
2203909_1_039,2203909,225,30,1,1,376,2640.87,1212,225301,TRUE,FALSE,NA,3,2253013
2203909_1_080,2203909,225,30,1,2,192,2647.608385416667,1384.5,225301,TRUE,FALSE,NA,3,2253013
2203909_1_050,2203909,225,30,1,1,292,2680.04,1248,225301,TRUE,FALSE,NA,3,2253013
2200806_1_005,2200806,225,30,1,3,95,2689.2029473684206,1975.2421052631576,225301,TRUE,FALSE,NA,3,2253013
2201903_1_016,2201903,225,30,1,1,306,2692.85,1600,225301,TRUE,FALSE,NA,3,2253013
2202307_1_002,2202307,225,30,1,1,236,2693.64,1212,225301,TRUE,FALSE,NA,3,2253013
2203909_1_003,2203909,225,30,1,1,153,2724.17,1612,225301,TRUE,FALSE,NA,3,2253013
2204501_1_008,2204501,225,30,1,1,346,2731.13,1500,225301,TRUE,FALSE,NA,3,2253013
2203107_1_001,2203107,225,30,1,2,182,2733.048846153846,1504.3076923076924,225301,TRUE,FALSE,NA,3,2253013
2201903_1_004,2201903,225,30,1,1,256,2768.35,1212,225301,TRUE,FALSE,NA,3,2253013
2203909_1_079,2203909,225,30,1,1,315,2789.7,1640,225301,TRUE,FALSE,NA,3,2253013
2202307_1_005,2202307,225,30,1,1,200,2798.09,2000,225301,TRUE,FALSE,NA,3,2253013
2211209_1_004,2211209,225,30,1,1,268,2798.77,1212,225301,TRUE,FALSE,NA,3,2253013
2204402_1_008,2204402,225,30,1,1,206,2799.49,1212,225301,TRUE,FALSE,NA,3,2253013
2201903_1_020,2201903,225,30,1,1,259,2810.98,1212,225301,TRUE,FALSE,NA,3,2253013
2201903_1_002,2201903,225,30,1,1,193,2847.43,1500,225301,TRUE,FALSE,NA,3,2253013
2210607_1_003,2210607,225,30,1,1,342,2849.53,1800,225301,TRUE,FALSE,NA,3,2253013
2203909_1_012,2203909,225,30,1,1,230,2866.29,1500,225301,TRUE,FALSE,NA,3,2253013
2202901_1_016,2202901,225,30,1,1,134,2954.11,2000,225301,TRUE,FALSE,NA,3,2253013
2211209_1_027,2211209,225,30,1,4,241,2962.3033609958507,2066.838174273859,225301,TRUE,FALSE,NA,3,2253013
2203909_1_009,2203909,225,30,1,3,253,2976.362964426877,2070.7509881422925,225301,TRUE,FALSE,NA,3,2253013
2203909_1_074,2203909,225,30,1,1,203,2978.6399999999994,1212,225301,TRUE,FALSE,NA,3,2253013
2203909_1_054,2203909,225,30,1,1,200,3011.64,1500,225301,TRUE,FALSE,NA,3,2253013
2211209_1_009,2211209,225,30,1,1,317,3018.56,1450,225301,TRUE,FALSE,NA,3,2253013
2202901_1_006,2202901,225,30,1,1,163,3025.18,1500,225301,TRUE,FALSE,NA,3,2253013
2208908_1_003,2208908,225,30,1,2,136,3056.479411764706,1948.1470588235295,225301,TRUE,FALSE,NA,3,2253013
2201903_1_012,2201903,225,30,1,1,348,3073.12,1212,225301,TRUE,FALSE,NA,3,2253013
2202901_1_010,2202901,225,30,1,1,112,3085.63,1850,225301,TRUE,FALSE,NA,3,2253013
2203909_1_027,2203909,225,30,1,1,255,3097.6,1600,225301,TRUE,FALSE,NA,3,2253013
2210607_1_012,2210607,225,30,1,1,259,3141.08,2000,225301,TRUE,FALSE,NA,3,2253013
2203909_1_037,2203909,225,30,1,1,212,3156.49,1800,225301,TRUE,FALSE,NA,3,2253013
2203909_1_081,2203909,225,30,1,1,190,3189.67,1600,225301,TRUE,FALSE,NA,3,2253013
2202901_1_002,2202901,225,30,1,2,205,3238.237756097561,1881.990243902439,225301,TRUE,FALSE,NA,3,2253013
2202901_1_001,2202901,225,30,1,1,200,3240.09,2400,225301,TRUE,FALSE,NA,3,2253013
2210607_1_032,2210607,225,30,1,2,181,3258.549005524862,1610.4972375690609,225301,TRUE,FALSE,NA,3,2253013
2211209_1_016,2211209,225,30,1,1,165,3301.56,1212,225301,TRUE,FALSE,NA,3,2253013
2203909_1_023,2203909,225,30,1,1,233,3378.02,2000,225301,TRUE,FALSE,NA,3,2253013
2203909_1_024,2203909,225,30,1,1,103,3412.26,2000,225301,TRUE,FALSE,NA,3,2253013
2203909_1_017,2203909,225,30,1,1,209,3422.46,1553,225301,TRUE,FALSE,NA,3,2253013
2203909_1_020,2203909,225,30,1,1,272,3438.08,1500,225301,TRUE,FALSE,NA,3,2253013
2201903_1_022,2201903,225,30,1,1,116,3484.09,2000,225301,TRUE,FALSE,NA,3,2253013
2211209_1_008,2211209,225,30,1,1,222,3550.01,2000,225301,TRUE,FALSE,NA,3,2253013
2203909_1_088,2203909,225,30,1,3,145,3558.6466896551724,1826.813793103448,225301,TRUE,FALSE,NA,3,2253013
2203909_1_001,2203909,225,30,1,1,210,3748.81,3000,225301,TRUE,FALSE,NA,3,2253013
2210607_1_020,2210607,225,30,1,1,163,3827.43,2500,225301,TRUE,FALSE,NA,3,2253013
2210607_1_001,2210607,225,30,1,1,277,3897.329999999999,2224,225301,TRUE,FALSE,NA,3,2253013
2203909_1_053,2203909,225,30,1,1,172,3943.32,2500,225301,TRUE,FALSE,NA,3,2253013
2203909_1_010,2203909,225,30,1,1,184,4002.34,2424,225301,TRUE,FALSE,NA,3,2253013
2203909_1_011,2203909,225,30,1,1,242,4109.04,2500,225301,TRUE,FALSE,NA,3,2253013
2203909_1_013,2203909,225,30,1,1,173,4120.16,2000,225301,TRUE,FALSE,NA,3,2253013
2201903_1_011,2201903,225,30,1,1,261,4168.78,2000,225301,TRUE,FALSE,NA,3,2253013
2201903_1_026,2201903,225,30,1,1,169,4432.92,3000,225301,TRUE,FALSE,NA,3,2253013
2201903_1_017,2201903,225,30,1,1,286,4543.16,2500,225301,TRUE,FALSE,NA,3,2253013
2202901_1_019,2202901,225,30,1,2,119,4554.761764705882,2117.6470588235293,225301,TRUE,FALSE,NA,3,2253013
2201903_1_021,2201903,225,30,1,1,281,5066.35,2000,225301,TRUE,FALSE,NA,3,2253013
2204501_1_012,2204501,225,30,1,1,97,5402.49,3450,225301,TRUE,FALSE,NA,3,2253013
2210607_1_010,2210607,225,30,1,1,167,5550.07,2800,225301,TRUE,FALSE,NA,3,2253013
2203909_1_040,2203909,225,30,1,1,92,5580.44,2800,225301,TRUE,FALSE,NA,3,2253013
2201150_2_004,2201150,225,30,2,1,99,542.44,400,225302,TRUE,FALSE,NA,1,2253021
2207850_2_002,2207850,225,30,2,1,85,688.8,600,225302,TRUE,FALSE,NA,1,2253021
2204550_2_004,2204550,225,30,2,1,61,705.97,400,225302,TRUE,FALSE,NA,1,2253021
2203750_2_008,2203750,225,30,2,1,98,709.26,400,225302,TRUE,FALSE,NA,1,2253021
2207850_2_004,2207850,225,30,2,1,94,721.34,600,225302,TRUE,FALSE,NA,1,2253021
2211357_2_004,2211357,225,30,2,2,180,723.8797777777778,400,225302,TRUE,FALSE,NA,1,2253021
2205102_2_010,2205102,225,30,2,1,81,748.06,400,225302,TRUE,FALSE,NA,1,2253021
2206605_2_006,2206605,225,30,2,1,144,770.83,400,225302,TRUE,FALSE,NA,1,2253021
2202505_2_007,2202505,225,30,2,1,163,773.35,600,225302,TRUE,FALSE,NA,1,2253021
2204550_2_005,2204550,225,30,2,1,211,790.95,500,225302,TRUE,FALSE,NA,1,2253021
2201929_2_003,2201929,225,30,2,2,144,798.135,600,225302,TRUE,FALSE,NA,1,2253021
2207850_2_005,2207850,225,30,2,4,107,798.5091588785048,664.2990654205607,225302,TRUE,FALSE,NA,1,2253021
2209757_2_001,2209757,225,30,2,1,144,809.43,1212,225302,TRUE,FALSE,NA,1,2253021
2202505_2_011,2202505,225,30,2,2,192,810.2453645833333,600,225302,TRUE,FALSE,NA,1,2253021
2205607_2_003,2205607,225,30,2,1,71,815.02,500,225302,TRUE,FALSE,NA,1,2253021
2206605_2_015,2206605,225,30,2,1,107,817.3,400,225302,TRUE,FALSE,NA,1,2253021
2203800_2_005,2203800,225,30,2,1,152,818.35,600,225302,TRUE,FALSE,NA,1,2253021
2207405_2_006,2207405,225,30,2,1,103,818.96,760,225302,TRUE,FALSE,NA,1,2253021
2206605_2_011,2206605,225,30,2,1,269,827.34,600,225302,TRUE,FALSE,NA,1,2253021
2203354_2_004,2203354,225,30,2,1,144,832.27,650,225302,TRUE,FALSE,NA,1,2253021
2202505_2_008,2202505,225,30,2,1,111,833.03,600,225302,TRUE,FALSE,NA,1,2253021
2204550_2_006,2204550,225,30,2,1,64,833.23,600,225302,TRUE,FALSE,NA,1,2253021
2204550_2_003,2204550,225,30,2,1,63,834.3,600,225302,TRUE,FALSE,NA,1,2253021
2203750_2_010,2203750,225,30,2,1,151,834.55,400,225302,TRUE,FALSE,NA,1,2253021
2200707_2_009,2200707,225,30,2,1,108,835.5299999999999,600,225302,TRUE,FALSE,NA,1,2253021
2205532_2_007,2205532,225,30,2,4,98,839.6528571428571,600,225302,TRUE,FALSE,NA,1,2253021
2204402_2_004,2204402,225,30,2,2,124,841.1291129032259,689.516129032258,225302,TRUE,FALSE,NA,1,2253021
2209302_2_004,2209302,225,30,2,1,141,843.39,1000,225302,TRUE,FALSE,NA,1,2253021
2202251_2_004,2202251,225,30,2,3,135,843.8082962962964,612.2074074074075,225302,TRUE,FALSE,NA,1,2253021
2206605_2_010,2206605,225,30,2,1,85,844.39,400,225302,TRUE,FALSE,NA,1,2253021
2202505_2_004,2202505,225,30,2,2,116,845.2569827586207,558.4051724137931,225302,TRUE,FALSE,NA,1,2253021
2205524_2_010,2205524,225,30,2,1,112,846.17,760,225302,TRUE,FALSE,NA,1,2253021
2206001_2_002,2206001,225,30,2,2,134,846.445895522388,889.9253731343283,225302,TRUE,FALSE,NA,1,2253021
2203800_2_007,2203800,225,30,2,1,76,847.1,800,225302,TRUE,FALSE,NA,1,2253021
2202901_2_018,2202901,225,30,2,2,261,848.0888505747126,850.5134099616859,225302,TRUE,FALSE,NA,1,2253021
2202505_2_010,2202505,225,30,2,2,66,848.8524242424241,484.8484848484849,225302,TRUE,FALSE,NA,1,2253021
2203453_2_001,2203453,225,30,2,1,204,850.14,600,225302,TRUE,FALSE,NA,1,2253021
2210607_2_002,2210607,225,30,2,1,99,852.32,800,225302,TRUE,FALSE,NA,1,2253021
2210102_2_005,2210102,225,30,2,2,67,853.8576119402986,853.7313432835821,225302,TRUE,FALSE,NA,1,2253021
2201988_2_001,2201988,225,30,2,3,214,854.5488785046729,429.1588785046729,225302,TRUE,FALSE,NA,1,2253021
2200459_2_007,2200459,225,30,2,1,91,855.4800000000001,476,225302,TRUE,FALSE,NA,1,2253021
2206654_2_002,2206654,225,30,2,1,191,855.83,750,225302,TRUE,FALSE,NA,1,2253021
2202505_2_012,2202505,225,30,2,2,155,857.2803225806452,520.6129032258065,225302,TRUE,FALSE,NA,1,2253021
2201929_2_001,2201929,225,30,2,1,181,857.46,900,225302,TRUE,FALSE,NA,1,2253021
2201929_2_006,2201929,225,30,2,2,165,857.9265454545455,400,225302,TRUE,FALSE,NA,1,2253021
2202901_2_003,2202901,225,30,2,1,94,860.05,600,225302,TRUE,FALSE,NA,1,2253021
2207603_2_004,2207603,225,30,2,1,81,861.3199999999999,600,225302,TRUE,FALSE,NA,1,2253021
2202505_2_005,2202505,225,30,2,3,72,867.6255555555556,906.25,225302,TRUE,FALSE,NA,1,2253021
2206654_2_001,2206654,225,30,2,1,128,868.85,1000,225302,TRUE,FALSE,NA,1,2253021
2207405_2_004,2207405,225,30,2,1,115,877.85,400,225302,TRUE,FALSE,NA,1,2253021
2200707_2_010,2200707,225,30,2,1,129,880.36,800,225302,TRUE,FALSE,NA,1,2253021
2202307_2_007,2202307,225,30,2,1,131,881.6,1200,225302,TRUE,FALSE,NA,1,2253021
2203800_2_006,2203800,225,30,2,1,85,883.45,950,225302,TRUE,FALSE,NA,1,2253021
2204550_2_001,2204550,225,30,2,2,210,883.7071904761905,961.190476190476,225302,TRUE,FALSE,NA,1,2253021
2206605_2_013,2206605,225,30,2,1,181,884.61,1000,225302,TRUE,FALSE,NA,1,2253021
2201309_2_001,2201309,225,30,2,3,101,888.039603960396,630.2970297029703,225302,TRUE,FALSE,NA,1,2253021
2206654_2_003,2206654,225,30,2,1,92,892.8599999999999,1000,225302,TRUE,FALSE,NA,1,2253021
2201705_2_002,2201705,225,30,2,1,127,895.29,1212,225302,TRUE,FALSE,NA,1,2253021
2207603_2_009,2207603,225,30,2,1,115,895.63,800,225302,TRUE,FALSE,NA,1,2253021
2207850_2_001,2207850,225,30,2,1,135,896.19,600,225302,TRUE,FALSE,NA,1,2253021
2202505_2_009,2202505,225,30,2,1,107,897.2,400,225302,TRUE,FALSE,NA,1,2253021
2201309_2_003,2201309,225,30,2,1,232,897.69,700,225302,TRUE,FALSE,NA,1,2253021
2200707_2_007,2200707,225,30,2,1,75,900.03,800,225302,TRUE,FALSE,NA,1,2253021
2202851_2_006,2202851,225,30,2,1,121,903.45,1212,225302,TRUE,FALSE,NA,1,2253021
2201101_2_007,2201101,225,30,2,1,224,905.09,700,225302,TRUE,FALSE,NA,1,2253021
2208700_2_005,2208700,225,30,2,8,221,906.484117647059,880.5565610859728,225302,TRUE,FALSE,NA,1,2253021
2203354_2_003,2203354,225,30,2,1,142,907.3,700,225302,TRUE,FALSE,NA,1,2253021
2205607_2_002,2205607,225,30,2,1,159,908.35,550,225302,TRUE,FALSE,NA,1,2253021
2202851_2_008,2202851,225,30,2,1,162,908.57,1212,225302,TRUE,FALSE,NA,1,2253021
2210607_2_030,2210607,225,30,2,1,62,909.98,600,225302,TRUE,FALSE,NA,1,2253021
2207405_2_002,2207405,225,30,2,1,84,910.54,1212,225302,TRUE,FALSE,NA,1,2253021
2202505_2_001,2202505,225,30,2,1,244,911.39,1000,225302,TRUE,FALSE,NA,1,2253021
2200707_2_001,2200707,225,30,2,1,142,912.73,604.5,225302,TRUE,FALSE,NA,1,2253021
2201150_2_005,2201150,225,30,2,4,118,913.0106779661018,798.0932203389831,225302,TRUE,FALSE,NA,1,2253021
2208858_2_001,2208858,225,30,2,1,167,913.08,1200,225302,TRUE,FALSE,NA,1,2253021
2207603_2_007,2207603,225,30,2,1,88,914.53999999999985,900,225302,TRUE,FALSE,NA,1,2253021
2203354_2_007,2203354,225,30,2,1,106,915.43,771,225302,TRUE,FALSE,NA,1,2253021
2205532_2_008,2205532,225,30,2,1,139,915.91,600,225302,TRUE,FALSE,NA,1,2253021
2203800_2_002,2203800,225,30,2,1,139,916.22,1200,225302,TRUE,FALSE,NA,1,2253021
2209005_2_005,2209005,225,30,2,1,89,916.45,1000,225302,TRUE,FALSE,NA,1,2253021
2200707_2_011,2200707,225,30,2,2,231,921.9076190476192,898.0952380952381,225302,TRUE,FALSE,NA,1,2253021
2210607_2_019,2210607,225,30,2,4,253,923.6345059288536,812.2529644268775,225302,TRUE,FALSE,NA,1,2253021
2210607_2_029,2210607,225,30,2,5,212,924.5438679245284,956.1509433962264,225302,TRUE,FALSE,NA,1,2253021
2210607_2_032,2210607,225,30,2,1,70,925.03,600,225302,TRUE,FALSE,NA,1,2253021
2202851_2_007,2202851,225,30,2,1,89,927.23,1212,225302,TRUE,FALSE,NA,1,2253021
2202901_2_017,2202901,225,30,2,1,60,928.26,1050,225302,TRUE,FALSE,NA,1,2253021
2201101_2_006,2201101,225,30,2,1,151,929.82,850,225302,TRUE,FALSE,NA,1,2253021
2202505_2_015,2202505,225,30,2,1,140,933.4,500,225302,TRUE,FALSE,NA,1,2253021
2200707_2_005,2200707,225,30,2,3,139,934.8722302158274,802.5323741007194,225302,TRUE,FALSE,NA,1,2253021
2210623_2_001,2210623,225,30,2,1,71,936.85,1000,225302,TRUE,FALSE,NA,1,2253021
2205102_2_009,2205102,225,30,2,1,152,937.97,600,225302,TRUE,FALSE,NA,1,2253021
2211357_2_006,2211357,225,30,2,7,171,939.184269005848,851.7894736842105,225302,TRUE,FALSE,NA,1,2253021
2210607_2_011,2210607,225,30,2,1,124,939.3,1212,225302,TRUE,FALSE,NA,1,2253021
2207603_2_005,2207603,225,30,2,1,125,939.44,1200,225302,TRUE,FALSE,NA,1,2253021
2206605_2_009,2206605,225,30,2,1,68,939.54,1200,225302,TRUE,FALSE,NA,1,2253021
2202251_2_003,2202251,225,30,2,1,76,939.68,1112,225302,TRUE,FALSE,NA,1,2253021
2201101_2_003,2201101,225,30,2,1,105,939.9,600,225302,TRUE,FALSE,NA,1,2253021
2206605_2_001,2206605,225,30,2,1,225,940.62,1212,225302,TRUE,FALSE,NA,1,2253021
2201903_2_007,2201903,225,30,2,1,64,940.63,840,225302,TRUE,FALSE,NA,1,2253021
2201929_2_002,2201929,225,30,2,1,171,942,1100,225302,TRUE,FALSE,NA,1,2253021
2203107_2_006,2203107,225,30,2,1,108,942.74,1212,225302,TRUE,FALSE,NA,1,2253021
2201929_2_008,2201929,225,30,2,2,162,944.435,1096.4444444444443,225302,TRUE,FALSE,NA,1,2253021
2210607_2_006,2210607,225,30,2,1,121,944.49,600,225302,TRUE,FALSE,NA,1,2253021
2203800_2_003,2203800,225,30,2,1,154,944.77,1200,225302,TRUE,FALSE,NA,1,2253021
2210607_2_012,2210607,225,30,2,3,115,945.6834782608696,887.5826086956522,225302,TRUE,FALSE,NA,1,2253021
2205524_2_009,2205524,225,30,2,1,82,946.13,713.5,225302,TRUE,FALSE,NA,1,2253021
2205524_2_007,2205524,225,30,2,1,134,947.06,1200,225302,TRUE,FALSE,NA,1,2253021
2210607_2_009,2210607,225,30,2,1,192,949.78,800,225302,TRUE,FALSE,NA,1,2253021
2201101_2_008,2201101,225,30,2,1,270,950.03,1000,225302,TRUE,FALSE,NA,1,2253021
2206704_2_002,2206704,225,30,2,1,91,950.85,1212,225302,TRUE,FALSE,NA,1,2253021
2207603_2_003,2207603,225,30,2,1,193,953.62,600,225302,TRUE,FALSE,NA,1,2253021
2210607_2_021,2210607,225,30,2,1,84,953.76,600,225302,TRUE,FALSE,NA,1,2253021
2203750_2_001,2203750,225,30,2,1,164,953.99,800,225302,TRUE,FALSE,NA,1,2253021
2205532_2_010,2205532,225,30,2,2,174,955.68,800,225302,TRUE,FALSE,NA,1,2253021
2200459_2_008,2200459,225,30,2,1,156,955.82,800,225302,TRUE,FALSE,NA,1,2253021
2203354_2_005,2203354,225,30,2,1,139,956.15,800,225302,TRUE,FALSE,NA,1,2253021
2205102_2_011,2205102,225,30,2,1,83,960.86,780,225302,TRUE,FALSE,NA,1,2253021
2203453_2_012,2203453,225,30,2,1,83,962.7,1100,225302,TRUE,FALSE,NA,1,2253021
2201101_2_005,2201101,225,30,2,1,126,963.13,915,225302,TRUE,FALSE,NA,1,2253021
2203206_2_009,2203206,225,30,2,2,127,963.5692913385826,1038.3937007874017,225302,TRUE,FALSE,NA,1,2253021
2207850_2_003,2207850,225,30,2,1,202,964.96,1200,225302,TRUE,FALSE,NA,1,2253021
2208908_2_004,2208908,225,30,2,1,66,965.12,1212,225302,TRUE,FALSE,NA,1,2253021
2203107_2_007,2203107,225,30,2,3,71,965.37,600,225302,TRUE,FALSE,NA,1,2253021
2203800_2_001,2203800,225,30,2,1,126,965.42,1000,225302,TRUE,FALSE,NA,1,2253021
2203453_2_003,2203453,225,30,2,2,117,966.3261538461538,600,225302,TRUE,FALSE,NA,1,2253021
2210391_2_005,2210391,225,30,2,3,171,966.3709356725146,943.625730994152,225302,TRUE,FALSE,NA,1,2253021
2201988_2_005,2201988,225,30,2,2,150,966.898,1000,225302,TRUE,FALSE,NA,1,2253021
2203750_2_004,2203750,225,30,2,6,101,967.9647524752476,885.7029702970297,225302,TRUE,FALSE,NA,1,2253021
2205102_2_003,2205102,225,30,2,1,120,968.23,1212,225302,TRUE,FALSE,NA,1,2253021
2206605_2_002,2206605,225,30,2,1,178,968.56,1212,225302,TRUE,FALSE,NA,1,2253021
2202901_2_006,2202901,225,30,2,1,193,969.88,1212,225302,TRUE,FALSE,NA,1,2253021
2200707_2_004,2200707,225,30,2,1,147,969.89,1081.5,225302,TRUE,FALSE,NA,1,2253021
2201988_2_004,2201988,225,30,2,1,70,970,1200,225302,TRUE,FALSE,NA,1,2253021
2203107_2_002,2203107,225,30,2,2,91,970.0092307692308,1087.9120879120878,225302,TRUE,FALSE,NA,1,2253021
2208700_2_002,2208700,225,30,2,1,120,971.96000000000015,1000,225302,TRUE,FALSE,NA,1,2253021
2203453_2_017,2203453,225,30,2,2,149,972.323288590604,1177.8523489932886,225302,TRUE,FALSE,NA,1,2253021
2206654_2_006,2206654,225,30,2,2,78,972.6873076923076,957.6923076923076,225302,TRUE,FALSE,NA,1,2253021
2202505_2_006,2202505,225,30,2,1,132,974.01,600,225302,TRUE,FALSE,NA,1,2253021
2209708_2_002,2209708,225,30,2,1,162,974.14,900,225302,TRUE,FALSE,NA,1,2253021
2202307_2_006,2202307,225,30,2,1,236,976.42,1212,225302,TRUE,FALSE,NA,1,2253021
2206654_2_005,2206654,225,30,2,2,184,977.8477717391304,1033.695652173913,225302,TRUE,FALSE,NA,1,2253021
2202505_2_014,2202505,225,30,2,2,66,980.2733333333332,584.8484848484849,225302,TRUE,FALSE,NA,1,2253021
2201988_2_002,2201988,225,30,2,1,77,980.34,675,225302,TRUE,FALSE,NA,1,2253021
2209757_2_002,2209757,225,30,2,1,198,982.5599999999998,1212,225302,TRUE,FALSE,NA,1,2253021
2207603_2_006,2207603,225,30,2,1,131,982.92,800,225302,TRUE,FALSE,NA,1,2253021
2210607_2_016,2210607,225,30,2,1,149,983.1,600,225302,TRUE,FALSE,NA,1,2253021
2209005_2_001,2209005,225,30,2,2,176,983.481818181818,639.7727272727273,225302,TRUE,FALSE,NA,1,2253021
2202505_2_002,2202505,225,30,2,1,143,985.41,800,225302,TRUE,FALSE,NA,1,2253021
2203354_2_002,2203354,225,30,2,1,206,986.27,1000,225302,TRUE,FALSE,NA,1,2253021
2203354_2_008,2203354,225,30,2,1,151,986.3,1212,225302,TRUE,FALSE,NA,1,2253021
2203453_2_004,2203453,225,30,2,1,169,986.37,603,225302,TRUE,FALSE,NA,1,2253021
2209559_2_003,2209559,225,30,2,1,138,987.19,1212,225302,TRUE,FALSE,NA,1,2253021
2207603_2_011,2207603,225,30,2,1,220,987.87,1100,225302,TRUE,FALSE,NA,1,2253021
2206605_2_004,2206605,225,30,2,1,180,988.16,1212,225302,TRUE,FALSE,NA,1,2253021
2211357_2_005,2211357,225,30,2,1,72,988.48,600,225302,TRUE,FALSE,NA,1,2253021
2203750_2_009,2203750,225,30,2,6,138,988.6540579710144,798.6666666666666,225302,TRUE,FALSE,NA,1,2253021
2203750_2_005,2203750,225,30,2,4,82,989.7008536585366,1212,225302,TRUE,FALSE,NA,1,2253021
2209708_2_003,2209708,225,30,2,1,74,990.11,937,225302,TRUE,FALSE,NA,1,2253021
2203750_2_003,2203750,225,30,2,3,127,991.2384251968504,925.3228346456692,225302,TRUE,FALSE,NA,1,2253021
2203107_2_004,2203107,225,30,2,1,103,991.77,1000,225302,TRUE,FALSE,NA,1,2253021
2206654_2_004,2206654,225,30,2,3,140,993.0412142857142,1052.857142857143,225302,TRUE,FALSE,NA,2,2253022
2202505_2_013,2202505,225,30,2,1,99,993.51,1100,225302,TRUE,FALSE,NA,2,2253022
2200459_2_006,2200459,225,30,2,1,153,994.24,1000,225302,TRUE,FALSE,NA,2,2253022
2201101_2_001,2201101,225,30,2,1,152,994.25,1212,225302,TRUE,FALSE,NA,2,2253022
2201988_2_006,2201988,225,30,2,3,120,994.7894166666666,995,225302,TRUE,FALSE,NA,2,2253022
2210953_2_002,2210953,225,30,2,1,207,996.13,1212,225302,TRUE,FALSE,NA,2,2253022
2211357_2_001,2211357,225,30,2,2,232,996.3575,1053,225302,TRUE,FALSE,NA,2,2253022
2203800_2_004,2203800,225,30,2,2,131,996.9572519083968,964.3969465648856,225302,TRUE,FALSE,NA,2,2253022
2203453_2_002,2203453,225,30,2,1,111,997.03,1212,225302,TRUE,FALSE,NA,2,2253022
2210607_2_005,2210607,225,30,2,1,189,997.37,1000,225302,TRUE,FALSE,NA,2,2253022
2200459_2_009,2200459,225,30,2,1,98,999.46,800,225302,TRUE,FALSE,NA,2,2253022
2210631_2_004,2210631,225,30,2,1,117,1000.59,1200,225302,TRUE,FALSE,NA,2,2253022
2201929_2_005,2201929,225,30,2,1,213,1000.97,1206,225302,TRUE,FALSE,NA,2,2253022
2207405_2_008,2207405,225,30,2,1,94,1001.88,800,225302,TRUE,FALSE,NA,2,2253022
2209708_2_006,2209708,225,30,2,1,109,1002.47,750,225302,TRUE,FALSE,NA,2,2253022
2210102_2_004,2210102,225,30,2,2,80,1002.886,688.75,225302,TRUE,FALSE,NA,2,2253022
2209708_2_004,2209708,225,30,2,2,144,1006.4372222222222,1138.888888888889,225302,TRUE,FALSE,NA,2,2253022
2201988_2_003,2201988,225,30,2,1,204,1006.79,800,225302,TRUE,FALSE,NA,2,2253022
2205607_2_004,2205607,225,30,2,4,142,1006.8713380281688,702.112676056338,225302,TRUE,FALSE,NA,2,2253022
2207603_2_001,2207603,225,30,2,1,66,1006.95,1200,225302,TRUE,FALSE,NA,2,2253022
2200707_2_008,2200707,225,30,2,2,130,1007.1673846153848,1042.6461538461538,225302,TRUE,FALSE,NA,2,2253022
2210391_2_001,2210391,225,30,2,1,102,1008,1212,225302,TRUE,FALSE,NA,2,2253022
2205904_2_002,2205904,225,30,2,1,143,1008.5,1212,225302,TRUE,FALSE,NA,2,2253022
2201101_2_002,2201101,225,30,2,1,128,1009.94,1212,225302,TRUE,FALSE,NA,2,2253022
2203909_2_012,2203909,225,30,2,2,127,1011.081968503937,1207.0866141732283,225302,TRUE,FALSE,NA,2,2253022
2204402_2_001,2204402,225,30,2,1,142,1011.97,1212,225302,TRUE,FALSE,NA,2,2253022
2202307_2_011,2202307,225,30,2,4,140,1012.713,1056.0285714285717,225302,TRUE,FALSE,NA,2,2253022
2203206_2_006,2203206,225,30,2,1,171,1013.07,1212,225302,TRUE,FALSE,NA,2,2253022
2206605_2_008,2206605,225,30,2,3,102,1013.5141176470588,1151.764705882353,225302,TRUE,FALSE,NA,2,2253022
2201101_2_004,2201101,225,30,2,2,124,1014.7620967741937,1015.508064516129,225302,TRUE,FALSE,NA,2,2253022
2210607_2_017,2210607,225,30,2,1,100,1016.14,1224,225302,TRUE,FALSE,NA,2,2253022
2202901_2_010,2202901,225,30,2,1,107,1016.16,1212,225302,TRUE,FALSE,NA,2,2253022
2206704_2_008,2206704,225,30,2,4,215,1017.519534883721,945.7302325581396,225302,TRUE,FALSE,NA,2,2253022
2205532_2_002,2205532,225,30,2,1,230,1017.9199999999998,1212,225302,TRUE,FALSE,NA,2,2253022
2207355_2_004,2207355,225,30,2,1,89,1019.22,1212,225302,TRUE,FALSE,NA,2,2253022
2211357_2_007,2211357,225,30,2,11,200,1019.62225,1092.725,225302,TRUE,FALSE,NA,2,2253022
2210607_2_014,2210607,225,30,2,1,134,1020.2999999999998,1200,225302,TRUE,FALSE,NA,2,2253022
2203909_2_008,2203909,225,30,2,1,132,1020.36,1212,225302,TRUE,FALSE,NA,2,2253022
2209708_2_010,2209708,225,30,2,1,167,1021.18,1200,225302,TRUE,FALSE,NA,2,2253022
2209757_2_003,2209757,225,30,2,2,121,1021.92,1212,225302,TRUE,FALSE,NA,2,2253022
2210607_2_028,2210607,225,30,2,5,109,1023.9742201834864,1120.7339449541284,225302,TRUE,FALSE,NA,2,2253022
2210607_2_020,2210607,225,30,2,1,87,1024.22,1212,225302,TRUE,FALSE,NA,2,2253022
2208700_2_001,2208700,225,30,2,1,265,1024.49,1001,225302,TRUE,FALSE,NA,2,2253022
2211357_2_002,2211357,225,30,2,1,205,1025.04,1200,225302,TRUE,FALSE,NA,2,2253022
2202307_2_008,2202307,225,30,2,1,131,1025.38,1212,225302,TRUE,FALSE,NA,2,2253022
2210102_2_001,2210102,225,30,2,1,83,1026.37,1212,225302,TRUE,FALSE,NA,2,2253022
2200707_2_003,2200707,225,30,2,1,186,1027.95,1200,225302,TRUE,FALSE,NA,2,2253022
2202851_2_001,2202851,225,30,2,1,125,1028.63,1212,225302,TRUE,FALSE,NA,2,2253022
2206704_2_007,2206704,225,30,2,1,88,1031.07,1212,225302,TRUE,FALSE,NA,2,2253022
2205904_2_003,2205904,225,30,2,1,72,1031.81,1212,225302,TRUE,FALSE,NA,2,2253022
2210607_2_025,2210607,225,30,2,1,70,1033.65,1260,225302,TRUE,FALSE,NA,2,2253022
2205102_2_012,2205102,225,30,2,1,78,1035.04,1200,225302,TRUE,FALSE,NA,2,2253022
2205102_2_013,2205102,225,30,2,1,79,1035.13,1206,225302,TRUE,FALSE,NA,2,2253022
2202505_2_003,2202505,225,30,2,2,207,1036.8633333333332,888.8888888888889,225302,TRUE,FALSE,NA,2,2253022
2210102_2_003,2210102,225,30,2,1,71,1039.41,1212,225302,TRUE,FALSE,NA,2,2253022
2203206_2_007,2203206,225,30,2,1,126,1041.72,1212,225302,TRUE,FALSE,NA,2,2253022
2205524_2_001,2205524,225,30,2,1,61,1042.57,750,225302,TRUE,FALSE,NA,2,2253022
2205532_2_006,2205532,225,30,2,2,101,1044.0251485148513,1045.5445544554457,225302,TRUE,FALSE,NA,2,2253022
2202752_2_003,2202752,225,30,2,1,139,1044.68,750,225302,TRUE,FALSE,NA,2,2253022
2210607_2_027,2210607,225,30,2,4,95,1046.5325263157897,1171.2,225302,TRUE,FALSE,NA,2,2253022
2203750_2_007,2203750,225,30,2,2,167,1046.9080838323353,1175.3532934131736,225302,TRUE,FALSE,NA,2,2253022
2210607_2_001,2210607,225,30,2,2,124,1047.1453225806451,1041.741935483871,225302,TRUE,FALSE,NA,2,2253022
2203453_2_009,2203453,225,30,2,1,95,1047.46,1212,225302,TRUE,FALSE,NA,2,2253022
2209708_2_009,2209708,225,30,2,1,161,1048.36,800,225302,TRUE,FALSE,NA,2,2253022
2204402_2_005,2204402,225,30,2,5,293,1049.2049829351536,1119.8088737201365,225302,TRUE,FALSE,NA,2,2253022
2203453_2_016,2203453,225,30,2,1,68,1049.52,1242,225302,TRUE,FALSE,NA,2,2253022
2203453_2_008,2203453,225,30,2,1,147,1053.31,1025,225302,TRUE,FALSE,NA,2,2253022
2201705_2_003,2201705,225,30,2,3,171,1053.657134502924,1208.421052631579,225302,TRUE,FALSE,NA,2,2253022
2205102_2_002,2205102,225,30,2,1,94,1055.02,1200,225302,TRUE,FALSE,NA,2,2253022
2203453_2_010,2203453,225,30,2,1,194,1056.02,1212,225302,TRUE,FALSE,NA,2,2253022
2201309_2_002,2201309,225,30,2,2,78,1056.2715384615385,1212,225302,TRUE,FALSE,NA,2,2253022
2204402_2_003,2204402,225,30,2,1,195,1056.28,1212,225302,TRUE,FALSE,NA,2,2253022
2203453_2_006,2203453,225,30,2,1,150,1057.1,1200,225302,TRUE,FALSE,NA,2,2253022
2206605_2_012,2206605,225,30,2,1,93,1058.02,500,225302,TRUE,FALSE,NA,2,2253022
2205524_2_005,2205524,225,30,2,1,67,1058.19,1212,225302,TRUE,FALSE,NA,2,2253022
2209559_2_006,2209559,225,30,2,1,126,1060.03,1212,225302,TRUE,FALSE,NA,2,2253022
2202851_2_004,2202851,225,30,2,1,160,1061.97,1212,225302,TRUE,FALSE,NA,2,2253022
2200459_2_004,2200459,225,30,2,1,133,1063.67,1212,225302,TRUE,FALSE,NA,2,2253022
2209005_2_004,2209005,225,30,2,1,105,1063.73,1212,225302,TRUE,FALSE,NA,2,2253022
2201929_2_007,2201929,225,30,2,2,140,1063.98,1212,225302,TRUE,FALSE,NA,2,2253022
2202901_2_013,2202901,225,30,2,1,84,1064.36,1212,225302,TRUE,FALSE,NA,2,2253022
2210953_2_001,2210953,225,30,2,3,198,1066.19,850,225302,TRUE,FALSE,NA,2,2253022
2203453_2_014,2203453,225,30,2,1,93,1066.91,1212,225302,TRUE,FALSE,NA,2,2253022
2204550_2_007,2204550,225,30,2,3,122,1067.77,1200,225302,TRUE,FALSE,NA,2,2253022
2203453_2_011,2203453,225,30,2,1,142,1067.93,1000,225302,TRUE,FALSE,NA,2,2253022
2210607_2_010,2210607,225,30,2,1,123,1067.97,1212,225302,TRUE,FALSE,NA,2,2253022
2203230_2_004,2203230,225,30,2,1,101,1068.36,1212,225302,TRUE,FALSE,NA,2,2253022
2205300_2_005,2205300,225,30,2,1,153,1068.37,1212,225302,TRUE,FALSE,NA,2,2253022
2209559_2_004,2209559,225,30,2,1,114,1069.02,1212,225302,TRUE,FALSE,NA,2,2253022
2208858_2_002,2208858,225,30,2,2,112,1069.1942857142858,1110.7142857142858,225302,TRUE,FALSE,NA,2,2253022
2202307_2_014,2202307,225,30,2,1,93,1069.32,800,225302,TRUE,FALSE,NA,2,2253022
2202307_2_009,2202307,225,30,2,1,188,1070.83,1212,225302,TRUE,FALSE,NA,2,2253022
2205904_2_001,2205904,225,30,2,2,147,1071.1575510204082,987.7551020408164,225302,TRUE,FALSE,NA,2,2253022
2210391_2_004,2210391,225,30,2,1,71,1071.97,1212,225302,TRUE,FALSE,NA,2,2253022
2210631_2_003,2210631,225,30,2,1,87,1072.18,1200,225302,TRUE,FALSE,NA,2,2253022
2200459_2_001,2200459,225,30,2,1,130,1073.91,1211,225302,TRUE,FALSE,NA,2,2253022
2201903_2_006,2201903,225,30,2,1,98,1077.92,1200,225302,TRUE,FALSE,NA,2,2253022
2201903_2_009,2201903,225,30,2,2,256,1078.49875,1010.15625,225302,TRUE,FALSE,NA,2,2253022
2209559_2_001,2209559,225,30,2,1,95,1078.88,1212,225302,TRUE,FALSE,NA,2,2253022
2205102_2_008,2205102,225,30,2,1,87,1079.27,1212,225302,TRUE,FALSE,NA,2,2253022
2203206_2_002,2203206,225,30,2,1,150,1080.01,1212,225302,TRUE,FALSE,NA,2,2253022
2205532_2_005,2205532,225,30,2,1,82,1083.76,600,225302,TRUE,FALSE,NA,2,2253022
2207355_2_001,2207355,225,30,2,2,112,1085.271875,1203.5357142857142,225302,TRUE,FALSE,NA,2,2253022
2203008_2_006,2203008,225,30,2,1,183,1086.33,1212,225302,TRUE,FALSE,NA,2,2253022
2210623_2_005,2210623,225,30,2,1,112,1086.67,1212,225302,TRUE,FALSE,NA,2,2253022
2210359_2_005,2210359,225,30,2,1,118,1088.02,1212,225302,TRUE,FALSE,NA,2,2253022
2203453_2_015,2203453,225,30,2,1,152,1088.54,1200,225302,TRUE,FALSE,NA,2,2253022
2209708_2_011,2209708,225,30,2,2,84,1088.575238095238,1090.095238095238,225302,TRUE,FALSE,NA,2,2253022
2202251_2_005,2202251,225,30,2,5,108,1088.7075925925926,1211.2777777777778,225302,TRUE,FALSE,NA,2,2253022
2204402_2_006,2204402,225,30,2,3,170,1090.6219999999998,1293.3176470588237,225302,TRUE,FALSE,NA,2,2253022
2200459_2_003,2200459,225,30,2,2,60,1091.065,1212,225302,TRUE,FALSE,NA,2,2253022
2203008_2_005,2203008,225,30,2,1,127,1091.96,1212,225302,TRUE,FALSE,NA,2,2253022
2209559_2_009,2209559,225,30,2,2,122,1093.6465573770492,1212,225302,TRUE,FALSE,NA,2,2253022
2209708_2_007,2209708,225,30,2,1,123,1095.01,1200,225302,TRUE,FALSE,NA,2,2253022
2203008_2_003,2203008,225,30,2,1,255,1095.74,1212,225302,TRUE,FALSE,NA,2,2253022
2210607_2_007,2210607,225,30,2,1,232,1095.94,1200,225302,TRUE,FALSE,NA,2,2253022
2203206_2_005,2203206,225,30,2,1,69,1096.72,1212,225302,TRUE,FALSE,NA,2,2253022
2210359_2_007,2210359,225,30,2,1,129,1097.13,1220,225302,TRUE,FALSE,NA,2,2253022
2207603_2_008,2207603,225,30,2,1,100,1098.59,1212,225302,TRUE,FALSE,NA,2,2253022
2210607_2_008,2210607,225,30,2,1,118,1099.75,1200,225302,TRUE,FALSE,NA,2,2253022
2210631_2_005,2210631,225,30,2,1,78,1100.03,1200,225302,TRUE,FALSE,NA,2,2253022
2203909_2_002,2203909,225,30,2,1,94,1100.57,1212,225302,TRUE,FALSE,NA,2,2253022
2203008_2_001,2203008,225,30,2,1,178,1101.56,1212,225302,TRUE,FALSE,NA,2,2253022
2202901_2_001,2202901,225,30,2,1,245,1103.63,1212,225302,TRUE,FALSE,NA,2,2253022
2209559_2_008,2209559,225,30,2,1,181,1104.56,1212,225302,TRUE,FALSE,NA,2,2253022
2205300_2_002,2205300,225,30,2,1,96,1105.07,1000,225302,TRUE,FALSE,NA,2,2253022
2210607_2_026,2210607,225,30,2,2,119,1105.4262184873949,1212,225302,TRUE,FALSE,NA,2,2253022
2208858_2_003,2208858,225,30,2,1,107,1105.81,1200,225302,TRUE,FALSE,NA,2,2253022
2206605_2_003,2206605,225,30,2,1,76,1106.36,1212,225302,TRUE,FALSE,NA,2,2253022
2202307_2_017,2202307,225,30,2,1,61,1108.63,1212,225302,TRUE,FALSE,NA,2,2253022
2203230_2_008,2203230,225,30,2,1,86,1109.24,1212,225302,TRUE,FALSE,NA,2,2253022
2202901_2_009,2202901,225,30,2,1,185,1110.09,1212,225302,TRUE,FALSE,NA,2,2253022
2201903_2_012,2201903,225,30,2,2,64,1110.500625,892.53125,225302,TRUE,FALSE,NA,2,2253022
2208908_2_003,2208908,225,30,2,1,131,1110.56,1212,225302,TRUE,FALSE,NA,2,2253022
2210359_2_003,2210359,225,30,2,1,81,1110.63,1212,225302,TRUE,FALSE,NA,2,2253022
2208858_2_004,2208858,225,30,2,2,136,1111.189779411765,1108.764705882353,225302,TRUE,FALSE,NA,2,2253022
2201150_2_001,2201150,225,30,2,1,153,1114.5,1200,225302,TRUE,FALSE,NA,2,2253022
2205524_2_004,2205524,225,30,2,1,156,1115.38,1212,225302,TRUE,FALSE,NA,2,2253022
2200459_2_005,2200459,225,30,2,1,108,1115.88,1212,225302,TRUE,FALSE,NA,2,2253022
2206704_2_003,2206704,225,30,2,1,95,1115.98,1212,225302,TRUE,FALSE,NA,2,2253022
2207603_2_002,2207603,225,30,2,1,129,1118.19,1212,225302,TRUE,FALSE,NA,2,2253022
2202851_2_003,2202851,225,30,2,2,108,1118.85,1212,225302,TRUE,FALSE,NA,2,2253022
2207405_2_001,2207405,225,30,2,1,245,1120.48,1212,225302,TRUE,FALSE,NA,2,2253022
2202307_2_005,2202307,225,30,2,1,189,1122.11,1212,225302,TRUE,FALSE,NA,2,2253022
2210623_2_004,2210623,225,30,2,1,139,1122.5,1200,225302,TRUE,FALSE,NA,2,2253022
2209302_2_003,2209302,225,30,2,1,206,1122.68,1212,225302,TRUE,FALSE,NA,2,2253022
2202307_2_001,2202307,225,30,2,1,233,1122.85,600,225302,TRUE,FALSE,NA,2,2253022
2204550_2_002,2204550,225,30,2,1,134,1124.1,1212,225302,TRUE,FALSE,NA,2,2253022
2208551_2_002,2208551,225,30,2,2,100,1124.88,936.6,225302,TRUE,FALSE,NA,2,2253022
2208551_2_003,2208551,225,30,2,1,71,1125.86,1200,225302,TRUE,FALSE,NA,2,2253022
2210607_2_004,2210607,225,30,2,1,88,1127.9,1200,225302,TRUE,FALSE,NA,2,2253022
2203909_2_001,2203909,225,30,2,2,152,1128.3113157894738,1158.2368421052631,225302,TRUE,FALSE,NA,2,2253022
2202901_2_005,2202901,225,30,2,1,212,1129.37,1212,225302,TRUE,FALSE,NA,2,2253022
2209559_2_002,2209559,225,30,2,3,107,1129.7434579439253,1212,225302,TRUE,FALSE,NA,2,2253022
2207603_2_012,2207603,225,30,2,1,86,1130.78,1200,225302,TRUE,FALSE,NA,2,2253022
2208908_2_001,2208908,225,30,2,1,75,1131.07,1212,225302,TRUE,FALSE,NA,2,2253022
2203107_2_008,2203107,225,30,2,1,70,1131.08,1212,225302,TRUE,FALSE,NA,2,2253022
2210607_2_031,2210607,225,30,2,1,67,1134,1212,225302,TRUE,FALSE,NA,2,2253022
2210607_2_013,2210607,225,30,2,1,99,1134.18,1224,225302,TRUE,FALSE,NA,2,2253022
2206704_2_006,2206704,225,30,2,1,91,1135.22,1212,225302,TRUE,FALSE,NA,2,2253022
2205532_2_009,2205532,225,30,2,1,118,1135.55,1212,225302,TRUE,FALSE,NA,2,2253022
2200707_2_002,2200707,225,30,2,1,173,1135.56,1212,225302,TRUE,FALSE,NA,2,2253022
2203354_2_001,2203354,225,30,2,1,166,1135.81,1212,225302,TRUE,FALSE,NA,2,2253022
2210607_2_023,2210607,225,30,2,2,165,1136.5079999999998,1200,225302,TRUE,FALSE,NA,2,2253022
2201150_2_002,2201150,225,30,2,1,118,1140.47,1212,225302,TRUE,FALSE,NA,2,2253022
2202251_2_002,2202251,225,30,2,1,133,1141.14,1212,225302,TRUE,FALSE,NA,2,2253022
2202901_2_016,2202901,225,30,2,1,86,1141.48,1200,225302,TRUE,FALSE,NA,2,2253022
2201903_2_002,2201903,225,30,2,1,91,1141.75,1212,225302,TRUE,FALSE,NA,2,2253022
2202901_2_020,2202901,225,30,2,1,204,1143.99,1212,225302,TRUE,FALSE,NA,2,2253022
2203107_2_005,2203107,225,30,2,1,236,1144.22,1212,225302,TRUE,FALSE,NA,2,2253022
2202307_2_015,2202307,225,30,2,1,154,1146.7,600,225302,TRUE,FALSE,NA,2,2253022
2202307_2_002,2202307,225,30,2,1,171,1146.81,1212,225302,TRUE,FALSE,NA,2,2253022
2210391_2_003,2210391,225,30,2,1,78,1149.1,1212,225302,TRUE,FALSE,NA,2,2253022
2205532_2_001,2205532,225,30,2,1,74,1151.38,1212,225302,TRUE,FALSE,NA,2,2253022
2202307_2_012,2202307,225,30,2,1,151,1152.7,1212,225302,TRUE,FALSE,NA,2,2253022
2210359_2_004,2210359,225,30,2,3,130,1153.7543076923075,1263.0230769230768,225302,TRUE,FALSE,NA,2,2253022
2210391_2_002,2210391,225,30,2,2,137,1154.355766423358,1016.2481751824818,225302,TRUE,FALSE,NA,2,2253022
2203230_2_005,2203230,225,30,2,3,131,1157.8568702290077,973.7251908396946,225302,TRUE,FALSE,NA,2,2253022
2203230_2_002,2203230,225,30,2,1,82,1158.14,1212,225302,TRUE,FALSE,NA,2,2253022
2209708_2_001,2209708,225,30,2,1,127,1158.54,1212,225302,TRUE,FALSE,NA,3,2253023
2202307_2_003,2202307,225,30,2,1,125,1158.59,1200,225302,TRUE,FALSE,NA,3,2253023
2205102_2_007,2205102,225,30,2,1,95,1159.56,750,225302,TRUE,FALSE,NA,3,2253023
2203602_2_002,2203602,225,30,2,1,98,1161.71,1000,225302,TRUE,FALSE,NA,3,2253023
2201903_2_005,2201903,225,30,2,1,227,1163.28,1212,225302,TRUE,FALSE,NA,3,2253023
2203909_2_005,2203909,225,30,2,1,131,1163.59,1200,225302,TRUE,FALSE,NA,3,2253023
2203750_2_002,2203750,225,30,2,1,89,1164.43,1212,225302,TRUE,FALSE,NA,3,2253023
2207603_2_010,2207603,225,30,2,1,101,1165.8,1200,225302,TRUE,FALSE,NA,3,2253023
2203354_2_006,2203354,225,30,2,1,124,1166.35,1200,225302,TRUE,FALSE,NA,3,2253023
2202307_2_010,2202307,225,30,2,2,156,1168.8596153846154,600,225302,TRUE,FALSE,NA,3,2253023
2201903_2_004,2201903,225,30,2,1,80,1168.89,1200,225302,TRUE,FALSE,NA,3,2253023
2202307_2_016,2202307,225,30,2,1,89,1169.92,1212,225302,TRUE,FALSE,NA,3,2253023
2205904_2_004,2205904,225,30,2,3,160,1171.1254375,1129.8,225302,TRUE,FALSE,NA,3,2253023
2202901_2_011,2202901,225,30,2,1,124,1173.98,1212,225302,TRUE,FALSE,NA,3,2253023
2203750_2_006,2203750,225,30,2,4,155,1174.1975483870967,1212,225302,TRUE,FALSE,NA,3,2253023
2202901_2_004,2202901,225,30,2,1,145,1174.47,1220,225302,TRUE,FALSE,NA,3,2253023
2206605_2_007,2206605,225,30,2,1,236,1175.35,1212,225302,TRUE,FALSE,NA,3,2253023
2209559_2_007,2209559,225,30,2,1,107,1177.81,1206,225302,TRUE,FALSE,NA,3,2253023
2205300_2_004,2205300,225,30,2,2,76,1178.1168421052632,1115.2631578947369,225302,TRUE,FALSE,NA,3,2253023
2203206_2_004,2203206,225,30,2,2,122,1178.1844262295083,1212,225302,TRUE,FALSE,NA,3,2253023
2208908_2_002,2208908,225,30,2,1,81,1179.18,1200,225302,TRUE,FALSE,NA,3,2253023
2203909_2_006,2203909,225,30,2,2,150,1180.4620000000002,1155.4666666666667,225302,TRUE,FALSE,NA,3,2253023
2205102_2_005,2205102,225,30,2,1,212,1182.35,1212,225302,TRUE,FALSE,NA,3,2253023
2210359_2_006,2210359,225,30,2,1,195,1184.54,1212,225302,TRUE,FALSE,NA,3,2253023
2210623_2_003,2210623,225,30,2,1,129,1184.58,1200,225302,TRUE,FALSE,NA,3,2253023
2201929_2_004,2201929,225,30,2,2,197,1185.2662944162437,1212,225302,TRUE,FALSE,NA,3,2253023
2210607_2_022,2210607,225,30,2,2,76,1187.682894736842,1212,225302,TRUE,FALSE,NA,3,2253023
2205524_2_008,2205524,225,30,2,1,88,1188.2,1212,225302,TRUE,FALSE,NA,3,2253023
2205524_2_002,2205524,225,30,2,1,214,1191.52,1212,225302,TRUE,FALSE,NA,3,2253023
2202901_2_007,2202901,225,30,2,1,99,1191.93,1212,225302,TRUE,FALSE,NA,3,2253023
2209708_2_008,2209708,225,30,2,2,119,1193.696806722689,1206.7563025210084,225302,TRUE,FALSE,NA,3,2253023
2210631_2_006,2210631,225,30,2,2,153,1194.5988235294117,1212,225302,TRUE,FALSE,NA,3,2253023
2203230_2_007,2203230,225,30,2,1,113,1200.1,1212,225302,TRUE,FALSE,NA,3,2253023
2211357_2_003,2211357,225,30,2,2,105,1203.4999047619046,1212,225302,TRUE,FALSE,NA,3,2253023
2203230_2_003,2203230,225,30,2,1,235,1203.91,1212,225302,TRUE,FALSE,NA,3,2253023
2207405_2_003,2207405,225,30,2,1,67,1204.7,1212,225302,TRUE,FALSE,NA,3,2253023
2203909_2_004,2203909,225,30,2,1,174,1206.14,1212,225302,TRUE,FALSE,NA,3,2253023
2207355_2_003,2207355,225,30,2,1,154,1208.14,1212,225302,TRUE,FALSE,NA,3,2253023
2211209_2_002,2211209,225,30,2,2,114,1208.675,1106,225302,TRUE,FALSE,NA,3,2253023
2201903_2_001,2201903,225,30,2,1,72,1209.14,1212,225302,TRUE,FALSE,NA,3,2253023
2206605_2_005,2206605,225,30,2,1,213,1215.25,1212,225302,TRUE,FALSE,NA,3,2253023
2209559_2_005,2209559,225,30,2,1,206,1216.72,1212,225302,TRUE,FALSE,NA,3,2253023
2202752_2_001,2202752,225,30,2,1,123,1216.74,1100,225302,TRUE,FALSE,NA,3,2253023
2209302_2_001,2209302,225,30,2,3,127,1216.95,1212,225302,TRUE,FALSE,NA,3,2253023
2206704_2_004,2206704,225,30,2,1,153,1219.49,1212,225302,TRUE,FALSE,NA,3,2253023
2210953_2_003,2210953,225,30,2,1,75,1220.6,1200,225302,TRUE,FALSE,NA,3,2253023
2202901_2_014,2202901,225,30,2,1,70,1221.02,1212,225302,TRUE,FALSE,NA,3,2253023
2208700_2_003,2208700,225,30,2,1,226,1223.79,1200,225302,TRUE,FALSE,NA,3,2253023
2207405_2_007,2207405,225,30,2,1,161,1224.71,1200,225302,TRUE,FALSE,NA,3,2253023
2203206_2_003,2203206,225,30,2,1,137,1226.7,1212,225302,TRUE,FALSE,NA,3,2253023
2203206_2_008,2203206,225,30,2,1,107,1227.85,1212,225302,TRUE,FALSE,NA,3,2253023
2211209_2_007,2211209,225,30,2,2,247,1229.3126720647772,1202.331983805668,225302,TRUE,FALSE,NA,3,2253023
2210631_2_001,2210631,225,30,2,1,162,1231.98,1212,225302,TRUE,FALSE,NA,3,2253023
2206605_2_014,2206605,225,30,2,1,135,1232.57,1212,225302,TRUE,FALSE,NA,3,2253023
2201150_2_007,2201150,225,30,2,1,211,1233.74,1212,225302,TRUE,FALSE,NA,3,2253023
2209005_2_002,2209005,225,30,2,1,131,1235.37,900,225302,TRUE,FALSE,NA,3,2253023
2202901_2_002,2202901,225,30,2,1,241,1235.62,1200,225302,TRUE,FALSE,NA,3,2253023
2206704_2_005,2206704,225,30,2,1,91,1238.98,1212,225302,TRUE,FALSE,NA,3,2253023
2202901_2_012,2202901,225,30,2,1,233,1241.02,1212,225302,TRUE,FALSE,NA,3,2253023
2209203_2_004,2209203,225,30,2,3,211,1243.0462559241707,1212.3554502369668,225302,TRUE,FALSE,NA,3,2253023
2202307_2_004,2202307,225,30,2,1,177,1243.51,1212,225302,TRUE,FALSE,NA,3,2253023
2203008_2_004,2203008,225,30,2,1,131,1245.32,1212,225302,TRUE,FALSE,NA,3,2253023
2202752_2_002,2202752,225,30,2,2,174,1246.9194827586207,1212,225302,TRUE,FALSE,NA,3,2253023
2203453_2_005,2203453,225,30,2,1,109,1247.08,1212,225302,TRUE,FALSE,NA,3,2253023
2202901_2_019,2202901,225,30,2,3,93,1247.92,1212,225302,TRUE,FALSE,NA,3,2253023
2207355_2_002,2207355,225,30,2,2,155,1247.9545161290323,1208.1290322580646,225302,TRUE,FALSE,NA,3,2253023
2205102_2_006,2205102,225,30,2,1,123,1250.63,1212,225302,TRUE,FALSE,NA,3,2253023
2203909_2_003,2203909,225,30,2,1,116,1251.6,1200,225302,TRUE,FALSE,NA,3,2253023
2203107_2_003,2203107,225,30,2,1,154,1257.79,1212,225302,TRUE,FALSE,NA,3,2253023
2203230_2_009,2203230,225,30,2,2,65,1258.9253846153847,1212,225302,TRUE,FALSE,NA,3,2253023
2201903_2_003,2201903,225,30,2,1,215,1258.98,1212,225302,TRUE,FALSE,NA,3,2253023
2200806_2_001,2200806,225,30,2,2,119,1260.2559663865547,1212.6554621848738,225302,TRUE,FALSE,NA,3,2253023
2203909_2_013,2203909,225,30,2,1,185,1262.15,1212,225302,TRUE,FALSE,NA,3,2253023
2203107_2_001,2203107,225,30,2,1,83,1263.48,1212,225302,TRUE,FALSE,NA,3,2253023
2203909_2_009,2203909,225,30,2,2,136,1263.77,1200,225302,TRUE,FALSE,NA,3,2253023
2203008_2_008,2203008,225,30,2,1,154,1264.84,1212,225302,TRUE,FALSE,NA,3,2253023
2202307_2_018,2202307,225,30,2,3,112,1266.4370535714286,1203.321428571429,225302,TRUE,FALSE,NA,3,2253023
2202251_2_001,2202251,225,30,2,2,127,1266.7046456692913,1093.4803149606298,225302,TRUE,FALSE,NA,3,2253023
2205300_2_007,2205300,225,30,2,1,61,1266.73,1212,225302,TRUE,FALSE,NA,3,2253023
2209203_2_003,2209203,225,30,2,2,73,1267.3568493150683,1212,225302,TRUE,FALSE,NA,3,2253023
2208551_2_001,2208551,225,30,2,2,62,1270.5132258064518,1133.354838709677,225302,TRUE,FALSE,NA,3,2253023
2211209_2_005,2211209,225,30,2,1,93,1270.73,1200,225302,TRUE,FALSE,NA,3,2253023
2210623_2_002,2210623,225,30,2,2,114,1274.9657894736845,1217.6842105263158,225302,TRUE,FALSE,NA,3,2253023
2210359_2_001,2210359,225,30,2,1,143,1275.04,1212,225302,TRUE,FALSE,NA,3,2253023
2209302_2_002,2209302,225,30,2,1,190,1284.46,1212,225302,TRUE,FALSE,NA,3,2253023
2211209_2_001,2211209,225,30,2,1,217,1284.83,1212,225302,TRUE,FALSE,NA,3,2253023
2205524_2_006,2205524,225,30,2,1,97,1289.3,1212,225302,TRUE,FALSE,NA,3,2253023
2202307_2_013,2202307,225,30,2,1,76,1290.38,1018,225302,TRUE,FALSE,NA,3,2253023
2208700_2_004,2208700,225,30,2,2,128,1295.9809375,1207.6875,225302,TRUE,FALSE,NA,3,2253023
2206704_2_001,2206704,225,30,2,1,156,1297.19,1212,225302,TRUE,FALSE,NA,3,2253023
2211209_2_003,2211209,225,30,2,1,89,1298.19,1200,225302,TRUE,FALSE,NA,3,2253023
2202851_2_002,2202851,225,30,2,1,106,1298.55,1212,225302,TRUE,FALSE,NA,3,2253023
2204501_2_001,2204501,225,30,2,1,86,1299.68,1200,225302,TRUE,FALSE,NA,3,2253023
2209708_2_005,2209708,225,30,2,1,148,1302.07,1200,225302,TRUE,FALSE,NA,3,2253023
2203602_2_001,2203602,225,30,2,2,244,1303.107950819672,1168.5573770491803,225302,TRUE,FALSE,NA,3,2253023
2202901_2_008,2202901,225,30,2,1,126,1307.23,1212,225302,TRUE,FALSE,NA,3,2253023
2205607_2_001,2205607,225,30,2,3,96,1309.706458333333,1112.5,225302,TRUE,FALSE,NA,3,2253023
2203008_2_007,2203008,225,30,2,1,97,1310.6,1212,225302,TRUE,FALSE,NA,3,2253023
2201150_2_008,2201150,225,30,2,2,171,1318.3566666666666,1212,225302,TRUE,FALSE,NA,3,2253023
2210102_2_002,2210102,225,30,2,2,99,1329.160606060606,1207.1515151515152,225302,TRUE,FALSE,NA,3,2253023
2211209_2_008,2211209,225,30,2,2,162,1329.7882098765433,1212,225302,TRUE,FALSE,NA,3,2253023
2203354_2_009,2203354,225,30,2,2,128,1331.638671875,1180.28125,225302,TRUE,FALSE,NA,3,2253023
2202851_2_005,2202851,225,30,2,2,108,1333.9022222222222,1212,225302,TRUE,FALSE,NA,3,2253023
2201150_2_006,2201150,225,30,2,2,214,1335.5936448598134,1212,225302,TRUE,FALSE,NA,3,2253023
2203453_2_007,2203453,225,30,2,1,81,1338.53,1212,225302,TRUE,FALSE,NA,3,2253023
2210359_2_002,2210359,225,30,2,1,230,1344.69,1212,225302,TRUE,FALSE,NA,3,2253023
2211209_2_006,2211209,225,30,2,2,141,1348.1533333333332,1346.836879432624,225302,TRUE,FALSE,NA,3,2253023
2209203_2_002,2209203,225,30,2,1,146,1361.13,1200,225302,TRUE,FALSE,NA,3,2253023
2210607_2_024,2210607,225,30,2,2,163,1365.47,1212,225302,TRUE,FALSE,NA,3,2253023
2210607_2_015,2210607,225,30,2,1,82,1372.75,1200,225302,TRUE,FALSE,NA,3,2253023
2209005_2_003,2209005,225,30,2,1,99,1391.26,1212,225302,TRUE,FALSE,NA,3,2253023
2209203_2_001,2209203,225,30,2,2,171,1392.1177777777775,1203.2280701754387,225302,TRUE,FALSE,NA,3,2253023
2211209_2_004,2211209,225,30,2,1,64,1407.3,1200,225302,TRUE,FALSE,NA,3,2253023
2205532_2_004,2205532,225,30,2,1,99,1417.78,1200,225302,TRUE,FALSE,NA,3,2253023
2203909_2_010,2203909,225,30,2,1,263,1422.55,1200,225302,TRUE,FALSE,NA,3,2253023
2206001_2_001,2206001,225,30,2,2,98,1431.3976530612244,1141.3979591836735,225302,TRUE,FALSE,NA,3,2253023
2200707_2_006,2200707,225,30,2,1,120,1435.69,1212,225302,TRUE,FALSE,NA,3,2253023
2203230_2_001,2203230,225,30,2,2,125,1437.1872,1208.16,225302,TRUE,FALSE,NA,3,2253023
2203909_2_007,2203909,225,30,2,1,74,1439.55,1212,225302,TRUE,FALSE,NA,3,2253023
2210607_2_003,2210607,225,30,2,1,201,1441.64,1212,225302,TRUE,FALSE,NA,3,2253023
2205524_2_003,2205524,225,30,2,1,87,1443.49,1212,225302,TRUE,FALSE,NA,3,2253023
2207405_2_005,2207405,225,30,2,1,99,1447.1300000000003,1212,225302,TRUE,FALSE,NA,3,2253023
2203206_2_001,2203206,225,30,2,1,109,1447.9500000000005,1212,225302,TRUE,FALSE,NA,3,2253023
2205102_2_004,2205102,225,30,2,2,134,1478.3082089552238,1079.6268656716418,225302,TRUE,FALSE,NA,3,2253023
2210607_2_018,2210607,225,30,2,1,218,1483.34,1212,225302,TRUE,FALSE,NA,3,2253023
2203453_2_013,2203453,225,30,2,1,79,1484.75,1300,225302,TRUE,FALSE,NA,3,2253023
2201705_2_001,2201705,225,30,2,1,82,1485.67,1212,225302,TRUE,FALSE,NA,3,2253023
2205300_2_006,2205300,225,30,2,2,106,1489.198396226415,1210.754716981132,225302,TRUE,FALSE,NA,3,2253023
2200806_2_002,2200806,225,30,2,1,93,1502.87,1212,225302,TRUE,FALSE,NA,3,2253023
2208908_2_006,2208908,225,30,2,1,100,1506.49,1212,225302,TRUE,FALSE,NA,3,2253023
2203909_2_011,2203909,225,30,2,2,122,1522.8373770491803,1211.2459016393443,225302,TRUE,FALSE,NA,3,2253023
2201903_2_008,2201903,225,30,2,1,165,1538.77,1212,225302,TRUE,FALSE,NA,3,2253023
2201150_2_003,2201150,225,30,2,1,123,1545.67,1200,225302,TRUE,FALSE,NA,3,2253023
2204402_2_002,2204402,225,30,2,1,80,1547.7,1212,225302,TRUE,FALSE,NA,3,2253023
2202901_2_015,2202901,225,30,2,1,172,1549.0099999999998,1212,225302,TRUE,FALSE,NA,3,2253023
2203909_2_014,2203909,225,30,2,1,136,1585.92,1212,225302,TRUE,FALSE,NA,3,2253023
2205300_2_003,2205300,225,30,2,1,95,1620.6699999999998,1212,225302,TRUE,FALSE,NA,3,2253023
2203354_2_010,2203354,225,30,2,1,72,1668.26,1200,225302,TRUE,FALSE,NA,3,2253023
2201150_2_009,2201150,225,30,2,1,234,1686.04,1121,225302,TRUE,FALSE,NA,3,2253023
2205300_2_001,2205300,225,30,2,1,81,1709.3199999999997,1212,225302,TRUE,FALSE,NA,3,2253023
2200459_2_002,2200459,225,30,2,3,95,1720.024842105263,1212,225302,TRUE,FALSE,NA,3,2253023
2203230_2_006,2203230,225,30,2,1,68,1721.99,1212,225302,TRUE,FALSE,NA,3,2253023
2203008_2_002,2203008,225,30,2,2,138,1722.001884057971,1208.5217391304348,225302,TRUE,FALSE,NA,3,2253023
2208908_2_005,2208908,225,30,2,2,70,1783.2767142857144,1212,225302,TRUE,FALSE,NA,3,2253023
2205102_2_001,2205102,225,30,2,1,64,1826.6,1212,225302,TRUE,FALSE,NA,3,2253023
2204501_2_002,2204501,225,30,2,1,117,1828.61,1206,225302,TRUE,FALSE,NA,3,2253023
2205532_2_003,2205532,225,30,2,1,148,1965.5499999999995,1212,225302,TRUE,FALSE,NA,3,2253023
2201903_2_010,2201903,225,30,2,3,166,2158.118614457832,1204.6265060240964,225302,TRUE,FALSE,NA,3,2253023
2201903_2_011,2201903,225,30,2,3,110,2178.7936363636363,1230.1818181818182,225302,TRUE,FALSE,NA,3,2253023
2210631_2_002,2210631,225,30,2,1,80,2682.7,1212,225302,TRUE,FALSE,NA,3,2253023
