Indicador,Indicador_Nome,Regiao_Geografica,Geografia_Nome,Recorte_Demografico,Recorte_Nome,Variavel_Testada,Metodo,Estatistica,GL,p_valor,Significancia,p_ajustado,Significancia_ajustada,N
Proporcao_Ocupados_Escolarizados,Ocupados com Ensino Médio Completo ou Mais,Zona_Urbana,Zona Urbana,Instrucao_agregado,Grau de Instrução (dicotomizado),Instrucao,svyglm+regTermTest(LRT),3003.6204506017166,"1, 199",0,***,0,***,3692
Proporcao_Ocupados_Escolarizados,Ocupados com Ensino Médio Completo ou Mais,Zona_Rural,Zona Rural,Instrucao_agregado,Grau de Instrução (dicotomizado),Instrucao,svyglm+regTermTest(LRT),1152.856547682135,"1, 199",0,***,0,***,1269
Proporcao_Ocupados_Escolarizados,Ocupados com Ensino Médio Completo ou Mais,Admin_Capital,Capital,Instrucao_agregado,Grau de Instrução (dicotomizado),Instrucao,svyglm+regTermTest(LRT),1242.1191667158898,"1, 199",0,***,0,***,1964
Proporcao_Ocupados_Escolarizados,Ocupados com Ensino Médio Completo ou Mais,"Admin_Resto da RIDE (Região Integrada de Desenvolvimento Econômico, excluindo a capital)","Resto da RIDE (Região Integrada de Desenvolvimento Econômico, excluindo a capital)",Instrucao_agregado,Grau de Instrução (dicotomizado),Instrucao,svyglm+regTermTest(LRT),415.34416210151176,"1, 199",0,***,0,***,454
Proporcao_Ocupados_Escolarizados,Ocupados com Ensino Médio Completo ou Mais,"Admin_Resto da UF  (Unidade da Federação, excluindo a região metropolitana e a RIDE)","Resto da UF  (Unidade da Federação, excluindo a região metropolitana e a RIDE)",Instrucao_agregado,Grau de Instrução (dicotomizado),Instrucao,svyglm+regTermTest(LRT),2448.399289794648,"1, 199",0,***,0,***,2543
Proporcao_Ocupados_Escolarizados,Ocupados com Ensino Médio Completo ou Mais,Agreg_Teresina,Teresina,Instrucao_agregado,Grau de Instrução (dicotomizado),Instrucao,svyglm+regTermTest(LRT),1242.1191667158898,"1, 199",0,***,0,***,1964
Proporcao_Ocupados_Escolarizados,Ocupados com Ensino Médio Completo ou Mais,Agreg_Entorno metropolitano de Teresina (PI),Entorno metropolitano de Teresina (PI),Instrucao_agregado,Grau de Instrução (dicotomizado),Instrucao,svyglm+regTermTest(LRT),415.34416210151176,"1, 199",0,***,0,***,454
Proporcao_Ocupados_Escolarizados,Ocupados com Ensino Médio Completo ou Mais,Agreg_Centro-Leste do Piauí,Centro-Leste do Piauí,Instrucao_agregado,Grau de Instrução (dicotomizado),Instrucao,svyglm+regTermTest(LRT),844.2669692661478,"1, 199",0,***,0,***,881
Proporcao_Ocupados_Escolarizados,Ocupados com Ensino Médio Completo ou Mais,Agreg_Baixo Parnaíba do Piauí,Baixo Parnaíba do Piauí,Instrucao_agregado,Grau de Instrução (dicotomizado),Instrucao,svyglm+regTermTest(LRT),879.807524021863,"1, 199",0,***,0,***,919
Proporcao_Ocupados_Escolarizados,Ocupados com Ensino Médio Completo ou Mais,Agreg_Alto Parnaíba e Chapadas Sul do Piauí,Alto Parnaíba e Chapadas Sul do Piauí,Instrucao_agregado,Grau de Instrução (dicotomizado),Instrucao,svyglm+regTermTest(LRT),720.5239249701182,"1, 199",0,***,0,***,743
Proporcao_Ocupados_Escolarizados,Ocupados com Ensino Médio Completo ou Mais,Micro_2210011,Micro 2210011,Instrucao_agregado,Grau de Instrução (dicotomizado),Instrucao,svyglm+regTermTest(LRT),546.4859834718734,"1, 199",0,***,0,***,912
Taxa_Subocupacao,Subocupação por Insuficiência de Horas,Micro_2210012,Micro 2210012,Raca,Cor ou Raça,Raca,svyglm+regTermTest(LRT),2.2264026545083766,"2, 177",0,***,0,***,304
Proporcao_Ocupados_Escolarizados,Ocupados com Ensino Médio Completo ou Mais,Micro_2210012,Micro 2210012,Instrucao_agregado,Grau de Instrução (dicotomizado),Instrucao,svyglm+regTermTest(LRT),175.1133986399218,"1, 177",0,***,0,***,304
Proporcao_Ocupados_Escolarizados,Ocupados com Ensino Médio Completo ou Mais,Micro_2210013,Micro 2210013,Instrucao_agregado,Grau de Instrução (dicotomizado),Instrucao,svyglm+regTermTest(LRT),98.46234114240822,"1, 120",0,***,0,***,210
Proporcao_Ocupados_Escolarizados,Ocupados com Ensino Médio Completo ou Mais,Micro_2210030,Micro 2210030,Instrucao_agregado,Grau de Instrução (dicotomizado),Instrucao,svyglm+regTermTest(LRT),268.43688084928647,"1, 199",0,***,0,***,375
Proporcao_Ocupados_Escolarizados,Ocupados com Ensino Médio Completo ou Mais,Micro_2220010,Micro 2220010,Instrucao_agregado,Grau de Instrução (dicotomizado),Instrucao,svyglm+regTermTest(LRT),254.87688674056164,"1, 179",0,***,0,***,299
Proporcao_Ocupados_Escolarizados,Ocupados com Ensino Médio Completo ou Mais,Micro_2251011,Micro 2251011,Instrucao_agregado,Grau de Instrução (dicotomizado),Instrucao,svyglm+regTermTest(LRT),144.1353802283788,"1, 129",0,***,0,***,198
Proporcao_Ocupados_Escolarizados,Ocupados com Ensino Médio Completo ou Mais,Micro_2251012,Micro 2251012,Instrucao_agregado,Grau de Instrução (dicotomizado),Instrucao,svyglm+regTermTest(LRT),196.7130484056733,"1, 136",0,***,0,***,212
Proporcao_Ocupados_Escolarizados,Ocupados com Ensino Médio Completo ou Mais,Micro_2251020,Micro 2251020,Instrucao_agregado,Grau de Instrução (dicotomizado),Instrucao,svyglm+regTermTest(LRT),221.62482131884465,"1, 162",0,***,0,***,231
Proporcao_Ocupados_Escolarizados,Ocupados com Ensino Médio Completo ou Mais,Micro_2252011,Micro 2252011,Instrucao_agregado,Grau de Instrução (dicotomizado),Instrucao,svyglm+regTermTest(LRT),194.07869589102455,"1, 131",0,***,0,***,209
Proporcao_Ocupados_Escolarizados,Ocupados com Ensino Médio Completo ou Mais,Micro_2252012,Micro 2252012,Instrucao_agregado,Grau de Instrução (dicotomizado),Instrucao,svyglm+regTermTest(LRT),201.3751592447062,"1, 145",0,***,0,***,222
Proporcao_Ocupados_Escolarizados,Ocupados com Ensino Médio Completo ou Mais,Micro_2252020,Micro 2252020,Instrucao_agregado,Grau de Instrução (dicotomizado),Instrucao,svyglm+regTermTest(LRT),199.10898264150933,"1, 166",0,***,0,***,241
Proporcao_Ocupados_Escolarizados,Ocupados com Ensino Médio Completo ou Mais,Micro_2253011,Micro 2253011,Instrucao_agregado,Grau de Instrução (dicotomizado),Instrucao,svyglm+regTermTest(LRT),165.33816210464573,"1, 123",0,***,0,***,199
Desalentados_Forca_Ampliada,Desalentados na Força de Trabalho Ampliada,Micro_2253012,Micro 2253012,Sexo,Sexo,Sexo,svyglm+regTermTest(LRT),0.9620407129561102,"1, 162",0,***,0,***,428
Desalentados_Forca_Ampliada,Desalentados na Força de Trabalho Ampliada,Micro_2253012,Micro 2253012,Instrucao_agregado,Grau de Instrução (dicotomizado),Instrucao,svyglm+regTermTest(LRT),0.985276316125141,"1, 162",0,***,0,***,428
Rendimento_Formal,Rendimento Médio — Setor Formal,Micro_2253022,Micro 2253022,Raca,Cor ou Raça,Raca,svyglm+regTermTest(LRT),70559.28135691838,"1, 33",0,***,0,***,74
Rendimento_Formal,Rendimento Médio — Setor Formal,Micro_2253022,Micro 2253022,Instrucao,Grau de Instrução (detalhado),VD3004,svyglm+regTermTest(LRT),70559.28135691838,"3, 33",0,***,0,***,74
Proporcao_Ocupados_Escolarizados,Ocupados com Ensino Médio Completo ou Mais,Micro_2252013,Micro 2252013,Instrucao_agregado,Grau de Instrução (dicotomizado),Instrucao,svyglm+regTermTest(LRT),175.84566892145017,"1, 107",3.807978952722824e-292,***,5.629186277938088e-292,***,171
Proporcao_Ocupados_Escolarizados,Ocupados com Ensino Médio Completo ou Mais,Micro_2253012,Micro 2253012,Instrucao_agregado,Grau de Instrução (dicotomizado),Instrucao,svyglm+regTermTest(LRT),157.76756858011413,"1, 113",5.788677211449651e-292,***,8.200626049553673e-292,***,173
Desalentados_Forca_Ampliada,Desalentados na Força de Trabalho Ampliada,Micro_2210013,Micro 2210013,Sexo,Sexo,Sexo,svyglm+regTermTest(LRT),1.6678932364223371,"1, 145",8.439387105866896e-292,***,1.4768927435267066e-291,***,410
Proporcao_Ocupados_Escolarizados,Ocupados com Ensino Médio Completo ou Mais,Micro_2220020,Micro 2220020,Instrucao_agregado,Grau de Instrução (dicotomizado),Instrucao,svyglm+regTermTest(LRT),139.49458351584423,"1, 108",2.4924655343253584e-291,***,3.3897531266824876e-291,***,155
Proporcao_Ocupados_Escolarizados,Ocupados com Ensino Médio Completo ou Mais,Micro_2210020,Micro 2210020,Instrucao_agregado,Grau de Instrução (dicotomizado),Instrucao,svyglm+regTermTest(LRT),139.15500084362492,"1, 107",4.2299387187109616e-291,***,5.531458324468181e-291,***,163
Taxa_Subocupacao,Subocupação por Insuficiência de Horas,Micro_2210012,Micro 2210012,Instrucao_agregado,Grau de Instrução (dicotomizado),Instrucao,svyglm+regTermTest(LRT),0.4653873272603306,"1, 177",3.979876400665102e-288,***,1.4327555042394368e-286,***,304
Proporcao_Ocupados_Escolarizados,Ocupados com Ensino Médio Completo ou Mais,Micro_2251013,Micro 2251013,Instrucao_agregado,Grau de Instrução (dicotomizado),Instrucao,svyglm+regTermTest(LRT),131.11873757441458,"1, 100",1.560396323551624e-272,***,1.96494351854649e-272,***,145
Proporcao_Ocupados_Escolarizados,Ocupados com Ensino Médio Completo ou Mais,Micro_2253020,Micro 2253020,Instrucao_agregado,Grau de Instrução (dicotomizado),Instrucao,svyglm+regTermTest(LRT),104.1920567660484,"1, 94",2.238097773285444e-265,***,2.717690153275182e-265,***,121
Desalentados_Forca_Ampliada,Desalentados na Força de Trabalho Ampliada,Micro_2210013,Micro 2210013,Instrucao_agregado,Grau de Instrução (dicotomizado),Instrucao,svyglm+regTermTest(LRT),0.904922475885776,"1, 145",5.599942626765147e-260,***,9.519902465500749e-259,***,410
Taxa_Subocupacao,Subocupação por Insuficiência de Horas,Micro_2210013,Micro 2210013,Raca,Cor ou Raça,Raca,svyglm+regTermTest(LRT),2.05955531994762,"2, 120",7.009969233495606e-249,***,1.051495385024341e-247,***,210
Desalentados_Fora_Forca,Desalentados Fora da Força de Trabalho,Micro_2253012,Micro 2253012,Instrucao_agregado,Grau de Instrução (dicotomizado),Instrucao,svyglm+regTermTest(LRT),1.4621086495877993,"1, 104",1.0061839526605168e-230,***,3.521643834311809e-229,***,169
Taxa_Subocupacao,Subocupação por Insuficiência de Horas,Micro_2210013,Micro 2210013,Instrucao_agregado,Grau de Instrução (dicotomizado),Instrucao,svyglm+regTermTest(LRT),0.3441374139191602,"1, 120",1.574519562672063e-215,***,2.8341352128097134e-214,***,210
Proporcao_Ocupados_Escolarizados,Ocupados com Ensino Médio Completo ou Mais,Micro_2254020,Micro 2254020,Instrucao_agregado,Grau de Instrução (dicotomizado),Instrucao,svyglm+regTermTest(LRT),100.96416657149034,"1, 75",3.002529762153125e-213,***,3.520207307351939e-213,***,126
Taxa_Subocupacao,Subocupação por Insuficiência de Horas,Micro_2210020,Micro 2210020,Raca,Cor ou Raça,Raca,svyglm+regTermTest(LRT),2.6351547763996166,"2, 107",1.7878706131109356e-205,***,1.7878706131109355e-204,***,163
Desalentados_Fora_Forca,Desalentados Fora da Força de Trabalho,Micro_2253012,Micro 2253012,Sexo,Sexo,Sexo,svyglm+regTermTest(LRT),0.7177024524209941,"1, 104",1.9765224852823913e-203,***,6.522524201431891e-202,***,169
Desalentados_Fora_Forca,Desalentados Fora da Força de Trabalho,Micro_2253012,Micro 2253012,Raca,Cor ou Raça,Raca,svyglm+regTermTest(LRT),0.5492037881123046,"2, 104",6.992847051051033e-203,***,1.6083548217417377e-201,***,169
Desalentados_Fora_Forca,Desalentados Fora da Força de Trabalho,Micro_2210013,Micro 2210013,Sexo,Sexo,Sexo,svyglm+regTermTest(LRT),1.1203664029671163,"1, 86",4.673628706775785e-187,***,7.711487366180045e-186,***,132
Desalentados_Fora_Forca,Desalentados Fora da Força de Trabalho,Micro_2210013,Micro 2210013,Instrucao_agregado,Grau de Instrução (dicotomizado),Instrucao,svyglm+regTermTest(LRT),0.9840925230691652,"1, 86",5.313596337158411e-167,***,9.298793590027219e-166,***,132
Taxa_Nem_Nem,Taxa de Nem-Nem (14 a 29 anos),Micro_2210013,Micro 2210013,Instrucao_agregado,Grau de Instrução (dicotomizado),Instrucao,svyglm+regTermTest(LRT),3.815550157693949,"1, 60",2.8066282375972063e-126,***,9.823198831590222e-125,***,81
Proporcao_Ocupados_Escolarizados,Ocupados com Ensino Médio Completo ou Mais,Micro_2252021,Micro 2252021,Instrucao_agregado,Grau de Instrução (dicotomizado),Instrucao,svyglm+regTermTest(LRT),39.17271035643677,"1, 34",8.863389513316255e-103,***,1.0045174781758423e-102,***,55
Proporcao_Ocupados_Escolarizados,Ocupados com Ensino Médio Completo ou Mais,Micro_2251021,Micro 2251021,Instrucao_agregado,Grau de Instrução (dicotomizado),Instrucao,svyglm+regTermTest(LRT),53.5475968053581,"1, 38",9.488114787370237e-94,***,1.040631944421252e-93,***,54
Taxa_Desocupacao,Taxa de Desocupação,Micro_2252021,Micro 2252021,Instrucao_agregado,Grau de Instrução (dicotomizado),Instrucao,svyglm+regTermTest(LRT),5.745088655995286,"1, 35",1.0953727668817541e-92,***,3.83380468408614e-91,***,57
Proporcao_Ocupados_Escolarizados,Ocupados com Ensino Médio Completo ou Mais,Micro_2253010,Micro 2253010,Instrucao_agregado,Grau de Instrução (dicotomizado),Instrucao,svyglm+regTermTest(LRT),66.96245956624396,"1, 38",1.9460877657777573e-92,***,2.0677182511388672e-92,***,63
Taxa_Subocupacao,Subocupação por Insuficiência de Horas,Micro_2252021,Micro 2252021,Sexo,Sexo,Sexo,svyglm+regTermTest(LRT),5.044885648571508,"1, 34",2.2531215405123883e-88,***,7.885925391793359e-87,***,55
Conribuintes_Desocupados,Responsáveis ou Cônjuges Desocupados,Micro_2220020,Micro 2220020,Instrucao_agregado,Grau de Instrução (dicotomizado),Instrucao,svyglm+regTermTest(LRT),14.56794588083843,"1, 32",2.203937388561101e-87,***,6.832205904539414e-86,***,39
Proporcao_Ocupados_Escolarizados,Ocupados com Ensino Médio Completo ou Mais,Micro_2251022,Micro 2251022,Instrucao_agregado,Grau de Instrução (dicotomizado),Instrucao,svyglm+regTermTest(LRT),45.24407591018294,"1, 31",2.8649940747227593e-78,***,2.9518120769870853e-78,***,41
Chefes_Familia_Desocupados,Pessoas Responsáveis pelo Domicílio Desocupadas,Micro_2210030,Micro 2210030,Raca,Cor ou Raça,Raca,svyglm+regTermTest(LRT),4.61755136006024,"2, 30",4.360362925078188e-77,***,1.351712506774238e-75,***,37
Conribuintes_Desocupados,Responsáveis ou Cônjuges Desocupados,Micro_2251020,Micro 2251020,Faixa_Etaria_trabalho,Faixa Etária,Faixa_Etaria_trabalho,svyglm+regTermTest(LRT),17.142363713448177,"1, 23",6.088595828313669e-64,***,1.522148957078417e-62,***,25
Taxa_Desocupacao,Taxa de Desocupação,Micro_2253022,Micro 2253022,Instrucao_agregado,Grau de Instrução (dicotomizado),Instrucao,svyglm+regTermTest(LRT),7.461235824299227,"1, 21",2.1953233779654166e-62,***,3.8418159114394786e-61,***,34
Taxa_Subocupacao,Subocupação por Insuficiência de Horas,Micro_2253022,Micro 2253022,Sexo,Sexo,Sexo,svyglm+regTermTest(LRT),3.126964177914445,"1, 21",2.60930335611994e-56,***,4.5662808732098945e-55,***,31
Proporcao_Ocupados_Escolarizados,Ocupados com Ensino Médio Completo ou Mais,Micro_2253022,Micro 2253022,Instrucao_agregado,Grau de Instrução (dicotomizado),Instrucao,svyglm+regTermTest(LRT),26.554927963590465,"1, 21",1.5937063657054158e-55,***,1.5937063657054158e-55,***,31
Chefes_Familia_Desocupados,Pessoas Responsáveis pelo Domicílio Desocupadas,Micro_2252020,Micro 2252020,Instrucao_agregado,Grau de Instrução (dicotomizado),Instrucao,svyglm+regTermTest(LRT),8.800406906060719,"1, 18",3.81565068452792e-54,***,1.144695205358376e-52,***,20
Taxa_Subocupacao,Subocupação por Insuficiência de Horas,Micro_2252022,Micro 2252022,Faixa_Etaria_trabalho,Faixa Etária,Faixa_Etaria_trabalho,svyglm+regTermTest(LRT),2.9512668702009295,"1, 16",4.924527906300364e-52,***,1.4773583718901094e-50,***,21
Conribuintes_Desocupados,Responsáveis ou Cônjuges Desocupados,Micro_2253012,Micro 2253012,Instrucao_agregado,Grau de Instrução (dicotomizado),Instrucao,svyglm+regTermTest(LRT),8.26021302797518,"1, 18",8.972403973652665e-52,***,1.390722615916163e-50,***,21
Taxa_Nem_Nem,Taxa de Nem-Nem (14 a 29 anos),Micro_2252021,Micro 2252021,Sexo,Sexo,Sexo,svyglm+regTermTest(LRT),5.5545559225796275,"1, 18",6.171499800591026e-51,***,2.2217399282127687e-49,***,24
Taxa_Desocupacao,Taxa de Desocupação,Micro_2252022,Micro 2252022,Sexo,Sexo,Sexo,svyglm+regTermTest(LRT),1.799314480511642,"1, 17",1.34570206224991e-50,***,4.709957217874685e-49,***,22
Taxa_Desocupacao,Taxa de Desocupação,Micro_2252022,Micro 2252022,Raca,Cor ou Raça,Raca,svyglm+regTermTest(LRT),0.5425152528574468,"2, 17",1.2887269806568678e-48,***,3.8661809419706037e-47,***,22
Taxa_Subocupacao,Subocupação por Insuficiência de Horas,Micro_2252022,Micro 2252022,Sexo,Sexo,Sexo,svyglm+regTermTest(LRT),2.551985824191621,"1, 16",2.0820641790375082e-47,***,2.4290748755437597e-46,***,21
Taxa_Subocupacao,Subocupação por Insuficiência de Horas,Micro_2252022,Micro 2252022,Instrucao_agregado,Grau de Instrução (dicotomizado),Instrucao,svyglm+regTermTest(LRT),2.1295518676229603,"1, 16",3.9159102371715607e-47,***,4.699092284605873e-46,***,21
Taxa_Desocupacao,Taxa de Desocupação,Micro_2252022,Micro 2252022,Instrucao_agregado,Grau de Instrução (dicotomizado),Instrucao,svyglm+regTermTest(LRT),1.5148259940704891,"1, 17",1.5025660606891662e-46,***,1.7529937374706938e-45,***,22
Taxa_Nem_Nem,Taxa de Nem-Nem (14 a 29 anos),Micro_2252021,Micro 2252021,Instrucao_agregado,Grau de Instrução (dicotomizado),Instrucao,svyglm+regTermTest(LRT),3.343369582610574,"1, 18",3.935741163624065e-45,***,6.887547036342112e-44,***,24
Taxa_Informalidade,Taxa de Informalidade,"Admin_Resto da UF  (Unidade da Federação, excluindo a região metropolitana e a RIDE)","Resto da UF  (Unidade da Federação, excluindo a região metropolitana e a RIDE)",Instrucao_agregado,Grau de Instrução (dicotomizado),Instrucao,svyglm+regTermTest(LRT),454.4685780584296,"1, 199",6.441928773357907e-44,***,2.2546750706752674e-42,***,2543
Chefes_Familia_Desocupados,Pessoas Responsáveis pelo Domicílio Desocupadas,Micro_2253020,Micro 2253020,Faixa_Etaria_trabalho,Faixa Etária,Faixa_Etaria_trabalho,svyglm+regTermTest(LRT),9.234655003405384,"1, 18",4.064734512846039e-42,***,1.0568309733399703e-40,***,21
Conribuintes_Desocupados,Responsáveis ou Cônjuges Desocupados,Micro_2253020,Micro 2253020,Faixa_Etaria_trabalho,Faixa Etária,Faixa_Etaria_trabalho,svyglm+regTermTest(LRT),15.598930350253877,"1, 18",1.961353651308532e-41,***,2.4516920641356652e-40,***,21
Conribuintes_Desocupados,Responsáveis ou Cônjuges Desocupados,Micro_2251013,Micro 2251013,Faixa_Etaria_trabalho,Faixa Etária,Faixa_Etaria_trabalho,svyglm+regTermTest(LRT),6.816433732975941,"1, 14",4.29488564032051e-41,***,3.579071366933759e-40,***,17
Conribuintes_Desocupados,Responsáveis ou Cônjuges Desocupados,Micro_2253011,Micro 2253011,Instrucao_agregado,Grau de Instrução (dicotomizado),Instrucao,svyglm+regTermTest(LRT),4.2257226382000255,"1, 14",1.7221919831473064e-40,***,1.7795983825855504e-39,***,15
Conribuintes_Desocupados,Responsáveis ou Cônjuges Desocupados,Micro_2251013,Micro 2251013,Instrucao_agregado,Grau de Instrução (dicotomizado),Instrucao,svyglm+regTermTest(LRT),3.540478949973206,"1, 14",4.053364670514411e-40,***,3.1413576196486676e-39,***,17
Taxa_Desocupacao,Taxa de Desocupação,Micro_2252022,Micro 2252022,Faixa_Etaria_trabalho,Faixa Etária,Faixa_Etaria_trabalho,svyglm+regTermTest(LRT),2.0612577277035316,"1, 17",3.245709748611555e-39,***,1.1035413145279288e-37,***,22
Taxa_Informalidade,Taxa de Informalidade,Zona_Urbana,Zona Urbana,Instrucao,Grau de Instrução (detalhado),VD3004,svyglm+regTermTest(LRT),587.1980258753747,"6, 199",3.384383145433582e-39,***,8.460957863583954e-38,***,3692
Chefes_Familia_Desocupados,Pessoas Responsáveis pelo Domicílio Desocupadas,Micro_2210012,Micro 2210012,Raca,Cor ou Raça,Raca,svyglm+regTermTest(LRT),2.3048875935025084,"2, 13",6.128601180997202e-38,***,9.499331830545662e-37,***,15
Conribuintes_Desocupados,Responsáveis ou Cônjuges Desocupados,Micro_2210012,Micro 2210012,Raca,Cor ou Raça,Raca,svyglm+regTermTest(LRT),2.3048875935025084,"2, 13",6.128601180997202e-38,***,1.7772943424891884e-36,***,15
Conribuintes_Desocupados,Responsáveis ou Cônjuges Desocupados,Micro_2253011,Micro 2253011,Faixa_Etaria_trabalho,Faixa Etária,Faixa_Etaria_trabalho,svyglm+regTermTest(LRT),9.562114146075878,"1, 14",7.193605157160134e-38,***,4.4960032232250835e-37,***,15
Conribuintes_Desocupados,Responsáveis ou Cônjuges Desocupados,Micro_2210020,Micro 2210020,Instrucao_agregado,Grau de Instrução (dicotomizado),Instrucao,svyglm+regTermTest(LRT),5.797398402072524,"1, 16",8.449881291391899e-38,***,5.238926400662977e-37,***,19
Taxa_Informalidade,Taxa de Informalidade,Zona_Urbana,Zona Urbana,Instrucao_agregado,Grau de Instrução (dicotomizado),Instrucao,svyglm+regTermTest(LRT),395.22115055868744,"1, 199",1.597422874554146e-37,***,2.7954900304697554e-36,***,3692
Chefes_Familia_Desocupados,Pessoas Responsáveis pelo Domicílio Desocupadas,Micro_2210020,Micro 2210020,Instrucao_agregado,Grau de Instrução (dicotomizado),Instrucao,svyglm+regTermTest(LRT),9.81585136489303,"1, 16",2.955993152135469e-36,***,4.433989728203204e-35,***,19
Chefes_Familia_Desocupados,Pessoas Responsáveis pelo Domicílio Desocupadas,Micro_2251011,Micro 2251011,Raca,Cor ou Raça,Raca,svyglm+regTermTest(LRT),5.806796580278199,"2, 11",3.189523424604248e-34,***,3.2958408720910565e-33,***,12
Conribuintes_Desocupados,Responsáveis ou Cônjuges Desocupados,Micro_2251012,Micro 2251012,Instrucao_agregado,Grau de Instrução (dicotomizado),Instrucao,svyglm+regTermTest(LRT),5.906344392577882,"1, 11",3.3470171969319327e-34,***,1.7292922184148318e-33,***,15
Chefes_Familia_Desocupados,Pessoas Responsáveis pelo Domicílio Desocupadas,Micro_2252013,Micro 2252013,Sexo,Sexo,Sexo,svyglm+regTermTest(LRT),4.783322804646385,"1, 11",3.854958796311706e-33,***,1.1179380509303947e-31,***,12
Chefes_Familia_Desocupados,Pessoas Responsáveis pelo Domicílio Desocupadas,Micro_2252013,Micro 2252013,Instrucao_agregado,Grau de Instrução (dicotomizado),Instrucao,svyglm+regTermTest(LRT),2.023408062041426,"1, 11",1.6767207440525322e-32,***,1.6767207440525324e-31,***,12
Taxa_Informalidade,Taxa de Informalidade,Agreg_Baixo Parnaíba do Piauí,Baixo Parnaíba do Piauí,Instrucao_agregado,Grau de Instrução (dicotomizado),Instrucao,svyglm+regTermTest(LRT),188.53370223301113,"1, 199",1.86260089426231e-32,***,2.1730343766393615e-31,***,919
Chefes_Familia_Desocupados,Pessoas Responsáveis pelo Domicílio Desocupadas,Micro_2252013,Micro 2252013,Raca,Cor ou Raça,Raca,svyglm+regTermTest(LRT),1.759892406460363,"1, 11",3.605911381910687e-32,***,2.7945813209807823e-31,***,12
Conribuintes_Desocupados,Responsáveis ou Cônjuges Desocupados,Micro_2252013,Micro 2252013,Instrucao_agregado,Grau de Instrução (dicotomizado),Instrucao,svyglm+regTermTest(LRT),2.619538673028297,"1, 11",2.500150974801671e-31,***,1.1072097174121686e-30,***,12
Conribuintes_Desocupados,Responsáveis ou Cônjuges Desocupados,Micro_2251011,Micro 2251011,Raca,Cor ou Raça,Raca,svyglm+regTermTest(LRT),4.603544457205405,"2, 11",2.6721257719547867e-31,***,3.874582369334441e-30,***,12
Taxa_Informalidade,Taxa de Informalidade,Zona_Rural,Zona Rural,Instrucao_agregado,Grau de Instrução (dicotomizado),Instrucao,svyglm+regTermTest(LRT),198.5064234538952,"1, 199",1.8294600548349684e-30,***,1.6007775479805974e-29,***,1269
Conribuintes_Desocupados,Responsáveis ou Cônjuges Desocupados,Micro_2252013,Micro 2252013,Raca,Cor ou Raça,Raca,svyglm+regTermTest(LRT),2.275225596395897,"1, 11",4.3891727919921114e-30,***,4.2428670322590406e-29,***,12
Conribuintes_Desocupados,Responsáveis ou Cônjuges Desocupados,Micro_2252011,Micro 2252011,Instrucao_agregado,Grau de Instrução (dicotomizado),Instrucao,svyglm+regTermTest(LRT),5.267007682001104,"1, 11",1.332840638063105e-29,***,5.164757472494534e-29,***,13
Percentual_Subremuneracao,Subremuneração (abaixo do salário-mínimo/hora),Zona_Urbana,Zona Urbana,Instrucao,Grau de Instrução (detalhado),VD3004,svyglm+regTermTest(LRT),522.3900017145579,"6, 199",3.5100954738557107e-29,***,7.722210042482563e-28,***,8516
Chefes_Familia_Desocupados,Pessoas Responsáveis pelo Domicílio Desocupadas,Micro_2251011,Micro 2251011,Faixa_Etaria_trabalho,Faixa Etária,Faixa_Etaria_trabalho,svyglm+regTermTest(LRT),4.387282098552651,"1, 11",5.536463919793887e-29,***,7.197403095732053e-28,***,12
Conribuintes_Desocupados,Responsáveis ou Cônjuges Desocupados,Micro_2252013,Micro 2252013,Faixa_Etaria_trabalho,Faixa Etária,Faixa_Etaria_trabalho,svyglm+regTermTest(LRT),11.242035036535974,"1, 11",1.7063509025225595e-28,***,8.531754512612798e-28,***,12
Chefes_Familia_Desocupados,Pessoas Responsáveis pelo Domicílio Desocupadas,Micro_2252013,Micro 2252013,Faixa_Etaria_trabalho,Faixa Etária,Faixa_Etaria_trabalho,svyglm+regTermTest(LRT),8.193239357537108,"1, 11",3.8064748520692733e-28,***,3.29894487179337e-27,***,12
Conribuintes_Desocupados,Responsáveis ou Cônjuges Desocupados,Micro_2252011,Micro 2252011,Faixa_Etaria_trabalho,Faixa Etária,Faixa_Etaria_trabalho,svyglm+regTermTest(LRT),6.630256428137031,"1, 11",4.329120381148419e-28,***,1.8038001588118412e-27,***,13
Percentual_Subremuneracao,Subremuneração (abaixo do salário-mínimo/hora),"Admin_Resto da UF  (Unidade da Federação, excluindo a região metropolitana e a RIDE)","Resto da UF  (Unidade da Federação, excluindo a região metropolitana e a RIDE)",Instrucao_agregado,Grau de Instrução (dicotomizado),Instrucao,svyglm+regTermTest(LRT),206.50143861195968,"1, 199",6.515939090613776e-28,***,2.3457380726209591e-26,***,7268
Proporcao_Ocupados_Escolarizados,Ocupados com Ensino Médio Completo ou Mais,"Admin_Resto da UF  (Unidade da Federação, excluindo a região metropolitana e a RIDE)","Resto da UF  (Unidade da Federação, excluindo a região metropolitana e a RIDE)",Sexo,Sexo,Sexo,svyglm+regTermTest(LRT),182.83172474430648,"1, 199",4.636899893114791e-27,***,1.6692839615213246e-25,***,2543
Rendimento_Medio_Habitual,Rendimento Médio Habitual,Zona_Urbana,Zona Urbana,Instrucao,Grau de Instrução (detalhado),VD3004,svyglm+regTermTest(LRT),10988644040.682724,"6, 199",1.1805461871113256e-26,***,3.187474705200579e-25,***,8516
Chefes_Familia_Desocupados,Pessoas Responsáveis pelo Domicílio Desocupadas,Micro_2210013,Micro 2210013,Raca,Cor ou Raça,Raca,svyglm+regTermTest(LRT),1.8411560425908249,"2, 9",2.6184941340139277e-26,***,1.6234663630886349e-25,***,11
Conribuintes_Desocupados,Responsáveis ou Cônjuges Desocupados,Micro_2254020,Micro 2254020,Sexo,Sexo,Sexo,svyglm+regTermTest(LRT),0.9727142160722836,"1, 9",3.757002557158666e-26,***,1.1646707927191864e-24,***,10
Chefes_Familia_Desocupados,Pessoas Responsáveis pelo Domicílio Desocupadas,Micro_2210013,Micro 2210013,Faixa_Etaria_trabalho,Faixa Etária,Faixa_Etaria_trabalho,svyglm+regTermTest(LRT),2.96332236071032,"1, 9",4.863444341117079e-26,***,3.1612388217261014e-25,***,11
Rendimento_Medio_Habitual,Rendimento Médio Habitual,Zona_Urbana,Zona Urbana,Instrucao_agregado,Grau de Instrução (dicotomizado),Instrucao,svyglm+regTermTest(LRT),2450643777.5131454,"1, 199",8.377701809882562e-25,***,3.015972651557722e-23,***,8516
Chefes_Familia_Desocupados,Pessoas Responsáveis pelo Domicílio Desocupadas,Micro_2254020,Micro 2254020,Instrucao_agregado,Grau de Instrução (dicotomizado),Instrucao,svyglm+regTermTest(LRT),0.5365408444482593,"1, 9",1.0950741010073003e-24,***,8.213055757554751e-24,***,10
Percentual_Subremuneracao,Subremuneração (abaixo do salário-mínimo/hora),"Admin_Resto da UF  (Unidade da Federação, excluindo a região metropolitana e a RIDE)","Resto da UF  (Unidade da Federação, excluindo a região metropolitana e a RIDE)",Instrucao,Grau de Instrução (detalhado),VD3004,svyglm+regTermTest(LRT),399.73984615539257,"6, 199",1.367451448541422e-24,***,1.504196593395564e-23,***,7268
Chefes_Familia_Desocupados,Pessoas Responsáveis pelo Domicílio Desocupadas,Micro_2210013,Micro 2210013,Sexo,Sexo,Sexo,svyglm+regTermTest(LRT),5.7590654233767715,"1, 9",1.7030750800669062e-24,***,1.799404678933876e-23,***,11
Chefes_Familia_Desocupados,Pessoas Responsáveis pelo Domicílio Desocupadas,Micro_2254020,Micro 2254020,Sexo,Sexo,Sexo,svyglm+regTermTest(LRT),0.3878691735376574,"1, 9",1.8614531161384928e-24,***,1.799404678933876e-23,***,10
Proporcao_Ocupados_Escolarizados,Ocupados com Ensino Médio Completo ou Mais,Zona_Urbana,Zona Urbana,Sexo,Sexo,Sexo,svyglm+regTermTest(LRT),130.19377516664915,"1, 199",1.1983627268275347e-23,***,2.1570529082895627e-22,***,3692
Conribuintes_Desocupados,Responsáveis ou Cônjuges Desocupados,Zona_Urbana,Zona Urbana,Faixa_Etaria_trabalho,Faixa Etária,Faixa_Etaria_trabalho,svyglm+regTermTest(LRT),84.73642333849256,"2, 199",4.4292380873967353e-23,***,1.5818707454988338e-22,***,305
Rendimento_Medio_Habitual,Rendimento Médio Habitual,Agreg_Baixo Parnaíba do Piauí,Baixo Parnaíba do Piauí,Instrucao_agregado,Grau de Instrução (dicotomizado),Instrucao,svyglm+regTermTest(LRT),318350691.16659117,"1, 199",5.170171766746979e-23,***,9.306309180144562e-22,***,2584
Rendimento_Medio_Habitual,Rendimento Médio Habitual,"Admin_Resto da UF  (Unidade da Federação, excluindo a região metropolitana e a RIDE)","Resto da UF  (Unidade da Federação, excluindo a região metropolitana e a RIDE)",Instrucao_agregado,Grau de Instrução (dicotomizado),Instrucao,svyglm+regTermTest(LRT),1240513468.4958591,"1, 199",9.371023865093509e-23,***,1.124522863811221e-21,***,7268
Conribuintes_Desocupados,Responsáveis ou Cônjuges Desocupados,Micro_2210013,Micro 2210013,Faixa_Etaria_trabalho,Faixa Etária,Faixa_Etaria_trabalho,svyglm+regTermTest(LRT),8.977562452062717,"1, 9",2.2922815997115443e-22,***,7.163379999098576e-22,***,11
Conribuintes_Desocupados,Responsáveis ou Cônjuges Desocupados,Micro_2210013,Micro 2210013,Sexo,Sexo,Sexo,svyglm+regTermTest(LRT),9.54617349993567,"1, 9",3.1342719224854557e-22,***,4.858121479852457e-21,***,11
Rendimento_Formal,Rendimento Médio — Setor Formal,Zona_Urbana,Zona Urbana,Instrucao,Grau de Instrução (detalhado),VD3004,svyglm+regTermTest(LRT),7012569911.068306,"6, 199",1.5724028474800059e-21,***,9.434417084880035e-21,***,6899
Percentual_Subremuneracao,Subremuneração (abaixo do salário-mínimo/hora),Admin_Capital,Capital,Instrucao,Grau de Instrução (detalhado),VD3004,svyglm+regTermTest(LRT),310.736058862597,"6, 199",3.169581077427321e-21,***,1.7432695925850262e-20,***,4334
Percentual_Subremuneracao,Subremuneração (abaixo do salário-mínimo/hora),Agreg_Teresina,Teresina,Instrucao,Grau de Instrução (detalhado),VD3004,svyglm+regTermTest(LRT),310.736058862597,"6, 199",3.169581077427321e-21,***,1.7432695925850262e-20,***,4334
Percentual_Subremuneracao,Subremuneração (abaixo do salário-mínimo/hora),Zona_Urbana,Zona Urbana,Instrucao_agregado,Grau de Instrução (dicotomizado),Instrucao,svyglm+regTermTest(LRT),161.006991399423,"1, 199",8.447816640823007e-21,***,1.5206069953481413e-19,***,8516
Conribuintes_Desocupados,Responsáveis ou Cônjuges Desocupados,Micro_2254020,Micro 2254020,Instrucao_agregado,Grau de Instrução (dicotomizado),Instrucao,svyglm+regTermTest(LRT),1.668530562568355,"1, 9",2.9753418398334276e-20,***,1.0248399670537364e-19,***,10
Proporcao_Ocupados_Escolarizados,Ocupados com Ensino Médio Completo ou Mais,Zona_Rural,Zona Rural,Sexo,Sexo,Sexo,svyglm+regTermTest(LRT),113.51542837761804,"1, 199",8.564464712351982e-20,***,1.0277357654822379e-18,***,1269
Rendimento_Medio_Habitual,Rendimento Médio Habitual,"Admin_Resto da UF  (Unidade da Federação, excluindo a região metropolitana e a RIDE)","Resto da UF  (Unidade da Federação, excluindo a região metropolitana e a RIDE)",Instrucao,Grau de Instrução (detalhado),VD3004,svyglm+regTermTest(LRT),3492100218.234827,"6, 199",7.211112849893971e-19,***,9.73500234735686e-18,***,7268
Taxa_Desocupacao,Taxa de Desocupação,Micro_2252021,Micro 2252021,Faixa_Etaria_trabalho,Faixa Etária,Faixa_Etaria_trabalho,svyglm+regTermTest(LRT),1.4454266210708688,"2, 35",1.5341063331836751e-18,***,2.6079807664122478e-17,***,57
Conribuintes_Desocupados,Responsáveis ou Cônjuges Desocupados,"Admin_Resto da UF  (Unidade da Federação, excluindo a região metropolitana e a RIDE)","Resto da UF  (Unidade da Federação, excluindo a região metropolitana e a RIDE)",Faixa_Etaria_trabalho,Faixa Etária,Faixa_Etaria_trabalho,svyglm+regTermTest(LRT),82.08486898784949,"2, 199",2.7551269279396787e-18,***,7.653130355387997e-18,***,219
Percentual_Subremuneracao,Subremuneração (abaixo do salário-mínimo/hora),Zona_Rural,Zona Rural,Instrucao_agregado,Grau de Instrução (dicotomizado),Instrucao,svyglm+regTermTest(LRT),126.5365476875602,"1, 199",3.0640317652932865e-18,***,3.676838118351944e-17,***,4410
Desalentados_Forca_Ampliada,Desalentados na Força de Trabalho Ampliada,Micro_2252022,Micro 2252022,Faixa_Etaria_trabalho,Faixa Etária,Faixa_Etaria_trabalho,svyglm+regTermTest(LRT),2.158742172022741,"2, 39",7.349551432899838e-18,***,2.425351972856946e-16,***,110
Motivo_Nao_Inicio_NemNem,Motivo de Não Iniciar Trabalho (Nem-Nem),Zona_Rural,Zona Rural,Sexo,Sexo,Sexo,svychisq,22.196079485933915,"3.90768976671945, 777.630263577171",4.790095233967818e-17,***,6.7061333275549455e-16,***,287
Proporcao_Ocupados_Escolarizados,Ocupados com Ensino Médio Completo ou Mais,"Admin_Resto da UF  (Unidade da Federação, excluindo a região metropolitana e a RIDE)","Resto da UF  (Unidade da Federação, excluindo a região metropolitana e a RIDE)",Faixa_Etaria_trabalho,Faixa Etária,Faixa_Etaria_trabalho,svyglm+regTermTest(LRT),130.5564063871484,"2, 199",7.011131258096743e-17,***,2.383784627752893e-15,***,2543
Desalentados_Fora_Forca,Desalentados Fora da Força de Trabalho,"Admin_Resto da UF  (Unidade da Federação, excluindo a região metropolitana e a RIDE)","Resto da UF  (Unidade da Federação, excluindo a região metropolitana e a RIDE)",Faixa_Etaria_trabalho,Faixa Etária,Faixa_Etaria_trabalho,svyglm+regTermTest(LRT),127.30404173783654,"2, 199",7.685976050803092e-17,***,2.45951233625699e-15,***,3158
Chefes_Familia_Desocupados,Pessoas Responsáveis pelo Domicílio Desocupadas,Micro_2252012,Micro 2252012,Faixa_Etaria_trabalho,Faixa Etária,Faixa_Etaria_trabalho,svyglm+regTermTest(LRT),3.882091903728068,"1, 6",1.8421606328129776e-16,***,9.579235290627486e-16,***,8
Taxa_Informalidade,Taxa de Informalidade,Admin_Capital,Capital,Instrucao,Grau de Instrução (detalhado),VD3004,svyglm+regTermTest(LRT),149.85064194216966,"6, 199",2.915828116925388e-16,***,2.4298567641044904e-15,***,1964
Taxa_Informalidade,Taxa de Informalidade,Agreg_Teresina,Teresina,Instrucao,Grau de Instrução (detalhado),VD3004,svyglm+regTermTest(LRT),149.85064194216966,"6, 199",2.915828116925388e-16,***,2.4298567641044904e-15,***,1964
Chefes_Familia_Desocupados,Pessoas Responsáveis pelo Domicílio Desocupadas,Micro_2253021,Micro 2253021,Faixa_Etaria_trabalho,Faixa Etária,Faixa_Etaria_trabalho,svyglm+regTermTest(LRT),0.6405314416281227,"1, 5",5.537760179905644e-16,***,2.3996960779591118e-15,***,6
Conribuintes_Desocupados,Responsáveis ou Cônjuges Desocupados,Micro_2253021,Micro 2253021,Faixa_Etaria_trabalho,Faixa Etária,Faixa_Etaria_trabalho,svyglm+regTermTest(LRT),0.6405314416281227,"1, 5",5.537760179905644e-16,***,1.3844400449764113e-15,***,6
Taxa_Informalidade,Taxa de Informalidade,Agreg_Centro-Leste do Piauí,Centro-Leste do Piauí,Instrucao_agregado,Grau de Instrução (dicotomizado),Instrucao,svyglm+regTermTest(LRT),111.98609849221543,"1, 199",7.151229617424794e-16,***,5.005860732197356e-15,***,881
Desalentados_Fora_Forca,Desalentados Fora da Força de Trabalho,Micro_2252022,Micro 2252022,Raca,Cor ou Raça,Raca,svyglm+regTermTest(LRT),0.8324058541795303,"2, 33",7.68990155634228e-16,***,8.84338678979362e-15,***,67
Conribuintes_Desocupados,Responsáveis ou Cônjuges Desocupados,Micro_2253010,Micro 2253010,Raca,Cor ou Raça,Raca,svyglm+regTermTest(LRT),0.9550212928878974,"1, 5",8.911032521090323e-16,***,6.460498577790485e-15,***,6
Conribuintes_Desocupados,Responsáveis ou Cônjuges Desocupados,Micro_2253010,Micro 2253010,Instrucao_agregado,Grau de Instrução (dicotomizado),Instrucao,svyglm+regTermTest(LRT),0.9550212928878964,"1, 5",8.911032588844318e-16,***,2.7624201025417386e-15,***,6
Taxa_Informalidade,Taxa de Informalidade,Micro_2252020,Micro 2252020,Instrucao_agregado,Grau de Instrução (dicotomizado),Instrucao,svyglm+regTermTest(LRT),39.53474988260396,"1, 166",8.921323265985875e-16,***,5.2041052384917604e-15,***,241
Rendimento_Medio_Habitual,Rendimento Médio Habitual,Admin_Capital,Capital,Instrucao,Grau de Instrução (detalhado),VD3004,svyglm+regTermTest(LRT),9318688336.222595,"6, 199",1.1027525874937001e-15,***,7.443579965582474e-15,***,4334
Rendimento_Medio_Habitual,Rendimento Médio Habitual,Agreg_Teresina,Teresina,Instrucao,Grau de Instrução (detalhado),VD3004,svyglm+regTermTest(LRT),9318688336.222595,"6, 199",1.1027525874937001e-15,***,7.443579965582474e-15,***,4334
Chefes_Familia_Desocupados,Pessoas Responsáveis pelo Domicílio Desocupadas,Micro_2253021,Micro 2253021,Raca,Cor ou Raça,Raca,svyglm+regTermTest(LRT),0.4375904684674348,"1, 5",1.2870139727158265e-15,***,6.649572192365104e-15,***,6
Conribuintes_Desocupados,Responsáveis ou Cônjuges Desocupados,Micro_2253021,Micro 2253021,Raca,Cor ou Raça,Raca,svyglm+regTermTest(LRT),0.4375904684674348,"1, 5",1.2870139727158265e-15,***,7.464681041751794e-15,***,6
Conribuintes_Desocupados,Responsáveis ou Cônjuges Desocupados,Micro_2252012,Micro 2252012,Sexo,Sexo,Sexo,svyglm+regTermTest(LRT),5.911518815817203,"1, 6",3.1123698811345012e-15,***,3.2161155438389846e-14,***,8
Taxa_Informalidade,Taxa de Informalidade,Admin_Capital,Capital,Instrucao_agregado,Grau de Instrução (dicotomizado),Instrucao,svyglm+regTermTest(LRT),84.19548182442986,"1, 199",4.192392402777368e-15,***,1.8341716762150985e-14,***,1964
Taxa_Informalidade,Taxa de Informalidade,Agreg_Teresina,Teresina,Instrucao_agregado,Grau de Instrução (dicotomizado),Instrucao,svyglm+regTermTest(LRT),84.19548182442986,"1, 199",4.192392402777368e-15,***,1.8341716762150985e-14,***,1964
Motivo_Nao_Procura_NemNem,Motivo de Não Procurar Trabalho (Nem-Nem),Zona_Rural,Zona Rural,Sexo,Sexo,Sexo,svychisq,18.195398048880943,"4.2544024445115, 846.626086457789",4.468812936357755e-15,***,8.937625872715509e-14,***,287
Desalentados_Fora_Forca,Desalentados Fora da Força de Trabalho,Zona_Rural,Zona Rural,Faixa_Etaria_trabalho,Faixa Etária,Faixa_Etaria_trabalho,svyglm+regTermTest(LRT),117.56389342316491,"2, 199",8.595785949733091e-15,***,1.3753257519572946e-13,***,2144
Percentual_Subremuneracao,Subremuneração (abaixo do salário-mínimo/hora),Agreg_Baixo Parnaíba do Piauí,Baixo Parnaíba do Piauí,Instrucao_agregado,Grau de Instrução (dicotomizado),Instrucao,svyglm+regTermTest(LRT),76.7065904521553,"1, 199",1.9026144582832284e-14,***,1.7123530124549058e-13,***,2584
Proporcao_Ocupados_Escolarizados,Ocupados com Ensino Médio Completo ou Mais,Admin_Capital,Capital,Sexo,Sexo,Sexo,svyglm+regTermTest(LRT),39.795393255813906,"1, 199",4.6756619033394916e-14,***,3.3664765704044337e-13,***,1964
Proporcao_Ocupados_Escolarizados,Ocupados com Ensino Médio Completo ou Mais,Agreg_Teresina,Teresina,Sexo,Sexo,Sexo,svyglm+regTermTest(LRT),39.795393255813906,"1, 199",4.6756619033394916e-14,***,3.3664765704044337e-13,***,1964
Taxa_Informalidade,Taxa de Informalidade,Agreg_Alto Parnaíba e Chapadas Sul do Piauí,Alto Parnaíba e Chapadas Sul do Piauí,Instrucao_agregado,Grau de Instrução (dicotomizado),Instrucao,svyglm+regTermTest(LRT),157.28877185382078,"1, 199",5.3882762170118285e-14,***,2.0954407510601557e-13,***,743
Conribuintes_Desocupados,Responsáveis ou Cônjuges Desocupados,Micro_2253010,Micro 2253010,Sexo,Sexo,Sexo,svyglm+regTermTest(LRT),5.021756576253714,"1, 5",1.0226442811899325e-13,***,7.925493179221975e-13,***,6
Rendimento_Medio_Habitual,Rendimento Médio Habitual,Micro_2252011,Micro 2252011,Instrucao_agregado,Grau de Instrução (dicotomizado),Instrucao,svyglm+regTermTest(LRT),60349342.12488371,"1, 199",1.127153299002563e-13,***,1.0144379691023063e-12,***,566
Rendimento_Formal,Rendimento Médio — Setor Formal,Admin_Capital,Capital,Instrucao,Grau de Instrução (detalhado),VD3004,svyglm+regTermTest(LRT),7253223871.709988,"6, 199",1.4516032037943086e-13,***,4.354809611382926e-13,***,3573
Rendimento_Formal,Rendimento Médio — Setor Formal,Agreg_Teresina,Teresina,Instrucao,Grau de Instrução (detalhado),VD3004,svyglm+regTermTest(LRT),7253223871.709988,"6, 199",1.4516032037943086e-13,***,4.354809611382926e-13,***,3573
Chefes_Familia_Desocupados,Pessoas Responsáveis pelo Domicílio Desocupadas,Micro_2253021,Micro 2253021,Instrucao_agregado,Grau de Instrução (dicotomizado),Instrucao,svyglm+regTermTest(LRT),1.322011424756464,"1, 5",1.699634574503266e-13,***,1.0197807447019594e-12,***,6
Conribuintes_Desocupados,Responsáveis ou Cônjuges Desocupados,Micro_2253021,Micro 2253021,Instrucao_agregado,Grau de Instrução (dicotomizado),Instrucao,svyglm+regTermTest(LRT),1.322011424756464,"1, 5",1.699634574503266e-13,***,4.789879255418294e-13,***,6
Rendimento_Medio_Habitual,Rendimento Médio Habitual,Agreg_Baixo Parnaíba do Piauí,Baixo Parnaíba do Piauí,Instrucao,Grau de Instrução (detalhado),VD3004,svyglm+regTermTest(LRT),824674633.0749109,"6, 199",2.020476376350546e-13,***,1.0910572432292949e-12,***,2584
Conribuintes_Desocupados,Responsáveis ou Cônjuges Desocupados,Admin_Capital,Capital,Faixa_Etaria_trabalho,Faixa Etária,Faixa_Etaria_trabalho,svyglm+regTermTest(LRT),73.18414345835177,"2, 145",3.639898789707283e-13,***,7.583122478556839e-13,***,164
Conribuintes_Desocupados,Responsáveis ou Cônjuges Desocupados,Agreg_Teresina,Teresina,Faixa_Etaria_trabalho,Faixa Etária,Faixa_Etaria_trabalho,svyglm+regTermTest(LRT),73.18414345835177,"2, 145",3.639898789707283e-13,***,7.583122478556839e-13,***,164
Rendimento_Medio_Habitual,Rendimento Médio Habitual,Zona_Rural,Zona Rural,Instrucao,Grau de Instrução (detalhado),VD3004,svyglm+regTermTest(LRT),402752360.7101054,"6, 199",4.64094988137168e-13,***,2.088427446617256e-12,***,4410
Rendimento_Formal,Rendimento Médio — Setor Formal,Zona_Urbana,Zona Urbana,Instrucao_agregado,Grau de Instrução (dicotomizado),Instrucao,svyglm+regTermTest(LRT),709518625.3109589,"1, 199",4.915007934133807e-13,***,1.5728025389228184e-11,***,6899
Rendimento_Medio_Habitual,Rendimento Médio Habitual,Admin_Capital,Capital,Instrucao_agregado,Grau de Instrução (dicotomizado),Instrucao,svyglm+regTermTest(LRT),1353583207.5149612,"1, 199",5.750181664827161e-13,***,3.4501089988962967e-12,***,4334
Rendimento_Medio_Habitual,Rendimento Médio Habitual,Agreg_Teresina,Teresina,Instrucao_agregado,Grau de Instrução (dicotomizado),Instrucao,svyglm+regTermTest(LRT),1353583207.5149612,"1, 199",5.750181664827161e-13,***,3.4501089988962967e-12,***,4334
Taxa_Informalidade,Taxa de Informalidade,Micro_2252012,Micro 2252012,Instrucao_agregado,Grau de Instrução (dicotomizado),Instrucao,svyglm+regTermTest(LRT),45.729492063664,"1, 145",6.244389705812255e-13,***,2.1855363970342893e-12,***,222
Proporcao_Ocupados_Escolarizados,Ocupados com Ensino Médio Completo ou Mais,Zona_Rural,Zona Rural,Faixa_Etaria_trabalho,Faixa Etária,Faixa_Etaria_trabalho,svyglm+regTermTest(LRT),87.44327225894381,"2, 199",1.0166236651537096e-12,***,1.7282602307613064e-11,***,1269
Proporcao_Ocupados_Escolarizados,Ocupados com Ensino Médio Completo ou Mais,Agreg_Baixo Parnaíba do Piauí,Baixo Parnaíba do Piauí,Sexo,Sexo,Sexo,svyglm+regTermTest(LRT),65.84761395702162,"1, 199",1.0539101094358877e-12,***,6.323460656615325e-12,***,919
Chefes_Familia_Desocupados,Pessoas Responsáveis pelo Domicílio Desocupadas,Zona_Urbana,Zona Urbana,Faixa_Etaria_trabalho,Faixa Etária,Faixa_Etaria_trabalho,svyglm+regTermTest(LRT),37.52009613741666,"2, 199",1.176790964232678e-12,***,4.370937867149947e-12,***,305
Proporcao_Ocupados_Escolarizados,Ocupados com Ensino Médio Completo ou Mais,Agreg_Centro-Leste do Piauí,Centro-Leste do Piauí,Sexo,Sexo,Sexo,svyglm+regTermTest(LRT),58.69960778129917,"1, 199",1.7659091943089e-12,***,9.081818713588628e-12,***,881
Rendimento_Medio_Habitual,Rendimento Médio Habitual,Zona_Rural,Zona Rural,Instrucao_agregado,Grau de Instrução (dicotomizado),Instrucao,svyglm+regTermTest(LRT),215547119.93764997,"1, 199",2.776943071784734e-12,***,1.4281421512035772e-11,***,4410
Proporcao_Ocupados_Escolarizados,Ocupados com Ensino Médio Completo ou Mais,Zona_Urbana,Zona Urbana,Faixa_Etaria_trabalho,Faixa Etária,Faixa_Etaria_trabalho,svyglm+regTermTest(LRT),112.1582565706367,"2, 199",4.403746093053249e-12,***,4.990912238793683e-11,***,3692
Rendimento_Informal,Rendimento Médio — Setor Informal,Zona_Urbana,Zona Urbana,Instrucao_agregado,Grau de Instrução (dicotomizado),Instrucao,svyglm+regTermTest(LRT),222547043.10900977,"1, 199",7.78136268919315e-12,***,2.7234769412176023e-10,***,1617
Rendimento_Formal,Rendimento Médio — Setor Formal,"Admin_Resto da UF  (Unidade da Federação, excluindo a região metropolitana e a RIDE)","Resto da UF  (Unidade da Federação, excluindo a região metropolitana e a RIDE)",Instrucao,Grau de Instrução (detalhado),VD3004,svyglm+regTermTest(LRT),1637974571.1964684,"6, 199",1.4654973929794456e-11,***,3.517193743150669e-11,***,5802
Motivo_Nao_Procura_NemNem,Motivo de Não Procurar Trabalho (Nem-Nem),"Admin_Resto da UF  (Unidade da Federação, excluindo a região metropolitana e a RIDE)","Resto da UF  (Unidade da Federação, excluindo a região metropolitana e a RIDE)",Sexo,Sexo,Sexo,svychisq,15.212472424534784,"3.81296887836917, 758.780806795465",1.547169015387648e-11,***,1.5471690153876478e-10,***,406
Conribuintes_Desocupados,Responsáveis ou Cônjuges Desocupados,Micro_2251022,Micro 2251022,Instrucao_agregado,Grau de Instrução (dicotomizado),Instrucao,svyglm+regTermTest(LRT),4.808303927970976,"1, 4",2.8115103391512244e-11,***,7.263068376140662e-11,***,8
Chefes_Familia_Desocupados,Pessoas Responsáveis pelo Domicílio Desocupadas,Micro_2253010,Micro 2253010,Raca,Cor ou Raça,Raca,svyglm+regTermTest(LRT),1.293285711024054,"1, 5",2.9501947887356465e-11,***,1.3065148350115006e-10,***,6
Chefes_Familia_Desocupados,Pessoas Responsáveis pelo Domicílio Desocupadas,Micro_2253010,Micro 2253010,Instrucao_agregado,Grau de Instrução (dicotomizado),Instrucao,svyglm+regTermTest(LRT),1.2932857110240548,"1, 5",2.950198290099791e-11,***,1.4750991450498956e-10,***,6
Rendimento_Medio_Habitual,Rendimento Médio Habitual,Agreg_Alto Parnaíba e Chapadas Sul do Piauí,Alto Parnaíba e Chapadas Sul do Piauí,Instrucao,Grau de Instrução (detalhado),VD3004,svyglm+regTermTest(LRT),1322652072.3850117,"6, 199",2.956423911659489e-11,***,1.1403349373543743e-10,***,2048
Percentual_Subremuneracao,Subremuneração (abaixo do salário-mínimo/hora),Micro_2210011,Micro 2210011,Instrucao,Grau de Instrução (detalhado),VD3004,svyglm+regTermTest(LRT),156.29934020361884,"6, 199",4.2577757783514234e-11,***,1.8734213424746264e-10,***,1931
Conribuintes_Desocupados,Responsáveis ou Cônjuges Desocupados,Zona_Rural,Zona Rural,Faixa_Etaria_trabalho,Faixa Etária,Faixa_Etaria_trabalho,svyglm+regTermTest(LRT),80.12465640862251,"2, 141",5.872071572216663e-11,***,1.1292445331185889e-10,***,158
Rendimento_Medio_Habitual,Rendimento Médio Habitual,Zona_Urbana,Zona Urbana,Faixa_Etaria_trabalho,Faixa Etária,Faixa_Etaria_trabalho,svyglm+regTermTest(LRT),1367591496.545372,"2, 199",6.689214479542772e-11,***,2.3412250678399704e-9,***,8516
Motivo_Nao_Inicio_NemNem,Motivo de Não Iniciar Trabalho (Nem-Nem),"Admin_Resto da UF  (Unidade da Federação, excluindo a região metropolitana e a RIDE)","Resto da UF  (Unidade da Federação, excluindo a região metropolitana e a RIDE)",Sexo,Sexo,Sexo,svychisq,15.189948080444982,"3.42731342240289, 682.035371058175",1.3993418970311082e-10,***,9.795393279217755e-10,***,406
Rendimento_Informal,Rendimento Médio — Setor Informal,Zona_Urbana,Zona Urbana,Instrucao,Grau de Instrução (detalhado),VD3004,svyglm+regTermTest(LRT),947854144.275488,"6, 199",1.5976004843221418e-10,***,4.1537612592375704e-9,***,1617
Desalentados_Fora_Forca,Desalentados Fora da Força de Trabalho,Micro_2252022,Micro 2252022,Faixa_Etaria_trabalho,Faixa Etária,Faixa_Etaria_trabalho,svyglm+regTermTest(LRT),2.461828583078347,"2, 33",1.8044566683491007e-10,***,1.924753779572374e-9,***,67
Chefes_Familia_Desocupados,Pessoas Responsáveis pelo Domicílio Desocupadas,Admin_Capital,Capital,Faixa_Etaria_trabalho,Faixa Etária,Faixa_Etaria_trabalho,svyglm+regTermTest(LRT),40.98225431949854,"2, 145",2.1751797836416427e-10,***,6.28385270829808e-10,***,164
Chefes_Familia_Desocupados,Pessoas Responsáveis pelo Domicílio Desocupadas,Agreg_Teresina,Teresina,Faixa_Etaria_trabalho,Faixa Etária,Faixa_Etaria_trabalho,svyglm+regTermTest(LRT),40.98225431949854,"2, 145",2.1751797836416427e-10,***,6.28385270829808e-10,***,164
Taxa_Informalidade,Taxa de Informalidade,"Admin_Resto da UF  (Unidade da Federação, excluindo a região metropolitana e a RIDE)","Resto da UF  (Unidade da Federação, excluindo a região metropolitana e a RIDE)",Instrucao,Grau de Instrução (detalhado),VD3004,svyglm+regTermTest(LRT),657.2683613239383,"6, 199",2.3346097904698005e-10,***,1.459131119043625e-9,***,2543
Proporcao_Ocupados_Escolarizados,Ocupados com Ensino Médio Completo ou Mais,Agreg_Alto Parnaíba e Chapadas Sul do Piauí,Alto Parnaíba e Chapadas Sul do Piauí,Sexo,Sexo,Sexo,svyglm+regTermTest(LRT),62.626960905900205,"1, 199",2.493815396544495e-10,***,1.122216928445023e-9,***,743
Percentual_Subremuneracao,Subremuneração (abaixo do salário-mínimo/hora),Agreg_Centro-Leste do Piauí,Centro-Leste do Piauí,Instrucao_agregado,Grau de Instrução (dicotomizado),Instrucao,svyglm+regTermTest(LRT),76.34595955291252,"1, 199",3.3042105833289166e-10,***,2.3790316199968203e-9,***,2636
Taxa_Desocupacao,Taxa de Desocupação,"Admin_Resto da RIDE (Região Integrada de Desenvolvimento Econômico, excluindo a capital)","Resto da RIDE (Região Integrada de Desenvolvimento Econômico, excluindo a capital)",Faixa_Etaria_trabalho,Faixa Etária,Faixa_Etaria_trabalho,svyglm+regTermTest(LRT),36.93290158237926,"2, 199",8.377526445756188e-10,***,6.970353466591933e-9,***,534
Taxa_Desocupacao,Taxa de Desocupação,Agreg_Entorno metropolitano de Teresina (PI),Entorno metropolitano de Teresina (PI),Faixa_Etaria_trabalho,Faixa Etária,Faixa_Etaria_trabalho,svyglm+regTermTest(LRT),36.93290158237926,"2, 199",8.377526445756188e-10,***,6.970353466591933e-9,***,534
Taxa_Informalidade,Taxa de Informalidade,Micro_2253012,Micro 2253012,Instrucao_agregado,Grau de Instrução (dicotomizado),Instrucao,svyglm+regTermTest(LRT),30.500768738977456,"1, 113",8.93308451848375e-10,***,2.842345074063011e-9,***,173
Chefes_Familia_Desocupados,Pessoas Responsáveis pelo Domicílio Desocupadas,Micro_2251022,Micro 2251022,Sexo,Sexo,Sexo,svyglm+regTermTest(LRT),0.5112458795637744,"1, 4",9.095079148718291e-10,***,6.5939323828207625e-9,***,8
Taxa_Desocupacao,Taxa de Desocupação,Micro_2220010,Micro 2220010,Faixa_Etaria_trabalho,Faixa Etária,Faixa_Etaria_trabalho,svyglm+regTermTest(LRT),30.80259325559763,"2, 195",1.0250519803811667e-9,***,6.970353466591933e-9,***,340
Chefes_Familia_Desocupados,Pessoas Responsáveis pelo Domicílio Desocupadas,Micro_2251022,Micro 2251022,Raca,Cor ou Raça,Raca,svyglm+regTermTest(LRT),0.5536613085692181,"1, 4",1.0629826189988998e-9,***,4.119057648620736e-9,***,8
Desalentados_Forca_Ampliada,Desalentados na Força de Trabalho Ampliada,Micro_2251021,Micro 2251021,Faixa_Etaria_trabalho,Faixa Etária,Faixa_Etaria_trabalho,svyglm+regTermTest(LRT),9.796667586016495,"2, 77",1.1038525760196635e-9,***,1.821356750432445e-8,***,211
Rendimento_Medio_Habitual,Rendimento Médio Habitual,Micro_2210013,Micro 2210013,Instrucao_agregado,Grau de Instrução (dicotomizado),Instrucao,svyglm+regTermTest(LRT),444626038.489831,"1, 145",1.6495424502060315e-9,***,7.422941025927142e-9,***,410
Percentual_Subremuneracao,Subremuneração (abaixo do salário-mínimo/hora),Agreg_Centro-Leste do Piauí,Centro-Leste do Piauí,Instrucao,Grau de Instrução (detalhado),VD3004,svyglm+regTermTest(LRT),144.07253471498802,"6, 199",1.674430095936951e-9,***,6.1395770184354875e-9,***,2636
Proporcao_Ocupados_Escolarizados,Ocupados com Ensino Médio Completo ou Mais,Micro_2252022,Micro 2252022,Raca,Cor ou Raça,Raca,svyglm+regTermTest(LRT),4.421721725450961,"2, 16",1.8885296291153722e-9,***,6.421000738992266e-8,***,21
Percentual_Subremuneracao,Subremuneração (abaixo do salário-mínimo/hora),Zona_Urbana,Zona Urbana,Faixa_Etaria_trabalho,Faixa Etária,Faixa_Etaria_trabalho,svyglm+regTermTest(LRT),93.42886017733872,"2, 199",2.457471727186669e-9,***,8.84689821787201e-8,***,8516
Proporcao_Ocupados_Escolarizados,Ocupados com Ensino Médio Completo ou Mais,Micro_2251020,Micro 2251020,Sexo,Sexo,Sexo,svyglm+regTermTest(LRT),18.617301203229033,"1, 162",2.890456987000525e-9,***,1.1561827948002101e-8,***,231
Rendimento_Formal,Rendimento Médio — Setor Formal,Zona_Urbana,Zona Urbana,Faixa_Etaria_trabalho,Faixa Etária,Faixa_Etaria_trabalho,svyglm+regTermTest(LRT),1895194168.0883024,"2, 199",3.123184332163559e-9,***,6.292866533813818e-8,***,6899
Rendimento_Informal,Rendimento Médio — Setor Informal,"Admin_Resto da UF  (Unidade da Federação, excluindo a região metropolitana e a RIDE)","Resto da UF  (Unidade da Federação, excluindo a região metropolitana e a RIDE)",Instrucao_agregado,Grau de Instrução (dicotomizado),Instrucao,svyglm+regTermTest(LRT),68935059.26207018,"1, 199",3.1946102898498806e-9,***,5.590568007237291e-8,***,1466
Desalentados_Forca_Ampliada,Desalentados na Força de Trabalho Ampliada,Zona_Rural,Zona Rural,Faixa_Etaria_trabalho,Faixa Etária,Faixa_Etaria_trabalho,svyglm+regTermTest(LRT),66.37707503901106,"2, 199",3.285054451518326e-9,***,3.6135598966701594e-8,***,4410
Rendimento_Medio_Habitual,Rendimento Médio Habitual,"Admin_Resto da UF  (Unidade da Federação, excluindo a região metropolitana e a RIDE)","Resto da UF  (Unidade da Federação, excluindo a região metropolitana e a RIDE)",Faixa_Etaria_trabalho,Faixa Etária,Faixa_Etaria_trabalho,svyglm+regTermTest(LRT),236465085.1127529,"2, 199",4.945301122149719e-9,***,8.65427696376201e-8,***,7268
Rendimento_Formal,Rendimento Médio — Setor Formal,"Admin_Resto da UF  (Unidade da Federação, excluindo a região metropolitana e a RIDE)","Resto da UF  (Unidade da Federação, excluindo a região metropolitana e a RIDE)",Instrucao_agregado,Grau de Instrução (dicotomizado),Instrucao,svyglm+regTermTest(LRT),235949444.9063263,"1, 199",5.491034075138881e-9,***,8.78565452022221e-8,***,5802
Desalentados_Fora_Forca,Desalentados Fora da Força de Trabalho,Micro_2251021,Micro 2251021,Faixa_Etaria_trabalho,Faixa Etária,Faixa_Etaria_trabalho,svyglm+regTermTest(LRT),17.2264646870388,"2, 65",5.581672102905672e-9,***,4.4653376823245374e-8,***,128
Taxa_Informalidade,Taxa de Informalidade,Micro_2251020,Micro 2251020,Instrucao_agregado,Grau de Instrução (dicotomizado),Instrucao,svyglm+regTermTest(LRT),34.03937922888531,"1, 162",6.019072691087351e-9,***,1.7555628682338107e-8,***,231
Conribuintes_Desocupados,Responsáveis ou Cônjuges Desocupados,"Admin_Resto da UF  (Unidade da Federação, excluindo a região metropolitana e a RIDE)","Resto da UF  (Unidade da Federação, excluindo a região metropolitana e a RIDE)",Instrucao_agregado,Grau de Instrução (dicotomizado),Instrucao,svyglm+regTermTest(LRT),40.39111511393941,"1, 199",6.311820271361757e-9,***,1.5051263724016497e-8,***,219
Rendimento_Formal,Rendimento Médio — Setor Formal,Admin_Capital,Capital,Faixa_Etaria_trabalho,Faixa Etária,Faixa_Etaria_trabalho,svyglm+regTermTest(LRT),2174529977.0098114,"2, 199",7.2609998467082525e-9,***,6.292866533813818e-8,***,3573
Rendimento_Formal,Rendimento Médio — Setor Formal,Agreg_Teresina,Teresina,Faixa_Etaria_trabalho,Faixa Etária,Faixa_Etaria_trabalho,svyglm+regTermTest(LRT),2174529977.0098114,"2, 199",7.2609998467082525e-9,***,6.292866533813818e-8,***,3573
Taxa_Informalidade,Taxa de Informalidade,Micro_2252011,Micro 2252011,Instrucao_agregado,Grau de Instrução (dicotomizado),Instrucao,svyglm+regTermTest(LRT),37.268683364501186,"1, 131",9.82657512433889e-9,***,2.6456163796297015e-8,***,209
Rendimento_Medio_Habitual,Rendimento Médio Habitual,Agreg_Alto Parnaíba e Chapadas Sul do Piauí,Alto Parnaíba e Chapadas Sul do Piauí,Instrucao_agregado,Grau de Instrução (dicotomizado),Instrucao,svyglm+regTermTest(LRT),478137151.6259403,"1, 199",1.4136606398732228e-8,***,5.654642559492891e-8,***,2048
Chefes_Familia_Desocupados,Pessoas Responsáveis pelo Domicílio Desocupadas,"Admin_Resto da UF  (Unidade da Federação, excluindo a região metropolitana e a RIDE)","Resto da UF  (Unidade da Federação, excluindo a região metropolitana e a RIDE)",Faixa_Etaria_trabalho,Faixa Etária,Faixa_Etaria_trabalho,svyglm+regTermTest(LRT),33.391731149218856,"2, 199",1.677171461775307e-8,***,4.360645800615798e-8,***,219
Rendimento_Formal,Rendimento Médio — Setor Formal,Admin_Capital,Capital,Instrucao_agregado,Grau de Instrução (dicotomizado),Instrucao,svyglm+regTermTest(LRT),644640619.9501877,"1, 199",2.1684652067876777e-8,***,1.734772165430142e-7,***,3573
Rendimento_Formal,Rendimento Médio — Setor Formal,Agreg_Teresina,Teresina,Instrucao_agregado,Grau de Instrução (dicotomizado),Instrucao,svyglm+regTermTest(LRT),644640619.9501877,"1, 199",2.1684652067876777e-8,***,1.734772165430142e-7,***,3573
Taxa_Desocupacao,Taxa de Desocupação,Micro_2210011,Micro 2210011,Faixa_Etaria_trabalho,Faixa Etária,Faixa_Etaria_trabalho,svyglm+regTermTest(LRT),33.50722347791702,"2, 199",2.1769350507251408e-8,***,1.233596528744247e-7,***,994
Desalentados_Forca_Ampliada,Desalentados na Força de Trabalho Ampliada,"Admin_Resto da UF  (Unidade da Federação, excluindo a região metropolitana e a RIDE)","Resto da UF  (Unidade da Federação, excluindo a região metropolitana e a RIDE)",Faixa_Etaria_trabalho,Faixa Etária,Faixa_Etaria_trabalho,svyglm+regTermTest(LRT),49.66696252142265,"2, 199",3.898880951753496e-8,***,3.216576785196634e-7,***,7268
Taxa_Informalidade,Taxa de Informalidade,Zona_Urbana,Zona Urbana,Faixa_Etaria_trabalho,Faixa Etária,Faixa_Etaria_trabalho,svyglm+regTermTest(LRT),48.23604947239437,"2, 199",5.8051274144909665e-8,***,1.9737433209269288e-6,***,3692
Proporcao_Ocupados_Escolarizados,Ocupados com Ensino Médio Completo ou Mais,Micro_2220020,Micro 2220020,Faixa_Etaria_trabalho,Faixa Etária,Faixa_Etaria_trabalho,svyglm+regTermTest(LRT),14.319603684283862,"2, 108",1.196948086912043e-7,***,9.477856948780978e-7,***,155
Percentual_Subremuneracao,Subremuneração (abaixo do salário-mínimo/hora),Admin_Capital,Capital,Instrucao_agregado,Grau de Instrução (dicotomizado),Instrucao,svyglm+regTermTest(LRT),50.54694699706852,"1, 199",1.3418488530475754e-7,***,6.900936958530387e-7,***,4334
Percentual_Subremuneracao,Subremuneração (abaixo do salário-mínimo/hora),Agreg_Teresina,Teresina,Instrucao_agregado,Grau de Instrução (dicotomizado),Instrucao,svyglm+regTermTest(LRT),50.54694699706852,"1, 199",1.3418488530475754e-7,***,6.900936958530387e-7,***,4334
Rendimento_Formal,Rendimento Médio — Setor Formal,Agreg_Baixo Parnaíba do Piauí,Baixo Parnaíba do Piauí,Faixa_Etaria_trabalho,Faixa Etária,Faixa_Etaria_trabalho,svyglm+regTermTest(LRT),135593174.67535472,"2, 199",1.4185738455030472e-7,***,9.220729995769808e-7,***,2025
Desalentados_Forca_Ampliada,Desalentados na Força de Trabalho Ampliada,Micro_2252022,Micro 2252022,Sexo,Sexo,Sexo,svyglm+regTermTest(LRT),0.3679868428441608,"1, 39",1.6137424188523689e-7,***,1.882699488661097e-6,***,110
Proporcao_Ocupados_Escolarizados,Ocupados com Ensino Médio Completo ou Mais,Admin_Capital,Capital,Faixa_Etaria_trabalho,Faixa Etária,Faixa_Etaria_trabalho,svyglm+regTermTest(LRT),44.85205932146209,"2, 199",1.672562990961349e-7,***,9.477856948780978e-7,***,1964
Proporcao_Ocupados_Escolarizados,Ocupados com Ensino Médio Completo ou Mais,Agreg_Teresina,Teresina,Faixa_Etaria_trabalho,Faixa Etária,Faixa_Etaria_trabalho,svyglm+regTermTest(LRT),44.85205932146209,"2, 199",1.672562990961349e-7,***,9.477856948780978e-7,***,1964
Percentual_Subremuneracao,Subremuneração (abaixo do salário-mínimo/hora),Agreg_Alto Parnaíba e Chapadas Sul do Piauí,Alto Parnaíba e Chapadas Sul do Piauí,Instrucao_agregado,Grau de Instrução (dicotomizado),Instrucao,svyglm+regTermTest(LRT),48.66061478287816,"1, 199",1.8723355145877997e-7,***,8.425509815645099e-7,***,2048
Rendimento_Medio_Habitual,Rendimento Médio Habitual,Micro_2210012,Micro 2210012,Instrucao,Grau de Instrução (detalhado),VD3004,svyglm+regTermTest(LRT),1455694775.1669388,"6, 199",1.998311220159013e-7,***,6.744300368036668e-7,***,636
Motivo_Nao_Inicio_NemNem,Motivo de Não Iniciar Trabalho (Nem-Nem),Zona_Urbana,Zona Urbana,Sexo,Sexo,Sexo,svychisq,10.628471523318092,"3.32784654876834, 662.241463204899",2.4658552467107636e-7,***,1.150732448465023e-6,***,377
Desalentados_Fora_Forca,Desalentados Fora da Força de Trabalho,Agreg_Centro-Leste do Piauí,Centro-Leste do Piauí,Faixa_Etaria_trabalho,Faixa Etária,Faixa_Etaria_trabalho,svyglm+regTermTest(LRT),71.8190482169382,"2, 199",2.704739841381406e-7,***,1.7310334984840997e-6,***,1181
Percentual_Subremuneracao,Subremuneração (abaixo do salário-mínimo/hora),Micro_2252020,Micro 2252020,Instrucao_agregado,Grau de Instrução (dicotomizado),Instrucao,svyglm+regTermTest(LRT),37.10100754268257,"1, 199",2.792158565551594e-7,***,1.1168634262206376e-6,***,847
Taxa_Subocupacao,Subocupação por Insuficiência de Horas,Zona_Urbana,Zona Urbana,Instrucao_agregado,Grau de Instrução (dicotomizado),Instrucao,svyglm+regTermTest(LRT),53.3658153711408,"1, 199",2.832121295239793e-7,***,2.5489091657158135e-6,***,3692
Proporcao_Ocupados_Escolarizados,Ocupados com Ensino Médio Completo ou Mais,Agreg_Centro-Leste do Piauí,Centro-Leste do Piauí,Faixa_Etaria_trabalho,Faixa Etária,Faixa_Etaria_trabalho,svyglm+regTermTest(LRT),46.60468599468959,"2, 199",2.962934487873713e-7,***,1.439139608395803e-6,***,881
Rendimento_Informal,Rendimento Médio — Setor Informal,"Admin_Resto da UF  (Unidade da Federação, excluindo a região metropolitana e a RIDE)","Resto da UF  (Unidade da Federação, excluindo a região metropolitana e a RIDE)",Instrucao,Grau de Instrução (detalhado),VD3004,svyglm+regTermTest(LRT),208613642.03424025,"6, 199",3.173954361007304e-7,***,4.126140669309495e-6,***,1466
Rendimento_Informal,Rendimento Médio — Setor Informal,Admin_Capital,Capital,Instrucao_agregado,Grau de Instrução (dicotomizado),Instrucao,svyglm+regTermTest(LRT),156475809.82991028,"1, 199",3.738282849804029e-7,***,3.2709974935785254e-6,***,761
Rendimento_Informal,Rendimento Médio — Setor Informal,Agreg_Teresina,Teresina,Instrucao_agregado,Grau de Instrução (dicotomizado),Instrucao,svyglm+regTermTest(LRT),156475809.82991028,"1, 199",3.738282849804029e-7,***,3.2709974935785254e-6,***,761
Rendimento_Medio_Habitual,Rendimento Médio Habitual,Admin_Capital,Capital,Faixa_Etaria_trabalho,Faixa Etária,Faixa_Etaria_trabalho,svyglm+regTermTest(LRT),1645030126.8137665,"2, 199",4.1350391378572e-7,***,3.61815924562505e-6,***,4334
Rendimento_Medio_Habitual,Rendimento Médio Habitual,Agreg_Teresina,Teresina,Faixa_Etaria_trabalho,Faixa Etária,Faixa_Etaria_trabalho,svyglm+regTermTest(LRT),1645030126.8137665,"2, 199",4.1350391378572e-7,***,3.61815924562505e-6,***,4334
Percentual_Subremuneracao,Subremuneração (abaixo do salário-mínimo/hora),Micro_2251012,Micro 2251012,Instrucao_agregado,Grau de Instrução (dicotomizado),Instrucao,svyglm+regTermTest(LRT),22.43859644840711,"1, 189",4.436916726662945e-7,***,1.5972900215986605e-6,***,482
Rendimento_Formal,Rendimento Médio — Setor Formal,Micro_2252011,Micro 2252011,Instrucao_agregado,Grau de Instrução (dicotomizado),Instrucao,svyglm+regTermTest(LRT),12397964.862974346,"1, 192",4.667497242026961e-7,***,2.9871982348972553e-6,***,459
Proporcao_Ocupados_Escolarizados,Ocupados com Ensino Médio Completo ou Mais,Agreg_Baixo Parnaíba do Piauí,Baixo Parnaíba do Piauí,Faixa_Etaria_trabalho,Faixa Etária,Faixa_Etaria_trabalho,svyglm+regTermTest(LRT),46.62477219449784,"2, 199",4.973337122641304e-7,***,2.113668277122554e-6,***,919
Taxa_Informalidade,Taxa de Informalidade,Micro_2210030,Micro 2210030,Instrucao_agregado,Grau de Instrução (dicotomizado),Instrucao,svyglm+regTermTest(LRT),25.87870701315336,"1, 199",6.196984216493983e-7,***,1.5492460541234958e-6,***,375
Rendimento_Medio_Habitual,Rendimento Médio Habitual,Micro_2253012,Micro 2253012,Instrucao_agregado,Grau de Instrução (dicotomizado),Instrucao,svyglm+regTermTest(LRT),135593726.46953344,"1, 162",6.206525792619004e-7,***,2.2343492853428416e-6,***,428
Percentual_Subremuneracao,Subremuneração (abaixo do salário-mínimo/hora),Admin_Capital,Capital,Faixa_Etaria_trabalho,Faixa Etária,Faixa_Etaria_trabalho,svyglm+regTermTest(LRT),51.05583185630212,"2, 199",6.374333645809187e-7,***,7.649200374971024e-6,***,4334
Percentual_Subremuneracao,Subremuneração (abaixo do salário-mínimo/hora),Agreg_Teresina,Teresina,Faixa_Etaria_trabalho,Faixa Etária,Faixa_Etaria_trabalho,svyglm+regTermTest(LRT),51.05583185630212,"2, 199",6.374333645809187e-7,***,7.649200374971024e-6,***,4334
Motivo_Nao_Inicio_NemNem,Motivo de Não Iniciar Trabalho (Nem-Nem),Admin_Capital,Capital,Sexo,Sexo,Sexo,svychisq,9.351111732704496,"3.67384435485793, 591.488941132127",6.445837055615142e-7,***,1.8048343755722395e-6,***,176
Motivo_Nao_Inicio_NemNem,Motivo de Não Iniciar Trabalho (Nem-Nem),Agreg_Teresina,Teresina,Sexo,Sexo,Sexo,svychisq,9.351111732704496,"3.67384435485793, 591.488941132127",6.445837055615142e-7,***,1.8048343755722395e-6,***,176
Rendimento_Medio_Habitual,Rendimento Médio Habitual,"Admin_Resto da RIDE (Região Integrada de Desenvolvimento Econômico, excluindo a capital)","Resto da RIDE (Região Integrada de Desenvolvimento Econômico, excluindo a capital)",Instrucao,Grau de Instrução (detalhado),VD3004,svyglm+regTermTest(LRT),315167569.6279316,"6, 199",6.886380265500085e-7,***,1.859322671685023e-6,***,1324
Rendimento_Medio_Habitual,Rendimento Médio Habitual,Agreg_Entorno metropolitano de Teresina (PI),Entorno metropolitano de Teresina (PI),Instrucao,Grau de Instrução (detalhado),VD3004,svyglm+regTermTest(LRT),315167569.6279316,"6, 199",6.886380265500085e-7,***,1.859322671685023e-6,***,1324
Rendimento_Formal,Rendimento Médio — Setor Formal,Agreg_Baixo Parnaíba do Piauí,Baixo Parnaíba do Piauí,Instrucao_agregado,Grau de Instrução (dicotomizado),Instrucao,svyglm+regTermTest(LRT),45470697.09159231,"1, 199",7.035111316348538e-7,***,3.75205936871922e-6,***,2025
Percentual_Subremuneracao,Subremuneração (abaixo do salário-mínimo/hora),Zona_Rural,Zona Rural,Instrucao,Grau de Instrução (detalhado),VD3004,svyglm+regTermTest(LRT),211.84946692432163,"6, 199",9.214586832332568e-7,***,2.8960130044473787e-6,***,4410
Percentual_Subremuneracao,Subremuneração (abaixo do salário-mínimo/hora),"Admin_Resto da RIDE (Região Integrada de Desenvolvimento Econômico, excluindo a capital)","Resto da RIDE (Região Integrada de Desenvolvimento Econômico, excluindo a capital)",Instrucao_agregado,Grau de Instrução (dicotomizado),Instrucao,svyglm+regTermTest(LRT),32.33041742434489,"1, 199",9.664753591331397e-7,***,2.899426077399419e-6,***,1324
Percentual_Subremuneracao,Subremuneração (abaixo do salário-mínimo/hora),Agreg_Entorno metropolitano de Teresina (PI),Entorno metropolitano de Teresina (PI),Instrucao_agregado,Grau de Instrução (dicotomizado),Instrucao,svyglm+regTermTest(LRT),32.33041742434489,"1, 199",9.664753591331397e-7,***,2.899426077399419e-6,***,1324
Rendimento_Medio_Habitual,Rendimento Médio Habitual,Agreg_Centro-Leste do Piauí,Centro-Leste do Piauí,Instrucao_agregado,Grau de Instrução (dicotomizado),Instrucao,svyglm+regTermTest(LRT),453616105.9245167,"1, 199",1.0522919605141593e-6,***,3.390387255952565e-6,***,2636
Rendimento_Medio_Habitual,Rendimento Médio Habitual,Agreg_Alto Parnaíba e Chapadas Sul do Piauí,Alto Parnaíba e Chapadas Sul do Piauí,Faixa_Etaria_trabalho,Faixa Etária,Faixa_Etaria_trabalho,svyglm+regTermTest(LRT),189318024.6872139,"2, 199",1.0891331957599062e-6,***,7.623932370319344e-6,***,2048
Rendimento_Medio_Habitual,Rendimento Médio Habitual,Micro_2252012,Micro 2252012,Instrucao_agregado,Grau de Instrução (dicotomizado),Instrucao,svyglm+regTermTest(LRT),91844727.51498675,"1, 192",1.1301290853175217e-6,***,3.390387255952565e-6,***,522
Rendimento_Medio_Habitual,Rendimento Médio Habitual,Micro_2251013,Micro 2251013,Instrucao,Grau de Instrução (detalhado),VD3004,svyglm+regTermTest(LRT),121533575.94870496,"6, 152",1.2571865861927352e-6,***,3.0858216206548956e-6,***,408
Percentual_Subremuneracao,Subremuneração (abaixo do salário-mínimo/hora),Micro_2253012,Micro 2253012,Instrucao_agregado,Grau de Instrução (dicotomizado),Instrucao,svyglm+regTermTest(LRT),12.970572679518284,"1, 162",1.489739147496123e-6,***,4.125431485373879e-6,***,428
Rendimento_Medio_Habitual,Rendimento Médio Habitual,Micro_2251020,Micro 2251020,Instrucao_agregado,Grau de Instrução (dicotomizado),Instrucao,svyglm+regTermTest(LRT),42359347.26120484,"1, 199",1.5100192386905267e-6,***,4.181591737912228e-6,***,849
Taxa_Informalidade,Taxa de Informalidade,"Admin_Resto da UF  (Unidade da Federação, excluindo a região metropolitana e a RIDE)","Resto da UF  (Unidade da Federação, excluindo a região metropolitana e a RIDE)",Sexo,Sexo,Sexo,svyglm+regTermTest(LRT),31.307415636558744,"1, 199",1.7648683348030543e-6,***,6.353526005290996e-5,***,2543
Rendimento_Formal,Rendimento Médio — Setor Formal,Micro_2210013,Micro 2210013,Instrucao_agregado,Grau de Instrução (dicotomizado),Instrucao,svyglm+regTermTest(LRT),87815236.33429813,"1, 135",1.842087593784242e-6,***,8.420971857299392e-6,***,335
Rendimento_Informal,Rendimento Médio — Setor Informal,Micro_2251022,Micro 2251022,Faixa_Etaria_trabalho,Faixa Etária,Faixa_Etaria_trabalho,svyglm+regTermTest(LRT),200898.58482797164,"2, 23",1.877833306502955e-6,***,5.821283250159161e-5,***,28
Percentual_Subremuneracao,Subremuneração (abaixo do salário-mínimo/hora),Micro_2252012,Micro 2252012,Instrucao_agregado,Grau de Instrução (dicotomizado),Instrucao,svyglm+regTermTest(LRT),15.408123337763016,"1, 192",2.038655428044004e-6,***,5.242256814970297e-6,***,522
Rendimento_Informal,Rendimento Médio — Setor Informal,Zona_Rural,Zona Rural,Sexo,Sexo,Sexo,svyglm+regTermTest(LRT),14563031.008031843,"1, 199",2.06234983140084e-6,***,7.21822440990294e-5,***,868
Desalentados_Fora_Forca,Desalentados Fora da Força de Trabalho,Micro_2252022,Micro 2252022,Sexo,Sexo,Sexo,svyglm+regTermTest(LRT),0.8925655894006894,"1, 33",2.083924806080086e-6,***,2.292317286688095e-5,***,67
Motivo_Nao_Procura_NemNem,Motivo de Não Procurar Trabalho (Nem-Nem),Zona_Urbana,Zona Urbana,Sexo,Sexo,Sexo,svychisq,8.270340425353433,"3.8568976829299, 767.52263890305",2.247094471049753e-6,***,1.0203011143233607e-5,***,377
Conribuintes_Desocupados,Responsáveis ou Cônjuges Desocupados,Zona_Rural,Zona Rural,Instrucao_agregado,Grau de Instrução (dicotomizado),Instrucao,svyglm+regTermTest(LRT),36.596270780337505,"1, 141",2.282264098004849e-6,***,5.053584788439308e-6,***,158
Motivo_Nao_Procura_NemNem,Motivo de Não Procurar Trabalho (Nem-Nem),Admin_Capital,Capital,Sexo,Sexo,Sexo,svychisq,8.372955190106188,"3.76645419001659, 606.399124592671",2.550752785808402e-6,***,1.0203011143233607e-5,***,176
Motivo_Nao_Procura_NemNem,Motivo de Não Procurar Trabalho (Nem-Nem),Agreg_Teresina,Teresina,Sexo,Sexo,Sexo,svychisq,8.372955190106188,"3.76645419001659, 606.399124592671",2.550752785808402e-6,***,1.0203011143233607e-5,***,176
Rendimento_Formal,Rendimento Médio — Setor Formal,Micro_2252012,Micro 2252012,Instrucao,Grau de Instrução (detalhado),VD3004,svyglm+regTermTest(LRT),219105199.39076924,"5, 170",2.651711910149392e-6,***,5.303423820298784e-6,***,400
Percentual_Subremuneracao,Subremuneração (abaixo do salário-mínimo/hora),Agreg_Baixo Parnaíba do Piauí,Baixo Parnaíba do Piauí,Raca,Cor ou Raça,Raca,svyglm+regTermTest(LRT),25.23790957434653,"3, 199",2.81601988332285e-6,***,9.57446760329769e-5,***,2584
Chefes_Familia_Desocupados,Pessoas Responsáveis pelo Domicílio Desocupadas,Zona_Rural,Zona Rural,Faixa_Etaria_trabalho,Faixa Etária,Faixa_Etaria_trabalho,svyglm+regTermTest(LRT),37.69877375786044,"2, 141",3.066228848885098e-6,***,7.247450006455688e-6,***,158
Rendimento_Informal,Rendimento Médio — Setor Informal,Admin_Capital,Capital,Instrucao,Grau de Instrução (detalhado),VD3004,svyglm+regTermTest(LRT),815138062.0140939,"6, 199",3.11930283989418e-6,***,2.0275468459312172e-5,***,761
Rendimento_Informal,Rendimento Médio — Setor Informal,Agreg_Teresina,Teresina,Instrucao,Grau de Instrução (detalhado),VD3004,svyglm+regTermTest(LRT),815138062.0140939,"6, 199",3.11930283989418e-6,***,2.0275468459312172e-5,***,761
Motivo_Nao_Inicio_NemNem,Motivo de Não Iniciar Trabalho (Nem-Nem),Agreg_Centro-Leste do Piauí,Centro-Leste do Piauí,Sexo,Sexo,Sexo,svychisq,9.902503414290887,"2.90714524161391, 404.093188584334",3.463925084406176e-6,***,8.082491863614411e-6,***,153
Rendimento_Formal,Rendimento Médio — Setor Formal,Micro_2252012,Micro 2252012,Faixa_Etaria_trabalho,Faixa Etária,Faixa_Etaria_trabalho,svyglm+regTermTest(LRT),134004723.78867316,"2, 170",3.5598631851546e-6,***,1.851128856280392e-5,***,400
Rendimento_Medio_Habitual,Rendimento Médio Habitual,Micro_2251020,Micro 2251020,Instrucao,Grau de Instrução (detalhado),VD3004,svyglm+regTermTest(LRT),64260838.97019836,"6, 199",4.1190305636425786e-6,***,9.267818768195802e-6,***,849
Taxa_Informalidade,Taxa de Informalidade,Micro_2251012,Micro 2251012,Instrucao_agregado,Grau de Instrução (dicotomizado),Instrucao,svyglm+regTermTest(LRT),18.85083300857991,"1, 136",4.144912943445547e-6,***,9.671463534706276e-6,***,212
Proporcao_Ocupados_Escolarizados,Ocupados com Ensino Médio Completo ou Mais,Micro_2210011,Micro 2210011,Faixa_Etaria_trabalho,Faixa Etária,Faixa_Etaria_trabalho,svyglm+regTermTest(LRT),22.28189023320681,"2, 199",4.457125025371008e-6,***,1.6838027873623806e-5,***,912
Motivo_Nao_Procura_NemNem,Motivo de Não Procurar Trabalho (Nem-Nem),Agreg_Alto Parnaíba e Chapadas Sul do Piauí,Alto Parnaíba e Chapadas Sul do Piauí,Sexo,Sexo,Sexo,svychisq,8.111596538786026,"3.74881662983049, 393.625746132201",4.912252230994244e-6,***,1.637417410331415e-5,***,119
Taxa_Informalidade,Taxa de Informalidade,"Admin_Resto da UF  (Unidade da Federação, excluindo a região metropolitana e a RIDE)","Resto da UF  (Unidade da Federação, excluindo a região metropolitana e a RIDE)",Faixa_Etaria_trabalho,Faixa Etária,Faixa_Etaria_trabalho,svyglm+regTermTest(LRT),38.31537697466683,"2, 199",5.174047921442379e-6,***,8.795881466452044e-5,***,2543
Rendimento_Formal,Rendimento Médio — Setor Formal,Zona_Urbana,Zona Urbana,Sexo,Sexo,Sexo,svyglm+regTermTest(LRT),434060624.27729034,"1, 199",5.384640328525994e-6,***,1.776931308413578e-4,***,6899
Taxa_Desocupacao,Taxa de Desocupação,Micro_2252021,Micro 2252021,Sexo,Sexo,Sexo,svyglm+regTermTest(LRT),0.4886846635626263,"1, 35",5.391129362785009e-6,***,9.434476384873768e-5,***,57
Proporcao_Ocupados_Escolarizados,Ocupados com Ensino Médio Completo ou Mais,Micro_2251021,Micro 2251021,Faixa_Etaria_trabalho,Faixa Etária,Faixa_Etaria_trabalho,svyglm+regTermTest(LRT),9.84198440999944,"2, 38",6.819208930646856e-6,***,2.318531036419931e-5,***,54
Rendimento_Medio_Habitual,Rendimento Médio Habitual,Zona_Urbana,Zona Urbana,Sexo,Sexo,Sexo,svyglm+regTermTest(LRT),225525656.49573517,"1, 199",7.657551783979332e-6,***,2.7567186422325596e-4,***,8516
Taxa_Informalidade,Taxa de Informalidade,Micro_2210011,Micro 2210011,Instrucao_agregado,Grau de Instrução (dicotomizado),Instrucao,svyglm+regTermTest(LRT),19.784361260399237,"1, 199",7.78451044898171e-6,***,1.702861660714749e-5,***,912
Rendimento_Medio_Habitual,Rendimento Médio Habitual,Zona_Urbana,Zona Urbana,Raca,Cor ou Raça,Raca,svyglm+regTermTest(LRT),828121851.0787811,"4, 199",8.289120090390153e-6,***,2.2380624244053415e-4,***,8516
Desalentados_Fora_Forca,Desalentados Fora da Força de Trabalho,Zona_Urbana,Zona Urbana,Faixa_Etaria_trabalho,Faixa Etária,Faixa_Etaria_trabalho,svyglm+regTermTest(LRT),50.25083848324698,"2, 199",8.315983403821799e-6,***,4.435191148704959e-5,***,3020
Proporcao_Ocupados_Escolarizados,Ocupados com Ensino Médio Completo ou Mais,Micro_2253012,Micro 2253012,Faixa_Etaria_trabalho,Faixa Etária,Faixa_Etaria_trabalho,svyglm+regTermTest(LRT),11.62364093862405,"2, 113",9.489102670247492e-6,***,2.9329953708037704e-5,***,173
Rendimento_Formal,Rendimento Médio — Setor Formal,Agreg_Alto Parnaíba e Chapadas Sul do Piauí,Alto Parnaíba e Chapadas Sul do Piauí,Faixa_Etaria_trabalho,Faixa Etária,Faixa_Etaria_trabalho,svyglm+regTermTest(LRT),134702605.28746223,"2, 199",9.767131781460994e-6,***,4.23242377196643e-5,***,1653
Taxa_Nem_Nem,Taxa de Nem-Nem (14 a 29 anos),Zona_Rural,Zona Rural,Sexo,Sexo,Sexo,svyglm+regTermTest(LRT),36.57944021514663,"1, 199",9.778708256817535e-6,***,1.7601674862271563e-4,***,886
Rendimento_Informal,Rendimento Médio — Setor Informal,Zona_Rural,Zona Rural,Instrucao_agregado,Grau de Instrução (dicotomizado),Instrucao,svyglm+regTermTest(LRT),17530946.69453913,"1, 199",1.063595264751452e-5,***,7.445166853260163e-5,***,868
Rendimento_Informal,Rendimento Médio — Setor Informal,Micro_2251021,Micro 2251021,Sexo,Sexo,Sexo,svyglm+regTermTest(LRT),1810525.861937534,"1, 28",1.1991288381638886e-5,***,2.098475466786805e-4,***,38
Proporcao_Ocupados_Escolarizados,Ocupados com Ensino Médio Completo ou Mais,Micro_2210011,Micro 2210011,Sexo,Sexo,Sexo,svyglm+regTermTest(LRT),11.54088429779472,"1, 199",1.2046701542916376e-5,***,4.336812555449895e-5,***,912
Rendimento_Medio_Habitual,Rendimento Médio Habitual,Agreg_Centro-Leste do Piauí,Centro-Leste do Piauí,Instrucao,Grau de Instrução (detalhado),VD3004,svyglm+regTermTest(LRT),1469586615.6693306,"6, 199",1.3160841785802204e-5,***,2.5458622112842204e-5,***,2636
Rendimento_Medio_Habitual,Rendimento Médio Habitual,Micro_2253012,Micro 2253012,Instrucao,Grau de Instrução (detalhado),VD3004,svyglm+regTermTest(LRT),262958823.78896025,"6, 162",1.3200767021473736e-5,***,2.5458622112842204e-5,***,428
Proporcao_Ocupados_Escolarizados,Ocupados com Ensino Médio Completo ou Mais,Micro_2252020,Micro 2252020,Sexo,Sexo,Sexo,svyglm+regTermTest(LRT),21.735893162613024,"1, 166",1.3415331870793656e-5,***,4.390472248623379e-5,***,241
Taxa_Nem_Nem,Taxa de Nem-Nem (14 a 29 anos),Zona_Urbana,Zona Urbana,Instrucao,Grau de Instrução (detalhado),VD3004,svyglm+regTermTest(LRT),147.9592456056273,"6, 199",1.4695374324588034e-5,***,2.792121121671726e-4,***,1914
Rendimento_Medio_Habitual,Rendimento Médio Habitual,Micro_2210011,Micro 2210011,Instrucao,Grau de Instrução (detalhado),VD3004,svyglm+regTermTest(LRT),3426228671.5686474,"6, 199",1.6863456434513087e-5,***,3.035422158212356e-5,***,1931
Rendimento_Medio_Habitual,Rendimento Médio Habitual,"Admin_Resto da RIDE (Região Integrada de Desenvolvimento Econômico, excluindo a capital)","Resto da RIDE (Região Integrada de Desenvolvimento Econômico, excluindo a capital)",Instrucao_agregado,Grau de Instrução (dicotomizado),Instrucao,svyglm+regTermTest(LRT),97812262.02430964,"1, 199",1.950947383203906e-5,***,4.6822737196893746e-5,***,1324
Rendimento_Medio_Habitual,Rendimento Médio Habitual,Agreg_Entorno metropolitano de Teresina (PI),Entorno metropolitano de Teresina (PI),Instrucao_agregado,Grau de Instrução (dicotomizado),Instrucao,svyglm+regTermTest(LRT),97812262.02430964,"1, 199",1.950947383203906e-5,***,4.6822737196893746e-5,***,1324
Rendimento_Formal,Rendimento Médio — Setor Formal,"Admin_Resto da UF  (Unidade da Federação, excluindo a região metropolitana e a RIDE)","Resto da UF  (Unidade da Federação, excluindo a região metropolitana e a RIDE)",Faixa_Etaria_trabalho,Faixa Etária,Faixa_Etaria_trabalho,svyglm+regTermTest(LRT),365228678.43512726,"2, 199",1.9637180752882187e-5,***,7.29380999392767e-5,***,5802
Rendimento_Informal,Rendimento Médio — Setor Informal,Micro_2220020,Micro 2220020,Instrucao,Grau de Instrução (detalhado),VD3004,svyglm+regTermTest(LRT),11995291.413902275,"5, 88",1.98544013051633e-5,***,1.0324288678684916e-4,***,113
Rendimento_Medio_Habitual,Rendimento Médio Habitual,Micro_2220010,Micro 2220010,Instrucao,Grau de Instrução (detalhado),VD3004,svyglm+regTermTest(LRT),218413243.8240633,"6, 199",2.352197403484774e-5,***,3.761911202046098e-5,***,723
Rendimento_Medio_Habitual,Rendimento Médio Habitual,Micro_2210013,Micro 2210013,Instrucao,Grau de Instrução (detalhado),VD3004,svyglm+regTermTest(LRT),1523433275.3834925,"5, 145",2.3686107568438396e-5,***,3.761911202046098e-5,***,410
Rendimento_Medio_Habitual,Rendimento Médio Habitual,Micro_2252020,Micro 2252020,Instrucao,Grau de Instrução (detalhado),VD3004,svyglm+regTermTest(LRT),60971089.77743822,"6, 199",2.5743155192274553e-5,***,3.8614732788411825e-5,***,847
Rendimento_Medio_Habitual,Rendimento Médio Habitual,Micro_2251013,Micro 2251013,Instrucao_agregado,Grau de Instrução (dicotomizado),Instrucao,svyglm+regTermTest(LRT),45256604.90191734,"1, 152",2.653572772926306e-5,***,5.6661661658593995e-5,***,408
Rendimento_Medio_Habitual,Rendimento Médio Habitual,Micro_2220020,Micro 2220020,Instrucao_agregado,Grau de Instrução (dicotomizado),Instrucao,svyglm+regTermTest(LRT),13193997.878419876,"1, 199",2.6756895783224943e-5,***,5.6661661658593995e-5,***,601
Chefes_Familia_Desocupados,Pessoas Responsáveis pelo Domicílio Desocupadas,Admin_Capital,Capital,Sexo,Sexo,Sexo,svyglm+regTermTest(LRT),18.716435314082705,"1, 145",2.9175420155923566e-5,***,1.4101453075363057e-4,***,164
Chefes_Familia_Desocupados,Pessoas Responsáveis pelo Domicílio Desocupadas,Agreg_Teresina,Teresina,Sexo,Sexo,Sexo,svyglm+regTermTest(LRT),18.716435314082705,"1, 145",2.9175420155923566e-5,***,1.4101453075363057e-4,***,164
Percentual_Subremuneracao,Subremuneração (abaixo do salário-mínimo/hora),Micro_2251020,Micro 2251020,Instrucao_agregado,Grau de Instrução (dicotomizado),Instrucao,svyglm+regTermTest(LRT),26.59954473580848,"1, 199",3.041456437234682e-5,***,7.299495449363237e-5,***,849
Desalentados_Fora_Forca,Desalentados Fora da Força de Trabalho,Zona_Rural,Zona Rural,Instrucao_agregado,Grau de Instrução (dicotomizado),Instrucao,svyglm+regTermTest(LRT),17.868922608096227,"1, 199",3.5296335019575086e-5,***,4.11790575228376e-4,***,2144
Taxa_Informalidade,Taxa de Informalidade,Agreg_Baixo Parnaíba do Piauí,Baixo Parnaíba do Piauí,Raca,Cor ou Raça,Raca,svyglm+regTermTest(LRT),21.040529315187086,"3, 199",3.686105464074412e-5,***,0.0012532758577853,**,919
Proporcao_Ocupados_Escolarizados,Ocupados com Ensino Médio Completo ou Mais,Agreg_Baixo Parnaíba do Piauí,Baixo Parnaíba do Piauí,Raca,Cor ou Raça,Raca,svyglm+regTermTest(LRT),18.34831692967327,"3, 199",3.858662251649434e-5,***,6.559725827804038e-4,***,919
Proporcao_Ocupados_Escolarizados,Ocupados com Ensino Médio Completo ou Mais,Micro_2253020,Micro 2253020,Sexo,Sexo,Sexo,svyglm+regTermTest(LRT),21.070474516206588,"1, 94",4.172159001296831e-5,***,1.251647700389049e-4,***,121
Rendimento_Medio_Habitual,Rendimento Médio Habitual,Micro_2210030,Micro 2210030,Instrucao_agregado,Grau de Instrução (dicotomizado),Instrucao,svyglm+regTermTest(LRT),53549979.460226536,"1, 199",4.622233637144571e-5,***,9.244467274289142e-5,***,882
Chefes_Familia_Desocupados,Pessoas Responsáveis pelo Domicílio Desocupadas,Zona_Rural,Zona Rural,Instrucao_agregado,Grau de Instrução (dicotomizado),Instrucao,svyglm+regTermTest(LRT),24.217159926447152,"1, 141",4.8383894057901986e-5,***,2.0735954596243708e-4,***,158
Taxa_Nem_Nem,Taxa de Nem-Nem (14 a 29 anos),"Admin_Resto da UF  (Unidade da Federação, excluindo a região metropolitana e a RIDE)","Resto da UF  (Unidade da Federação, excluindo a região metropolitana e a RIDE)",Sexo,Sexo,Sexo,svyglm+regTermTest(LRT),24.966218801339437,"1, 199",4.94115471828085e-5,***,5.92938566193702e-4,***,1545
Conribuintes_Desocupados,Responsáveis ou Cônjuges Desocupados,Admin_Capital,Capital,Sexo,Sexo,Sexo,svyglm+regTermTest(LRT),15.100078862516824,"1, 145",5.844783427443472e-5,***,3.0198047708457945e-4,***,164
Conribuintes_Desocupados,Responsáveis ou Cônjuges Desocupados,Agreg_Teresina,Teresina,Sexo,Sexo,Sexo,svyglm+regTermTest(LRT),15.100078862516824,"1, 145",5.844783427443472e-5,***,3.0198047708457945e-4,***,164
Rendimento_Formal,Rendimento Médio — Setor Formal,Agreg_Centro-Leste do Piauí,Centro-Leste do Piauí,Instrucao_agregado,Grau de Instrução (dicotomizado),Instrucao,svyglm+regTermTest(LRT),142004279.89582825,"1, 199",6.261103285868669e-5,***,2.5044413143474677e-4,***,2124
Proporcao_Ocupados_Escolarizados,Ocupados com Ensino Médio Completo ou Mais,Micro_2252012,Micro 2252012,Sexo,Sexo,Sexo,svyglm+regTermTest(LRT),9.442824333589328,"1, 145",6.51421031033255e-5,***,1.8039351628613217e-4,***,222
Proporcao_Ocupados_Escolarizados,Ocupados com Ensino Médio Completo ou Mais,Micro_2210030,Micro 2210030,Sexo,Sexo,Sexo,svyglm+regTermTest(LRT),16.56912028064687,"1, 199",7.246805337430435e-5,***,1.8634642296249692e-4,***,375
Rendimento_Formal,Rendimento Médio — Setor Formal,Micro_2252011,Micro 2252011,Faixa_Etaria_trabalho,Faixa Etária,Faixa_Etaria_trabalho,svyglm+regTermTest(LRT),20327441.05016136,"2, 192",7.318476919283117e-5,***,2.378504998767013e-4,***,459
Taxa_Informalidade,Taxa de Informalidade,Zona_Rural,Zona Rural,Instrucao,Grau de Instrução (detalhado),VD3004,svyglm+regTermTest(LRT),323.47042525669235,"6, 199",8.16465430770733e-5,***,4.082327153853665e-4,***,1269
Conribuintes_Desocupados,Responsáveis ou Cônjuges Desocupados,Zona_Urbana,Zona Urbana,Instrucao_agregado,Grau de Instrução (dicotomizado),Instrucao,svyglm+regTermTest(LRT),36.03472219002384,"1, 199",8.736474850998006e-5,***,1.8055381358729217e-4,***,305
Rendimento_Informal,Rendimento Médio — Setor Informal,Agreg_Baixo Parnaíba do Piauí,Baixo Parnaíba do Piauí,Sexo,Sexo,Sexo,svyglm+regTermTest(LRT),8538420.460568488,"1, 199",9.177836286154192e-5,***,0.00107074756671798,**,559
Taxa_Informalidade,Taxa de Informalidade,Zona_Rural,Zona Rural,Sexo,Sexo,Sexo,svyglm+regTermTest(LRT),27.033214239683275,"1, 199",9.369818678830036e-5,***,0.0016865673621894,**,1269
Taxa_Desocupacao,Taxa de Desocupação,Agreg_Centro-Leste do Piauí,Centro-Leste do Piauí,Faixa_Etaria_trabalho,Faixa Etária,Faixa_Etaria_trabalho,svyglm+regTermTest(LRT),21.703183809758343,"2, 199",9.55366740239492e-5,***,4.640352738306104e-4,***,962
Proporcao_Ocupados_Escolarizados,Ocupados com Ensino Médio Completo ou Mais,"Admin_Resto da RIDE (Região Integrada de Desenvolvimento Econômico, excluindo a capital)","Resto da RIDE (Região Integrada de Desenvolvimento Econômico, excluindo a capital)",Sexo,Sexo,Sexo,svyglm+regTermTest(LRT),12.73154204319394,"1, 199",9.649872007542572e-5,***,2.1712212016970788e-4,***,454
Proporcao_Ocupados_Escolarizados,Ocupados com Ensino Médio Completo ou Mais,Agreg_Entorno metropolitano de Teresina (PI),Entorno metropolitano de Teresina (PI),Sexo,Sexo,Sexo,svyglm+regTermTest(LRT),12.73154204319394,"1, 199",9.649872007542572e-5,***,2.1712212016970788e-4,***,454
Rendimento_Medio_Habitual,Rendimento Médio Habitual,Agreg_Baixo Parnaíba do Piauí,Baixo Parnaíba do Piauí,Faixa_Etaria_trabalho,Faixa Etária,Faixa_Etaria_trabalho,svyglm+regTermTest(LRT),60293162.75712347,"2, 199",1.0173629944568276e-4,***,5.934617467664827e-4,***,2584
Taxa_Subocupacao,Subocupação por Insuficiência de Horas,Micro_2253010,Micro 2253010,Instrucao_agregado,Grau de Instrução (dicotomizado),Instrucao,svyglm+regTermTest(LRT),3.187047201694078,"1, 38",1.110699119509037e-4,***,7.997033660465066e-4,***,63
Rendimento_Formal,Rendimento Médio — Setor Formal,Agreg_Centro-Leste do Piauí,Centro-Leste do Piauí,Instrucao,Grau de Instrução (detalhado),VD3004,svyglm+regTermTest(LRT),860982912.3952575,"6, 199",1.123814258139997e-4,***,1.9265387282399948e-4,***,2124
Percentual_Subremuneracao,Subremuneração (abaixo do salário-mínimo/hora),"Admin_Resto da UF  (Unidade da Federação, excluindo a região metropolitana e a RIDE)","Resto da UF  (Unidade da Federação, excluindo a região metropolitana e a RIDE)",Faixa_Etaria_trabalho,Faixa Etária,Faixa_Etaria_trabalho,svyglm+regTermTest(LRT),34.14096271668632,"2, 199",1.128613280309518e-4,***,0.00101575195227856,**,7268
Taxa_Informalidade,Taxa de Informalidade,Micro_2251013,Micro 2251013,Instrucao_agregado,Grau de Instrução (dicotomizado),Instrucao,svyglm+regTermTest(LRT),22.562686182667505,"1, 100",1.4702079212038416e-4,***,3.0268986613020264e-4,***,145
Rendimento_Informal,Rendimento Médio — Setor Informal,Agreg_Centro-Leste do Piauí,Centro-Leste do Piauí,Instrucao_agregado,Grau de Instrução (dicotomizado),Instrucao,svyglm+regTermTest(LRT),40323937.652254105,"1, 199",1.6142640896455682e-4,***,9.048531682504596e-4,***,512
Taxa_Nem_Nem,Taxa de Nem-Nem (14 a 29 anos),Micro_2254020,Micro 2254020,Sexo,Sexo,Sexo,svyglm+regTermTest(LRT),7.509545446006911,"1, 48",1.6817937605725228e-4,***,0.00150901294351514,**,72
Rendimento_Informal,Rendimento Médio — Setor Informal,Micro_2253022,Micro 2253022,Sexo,Sexo,Sexo,svyglm+regTermTest(LRT),1288710.0406268165,"1, 16",1.8041976588695745e-4,***,0.00157867295151087,**,23
Rendimento_Informal,Rendimento Médio — Setor Informal,Agreg_Baixo Parnaíba do Piauí,Baixo Parnaíba do Piauí,Instrucao_agregado,Grau de Instrução (dicotomizado),Instrucao,svyglm+regTermTest(LRT),12068558.385963855,"1, 199",1.8097063365009192e-4,***,9.048531682504596e-4,***,559
Rendimento_Medio_Habitual,Rendimento Médio Habitual,Admin_Capital,Capital,Sexo,Sexo,Sexo,svyglm+regTermTest(LRT),357969147.31954956,"1, 199",2.038262116322701e-4,***,0.00244591453958724,**,4334
Rendimento_Medio_Habitual,Rendimento Médio Habitual,Agreg_Teresina,Teresina,Sexo,Sexo,Sexo,svyglm+regTermTest(LRT),357969147.31954956,"1, 199",2.038262116322701e-4,***,0.00244591453958724,**,4334
Rendimento_Formal,Rendimento Médio — Setor Formal,Micro_2251013,Micro 2251013,Faixa_Etaria_trabalho,Faixa Etária,Faixa_Etaria_trabalho,svyglm+regTermTest(LRT),66121328.635588825,"2, 142",2.0887537292438264e-4,***,6.034177440037721e-4,***,326
Taxa_Nem_Nem,Taxa de Nem-Nem (14 a 29 anos),Zona_Urbana,Zona Urbana,Sexo,Sexo,Sexo,svyglm+regTermTest(LRT),16.981103174147165,"1, 199",2.0958513104377065e-4,***,0.00150901294351514,**,1914
Taxa_Informalidade,Taxa de Informalidade,Micro_2252012,Micro 2252012,Instrucao,Grau de Instrução (detalhado),VD3004,svyglm+regTermTest(LRT),66.38205583923775,"6, 145",2.2306464525182292e-4,***,9.294360218825956e-4,***,222
Rendimento_Formal,Rendimento Médio — Setor Formal,Micro_2251020,Micro 2251020,Instrucao_agregado,Grau de Instrução (dicotomizado),Instrucao,svyglm+regTermTest(LRT),11270492.010320053,"1, 199",2.3177225196166569e-4,***,8.240791180859222e-4,***,694
Rendimento_Medio_Habitual,Rendimento Médio Habitual,Micro_2210013,Micro 2210013,Raca,Cor ou Raça,Raca,svyglm+regTermTest(LRT),723638512.198945,"2, 145",2.4282186590724868e-4,***,0.00327809518974785,**,410
Rendimento_Medio_Habitual,Rendimento Médio Habitual,Micro_2253011,Micro 2253011,Instrucao,Grau de Instrução (detalhado),VD3004,svyglm+regTermTest(LRT),257567101.9646587,"6, 169",2.666204921946657e-4,***,3.7888175206610386e-4,***,465
Rendimento_Medio_Habitual,Rendimento Médio Habitual,Micro_2253012,Micro 2253012,Faixa_Etaria_trabalho,Faixa Etária,Faixa_Etaria_trabalho,svyglm+regTermTest(LRT),66445304.89886379,"2, 162",3.4245103233581986e-4,***,0.00171225516167909,**,428
Chefes_Familia_Desocupados,Pessoas Responsáveis pelo Domicílio Desocupadas,"Admin_Resto da UF  (Unidade da Federação, excluindo a região metropolitana e a RIDE)","Resto da UF  (Unidade da Federação, excluindo a região metropolitana e a RIDE)",Instrucao_agregado,Grau de Instrução (dicotomizado),Instrucao,svyglm+regTermTest(LRT),17.307214028250485,"1, 199",3.528866170767608e-4,***,0.00132332481403785,**,219
Desalentados_Fora_Forca,Desalentados Fora da Força de Trabalho,Micro_2252022,Micro 2252022,Instrucao_agregado,Grau de Instrução (dicotomizado),Instrucao,svyglm+regTermTest(LRT),0.5495538775504691,"1, 33",3.58810883122225e-4,***,0.00313959522731946,**,67
Motivo_Nao_Procura_NemNem,Motivo de Não Procurar Trabalho (Nem-Nem),Agreg_Centro-Leste do Piauí,Centro-Leste do Piauí,Sexo,Sexo,Sexo,svychisq,5.5757858528485205,"3.58680634160075, 498.566081482505",3.865956504264608e-4,***,0.00110455900121845,**,153
Taxa_Subocupacao,Subocupação por Insuficiência de Horas,"Admin_Resto da UF  (Unidade da Federação, excluindo a região metropolitana e a RIDE)","Resto da UF  (Unidade da Federação, excluindo a região metropolitana e a RIDE)",Instrucao_agregado,Grau de Instrução (dicotomizado),Instrucao,svyglm+regTermTest(LRT),23.470610015377133,"1, 199",3.94344177469493e-4,***,0.00236606506481695,**,2543
Rendimento_Medio_Habitual,Rendimento Médio Habitual,Micro_2252021,Micro 2252021,Instrucao_agregado,Grau de Instrução (dicotomizado),Instrucao,svyglm+regTermTest(LRT),16320732.015808396,"1, 51",3.998027015279949e-4,***,7.575209081583062e-4,***,151
Desalentados_Fora_Forca,Desalentados Fora da Força de Trabalho,Agreg_Baixo Parnaíba do Piauí,Baixo Parnaíba do Piauí,Faixa_Etaria_trabalho,Faixa Etária,Faixa_Etaria_trabalho,svyglm+regTermTest(LRT),22.04103383032657,"2, 199",4.089742319439782e-4,***,0.00186959648888675,**,1113
Rendimento_Formal,Rendimento Médio — Setor Formal,Micro_2210030,Micro 2210030,Instrucao,Grau de Instrução (detalhado),VD3004,svyglm+regTermTest(LRT),422780799.6837461,"6, 199",4.133009684856447e-4,***,6.199514527284671e-4,***,721
Desalentados_Fora_Forca,Desalentados Fora da Força de Trabalho,"Admin_Resto da UF  (Unidade da Federação, excluindo a região metropolitana e a RIDE)","Resto da UF  (Unidade da Federação, excluindo a região metropolitana e a RIDE)",Sexo,Sexo,Sexo,svyglm+regTermTest(LRT),17.589225911645826,"1, 199",4.187837090452524e-4,***,0.00345496559962333,**,3158
Chefes_Familia_Desocupados,Pessoas Responsáveis pelo Domicílio Desocupadas,"Admin_Resto da RIDE (Região Integrada de Desenvolvimento Econômico, excluindo a capital)","Resto da RIDE (Região Integrada de Desenvolvimento Econômico, excluindo a capital)",Sexo,Sexo,Sexo,svyglm+regTermTest(LRT),12.89086323856914,"1, 70",4.53301984909475e-4,***,0.00164321969529684,**,80
Chefes_Familia_Desocupados,Pessoas Responsáveis pelo Domicílio Desocupadas,Agreg_Entorno metropolitano de Teresina (PI),Entorno metropolitano de Teresina (PI),Sexo,Sexo,Sexo,svyglm+regTermTest(LRT),12.89086323856914,"1, 70",4.53301984909475e-4,***,0.00164321969529684,**,80
Rendimento_Medio_Habitual,Rendimento Médio Habitual,Micro_2210011,Micro 2210011,Instrucao_agregado,Grau de Instrução (dicotomizado),Instrucao,svyglm+regTermTest(LRT),324213544.59994125,"1, 199",4.567202927481653e-4,***,8.220965269466976e-4,***,1931
Rendimento_Informal,Rendimento Médio — Setor Informal,Zona_Rural,Zona Rural,Instrucao,Grau de Instrução (detalhado),VD3004,svyglm+regTermTest(LRT),27124767.826112032,"6, 199",4.736657393102204e-4,***,0.00205255153701095,**,868
Rendimento_Formal,Rendimento Médio — Setor Formal,Micro_2251013,Micro 2251013,Instrucao,Grau de Instrução (detalhado),VD3004,svyglm+regTermTest(LRT),46019381.4215197,"5, 142",4.847082904020168e-4,***,6.462777205360223e-4,***,326
Rendimento_Medio_Habitual,Rendimento Médio Habitual,Micro_2220010,Micro 2220010,Faixa_Etaria_trabalho,Faixa Etária,Faixa_Etaria_trabalho,svyglm+regTermTest(LRT),25558586.064140797,"2, 199",4.986767656564522e-4,***,0.00218171084974697,**,723
Rendimento_Medio_Habitual,Rendimento Médio Habitual,Micro_2251022,Micro 2251022,Raca,Cor ou Raça,Raca,svyglm+regTermTest(LRT),4293454.584896572,"2, 51",5.121178817609848e-4,***,0.00460906093584886,**,163
Taxa_Informalidade,Taxa de Informalidade,Micro_2253011,Micro 2253011,Instrucao_agregado,Grau de Instrução (dicotomizado),Instrucao,svyglm+regTermTest(LRT),34.12951166811075,"1, 123",5.250404999794272e-4,***,0.00102091208329333,**,199
Rendimento_Formal,Rendimento Médio — Setor Formal,"Admin_Resto da UF  (Unidade da Federação, excluindo a região metropolitana e a RIDE)","Resto da UF  (Unidade da Federação, excluindo a região metropolitana e a RIDE)",Sexo,Sexo,Sexo,svyglm+regTermTest(LRT),73839426.15343475,"1, 199",5.277051657521939e-4,***,0.0087071352349112,**,5802
Desalentados_Fora_Forca,Desalentados Fora da Força de Trabalho,"Admin_Resto da UF  (Unidade da Federação, excluindo a região metropolitana e a RIDE)","Resto da UF  (Unidade da Federação, excluindo a região metropolitana e a RIDE)",Instrucao_agregado,Grau de Instrução (dicotomizado),Instrucao,svyglm+regTermTest(LRT),13.97347303174456,"1, 199",5.389320310668198e-4,***,0.00377252421746773,**,3158
Rendimento_Medio_Habitual,Rendimento Médio Habitual,Micro_2210012,Micro 2210012,Instrucao_agregado,Grau de Instrução (dicotomizado),Instrucao,svyglm+regTermTest(LRT),263418993.05119324,"1, 199",5.993954443113233e-4,***,0.00102753504739083,**,636
Percentual_Subremuneracao,Subremuneração (abaixo do salário-mínimo/hora),Micro_2252013,Micro 2252013,Instrucao_agregado,Grau de Instrução (dicotomizado),Instrucao,svyglm+regTermTest(LRT),16.095414464516267,"1, 134",6.022871930321385e-4,***,0.00135514618432231,**,388
Taxa_Informalidade,Taxa de Informalidade,Micro_2252013,Micro 2252013,Instrucao_agregado,Grau de Instrução (dicotomizado),Instrucao,svyglm+regTermTest(LRT),27.403265570273874,"1, 107",6.087434177878561e-4,***,0.00112136945381973,**,171
Taxa_Subocupacao,Subocupação por Insuficiência de Horas,Agreg_Alto Parnaíba e Chapadas Sul do Piauí,Alto Parnaíba e Chapadas Sul do Piauí,Instrucao_agregado,Grau de Instrução (dicotomizado),Instrucao,svyglm+regTermTest(LRT),20.454109675435916,"1, 199",6.216502320488041e-4,***,0.00319705833625099,**,743
Rendimento_Informal,Rendimento Médio — Setor Informal,Agreg_Centro-Leste do Piauí,Centro-Leste do Piauí,Instrucao,Grau de Instrução (detalhado),VD3004,svyglm+regTermTest(LRT),128683072.0632738,"6, 199",6.551899297209653e-4,***,0.00243356259610644,**,512
Taxa_Informalidade,Taxa de Informalidade,Agreg_Alto Parnaíba e Chapadas Sul do Piauí,Alto Parnaíba e Chapadas Sul do Piauí,Sexo,Sexo,Sexo,svyglm+regTermTest(LRT),18.481304282252495,"1, 199",6.835991897775766e-4,***,0.00820319027733092,**,743
Percentual_Subremuneracao,Subremuneração (abaixo do salário-mínimo/hora),Micro_2251022,Micro 2251022,Faixa_Etaria_trabalho,Faixa Etária,Faixa_Etaria_trabalho,svyglm+regTermTest(LRT),2.839267582334813,"2, 51",6.947268068157418e-4,***,0.00500203300907334,**,163
Rendimento_Medio_Habitual,Rendimento Médio Habitual,Micro_2251012,Micro 2251012,Instrucao_agregado,Grau de Instrução (dicotomizado),Instrucao,svyglm+regTermTest(LRT),168715551.2481866,"1, 189",7.491321094196009e-4,***,0.00122585254268661,**,482
Rendimento_Medio_Habitual,Rendimento Médio Habitual,Micro_2253011,Micro 2253011,Faixa_Etaria_trabalho,Faixa Etária,Faixa_Etaria_trabalho,svyglm+regTermTest(LRT),60425576.54116702,"2, 169",7.865837848457554e-4,***,0.00305893694106682,**,465
Proporcao_Ocupados_Escolarizados,Ocupados com Ensino Médio Completo ou Mais,Micro_2253020,Micro 2253020,Faixa_Etaria_trabalho,Faixa Etária,Faixa_Etaria_trabalho,svyglm+regTermTest(LRT),13.354102944899068,"2, 94",7.93411671849153e-4,***,0.00224799973690593,**,121
Motivo_Nao_Procura_NemNem,Motivo de Não Procurar Trabalho (Nem-Nem),Micro_2210011,Micro 2210011,Sexo,Sexo,Sexo,svychisq,5.066363567359246,"3.72535168194889, 275.676024464218",8.207382604989825e-4,***,0.00205184565124745,**,82
Chefes_Familia_Desocupados,Pessoas Responsáveis pelo Domicílio Desocupadas,Zona_Urbana,Zona Urbana,Sexo,Sexo,Sexo,svyglm+regTermTest(LRT),21.920484039189887,"1, 199",8.472705171588757e-4,***,0.00273009388862304,**,305
Rendimento_Medio_Habitual,Rendimento Médio Habitual,Micro_2210030,Micro 2210030,Instrucao,Grau de Instrução (detalhado),VD3004,svyglm+regTermTest(LRT),433617989.1342816,"6, 199",8.92131489404792e-4,***,0.00120437751069646,**,882
Taxa_Subocupacao,Subocupação por Insuficiência de Horas,Micro_2251022,Micro 2251022,Raca,Cor ou Raça,Raca,svyglm+regTermTest(LRT),3.4443555297130644,"2, 31",9.051217444916686e-4,***,0.00678841308368751,**,41
Rendimento_Informal,Rendimento Médio — Setor Informal,Micro_2252012,Micro 2252012,Sexo,Sexo,Sexo,svyglm+regTermTest(LRT),3974155.316122487,"1, 94",9.102267469298966e-4,***,0.00637158722850927,**,122
Desalentados_Fora_Forca,Desalentados Fora da Força de Trabalho,Zona_Rural,Zona Rural,Sexo,Sexo,Sexo,svyglm+regTermTest(LRT),11.410102291813018,"1, 199",9.121343281820028e-4,***,0.00602008656600121,**,2144
Percentual_Subremuneracao,Subremuneração (abaixo do salário-mínimo/hora),Admin_Capital,Capital,Sexo,Sexo,Sexo,svyglm+regTermTest(LRT),11.52873572870658,"1, 199",9.158599309005116e-4,***,0.0164854787562092,*,4334
Percentual_Subremuneracao,Subremuneração (abaixo do salário-mínimo/hora),Agreg_Teresina,Teresina,Sexo,Sexo,Sexo,svyglm+regTermTest(LRT),11.52873572870658,"1, 199",9.158599309005116e-4,***,0.0164854787562092,*,4334
Desalentados_Forca_Ampliada,Desalentados na Força de Trabalho Ampliada,Agreg_Centro-Leste do Piauí,Centro-Leste do Piauí,Faixa_Etaria_trabalho,Faixa Etária,Faixa_Etaria_trabalho,svyglm+regTermTest(LRT),28.393823823057343,"2, 199",9.208499746576154e-4,***,0.00607760983274026,**,2636
Rendimento_Informal,Rendimento Médio — Setor Informal,Micro_2210011,Micro 2210011,Instrucao,Grau de Instrução (detalhado),VD3004,svyglm+regTermTest(LRT),366726835.1324372,"6, 199",9.348513008609476e-4,***,0.00303826672779808,**,345
Rendimento_Medio_Habitual,Rendimento Médio Habitual,Micro_2252020,Micro 2252020,Instrucao_agregado,Grau de Instrução (dicotomizado),Instrucao,svyglm+regTermTest(LRT),21695686.58593288,"1, 199",9.515067868754708e-4,***,0.0014893149707616,**,847
Motivo_Nao_Procura_NemNem,Motivo de Não Procurar Trabalho (Nem-Nem),Micro_2252020,Micro 2252020,Sexo,Sexo,Sexo,svychisq,5.781060250952793,"2.89804875870934, 144.902437935467",0.00106254322627228,**,0.00236120716949395,**,54
Rendimento_Medio_Habitual,Rendimento Médio Habitual,"Admin_Resto da RIDE (Região Integrada de Desenvolvimento Econômico, excluindo a capital)","Resto da RIDE (Região Integrada de Desenvolvimento Econômico, excluindo a capital)",Faixa_Etaria_trabalho,Faixa Etária,Faixa_Etaria_trabalho,svyglm+regTermTest(LRT),20260491.948815823,"2, 199",0.00116237273901992,**,0.00369845871506341,**,1324
Rendimento_Medio_Habitual,Rendimento Médio Habitual,Agreg_Entorno metropolitano de Teresina (PI),Entorno metropolitano de Teresina (PI),Faixa_Etaria_trabalho,Faixa Etária,Faixa_Etaria_trabalho,svyglm+regTermTest(LRT),20260491.948815823,"2, 199",0.00116237273901992,**,0.00369845871506341,**,1324
Desalentados_Fora_Forca,Desalentados Fora da Força de Trabalho,Micro_2252020,Micro 2252020,Sexo,Sexo,Sexo,svyglm+regTermTest(LRT),13.59835768840128,"1, 199",0.00119727802160574,**,0.00658502911883158,**,424
Percentual_Subremuneracao,Subremuneração (abaixo do salário-mínimo/hora),Agreg_Alto Parnaíba e Chapadas Sul do Piauí,Alto Parnaíba e Chapadas Sul do Piauí,Instrucao,Grau de Instrução (detalhado),VD3004,svyglm+regTermTest(LRT),107.81546896832094,"6, 199",0.00123132988366121,**,0.00338615718006832,**,2048
Proporcao_Ocupados_Escolarizados,Ocupados com Ensino Médio Completo ou Mais,Micro_2251012,Micro 2251012,Sexo,Sexo,Sexo,svyglm+regTermTest(LRT),8.814658544565248,"1, 136",0.00125816992004128,**,0.00266435983067566,**,212
Rendimento_Formal,Rendimento Médio — Setor Formal,Micro_2210012,Micro 2210012,Faixa_Etaria_trabalho,Faixa Etária,Faixa_Etaria_trabalho,svyglm+regTermTest(LRT),540543310.2418032,"2, 199",0.00134358944183715,**,0.0034933325487766,**,543
Taxa_Informalidade,Taxa de Informalidade,Admin_Capital,Capital,Faixa_Etaria_trabalho,Faixa Etária,Faixa_Etaria_trabalho,svyglm+regTermTest(LRT),15.995977514540757,"2, 199",0.00141232567427295,**,0.01200476823132008,*,1964
Taxa_Informalidade,Taxa de Informalidade,Agreg_Teresina,Teresina,Faixa_Etaria_trabalho,Faixa Etária,Faixa_Etaria_trabalho,svyglm+regTermTest(LRT),15.995977514540757,"2, 199",0.00141232567427295,**,0.01200476823132008,*,1964
Rendimento_Informal,Rendimento Médio — Setor Informal,Micro_2252020,Micro 2252020,Sexo,Sexo,Sexo,svyglm+regTermTest(LRT),3288656.793541804,"1, 128",0.00143345399177866,**,0.00651937993617843,**,176
Rendimento_Medio_Habitual,Rendimento Médio Habitual,Micro_2210020,Micro 2210020,Sexo,Sexo,Sexo,svyglm+regTermTest(LRT),11515068.399122,"1, 147",0.00143856645276184,**,0.01294709807485658,*,475
Rendimento_Informal,Rendimento Médio — Setor Informal,Admin_Capital,Capital,Sexo,Sexo,Sexo,svyglm+regTermTest(LRT),49137556.921161175,"1, 199",0.00149014398541221,**,0.00651937993617843,**,761
Rendimento_Informal,Rendimento Médio — Setor Informal,Agreg_Teresina,Teresina,Sexo,Sexo,Sexo,svyglm+regTermTest(LRT),49137556.921161175,"1, 199",0.00149014398541221,**,0.00651937993617843,**,761
Taxa_Informalidade,Taxa de Informalidade,Micro_2210012,Micro 2210012,Instrucao_agregado,Grau de Instrução (dicotomizado),Instrucao,svyglm+regTermTest(LRT),11.098509320271262,"1, 177",0.00149061170632256,**,0.00260857048606448,**,304
Rendimento_Informal,Rendimento Médio — Setor Informal,Micro_2210012,Micro 2210012,Faixa_Etaria_trabalho,Faixa Etária,Faixa_Etaria_trabalho,svyglm+regTermTest(LRT),38336689.18855477,"2, 73",0.00155712123804662,**,0.01703071077205314,*,93
Taxa_Subocupacao,Subocupação por Insuficiência de Horas,"Admin_Resto da UF  (Unidade da Federação, excluindo a região metropolitana e a RIDE)","Resto da UF  (Unidade da Federação, excluindo a região metropolitana e a RIDE)",Instrucao,Grau de Instrução (detalhado),VD3004,svyglm+regTermTest(LRT),37.06394160283935,"6, 199",0.00166857206250125,**,0.02836572506252127,*,2543
Rendimento_Medio_Habitual,Rendimento Médio Habitual,Micro_2210012,Micro 2210012,Faixa_Etaria_trabalho,Faixa Etária,Faixa_Etaria_trabalho,svyglm+regTermTest(LRT),477188308.12090874,"2, 199",0.00168724857639355,**,0.00492114168114786,**,636
Rendimento_Medio_Habitual,Rendimento Médio Habitual,Micro_2220010,Micro 2220010,Instrucao_agregado,Grau de Instrução (dicotomizado),Instrucao,svyglm+regTermTest(LRT),49405948.25109148,"1, 199",0.00169212408060868,**,0.00253818612091303,**,723
Rendimento_Formal,Rendimento Médio — Setor Formal,Micro_2254020,Micro 2254020,Faixa_Etaria_trabalho,Faixa Etária,Faixa_Etaria_trabalho,svyglm+regTermTest(LRT),9809504.559650004,"1, 94",0.00170539632668185,**,0.0040309367721571,**,226
Taxa_Nem_Nem,Taxa de Nem-Nem (14 a 29 anos),Admin_Capital,Capital,Sexo,Sexo,Sexo,svyglm+regTermTest(LRT),9.891394670575323,"1, 199",0.00185752862166483,**,0.00926158514534519,**,968
Taxa_Nem_Nem,Taxa de Nem-Nem (14 a 29 anos),Agreg_Teresina,Teresina,Sexo,Sexo,Sexo,svyglm+regTermTest(LRT),9.891394670575323,"1, 199",0.00185752862166483,**,0.00926158514534519,**,968
Percentual_Subremuneracao,Subremuneração (abaixo do salário-mínimo/hora),Micro_2220010,Micro 2220010,Instrucao_agregado,Grau de Instrução (dicotomizado),Instrucao,svyglm+regTermTest(LRT),12.870219498707058,"1, 199",0.00187309965385503,**,0.00396656397286947,**,723
Proporcao_Ocupados_Escolarizados,Ocupados com Ensino Médio Completo ou Mais,Micro_2253012,Micro 2253012,Sexo,Sexo,Sexo,svyglm+regTermTest(LRT),15.191212884793998,"1, 113",0.00192123272837021,**,0.00384246545674042,**,173
Rendimento_Formal,Rendimento Médio — Setor Formal,Zona_Rural,Zona Rural,Instrucao_agregado,Grau de Instrução (dicotomizado),Instrucao,svyglm+regTermTest(LRT),24174838.429822206,"1, 199",0.00193180305069283,**,0.00618176976221706,**,3542
Rendimento_Informal,Rendimento Médio — Setor Informal,Micro_2220020,Micro 2220020,Instrucao_agregado,Grau de Instrução (dicotomizado),Instrucao,svyglm+regTermTest(LRT),6337152.874286085,"1, 88",0.00194805150418425,**,0.0078069285134883,**,113
Taxa_Informalidade,Taxa de Informalidade,Agreg_Baixo Parnaíba do Piauí,Baixo Parnaíba do Piauí,Sexo,Sexo,Sexo,svyglm+regTermTest(LRT),15.009806080476892,"1, 199",0.00199975877292124,**,0.01441586828776755,*,919
Taxa_Informalidade,Taxa de Informalidade,Zona_Urbana,Zona Urbana,Sexo,Sexo,Sexo,svyglm+regTermTest(LRT),10.223704154403094,"1, 199",0.0020022039288566,**,0.01441586828776755,*,3692
Conribuintes_Desocupados,Responsáveis ou Cônjuges Desocupados,Zona_Urbana,Zona Urbana,Sexo,Sexo,Sexo,svyglm+regTermTest(LRT),14.869912914027507,"1, 199",0.00203434078411283,**,0.00900922347249967,**,305
Taxa_Nem_Nem,Taxa de Nem-Nem (14 a 29 anos),Agreg_Alto Parnaíba e Chapadas Sul do Piauí,Alto Parnaíba e Chapadas Sul do Piauí,Sexo,Sexo,Sexo,svyglm+regTermTest(LRT),16.11516946281506,"1, 199",0.00205813003229893,**,0.00926158514534519,**,404
Rendimento_Informal,Rendimento Médio — Setor Informal,"Admin_Resto da UF  (Unidade da Federação, excluindo a região metropolitana e a RIDE)","Resto da UF  (Unidade da Federação, excluindo a região metropolitana e a RIDE)",Faixa_Etaria_trabalho,Faixa Etária,Faixa_Etaria_trabalho,svyglm+regTermTest(LRT),14708570.27732134,"2, 199",0.00207886911121745,**,0.01703071077205314,*,1466
Rendimento_Formal,Rendimento Médio — Setor Formal,Admin_Capital,Capital,Sexo,Sexo,Sexo,svyglm+regTermTest(LRT),374095026.6611634,"1, 199",0.00213196369655334,**,0.01758870049656512,*,3573
Rendimento_Formal,Rendimento Médio — Setor Formal,Agreg_Teresina,Teresina,Sexo,Sexo,Sexo,svyglm+regTermTest(LRT),374095026.6611634,"1, 199",0.00213196369655334,**,0.01758870049656512,*,3573
Taxa_Informalidade,Taxa de Informalidade,Agreg_Baixo Parnaíba do Piauí,Baixo Parnaíba do Piauí,Faixa_Etaria_trabalho,Faixa Etária,Faixa_Etaria_trabalho,svyglm+regTermTest(LRT),17.2210155919297,"2, 199",0.00213608833508614,**,0.01452540067858578,*,919
Rendimento_Informal,Rendimento Médio — Setor Informal,Zona_Urbana,Zona Urbana,Faixa_Etaria_trabalho,Faixa Etária,Faixa_Etaria_trabalho,svyglm+regTermTest(LRT),52478853.10556698,"2, 199",0.00219751106736169,**,0.01703071077205314,*,1617
Motivo_Nao_Procura_NemNem,Motivo de Não Procurar Trabalho (Nem-Nem),Zona_Urbana,Zona Urbana,Instrucao_agregado,Grau de Instrução (dicotomizado),Instrucao,svychisq,4.348463186298223,"3.75512171806034, 747.269221894009",0.0022354823369456,**,0.04247416440196654,*,377
Taxa_Informalidade,Taxa de Informalidade,Micro_2220020,Micro 2220020,Instrucao_agregado,Grau de Instrução (dicotomizado),Instrucao,svyglm+regTermTest(LRT),13.308446364411395,"1, 108",0.00227218820518864,**,0.00378698034198107,**,155
Rendimento_Informal,Rendimento Médio — Setor Informal,"Admin_Resto da RIDE (Região Integrada de Desenvolvimento Econômico, excluindo a capital)","Resto da RIDE (Região Integrada de Desenvolvimento Econômico, excluindo a capital)",Instrucao_agregado,Grau de Instrução (dicotomizado),Instrucao,svyglm+regTermTest(LRT),19963335.90998593,"1, 199",0.0024152347509922,**,0.0078069285134883,**,258
Rendimento_Informal,Rendimento Médio — Setor Informal,Agreg_Entorno metropolitano de Teresina (PI),Entorno metropolitano de Teresina (PI),Instrucao_agregado,Grau de Instrução (dicotomizado),Instrucao,svyglm+regTermTest(LRT),19963335.90998593,"1, 199",0.0024152347509922,**,0.0078069285134883,**,258
Rendimento_Informal,Rendimento Médio — Setor Informal,Agreg_Baixo Parnaíba do Piauí,Baixo Parnaíba do Piauí,Instrucao,Grau de Instrução (detalhado),VD3004,svyglm+regTermTest(LRT),24865904.96989447,"6, 199",0.00241783118771316,**,0.00698484565339357,**,559
Rendimento_Informal,Rendimento Médio — Setor Informal,Micro_2210013,Micro 2210013,Instrucao_agregado,Grau de Instrução (dicotomizado),Instrucao,svyglm+regTermTest(LRT),58460461.04304838,"1, 55",0.00245360610423918,**,0.0078069285134883,**,75
Taxa_Desocupacao,Taxa de Desocupação,"Admin_Resto da UF  (Unidade da Federação, excluindo a região metropolitana e a RIDE)","Resto da UF  (Unidade da Federação, excluindo a região metropolitana e a RIDE)",Instrucao,Grau de Instrução (detalhado),VD3004,svyglm+regTermTest(LRT),41.69353740211977,"6, 199",0.00273166424026057,**,0.04916995632469034,*,2762
Rendimento_Formal,Rendimento Médio — Setor Formal,Micro_2252012,Micro 2252012,Sexo,Sexo,Sexo,svyglm+regTermTest(LRT),58413545.23099792,"1, 170",0.00275947945431109,**,0.01821256439845322,*,400
Rendimento_Formal,Rendimento Médio — Setor Formal,Micro_2252020,Micro 2252020,Instrucao,Grau de Instrução (detalhado),VD3004,svyglm+regTermTest(LRT),26230750.61759539,"5, 199",0.00278065018471384,**,0.00333678022165661,**,671
Percentual_Subremuneracao,Subremuneração (abaixo do salário-mínimo/hora),Micro_2210011,Micro 2210011,Instrucao_agregado,Grau de Instrução (dicotomizado),Instrucao,svyglm+regTermTest(LRT),16.713099294158837,"1, 199",0.00281472975909521,**,0.00562945951819042,**,1931
Rendimento_Informal,Rendimento Médio — Setor Informal,Micro_2210011,Micro 2210011,Sexo,Sexo,Sexo,svyglm+regTermTest(LRT),19047394.58967781,"1, 199",0.00282352753871437,**,0.01098038487277813,*,345
Taxa_Subocupacao,Subocupação por Insuficiência de Horas,Micro_2251011,Micro 2251011,Faixa_Etaria_trabalho,Faixa Etária,Faixa_Etaria_trabalho,svyglm+regTermTest(LRT),9.802171504168598,"2, 129",0.00285739490597788,**,0.04286092358966822,*,198
Rendimento_Medio_Habitual,Rendimento Médio Habitual,Micro_2252013,Micro 2252013,Raca,Cor ou Raça,Raca,svyglm+regTermTest(LRT),59286957.54855251,"2, 134",0.00301578031573544,**,0.0202839220763201,*,388
Rendimento_Medio_Habitual,Rendimento Médio Habitual,Micro_2251012,Micro 2251012,Instrucao,Grau de Instrução (detalhado),VD3004,svyglm+regTermTest(LRT),629631988.8119864,"6, 189",0.00307290484696352,**,0.00395087766038168,**,482
Rendimento_Informal,Rendimento Médio — Setor Informal,Agreg_Alto Parnaíba e Chapadas Sul do Piauí,Alto Parnaíba e Chapadas Sul do Piauí,Instrucao_agregado,Grau de Instrução (dicotomizado),Instrucao,svyglm+regTermTest(LRT),23577145.16408235,"1, 199",0.00318779969715958,**,0.00913247239348238,**,395
Rendimento_Informal,Rendimento Médio — Setor Informal,Zona_Urbana,Zona Urbana,Sexo,Sexo,Sexo,svyglm+regTermTest(LRT),29813696.128477097,"1, 199",0.00327812830340357,**,0.01147344906191251,*,1617
Motivo_Nao_Inicio_NemNem,Motivo de Não Iniciar Trabalho (Nem-Nem),Agreg_Baixo Parnaíba do Piauí,Baixo Parnaíba do Piauí,Sexo,Sexo,Sexo,svychisq,5.55002956795002,"2.18741286627214, 266.864369685201",0.00331188512941244,**,0.00662377025882488,**,134
Percentual_Subremuneracao,Subremuneração (abaixo do salário-mínimo/hora),Micro_2251013,Micro 2251013,Sexo,Sexo,Sexo,svyglm+regTermTest(LRT),3.2581701113516317,"1, 152",0.00337000462276575,**,0.04044005547318909,*,408
Rendimento_Informal,Rendimento Médio — Setor Informal,Micro_2210012,Micro 2210012,Instrucao_agregado,Grau de Instrução (dicotomizado),Instrucao,svyglm+regTermTest(LRT),38899275.29195464,"1, 73",0.00339206117472202,**,0.00913247239348238,**,93
Taxa_Informalidade,Taxa de Informalidade,Agreg_Baixo Parnaíba do Piauí,Baixo Parnaíba do Piauí,Instrucao,Grau de Instrução (detalhado),VD3004,svyglm+regTermTest(LRT),280.0475626787156,"6, 199",0.00347020946551311,**,0.0123936052339754,*,919
Taxa_Desocupacao,Taxa de Desocupação,Micro_2251020,Micro 2251020,Faixa_Etaria_trabalho,Faixa Etária,Faixa_Etaria_trabalho,svyglm+regTermTest(LRT),7.290573249466973,"2, 175",0.00347390872800916,**,0.01476411209403896,*,256
Rendimento_Formal,Rendimento Médio — Setor Formal,Micro_2210011,Micro 2210011,Instrucao_agregado,Grau de Instrução (dicotomizado),Instrucao,svyglm+regTermTest(LRT),181137045.7175407,"1, 199",0.00349608214565847,**,0.0101704207873701,*,1586
Desalentados_Fora_Forca,Desalentados Fora da Força de Trabalho,Micro_2252020,Micro 2252020,Instrucao_agregado,Grau de Instrução (dicotomizado),Instrucao,svyglm+regTermTest(LRT),6.801029797061517,"1, 199",0.00365503495512171,**,0.02132103723821001,*,424
Rendimento_Medio_Habitual,Rendimento Médio Habitual,"Admin_Resto da UF  (Unidade da Federação, excluindo a região metropolitana e a RIDE)","Resto da UF  (Unidade da Federação, excluindo a região metropolitana e a RIDE)",Raca,Cor ou Raça,Raca,svyglm+regTermTest(LRT),148598289.88516235,"3, 199",0.0037562818659852,**,0.0202839220763201,*,7268
Desalentados_Forca_Ampliada,Desalentados na Força de Trabalho Ampliada,Micro_2252022,Micro 2252022,Instrucao_agregado,Grau de Instrução (dicotomizado),Instrucao,svyglm+regTermTest(LRT),0.4116325702637021,"1, 39",0.00390443376113453,**,0.04425024929285807,*,110
Motivo_Desistencia_Desalentado,Motivo da Desistência (Desalentados),Micro_2251011,Micro 2251011,Raca,Cor ou Raça,Raca,svychisq,7.133977383143708,"1.90728873971299, 24.7947536162688",0.00397424843184152,**,0.0397424843184152,*,15
Rendimento_Medio_Habitual,Rendimento Médio Habitual,Micro_2210030,Micro 2210030,Sexo,Sexo,Sexo,svyglm+regTermTest(LRT),28833065.79350996,"1, 199",0.00399276344654092,**,0.02874789681509468,*,882
Rendimento_Formal,Rendimento Médio — Setor Formal,Agreg_Centro-Leste do Piauí,Centro-Leste do Piauí,Sexo,Sexo,Sexo,svyglm+regTermTest(LRT),45212326.066578865,"1, 199",0.00420408580559202,**,0.02312247193075612,*,2124
Taxa_Informalidade,Taxa de Informalidade,"Admin_Resto da RIDE (Região Integrada de Desenvolvimento Econômico, excluindo a capital)","Resto da RIDE (Região Integrada de Desenvolvimento Econômico, excluindo a capital)",Instrucao_agregado,Grau de Instrução (dicotomizado),Instrucao,svyglm+regTermTest(LRT),33.24378414510045,"1, 199",0.0042296775537154,**,0.0064364658426104,**,454
Taxa_Informalidade,Taxa de Informalidade,Agreg_Entorno metropolitano de Teresina (PI),Entorno metropolitano de Teresina (PI),Instrucao_agregado,Grau de Instrução (dicotomizado),Instrucao,svyglm+regTermTest(LRT),33.24378414510045,"1, 199",0.0042296775537154,**,0.0064364658426104,**,454
Motivo_Nao_Procura_NemNem,Motivo de Não Procurar Trabalho (Nem-Nem),Micro_2251020,Micro 2251020,Sexo,Sexo,Sexo,svychisq,4.769628107814732,"2.74818594171138, 151.150226794126",0.00433436698093983,**,0.00866873396187967,**,60
Proporcao_Ocupados_Escolarizados,Ocupados com Ensino Médio Completo ou Mais,Micro_2252011,Micro 2252011,Sexo,Sexo,Sexo,svyglm+regTermTest(LRT),10.071005807806046,"1, 131",0.00438596140722464,**,0.00831024266632038,**,209
Taxa_Subocupacao,Subocupação por Insuficiência de Horas,Micro_2252021,Micro 2252021,Faixa_Etaria_trabalho,Faixa Etária,Faixa_Etaria_trabalho,svyglm+regTermTest(LRT),5.357977682783876,"2, 34",0.00451074764126636,**,0.0451074764126636,*,55
Rendimento_Informal,Rendimento Médio — Setor Informal,Micro_2251011,Micro 2251011,Sexo,Sexo,Sexo,svyglm+regTermTest(LRT),8999491.730689332,"1, 80",0.00466263903296521,**,0.01483566965034387,*,104
Desalentados_Fora_Forca,Desalentados Fora da Força de Trabalho,Agreg_Baixo Parnaíba do Piauí,Baixo Parnaíba do Piauí,Sexo,Sexo,Sexo,svyglm+regTermTest(LRT),17.71914758618641,"1, 199",0.00466764455729828,**,0.02200461005583474,*,1113
Rendimento_Medio_Habitual,Rendimento Médio Habitual,Micro_2252013,Micro 2252013,Instrucao_agregado,Grau de Instrução (dicotomizado),Instrucao,svyglm+regTermTest(LRT),133009885.30568445,"1, 134",0.00468298985547413,**,0.00674350539188275,**,388
Proporcao_Ocupados_Escolarizados,Ocupados com Ensino Médio Completo ou Mais,Micro_2251022,Micro 2251022,Raca,Cor ou Raça,Raca,svyglm+regTermTest(LRT),3.8513976047833367,"2, 31",0.0046973644422585,**,0.05323679701226307,ns,41
Taxa_Desocupacao,Taxa de Desocupação,Agreg_Alto Parnaíba e Chapadas Sul do Piauí,Alto Parnaíba e Chapadas Sul do Piauí,Faixa_Etaria_trabalho,Faixa Etária,Faixa_Etaria_trabalho,svyglm+regTermTest(LRT),21.619214211356052,"2, 199",0.00479632525566526,**,0.01811945096584654,*,825
Rendimento_Informal,Rendimento Médio — Setor Informal,Agreg_Alto Parnaíba e Chapadas Sul do Piauí,Alto Parnaíba e Chapadas Sul do Piauí,Faixa_Etaria_trabalho,Faixa Etária,Faixa_Etaria_trabalho,svyglm+regTermTest(LRT),15763124.659074008,"2, 199",0.00491752167241706,**,0.03048863436898578,*,395
Taxa_Subocupacao,Subocupação por Insuficiência de Horas,Zona_Urbana,Zona Urbana,Instrucao,Grau de Instrução (detalhado),VD3004,svyglm+regTermTest(LRT),85.63120020995075,"6, 199",0.00497466278673792,**,0.04228463368727236,*,3692
Rendimento_Medio_Habitual,Rendimento Médio Habitual,Micro_2252012,Micro 2252012,Sexo,Sexo,Sexo,svyglm+regTermTest(LRT),34375820.12564731,"1, 192",0.00501626279350757,**,0.03009757676104544,*,522
Motivo_Nao_Inicio_NemNem,Motivo de Não Iniciar Trabalho (Nem-Nem),Agreg_Baixo Parnaíba do Piauí,Baixo Parnaíba do Piauí,Raca,Cor ou Raça,Raca,svychisq,3.393055359338057,"4.94375320195586, 603.137890638615",0.00512886012120958,**,0.0181673803798106,*,134
Rendimento_Medio_Habitual,Rendimento Médio Habitual,Micro_2210030,Micro 2210030,Faixa_Etaria_trabalho,Faixa Etária,Faixa_Etaria_trabalho,svyglm+regTermTest(LRT),46070937.05505943,"2, 199",0.00522104338775982,**,0.01391509737766006,*,882
Rendimento_Informal,Rendimento Médio — Setor Informal,Micro_2253012,Micro 2253012,Instrucao_agregado,Grau de Instrução (dicotomizado),Instrucao,svyglm+regTermTest(LRT),12528420.542518646,"1, 63",0.0053556684972937,**,0.01338917124323425,*,74
Rendimento_Formal,Rendimento Médio — Setor Formal,Micro_2253011,Micro 2253011,Faixa_Etaria_trabalho,Faixa Etária,Faixa_Etaria_trabalho,svyglm+regTermTest(LRT),40785405.60665202,"2, 160",0.00550785067748633,**,0.01193367646788706,*,383
Motivo_Nao_Procura_NemNem,Motivo de Não Procurar Trabalho (Nem-Nem),Agreg_Baixo Parnaíba do Piauí,Baixo Parnaíba do Piauí,Sexo,Sexo,Sexo,svychisq,4.151755816128038,"3.15800898176198, 385.277095774962",0.00562854166275746,**,0.01023371211410447,*,134
Rendimento_Formal,Rendimento Médio — Setor Formal,Micro_2253020,Micro 2253020,Raca,Cor ou Raça,Raca,svyglm+regTermTest(LRT),55097482.44856349,"2, 161",0.0056346073419381,**,0.0647979844322882,ns,395
Proporcao_Ocupados_Escolarizados,Ocupados com Ensino Médio Completo ou Mais,Micro_2251013,Micro 2251013,Sexo,Sexo,Sexo,svyglm+regTermTest(LRT),9.402602258308235,"1, 100",0.00563898652946452,**,0.01015017575303614,*,145
Rendimento_Informal,Rendimento Médio — Setor Informal,Agreg_Alto Parnaíba e Chapadas Sul do Piauí,Alto Parnaíba e Chapadas Sul do Piauí,Instrucao,Grau de Instrução (detalhado),VD3004,svyglm+regTermTest(LRT),87385117.51245332,"6, 199",0.00568348800827851,**,0.01477706882152414,*,395
Rendimento_Medio_Habitual,Rendimento Médio Habitual,Micro_2253020,Micro 2253020,Faixa_Etaria_trabalho,Faixa Etária,Faixa_Etaria_trabalho,svyglm+regTermTest(LRT),11671589.901981056,"2, 169",0.00572585076630296,**,0.01391509737766006,*,474
Rendimento_Medio_Habitual,Rendimento Médio Habitual,Micro_2253011,Micro 2253011,Instrucao_agregado,Grau de Instrução (dicotomizado),Instrucao,svyglm+regTermTest(LRT),72033676.55500484,"1, 169",0.00586213564322373,**,0.00811680319830978,**,465
Rendimento_Medio_Habitual,Rendimento Médio Habitual,Micro_2210013,Micro 2210013,Faixa_Etaria_trabalho,Faixa Etária,Faixa_Etaria_trabalho,svyglm+regTermTest(LRT),494539445.82005405,"2, 145",0.00596361316185431,**,0.01391509737766006,*,410
Rendimento_Medio_Habitual,Rendimento Médio Habitual,Micro_2252013,Micro 2252013,Instrucao,Grau de Instrução (detalhado),VD3004,svyglm+regTermTest(LRT),352769965.4302672,"6, 134",0.00597002247114165,**,0.00732684576003748,**,388
Rendimento_Informal,Rendimento Médio — Setor Informal,Micro_2210030,Micro 2210030,Instrucao_agregado,Grau de Instrução (dicotomizado),Instrucao,svyglm+regTermTest(LRT),3412283.5209975243,"1, 125",0.00599502165127511,**,0.01398838385297527,*,161
Taxa_Nem_Nem,Taxa de Nem-Nem (14 a 29 anos),Micro_2252020,Micro 2252020,Sexo,Sexo,Sexo,svyglm+regTermTest(LRT),9.671213638604344,"1, 126",0.00600825616617404,**,0.02403302466469619,*,173
Motivo_Desistencia_Desalentado,Motivo da Desistência (Desalentados),Micro_2251012,Micro 2251012,Sexo,Sexo,Sexo,svychisq,10.993091009968806,"1, 12",0.00616036160895053,**,0.08624506252530754,ns,17
Rendimento_Formal,Rendimento Médio — Setor Formal,Micro_2210012,Micro 2210012,Sexo,Sexo,Sexo,svyglm+regTermTest(LRT),253989119.08097267,"1, 199",0.0061744371500269,**,0.02910806085012681,*,543
Desalentados_Forca_Ampliada,Desalentados na Força de Trabalho Ampliada,Zona_Rural,Zona Rural,Instrucao_agregado,Grau de Instrução (dicotomizado),Instrucao,svyglm+regTermTest(LRT),8.189722370686468,"1, 199",0.00650948922009782,**,0.05533065837083152,ns,4410
Percentual_Subremuneracao,Subremuneração (abaixo do salário-mínimo/hora),Micro_2220020,Micro 2220020,Instrucao_agregado,Grau de Instrução (dicotomizado),Instrucao,svyglm+regTermTest(LRT),13.733131686459558,"1, 199",0.00660308851698427,**,0.0125111150848123,*,601
Taxa_Informalidade,Taxa de Informalidade,Micro_2253011,Micro 2253011,Sexo,Sexo,Sexo,svyglm+regTermTest(LRT),5.881375112569003,"1, 123",0.00675838991894003,**,0.04010789946661618,*,199
Proporcao_Ocupados_Escolarizados,Ocupados com Ensino Médio Completo ou Mais,Micro_2253011,Micro 2253011,Sexo,Sexo,Sexo,svyglm+regTermTest(LRT),7.415056122114208,"1, 123",0.00684698406056547,**,0.01173768696096937,*,199
Motivo_Nao_Inicio_NemNem,Motivo de Não Iniciar Trabalho (Nem-Nem),Zona_Rural,Zona Rural,Raca,Cor ou Raça,Raca,svychisq,2.7841515059988415,"6.92954012440833, 1378.97848475726",0.00726695215192424,**,0.0181673803798106,*,287
Rendimento_Formal,Rendimento Médio — Setor Formal,Agreg_Alto Parnaíba e Chapadas Sul do Piauí,Alto Parnaíba e Chapadas Sul do Piauí,Instrucao_agregado,Grau de Instrução (dicotomizado),Instrucao,svyglm+regTermTest(LRT),64878556.103461266,"1, 199",0.0073004793806992,**,0.01946794501519786,*,1653
Rendimento_Medio_Habitual,Rendimento Médio Habitual,Micro_2210012,Micro 2210012,Sexo,Sexo,Sexo,svyglm+regTermTest(LRT),164258949.9416294,"1, 199",0.0074950106235418,**,0.03854576892107216,*,636
Rendimento_Informal,Rendimento Médio — Setor Informal,"Admin_Resto da UF  (Unidade da Federação, excluindo a região metropolitana e a RIDE)","Resto da UF  (Unidade da Federação, excluindo a região metropolitana e a RIDE)",Sexo,Sexo,Sexo,svyglm+regTermTest(LRT),15174866.9631536,"1, 199",0.00765200842880975,**,0.02231835791736179,*,1466
Rendimento_Medio_Habitual,Rendimento Médio Habitual,Micro_2210020,Micro 2210020,Instrucao,Grau de Instrução (detalhado),VD3004,svyglm+regTermTest(LRT),122422224.24113403,"6, 147",0.00776952544768432,**,0.0091207472646729,**,475
Taxa_Informalidade,Taxa de Informalidade,Micro_2251020,Micro 2251020,Sexo,Sexo,Sexo,svyglm+regTermTest(LRT),6.657287856705864,"1, 162",0.00779875822961981,**,0.04010789946661618,*,231
Taxa_Informalidade,Taxa de Informalidade,Agreg_Alto Parnaíba e Chapadas Sul do Piauí,Alto Parnaíba e Chapadas Sul do Piauí,Instrucao,Grau de Instrução (detalhado),VD3004,svyglm+regTermTest(LRT),212.03589737740003,"6, 199",0.00786993910448531,**,0.02459355970151661,*,743
Desalentados_Fora_Forca,Desalentados Fora da Força de Trabalho,Micro_2253020,Micro 2253020,Instrucao_agregado,Grau de Instrução (dicotomizado),Instrucao,svyglm+regTermTest(LRT),6.313640436913801,"1, 142",0.00801665270238454,**,0.0400832635119227,*,245
Rendimento_Informal,Rendimento Médio — Setor Informal,Micro_2251013,Micro 2251013,Instrucao_agregado,Grau de Instrução (dicotomizado),Instrucao,svyglm+regTermTest(LRT),4939027.616919279,"1, 65",0.00803298981892382,**,0.01681447602193242,*,82
Proporcao_Ocupados_Escolarizados,Ocupados com Ensino Médio Completo ou Mais,Micro_2210013,Micro 2210013,Sexo,Sexo,Sexo,svyglm+regTermTest(LRT),4.808842465723785,"1, 120",0.00807083042844782,**,0.01320681342836917,*,210
Rendimento_Informal,Rendimento Médio — Setor Informal,Micro_2251012,Micro 2251012,Instrucao_agregado,Grau de Instrução (dicotomizado),Instrucao,svyglm+regTermTest(LRT),27067881.445890307,"1, 79",0.00816703121065289,**,0.01681447602193242,*,105
Taxa_Nem_Nem,Taxa de Nem-Nem (14 a 29 anos),"Admin_Resto da RIDE (Região Integrada de Desenvolvimento Econômico, excluindo a capital)","Resto da RIDE (Região Integrada de Desenvolvimento Econômico, excluindo a capital)",Sexo,Sexo,Sexo,svyglm+regTermTest(LRT),9.475825148004276,"1, 199",0.00818527608695551,**,0.02645136114834205,*,287
Taxa_Nem_Nem,Taxa de Nem-Nem (14 a 29 anos),Agreg_Entorno metropolitano de Teresina (PI),Entorno metropolitano de Teresina (PI),Sexo,Sexo,Sexo,svyglm+regTermTest(LRT),9.475825148004276,"1, 199",0.00818527608695551,**,0.02645136114834205,*,287
Rendimento_Formal,Rendimento Médio — Setor Formal,Agreg_Baixo Parnaíba do Piauí,Baixo Parnaíba do Piauí,Sexo,Sexo,Sexo,svyglm+regTermTest(LRT),27448382.034435987,"1, 199",0.00847453481760212,**,0.03495745612260878,*,2025
Percentual_Subremuneracao,Subremuneração (abaixo do salário-mínimo/hora),Agreg_Baixo Parnaíba do Piauí,Baixo Parnaíba do Piauí,Faixa_Etaria_trabalho,Faixa Etária,Faixa_Etaria_trabalho,svyglm+regTermTest(LRT),17.783830849439482,"2, 199",0.00865693964961909,**,0.04522981688999542,*,2584
Rendimento_Formal,Rendimento Médio — Setor Formal,Micro_2210013,Micro 2210013,Raca,Cor ou Raça,Raca,svyglm+regTermTest(LRT),405052562.7461443,"2, 135",0.00867235771552483,**,0.0664880758190237,ns,335
Rendimento_Medio_Habitual,Rendimento Médio Habitual,Micro_2254020,Micro 2254020,Instrucao_agregado,Grau de Instrução (dicotomizado),Instrucao,svyglm+regTermTest(LRT),6232853.409713715,"1, 104",0.00877503702768943,**,0.01170004937025258,*,320
Percentual_Subremuneracao,Subremuneração (abaixo do salário-mínimo/hora),Micro_2210011,Micro 2210011,Faixa_Etaria_trabalho,Faixa Etária,Faixa_Etaria_trabalho,svyglm+regTermTest(LRT),16.99208696243113,"2, 199",0.0087946866174991,**,0.04522981688999542,*,1931
Taxa_Nem_Nem,Taxa de Nem-Nem (14 a 29 anos),Agreg_Baixo Parnaíba do Piauí,Baixo Parnaíba do Piauí,Sexo,Sexo,Sexo,svyglm+regTermTest(LRT),12.217759503341313,"1, 199",0.00881712038278068,**,0.02645136114834205,*,555
Chefes_Familia_Desocupados,Pessoas Responsáveis pelo Domicílio Desocupadas,Zona_Urbana,Zona Urbana,Instrucao_agregado,Grau de Instrução (dicotomizado),Instrucao,svyglm+regTermTest(LRT),10.533224080586592,"1, 199",0.00899508573286786,**,0.02998361910955955,*,305
Chefes_Familia_Desocupados,Pessoas Responsáveis pelo Domicílio Desocupadas,Agreg_Centro-Leste do Piauí,Centro-Leste do Piauí,Faixa_Etaria_trabalho,Faixa Etária,Faixa_Etaria_trabalho,svyglm+regTermTest(LRT),9.896738895013172,"1, 71",0.00927192506529604,**,0.02008917097480808,*,81
Taxa_Informalidade,Taxa de Informalidade,Micro_2253020,Micro 2253020,Instrucao_agregado,Grau de Instrução (dicotomizado),Instrucao,svyglm+regTermTest(LRT),15.79279358372105,"1, 94",0.00938038436644195,**,0.01367972720106118,*,121
Percentual_Subremuneracao,Subremuneração (abaixo do salário-mínimo/hora),Micro_2210012,Micro 2210012,Sexo,Sexo,Sexo,svyglm+regTermTest(LRT),2.9451183963130347,"1, 199",0.00940838651211813,**,0.08467547860906324,ns,636
Rendimento_Formal,Rendimento Médio — Setor Formal,Micro_2210030,Micro 2210030,Faixa_Etaria_trabalho,Faixa Etária,Faixa_Etaria_trabalho,svyglm+regTermTest(LRT),38580383.04426336,"2, 199",0.00950139949950476,**,0.01900279899900953,*,721
Motivo_Desistencia_Desalentado,Motivo da Desistência (Desalentados),Micro_2251011,Micro 2251011,Instrucao_agregado,Grau de Instrução (dicotomizado),Instrucao,svychisq,9.218552145646743,"1, 13",0.00955008960439756,**,0.07703258507050188,ns,15
Percentual_Subremuneracao,Subremuneração (abaixo do salário-mínimo/hora),Agreg_Baixo Parnaíba do Piauí,Baixo Parnaíba do Piauí,Instrucao,Grau de Instrução (detalhado),VD3004,svyglm+regTermTest(LRT),159.66790375115193,"6, 199",0.00957523188544644,**,0.02340612238664687,*,2584
Motivo_Desistencia_Desalentado,Motivo da Desistência (Desalentados),Micro_2251022,Micro 2251022,Instrucao_agregado,Grau de Instrução (dicotomizado),Instrucao,svychisq,10.185877793700346,"1, 10",0.00962907313381273,**,0.07703258507050188,ns,15
Rendimento_Informal,Rendimento Médio — Setor Informal,Micro_2210011,Micro 2210011,Instrucao_agregado,Grau de Instrução (dicotomizado),Instrucao,svyglm+regTermTest(LRT),41783124.20647216,"1, 199",0.00969342907180576,**,0.01884833430628899,*,345
Proporcao_Ocupados_Escolarizados,Ocupados com Ensino Médio Completo ou Mais,Micro_2252012,Micro 2252012,Raca,Cor ou Raça,Raca,svyglm+regTermTest(LRT),9.088927644795774,"2, 145",0.00981631354938339,**,0.08343866516975887,ns,222
Rendimento_Medio_Habitual,Rendimento Médio Habitual,Micro_2253010,Micro 2253010,Faixa_Etaria_trabalho,Faixa Etária,Faixa_Etaria_trabalho,svyglm+regTermTest(LRT),54644172.1589967,"2, 48",0.00992100925250764,**,0.02170220773986046,*,152
Taxa_Informalidade,Taxa de Informalidade,"Admin_Resto da RIDE (Região Integrada de Desenvolvimento Econômico, excluindo a capital)","Resto da RIDE (Região Integrada de Desenvolvimento Econômico, excluindo a capital)",Raca,Cor ou Raça,Raca,svyglm+regTermTest(LRT),13.886209749738214,"2, 199",0.00993807709212896,**,0.11263154037746162,ns,454
Taxa_Informalidade,Taxa de Informalidade,Agreg_Entorno metropolitano de Teresina (PI),Entorno metropolitano de Teresina (PI),Raca,Cor ou Raça,Raca,svyglm+regTermTest(LRT),13.886209749738214,"2, 199",0.00993807709212896,**,0.11263154037746162,ns,454
Taxa_Desocupacao,Taxa de Desocupação,Micro_2210030,Micro 2210030,Faixa_Etaria_trabalho,Faixa Etária,Faixa_Etaria_trabalho,svyglm+regTermTest(LRT),10.334613285208064,"2, 199",0.01010485291190331,*,0.03435649990047128,*,412
Desalentados_Fora_Forca,Desalentados Fora da Força de Trabalho,Agreg_Baixo Parnaíba do Piauí,Baixo Parnaíba do Piauí,Instrucao_agregado,Grau de Instrução (dicotomizado),Instrucao,svyglm+regTermTest(LRT),7.820218541198642,"1, 199",0.01036480906785098,*,0.04534603967184807,*,1113
Desalentados_Forca_Ampliada,Desalentados na Força de Trabalho Ampliada,Micro_2252020,Micro 2252020,Instrucao_agregado,Grau de Instrução (dicotomizado),Instrucao,svyglm+regTermTest(LRT),5.789508209078974,"1, 199",0.01054031264820374,*,0.07167412600778544,ns,847
Rendimento_Formal,Rendimento Médio — Setor Formal,Micro_2251013,Micro 2251013,Instrucao_agregado,Grau de Instrução (dicotomizado),Instrucao,svyglm+regTermTest(LRT),9315894.302084744,"1, 142",0.01137106792441345,*,0.02799032104471004,*,326
Proporcao_Ocupados_Escolarizados,Ocupados com Ensino Médio Completo ou Mais,Micro_2220010,Micro 2220010,Sexo,Sexo,Sexo,svyglm+regTermTest(LRT),6.127860969427331,"1, 179",0.01163958535359384,*,0.01821848142301645,*,299
Rendimento_Informal,Rendimento Médio — Setor Informal,Micro_2210030,Micro 2210030,Sexo,Sexo,Sexo,svyglm+regTermTest(LRT),7542583.43514286,"1, 125",0.0116889300187559,*,0.03147019620434282,*,161
Taxa_Informalidade,Taxa de Informalidade,Micro_2210013,Micro 2210013,Instrucao_agregado,Grau de Instrução (dicotomizado),Instrucao,svyglm+regTermTest(LRT),23.783043476555747,"1, 120",0.01176753755199153,*,0.01647455257278814,*,210
Taxa_Desocupacao,Taxa de Desocupação,Zona_Urbana,Zona Urbana,Instrucao,Grau de Instrução (detalhado),VD3004,svyglm+regTermTest(LRT),69.06424804910648,"6, 199",0.01187554527483254,*,0.10687990747349292,ns,3997
Taxa_Desocupacao,Taxa de Desocupação,Micro_2210020,Micro 2210020,Sexo,Sexo,Sexo,svyglm+regTermTest(LRT),4.817004208081869,"1, 111",0.01322730435388055,*,0.10071102916497213,ns,182
Rendimento_Formal,Rendimento Médio — Setor Formal,Micro_2253012,Micro 2253012,Sexo,Sexo,Sexo,svyglm+regTermTest(LRT),89997447.08747268,"1, 151",0.01341742883160191,*,0.04919723904920699,*,354
Rendimento_Formal,Rendimento Médio — Setor Formal,Micro_2252013,Micro 2252013,Instrucao_agregado,Grau de Instrução (dicotomizado),Instrucao,svyglm+regTermTest(LRT),40671174.07397878,"1, 118",0.013866396332841,*,0.03169462018935085,*,288
Rendimento_Medio_Habitual,Rendimento Médio Habitual,Micro_2210011,Micro 2210011,Sexo,Sexo,Sexo,svyglm+regTermTest(LRT),213911467.18031693,"1, 199",0.01393936439880211,*,0.06272713979460952,ns,1931
Taxa_Desocupacao,Taxa de Desocupação,Micro_2220020,Micro 2220020,Faixa_Etaria_trabalho,Faixa Etária,Faixa_Etaria_trabalho,svyglm+regTermTest(LRT),6.325842045104849,"2, 127",0.01413886910171874,*,0.0437019590416761,*,194
Motivo_Nao_Procura_NemNem,Motivo de Não Procurar Trabalho (Nem-Nem),"Admin_Resto da UF  (Unidade da Federação, excluindo a região metropolitana e a RIDE)","Resto da UF  (Unidade da Federação, excluindo a região metropolitana e a RIDE)",Raca,Cor ou Raça,Raca,svychisq,2.3902346362501263,"8.10729882532106, 1613.35246623889",0.01416954580433904,*,0.0969415626490719,ns,406
Taxa_Informalidade,Taxa de Informalidade,Micro_2210020,Micro 2210020,Instrucao_agregado,Grau de Instrução (dicotomizado),Instrucao,svyglm+regTermTest(LRT),10.12762966801239,"1, 107",0.0141765109558157,*,0.01908376474821345,*,163
Taxa_Desocupacao,Taxa de Desocupação,Admin_Capital,Capital,Sexo,Sexo,Sexo,svyglm+regTermTest(LRT),6.85942676399668,"1, 199",0.0143872898807103,*,0.10071102916497213,ns,2128
Taxa_Desocupacao,Taxa de Desocupação,Agreg_Teresina,Teresina,Sexo,Sexo,Sexo,svyglm+regTermTest(LRT),6.85942676399668,"1, 199",0.0143872898807103,*,0.10071102916497213,ns,2128
Percentual_Subremuneracao,Subremuneração (abaixo do salário-mínimo/hora),Zona_Rural,Zona Rural,Sexo,Sexo,Sexo,svyglm+regTermTest(LRT),12.254595691512122,"1, 199",0.01517079411069263,*,0.109229717596987,ns,4410
Rendimento_Formal,Rendimento Médio — Setor Formal,Micro_2210012,Micro 2210012,Instrucao_agregado,Grau de Instrução (dicotomizado),Instrucao,svyglm+regTermTest(LRT),110071094.0646248,"1, 199",0.0151748121211315,*,0.03237293252508053,*,543
Motivo_Nao_Procura_NemNem,Motivo de Não Procurar Trabalho (Nem-Nem),"Admin_Resto da UF  (Unidade da Federação, excluindo a região metropolitana e a RIDE)","Resto da UF  (Unidade da Federação, excluindo a região metropolitana e a RIDE)",Instrucao_agregado,Grau de Instrução (dicotomizado),Instrucao,svychisq,3.0951925306855657,"3.99383435078668, 794.773035806549",0.01530020021929266,*,0.14535190208328036,ns,406
Rendimento_Medio_Habitual,Rendimento Médio Habitual,Micro_2253020,Micro 2253020,Instrucao,Grau de Instrução (detalhado),VD3004,svyglm+regTermTest(LRT),87785871.87798753,"6, 169",0.01556962796896621,*,0.01751583146508699,*,474
Rendimento_Medio_Habitual,Rendimento Médio Habitual,Micro_2210011,Micro 2210011,Faixa_Etaria_trabalho,Faixa Etária,Faixa_Etaria_trabalho,svyglm+regTermTest(LRT),533854114.2422409,"2, 199",0.01557672128260888,*,0.03206972028772416,*,1931
Taxa_Informalidade,Taxa de Informalidade,"Admin_Resto da RIDE (Região Integrada de Desenvolvimento Econômico, excluindo a capital)","Resto da RIDE (Região Integrada de Desenvolvimento Econômico, excluindo a capital)",Sexo,Sexo,Sexo,svyglm+regTermTest(LRT),6.170553353809964,"1, 199",0.01583787286450817,*,0.06335149145803268,ns,454
Taxa_Informalidade,Taxa de Informalidade,Agreg_Entorno metropolitano de Teresina (PI),Entorno metropolitano de Teresina (PI),Sexo,Sexo,Sexo,svyglm+regTermTest(LRT),6.170553353809964,"1, 199",0.01583787286450817,*,0.06335149145803268,ns,454
Percentual_Subremuneracao,Subremuneração (abaixo do salário-mínimo/hora),Zona_Rural,Zona Rural,Faixa_Etaria_trabalho,Faixa Etária,Faixa_Etaria_trabalho,svyglm+regTermTest(LRT),10.375626069887858,"2, 199",0.01639074874805565,*,0.07375836936625045,ns,4410
Rendimento_Informal,Rendimento Médio — Setor Informal,"Admin_Resto da UF  (Unidade da Federação, excluindo a região metropolitana e a RIDE)","Resto da UF  (Unidade da Federação, excluindo a região metropolitana e a RIDE)",Raca,Cor ou Raça,Raca,svyglm+regTermTest(LRT),18450640.00718141,"3, 199",0.0166638621209188,*,0.4394410709593407,ns,1466
Rendimento_Medio_Habitual,Rendimento Médio Habitual,Micro_2253021,Micro 2253021,Raca,Cor ou Raça,Raca,svyglm+regTermTest(LRT),2318994.65664427,"2, 36",0.01681622136921447,*,0.07567299616146515,ns,112
Rendimento_Medio_Habitual,Rendimento Médio Habitual,Micro_2254020,Micro 2254020,Faixa_Etaria_trabalho,Faixa Etária,Faixa_Etaria_trabalho,svyglm+regTermTest(LRT),5847659.692966193,"2, 104",0.01697066794064281,*,0.03299852099569435,*,320
Rendimento_Medio_Habitual,Rendimento Médio Habitual,Micro_2251021,Micro 2251021,Instrucao,Grau de Instrução (detalhado),VD3004,svyglm+regTermTest(LRT),10906758.029342782,"6, 77",0.01702733676047799,*,0.01838952370131623,*,211
Motivo_Nao_Inicio_NemNem,Motivo de Não Iniciar Trabalho (Nem-Nem),"Admin_Resto da RIDE (Região Integrada de Desenvolvimento Econômico, excluindo a capital)","Resto da RIDE (Região Integrada de Desenvolvimento Econômico, excluindo a capital)",Sexo,Sexo,Sexo,svychisq,3.5316527932229467,"2.84760452105316, 210.722734557934",0.01741583040339897,*,0.02709129173862063,*,82
Motivo_Nao_Inicio_NemNem,Motivo de Não Iniciar Trabalho (Nem-Nem),Agreg_Entorno metropolitano de Teresina (PI),Entorno metropolitano de Teresina (PI),Sexo,Sexo,Sexo,svychisq,3.5316527932229467,"2.84760452105316, 210.722734557934",0.01741583040339897,*,0.02709129173862063,*,82
Rendimento_Informal,Rendimento Médio — Setor Informal,Micro_2252021,Micro 2252021,Instrucao_agregado,Grau de Instrução (dicotomizado),Instrucao,svyglm+regTermTest(LRT),3140889.324714899,"1, 30",0.01779936748836735,*,0.03278830853120303,*,42
Proporcao_Ocupados_Escolarizados,Ocupados com Ensino Médio Completo ou Mais,Micro_2210012,Micro 2210012,Sexo,Sexo,Sexo,svyglm+regTermTest(LRT),3.4354056642990543,"1, 177",0.01797604082863347,*,0.0269640612429502,*,304
Rendimento_Formal,Rendimento Médio — Setor Formal,Micro_2210011,Micro 2210011,Faixa_Etaria_trabalho,Faixa Etária,Faixa_Etaria_trabalho,svyglm+regTermTest(LRT),648968171.6891403,"2, 199",0.01826958077060086,*,0.03392922143111589,*,1586
Rendimento_Formal,Rendimento Médio — Setor Formal,Micro_2210020,Micro 2210020,Instrucao_agregado,Grau de Instrução (dicotomizado),Instrucao,svyglm+regTermTest(LRT),10648270.959846972,"1, 139",0.01912936580723224,*,0.03567275428200581,*,388
Motivo_Nao_Procura_NemNem,Motivo de Não Procurar Trabalho (Nem-Nem),Agreg_Baixo Parnaíba do Piauí,Baixo Parnaíba do Piauí,Raca,Cor ou Raça,Raca,svychisq,2.4724772982778607,"6.45492265043843, 787.500563353488",0.01938831252981438,*,0.0969415626490719,ns,134
Motivo_Nao_Inicio_NemNem,Motivo de Não Iniciar Trabalho (Nem-Nem),"Admin_Resto da UF  (Unidade da Federação, excluindo a região metropolitana e a RIDE)","Resto da UF  (Unidade da Federação, excluindo a região metropolitana e a RIDE)",Instrucao_agregado,Grau de Instrução (dicotomizado),Instrucao,svychisq,2.8812509903155816,"4.24833793911684, 845.419249884251",0.01945838220025729,*,0.1950494397898676,ns,406
Rendimento_Formal,Rendimento Médio — Setor Formal,Micro_2251012,Micro 2251012,Instrucao_agregado,Grau de Instrução (dicotomizado),Instrucao,svyglm+regTermTest(LRT),56100171.10565305,"1, 178",0.01964787725266804,*,0.03567275428200581,*,377
Desalentados_Forca_Ampliada,Desalentados na Força de Trabalho Ampliada,Micro_2253020,Micro 2253020,Sexo,Sexo,Sexo,svyglm+regTermTest(LRT),3.907273960074861,"1, 169",0.01967181859271921,*,0.1721284126862931,ns,474
Rendimento_Formal,Rendimento Médio — Setor Formal,Micro_2251020,Micro 2251020,Instrucao,Grau de Instrução (detalhado),VD3004,svyglm+regTermTest(LRT),19384683.330336463,"5, 199",0.01991277826034788,*,0.02172303082947042,*,694
Rendimento_Formal,Rendimento Médio — Setor Formal,Micro_2253010,Micro 2253010,Instrucao_agregado,Grau de Instrução (dicotomizado),Instrucao,svyglm+regTermTest(LRT),20093325.287975788,"1, 46",0.02006592428362827,*,0.03567275428200581,*,130
Taxa_Informalidade,Taxa de Informalidade,Micro_2210012,Micro 2210012,Sexo,Sexo,Sexo,svyglm+regTermTest(LRT),6.12864846892154,"1, 177",0.02151799652738625,*,0.07746478749859052,ns,304
Percentual_Subremuneracao,Subremuneração (abaixo do salário-mínimo/hora),"Admin_Resto da UF  (Unidade da Federação, excluindo a região metropolitana e a RIDE)","Resto da UF  (Unidade da Federação, excluindo a região metropolitana e a RIDE)",Sexo,Sexo,Sexo,svyglm+regTermTest(LRT),8.34667903169884,"1, 199",0.0219397500496485,*,0.11587982515295096,ns,7268
Conribuintes_Desocupados,Responsáveis ou Cônjuges Desocupados,Micro_2210011,Micro 2210011,Faixa_Etaria_trabalho,Faixa Etária,Faixa_Etaria_trabalho,svyglm+regTermTest(LRT),35.10060036932816,"1, 73",0.02197755212136624,*,0.03924562878815402,*,82
Rendimento_Informal,Rendimento Médio — Setor Informal,Micro_2254020,Micro 2254020,Sexo,Sexo,Sexo,svyglm+regTermTest(LRT),3353337.32951542,"1, 64",0.02202132905672671,*,0.05426672485163809,ns,94
Rendimento_Formal,Rendimento Médio — Setor Formal,Micro_2210013,Micro 2210013,Faixa_Etaria_trabalho,Faixa Etária,Faixa_Etaria_trabalho,svyglm+regTermTest(LRT),346913218.49266815,"2, 135",0.0221562835172674,*,0.0384042247632635,*,335
Percentual_Subremuneracao,Subremuneração (abaixo do salário-mínimo/hora),Micro_2210013,Micro 2210013,Faixa_Etaria_trabalho,Faixa Etária,Faixa_Etaria_trabalho,svyglm+regTermTest(LRT),9.428232836050398,"2, 145",0.02225190433506532,*,0.08900761734026129,ns,410
Rendimento_Informal,Rendimento Médio — Setor Informal,Micro_2252021,Micro 2252021,Faixa_Etaria_trabalho,Faixa Etária,Faixa_Etaria_trabalho,svyglm+regTermTest(LRT),688599.9734597579,"2, 30",0.02230979234524584,*,0.11526726045043688,ns,42
Percentual_Subremuneracao,Subremuneração (abaixo do salário-mínimo/hora),Micro_2210011,Micro 2210011,Sexo,Sexo,Sexo,svyglm+regTermTest(LRT),6.231625514785492,"1, 199",0.0225321882241849,*,0.11587982515295096,ns,1931
Rendimento_Medio_Habitual,Rendimento Médio Habitual,Micro_2251012,Micro 2251012,Faixa_Etaria_trabalho,Faixa Etária,Faixa_Etaria_trabalho,svyglm+regTermTest(LRT),60725085.50364208,"2, 189",0.02259666928291289,*,0.03987645779679869,*,482
Percentual_Subremuneracao,Subremuneração (abaixo do salário-mínimo/hora),Micro_2252013,Micro 2252013,Raca,Cor ou Raça,Raca,svyglm+regTermTest(LRT),6.457878188899599,"2, 134",0.02276756817328792,*,0.3870486589458948,ns,388
Rendimento_Medio_Habitual,Rendimento Médio Habitual,Micro_2252011,Micro 2252011,Faixa_Etaria_trabalho,Faixa Etária,Faixa_Etaria_trabalho,svyglm+regTermTest(LRT),19682732.79451722,"2, 199",0.02278654731245639,*,0.03987645779679869,*,566
Rendimento_Informal,Rendimento Médio — Setor Informal,Micro_2252011,Micro 2252011,Sexo,Sexo,Sexo,svyglm+regTermTest(LRT),2555591.2134727165,"1, 84",0.02325716779355918,*,0.05426672485163809,ns,107
Rendimento_Informal,Rendimento Médio — Setor Informal,Micro_2251020,Micro 2251020,Instrucao_agregado,Grau de Instrução (dicotomizado),Instrucao,svyglm+regTermTest(LRT),4508892.397148073,"1, 119",0.02344509920919924,*,0.04102892361609867,*,155
Taxa_Informalidade,Taxa de Informalidade,Zona_Rural,Zona Rural,Faixa_Etaria_trabalho,Faixa Etária,Faixa_Etaria_trabalho,svyglm+regTermTest(LRT),29.54533982119392,"2, 199",0.02357166414376048,*,0.13357276348130942,ns,1269
Rendimento_Medio_Habitual,Rendimento Médio Habitual,Micro_2251012,Micro 2251012,Sexo,Sexo,Sexo,svyglm+regTermTest(LRT),12754148.571861267,"1, 189",0.0241977250874518,*,0.0967909003498072,ns,482
Rendimento_Informal,Rendimento Médio — Setor Informal,Micro_2252013,Micro 2252013,Instrucao_agregado,Grau de Instrução (dicotomizado),Instrucao,svyglm+regTermTest(LRT),19327108.30766371,"1, 74",0.02482876655392328,*,0.04138127758987214,*,100
Rendimento_Informal,Rendimento Médio — Setor Informal,Micro_2210012,Micro 2210012,Sexo,Sexo,Sexo,svyglm+regTermTest(LRT),27485829.387273073,"1, 73",0.02574557234844467,*,0.05631843951222273,ns,93
Conribuintes_Desocupados,Responsáveis ou Cônjuges Desocupados,Micro_2210011,Micro 2210011,Sexo,Sexo,Sexo,svyglm+regTermTest(LRT),4.527446040793848,"1, 73",0.02587468594154313,*,0.10026440802347963,ns,82
Percentual_Subremuneracao,Subremuneração (abaixo do salário-mínimo/hora),Micro_2252011,Micro 2252011,Instrucao_agregado,Grau de Instrução (dicotomizado),Instrucao,svyglm+regTermTest(LRT),4.603587190337748,"1, 199",0.0261802982276416,*,0.04712453680975489,*,566
Rendimento_Informal,Rendimento Médio — Setor Informal,Micro_2251013,Micro 2251013,Instrucao,Grau de Instrução (detalhado),VD3004,svyglm+regTermTest(LRT),27642182.65130578,"5, 65",0.02680221515703895,*,0.05203418919706283,ns,82
Rendimento_Informal,Rendimento Médio — Setor Informal,Micro_2210012,Micro 2210012,Instrucao,Grau de Instrução (detalhado),VD3004,svyglm+regTermTest(LRT),119450098.19984686,"6, 73",0.02685536768806611,*,0.05203418919706283,ns,93
Taxa_Nem_Nem,Taxa de Nem-Nem (14 a 29 anos),Admin_Capital,Capital,Instrucao_agregado,Grau de Instrução (dicotomizado),Instrucao,svyglm+regTermTest(LRT),4.689901839491085,"1, 199",0.02714522945289752,*,0.2375207577128533,ns,968
Taxa_Nem_Nem,Taxa de Nem-Nem (14 a 29 anos),Agreg_Teresina,Teresina,Instrucao_agregado,Grau de Instrução (dicotomizado),Instrucao,svyglm+regTermTest(LRT),4.689901839491085,"1, 199",0.02714522945289752,*,0.2375207577128533,ns,968
Rendimento_Informal,Rendimento Médio — Setor Informal,Micro_2252013,Micro 2252013,Faixa_Etaria_trabalho,Faixa Etária,Faixa_Etaria_trabalho,svyglm+regTermTest(LRT),4765211.305706233,"2, 74",0.02727966857533554,*,0.12080996083362884,ns,100
Taxa_Nem_Nem,Taxa de Nem-Nem (14 a 29 anos),Micro_2220020,Micro 2220020,Sexo,Sexo,Sexo,svyglm+regTermTest(LRT),10.275670581698025,"1, 87",0.02750071199744071,*,0.0761558178390666,ns,111
Rendimento_Informal,Rendimento Médio — Setor Informal,"Admin_Resto da RIDE (Região Integrada de Desenvolvimento Econômico, excluindo a capital)","Resto da RIDE (Região Integrada de Desenvolvimento Econômico, excluindo a capital)",Instrucao,Grau de Instrução (detalhado),VD3004,svyglm+regTermTest(LRT),79793492.9751561,"6, 199",0.02818049681877866,*,0.05203418919706283,ns,258
Rendimento_Informal,Rendimento Médio — Setor Informal,Agreg_Entorno metropolitano de Teresina (PI),Entorno metropolitano de Teresina (PI),Instrucao,Grau de Instrução (detalhado),VD3004,svyglm+regTermTest(LRT),79793492.9751561,"6, 199",0.02818049681877866,*,0.05203418919706283,ns,258
Proporcao_Ocupados_Escolarizados,Ocupados com Ensino Médio Completo ou Mais,Micro_2251011,Micro 2251011,Sexo,Sexo,Sexo,svyglm+regTermTest(LRT),11.240558220426776,"1, 129",0.02938061723683915,*,0.04230808882104837,*,198
Rendimento_Informal,Rendimento Médio — Setor Informal,Micro_2210030,Micro 2210030,Instrucao,Grau de Instrução (detalhado),VD3004,svyglm+regTermTest(LRT),15437119.801247612,"6, 125",0.03001972453676701,*,0.05203418919706283,ns,161
Proporcao_Ocupados_Escolarizados,Ocupados com Ensino Médio Completo ou Mais,Micro_2254020,Micro 2254020,Faixa_Etaria_trabalho,Faixa Etária,Faixa_Etaria_trabalho,svyglm+regTermTest(LRT),6.08022994111451,"2, 75",0.03014432638305183,*,0.07883900746336632,ns,126
Rendimento_Medio_Habitual,Rendimento Médio Habitual,Micro_2251022,Micro 2251022,Instrucao_agregado,Grau de Instrução (dicotomizado),Instrucao,svyglm+regTermTest(LRT),23692776.227556787,"1, 51",0.03100825866396773,*,0.03986776113938709,*,163
Percentual_Subremuneracao,Subremuneração (abaixo do salário-mínimo/hora),Micro_2251013,Micro 2251013,Instrucao_agregado,Grau de Instrução (dicotomizado),Instrucao,svyglm+regTermTest(LRT),7.017366984130035,"1, 152",0.03110902227687167,*,0.05240820401952494,ns,408
Rendimento_Informal,Rendimento Médio — Setor Informal,Micro_2210013,Micro 2210013,Raca,Cor ou Raça,Raca,svyglm+regTermTest(LRT),178974354.8403746,"2, 55",0.03139565044841863,*,0.4394410709593407,ns,75
Percentual_Subremuneracao,Subremuneração (abaixo do salário-mínimo/hora),Micro_2253011,Micro 2253011,Instrucao_agregado,Grau de Instrução (dicotomizado),Instrucao,svyglm+regTermTest(LRT),5.7361277133544775,"1, 169",0.03202723578970968,*,0.05240820401952494,ns,465
Motivo_Nao_Inicio_NemNem,Motivo de Não Iniciar Trabalho (Nem-Nem),Admin_Capital,Capital,Instrucao_agregado,Grau de Instrução (dicotomizado),Instrucao,svychisq,2.91405300456638,"3.08953140311798, 497.414555901994",0.03250823996497793,*,0.1950494397898676,ns,176
Motivo_Nao_Inicio_NemNem,Motivo de Não Iniciar Trabalho (Nem-Nem),Agreg_Teresina,Teresina,Instrucao_agregado,Grau de Instrução (dicotomizado),Instrucao,svychisq,2.91405300456638,"3.08953140311798, 497.414555901994",0.03250823996497793,*,0.1950494397898676,ns,176
Proporcao_Ocupados_Escolarizados,Ocupados com Ensino Médio Completo ou Mais,Agreg_Alto Parnaíba e Chapadas Sul do Piauí,Alto Parnaíba e Chapadas Sul do Piauí,Faixa_Etaria_trabalho,Faixa Etária,Faixa_Etaria_trabalho,svyglm+regTermTest(LRT),42.03920933096936,"2, 199",0.03297945817028971,*,0.08009296984213214,ns,743
Taxa_Informalidade,Taxa de Informalidade,Micro_2210011,Micro 2210011,Faixa_Etaria_trabalho,Faixa Etária,Faixa_Etaria_trabalho,svyglm+regTermTest(LRT),8.409264580564695,"2, 199",0.03394596525448681,*,0.1648804026646502,ns,912
Rendimento_Informal,Rendimento Médio — Setor Informal,Micro_2253022,Micro 2253022,Instrucao_agregado,Grau de Instrução (dicotomizado),Instrucao,svyglm+regTermTest(LRT),2033898.610916179,"1, 16",0.03438788308006541,*,0.05470799580919497,ns,23
Percentual_Subremuneracao,Subremuneração (abaixo do salário-mínimo/hora),Micro_2251021,Micro 2251021,Raca,Cor ou Raça,Raca,svyglm+regTermTest(LRT),7.22283325930789,"2, 77",0.03552072978300649,*,0.40256827087407354,ns,211
Rendimento_Formal,Rendimento Médio — Setor Formal,Agreg_Centro-Leste do Piauí,Centro-Leste do Piauí,Faixa_Etaria_trabalho,Faixa Etária,Faixa_Etaria_trabalho,svyglm+regTermTest(LRT),139777959.16057968,"2, 199",0.0368978246743969,*,0.05787883936499894,ns,2124
Taxa_Subocupacao,Subocupação por Insuficiência de Horas,Micro_2253011,Micro 2253011,Instrucao_agregado,Grau de Instrução (dicotomizado),Instrucao,svyglm+regTermTest(LRT),5.067326548402008,"1, 123",0.03760823863019227,*,0.1692370738358652,ns,199
Percentual_Subremuneracao,Subremuneração (abaixo do salário-mínimo/hora),Agreg_Alto Parnaíba e Chapadas Sul do Piauí,Alto Parnaíba e Chapadas Sul do Piauí,Faixa_Etaria_trabalho,Faixa Etária,Faixa_Etaria_trabalho,svyglm+regTermTest(LRT),13.546448197986363,"2, 199",0.03761198801717993,*,0.13540315686184776,ns,2048
Percentual_Subremuneracao,Subremuneração (abaixo do salário-mínimo/hora),Micro_2210013,Micro 2210013,Instrucao_agregado,Grau de Instrução (dicotomizado),Instrucao,svyglm+regTermTest(LRT),8.969619845914707,"1, 145",0.0383319017606211,*,0.0599977592774939,ns,410
Rendimento_Formal,Rendimento Médio — Setor Formal,Micro_2252013,Micro 2252013,Faixa_Etaria_trabalho,Faixa Etária,Faixa_Etaria_trabalho,svyglm+regTermTest(LRT),33885359.168071866,"2, 118",0.03855147879128319,*,0.05787883936499894,ns,288
Desalentados_Forca_Ampliada,Desalentados na Força de Trabalho Ampliada,Zona_Urbana,Zona Urbana,Faixa_Etaria_trabalho,Faixa Etária,Faixa_Etaria_trabalho,svyglm+regTermTest(LRT),12.133915649056917,"2, 199",0.03943902704053435,*,0.21691464872293895,ns,8516
Rendimento_Informal,Rendimento Médio — Setor Informal,Micro_2220010,Micro 2220010,Instrucao_agregado,Grau de Instrução (dicotomizado),Instrucao,svyglm+regTermTest(LRT),9008345.714832276,"1, 114",0.03944956122347193,*,0.06003194099223989,ns,145
Conribuintes_Desocupados,Responsáveis ou Cônjuges Desocupados,"Admin_Resto da RIDE (Região Integrada de Desenvolvimento Econômico, excluindo a capital)","Resto da RIDE (Região Integrada de Desenvolvimento Econômico, excluindo a capital)",Faixa_Etaria_trabalho,Faixa Etária,Faixa_Etaria_trabalho,svyglm+regTermTest(LRT),8.598707800088746,"1, 70",0.040034017393963,*,0.06255315217806719,ns,80
Conribuintes_Desocupados,Responsáveis ou Cônjuges Desocupados,Agreg_Entorno metropolitano de Teresina (PI),Entorno metropolitano de Teresina (PI),Faixa_Etaria_trabalho,Faixa Etária,Faixa_Etaria_trabalho,svyglm+regTermTest(LRT),8.598707800088746,"1, 70",0.040034017393963,*,0.06255315217806719,ns,80
Rendimento_Formal,Rendimento Médio — Setor Formal,Micro_2251012,Micro 2251012,Faixa_Etaria_trabalho,Faixa Etária,Faixa_Etaria_trabalho,svyglm+regTermTest(LRT),44738496.11560798,"2, 178",0.04006996571423003,*,0.05787883936499894,ns,377
Rendimento_Medio_Habitual,Rendimento Médio Habitual,Micro_2252013,Micro 2252013,Faixa_Etaria_trabalho,Faixa Etária,Faixa_Etaria_trabalho,svyglm+regTermTest(LRT),30067823.175094724,"2, 134",0.04053325227477546,*,0.06711182825674647,ns,388
Rendimento_Informal,Rendimento Médio — Setor Informal,Micro_2210013,Micro 2210013,Instrucao,Grau de Instrução (detalhado),VD3004,svyglm+regTermTest(LRT),186905519.1155994,"5, 55",0.04113693211996431,*,0.0639133922734128,ns,75
Desalentados_Forca_Ampliada,Desalentados na Força de Trabalho Ampliada,Micro_2251021,Micro 2251021,Sexo,Sexo,Sexo,svyglm+regTermTest(LRT),0.6043948681182485,"1, 77",0.0412106688336994,*,0.2884746818358958,ns,211
Rendimento_Informal,Rendimento Médio — Setor Informal,Micro_2220010,Micro 2220010,Instrucao,Grau de Instrução (detalhado),VD3004,svyglm+regTermTest(LRT),58970956.34343523,"6, 114",0.04178952571723145,*,0.0639133922734128,ns,145
Rendimento_Medio_Habitual,Rendimento Médio Habitual,Micro_2251011,Micro 2251011,Sexo,Sexo,Sexo,svyglm+regTermTest(LRT),18351774.510766983,"1, 188",0.04208531924389811,*,0.15150714927803322,ns,523
Rendimento_Medio_Habitual,Rendimento Médio Habitual,Zona_Rural,Zona Rural,Faixa_Etaria_trabalho,Faixa Etária,Faixa_Etaria_trabalho,svyglm+regTermTest(LRT),11734924.886068584,"2, 199",0.0421845777613835,*,0.06711182825674647,ns,4410
Rendimento_Informal,Rendimento Médio — Setor Informal,Micro_2251020,Micro 2251020,Sexo,Sexo,Sexo,svyglm+regTermTest(LRT),3576589.2666066587,"1, 119",0.04275846952919743,*,0.08803214314834763,ns,155
Taxa_Subocupacao,Subocupação por Insuficiência de Horas,Micro_2251020,Micro 2251020,Faixa_Etaria_trabalho,Faixa Etária,Faixa_Etaria_trabalho,svyglm+regTermTest(LRT),5.017408839312793,"2, 162",0.04306103655964431,*,0.32295777419733235,ns,231
Desalentados_Fora_Forca,Desalentados Fora da Força de Trabalho,Agreg_Centro-Leste do Piauí,Centro-Leste do Piauí,Sexo,Sexo,Sexo,svyglm+regTermTest(LRT),3.6425074126668737,"1, 199",0.04326152661228211,*,0.17845379727566374,ns,1181
Rendimento_Formal,Rendimento Médio — Setor Formal,Micro_2252011,Micro 2252011,Sexo,Sexo,Sexo,svyglm+regTermTest(LRT),11195809.347569764,"1, 192",0.04349521532016787,*,0.1378731994712838,ns,459
Rendimento_Informal,Rendimento Médio — Setor Informal,"Admin_Resto da RIDE (Região Integrada de Desenvolvimento Econômico, excluindo a capital)","Resto da RIDE (Região Integrada de Desenvolvimento Econômico, excluindo a capital)",Faixa_Etaria_trabalho,Faixa Etária,Faixa_Etaria_trabalho,svyglm+regTermTest(LRT),3120095.110131681,"2, 199",0.04383561155064609,*,0.13615682072220317,ns,258
Rendimento_Informal,Rendimento Médio — Setor Informal,Agreg_Entorno metropolitano de Teresina (PI),Entorno metropolitano de Teresina (PI),Faixa_Etaria_trabalho,Faixa Etária,Faixa_Etaria_trabalho,svyglm+regTermTest(LRT),3120095.110131681,"2, 199",0.04383561155064609,*,0.13615682072220317,ns,258
Rendimento_Informal,Rendimento Médio — Setor Informal,Micro_2252011,Micro 2252011,Instrucao_agregado,Grau de Instrução (dicotomizado),Instrucao,svyglm+regTermTest(LRT),784836.736834161,"1, 84",0.04386838435731415,*,0.0639747271877498,ns,107
Rendimento_Informal,Rendimento Médio — Setor Informal,Micro_2220010,Micro 2220010,Faixa_Etaria_trabalho,Faixa Etária,Faixa_Etaria_trabalho,svyglm+regTermTest(LRT),3675733.527184367,"2, 114",0.04392155507167844,*,0.13615682072220317,ns,145
Percentual_Subremuneracao,Subremuneração (abaixo do salário-mínimo/hora),Micro_2252012,Micro 2252012,Instrucao,Grau de Instrução (detalhado),VD3004,svyglm+regTermTest(LRT),37.58677823872574,"6, 192",0.04498583090947596,*,0.09896882800084712,ns,522
Rendimento_Medio_Habitual,Rendimento Médio Habitual,Micro_2253010,Micro 2253010,Instrucao_agregado,Grau de Instrução (dicotomizado),Instrucao,svyglm+regTermTest(LRT),55909983.588070154,"1, 48",0.04569560738137639,*,0.05672558157688105,ns,152
Rendimento_Formal,Rendimento Médio — Setor Formal,Micro_2210030,Micro 2210030,Sexo,Sexo,Sexo,svyglm+regTermTest(LRT),17412761.058134556,"1, 199",0.04595773315709459,*,0.1378731994712838,ns,721
Proporcao_Ocupados_Escolarizados,Ocupados com Ensino Médio Completo ou Mais,Micro_2220020,Micro 2220020,Sexo,Sexo,Sexo,svyglm+regTermTest(LRT),3.2628586977300245,"1, 108",0.04619335934256505,*,0.06308879871094294,ns,155
Rendimento_Medio_Habitual,Rendimento Médio Habitual,Micro_2254020,Micro 2254020,Instrucao,Grau de Instrução (detalhado),VD3004,svyglm+regTermTest(LRT),36497361.207282275,"6, 104",0.04623994722286065,*,0.04801840673143222,*,320
Motivo_Desistencia_Desalentado,Motivo da Desistência (Desalentados),"Admin_Resto da UF  (Unidade da Federação, excluindo a região metropolitana e a RIDE)","Resto da UF  (Unidade da Federação, excluindo a região metropolitana e a RIDE)",Raca,Cor ou Raça,Raca,svychisq,2.30000501434072,"4.7508148763638, 945.412160396396",0.04626633694693743,*,0.21041413785493532,ns,323
Proporcao_Ocupados_Escolarizados,Ocupados com Ensino Médio Completo ou Mais,Micro_2251013,Micro 2251013,Raca,Cor ou Raça,Raca,svyglm+regTermTest(LRT),7.646727375796985,"2, 100",0.04721554854047875,*,0.32106573007525546,ns,145
Proporcao_Ocupados_Escolarizados,Ocupados com Ensino Médio Completo ou Mais,Micro_2254020,Micro 2254020,Sexo,Sexo,Sexo,svyglm+regTermTest(LRT),4.493123715077957,"1, 75",0.04731659903320721,*,0.06308879871094294,ns,126
Percentual_Subremuneracao,Subremuneração (abaixo do salário-mínimo/hora),Agreg_Baixo Parnaíba do Piauí,Baixo Parnaíba do Piauí,Sexo,Sexo,Sexo,svyglm+regTermTest(LRT),5.375189841473002,"1, 199",0.04786193202907542,*,0.2021426477620254,ns,2584
Motivo_Nao_Procura_NemNem,Motivo de Não Procurar Trabalho (Nem-Nem),Agreg_Baixo Parnaíba do Piauí,Baixo Parnaíba do Piauí,Instrucao_agregado,Grau de Instrução (dicotomizado),Instrucao,svychisq,2.5220195979577418,"3.51375446588815, 428.678044838355",0.04792592089945117,*,0.23030672314566955,ns,134
Taxa_Nem_Nem,Taxa de Nem-Nem (14 a 29 anos),Micro_2210030,Micro 2210030,Sexo,Sexo,Sexo,svyglm+regTermTest(LRT),5.775386401895844,"1, 152",0.04915613162088291,*,0.12640148131084178,ns,226
Rendimento_Informal,Rendimento Médio — Setor Informal,Micro_2251020,Micro 2251020,Instrucao,Grau de Instrução (detalhado),VD3004,svyglm+regTermTest(LRT),8419505.190333292,"6, 119",0.05030576760711716,ns,0.0693514312076152,ns,155
Percentual_Subremuneracao,Subremuneração (abaixo do salário-mínimo/hora),Micro_2252020,Micro 2252020,Sexo,Sexo,Sexo,svyglm+regTermTest(LRT),4.814603966997822,"1, 199",0.05053566194050635,ns,0.2021426477620254,ns,847
Rendimento_Informal,Rendimento Médio — Setor Informal,Micro_2252013,Micro 2252013,Instrucao,Grau de Instrução (detalhado),VD3004,svyglm+regTermTest(LRT),50639680.115371734,"6, 74",0.05067989203633417,ns,0.0693514312076152,ns,100
Proporcao_Ocupados_Escolarizados,Ocupados com Ensino Médio Completo ou Mais,Micro_2210020,Micro 2210020,Sexo,Sexo,Sexo,svyglm+regTermTest(LRT),3.91968338723396,"1, 107",0.05117255787809536,ns,0.06579328870040832,ns,163
Rendimento_Formal,Rendimento Médio — Setor Formal,Micro_2253010,Micro 2253010,Raca,Cor ou Raça,Raca,svyglm+regTermTest(LRT),51045858.92531049,"2, 46",0.05119586174383418,ns,0.2431156711136797,ns,130
Taxa_Desocupacao,Taxa de Desocupação,Micro_2220020,Micro 2220020,Instrucao_agregado,Grau de Instrução (dicotomizado),Instrucao,svyglm+regTermTest(LRT),7.460838936539432,"1, 127",0.05127005894247305,ns,0.4486130157466392,ns,194
Rendimento_Informal,Rendimento Médio — Setor Informal,Micro_2210020,Micro 2210020,Raca,Cor ou Raça,Raca,svyglm+regTermTest(LRT),3598121.1138047874,"2, 69",0.05166891273105368,ns,0.4394410709593407,ns,87
Taxa_Informalidade,Taxa de Informalidade,Micro_2251013,Micro 2251013,Raca,Cor ou Raça,Raca,svyglm+regTermTest(LRT),3.818677145563811,"2, 100",0.05228474539364148,ns,0.4444203358459526,ns,145
Rendimento_Medio_Habitual,Rendimento Médio Habitual,Micro_2253012,Micro 2253012,Sexo,Sexo,Sexo,svyglm+regTermTest(LRT),22522765.53743291,"1, 162",0.05230509898057611,ns,0.17118032393643093,ns,428
Percentual_Subremuneracao,Subremuneração (abaixo do salário-mínimo/hora),Micro_2210012,Micro 2210012,Instrucao_agregado,Grau de Instrução (dicotomizado),Instrucao,svyglm+regTermTest(LRT),8.593982029579877,"1, 199",0.05259489372624897,ns,0.07882554807851136,ns,636
Rendimento_Informal,Rendimento Médio — Setor Informal,Micro_2252012,Micro 2252012,Faixa_Etaria_trabalho,Faixa Etária,Faixa_Etaria_trabalho,svyglm+regTermTest(LRT),2103935.8446998894,"2, 94",0.05271920994481898,ns,0.14857231893539896,ns,122
Rendimento_Formal,Rendimento Médio — Setor Formal,Micro_2252013,Micro 2252013,Raca,Cor ou Raça,Raca,svyglm+regTermTest(LRT),34428685.81118083,"2, 118",0.05285123285079994,ns,0.2431156711136797,ns,288
Percentual_Subremuneracao,Subremuneração (abaixo do salário-mínimo/hora),Micro_2251021,Micro 2251021,Faixa_Etaria_trabalho,Faixa Etária,Faixa_Etaria_trabalho,svyglm+regTermTest(LRT),1.381333241340272,"2, 77",0.05439214136191467,ns,0.1780106444571753,ns,211
Percentual_Subremuneracao,Subremuneração (abaixo do salário-mínimo/hora),Micro_2210030,Micro 2210030,Instrucao_agregado,Grau de Instrução (dicotomizado),Instrucao,svyglm+regTermTest(LRT),3.70867426408563,"1, 199",0.05473996394341066,ns,0.07882554807851136,ns,882
Rendimento_Formal,Rendimento Médio — Setor Formal,"Admin_Resto da RIDE (Região Integrada de Desenvolvimento Econômico, excluindo a capital)","Resto da RIDE (Região Integrada de Desenvolvimento Econômico, excluindo a capital)",Faixa_Etaria_trabalho,Faixa Etária,Faixa_Etaria_trabalho,svyglm+regTermTest(LRT),15965817.517786026,"2, 199",0.05605108297250857,ns,0.07286640786426114,ns,1066
Rendimento_Formal,Rendimento Médio — Setor Formal,Agreg_Entorno metropolitano de Teresina (PI),Entorno metropolitano de Teresina (PI),Faixa_Etaria_trabalho,Faixa Etária,Faixa_Etaria_trabalho,svyglm+regTermTest(LRT),15965817.517786026,"2, 199",0.05605108297250857,ns,0.07286640786426114,ns,1066
Rendimento_Medio_Habitual,Rendimento Médio Habitual,Micro_2253020,Micro 2253020,Instrucao_agregado,Grau de Instrução (dicotomizado),Instrucao,svyglm+regTermTest(LRT),49508822.85382676,"1, 169",0.05644142827050495,ns,0.06772971392460594,ns,474
Rendimento_Medio_Habitual,Rendimento Médio Habitual,Micro_2251011,Micro 2251011,Instrucao,Grau de Instrução (detalhado),VD3004,svyglm+regTermTest(LRT),524596273.8078952,"6, 188",0.05687656267190862,ns,0.05687656267190862,ns,523
Chefes_Familia_Desocupados,Pessoas Responsáveis pelo Domicílio Desocupadas,Agreg_Alto Parnaíba e Chapadas Sul do Piauí,Alto Parnaíba e Chapadas Sul do Piauí,Faixa_Etaria_trabalho,Faixa Etária,Faixa_Etaria_trabalho,svyglm+regTermTest(LRT),8.577000666834593,"1, 76",0.05707664298659336,ns,0.11415328597318672,ns,82
Motivo_Nao_Procura_NemNem,Motivo de Não Procurar Trabalho (Nem-Nem),Zona_Rural,Zona Rural,Raca,Cor ou Raça,Raca,svychisq,1.95321053622238,"7.09460685371059, 1411.82676388841",0.05720221984490206,ns,0.19067406614967353,ns,287
Taxa_Desocupacao,Taxa de Desocupação,Micro_2220010,Micro 2220010,Sexo,Sexo,Sexo,svyglm+regTermTest(LRT),2.693806132874556,"1, 195",0.05874876697213092,ns,0.29900202470077947,ns,340
Desalentados_Fora_Forca,Desalentados Fora da Força de Trabalho,"Admin_Resto da UF  (Unidade da Federação, excluindo a região metropolitana e a RIDE)","Resto da UF  (Unidade da Federação, excluindo a região metropolitana e a RIDE)",Instrucao,Grau de Instrução (detalhado),VD3004,svyglm+regTermTest(LRT),91.72579064244928,"6, 199",0.0592685317531905,ns,0.6519538492850955,ns,3158
Conribuintes_Desocupados,Responsáveis ou Cônjuges Desocupados,Zona_Urbana,Zona Urbana,Raca,Cor ou Raça,Raca,svyglm+regTermTest(LRT),6.212886173683842,"2, 199",0.06020084700013118,ns,0.29097076050063403,ns,305
Motivo_Nao_Procura_NemNem,Motivo de Não Procurar Trabalho (Nem-Nem),Admin_Capital,Capital,Instrucao_agregado,Grau de Instrução (dicotomizado),Instrucao,svychisq,2.415773510933869,"3.25163161646568, 523.512690250974",0.06060703240675515,ns,0.23030672314566955,ns,176
Motivo_Nao_Procura_NemNem,Motivo de Não Procurar Trabalho (Nem-Nem),Agreg_Teresina,Teresina,Instrucao_agregado,Grau de Instrução (dicotomizado),Instrucao,svychisq,2.415773510933869,"3.25163161646568, 523.512690250974",0.06060703240675515,ns,0.23030672314566955,ns,176
Conribuintes_Desocupados,Responsáveis ou Cônjuges Desocupados,"Admin_Resto da RIDE (Região Integrada de Desenvolvimento Econômico, excluindo a capital)","Resto da RIDE (Região Integrada de Desenvolvimento Econômico, excluindo a capital)",Sexo,Sexo,Sexo,svyglm+regTermTest(LRT),4.365991600415811,"1, 70",0.0620359800226683,ns,0.19231153807027176,ns,80
Conribuintes_Desocupados,Responsáveis ou Cônjuges Desocupados,Agreg_Entorno metropolitano de Teresina (PI),Entorno metropolitano de Teresina (PI),Sexo,Sexo,Sexo,svyglm+regTermTest(LRT),4.365991600415811,"1, 70",0.0620359800226683,ns,0.19231153807027176,ns,80
Rendimento_Informal,Rendimento Médio — Setor Informal,Micro_2254020,Micro 2254020,Faixa_Etaria_trabalho,Faixa Etária,Faixa_Etaria_trabalho,svyglm+regTermTest(LRT),1221386.6869272366,"2, 64",0.06233969173859094,ns,0.1610442036580266,ns,94
Rendimento_Informal,Rendimento Médio — Setor Informal,Agreg_Baixo Parnaíba do Piauí,Baixo Parnaíba do Piauí,Raca,Cor ou Raça,Raca,svyglm+regTermTest(LRT),4317234.136265159,"2, 199",0.06277729585133439,ns,0.4394410709593407,ns,559
Taxa_Subocupacao,Subocupação por Insuficiência de Horas,Agreg_Baixo Parnaíba do Piauí,Baixo Parnaíba do Piauí,Instrucao_agregado,Grau de Instrução (dicotomizado),Instrucao,svyglm+regTermTest(LRT),6.2138877752478265,"1, 199",0.06312192543005077,ns,0.24109231943581871,ns,919
Motivo_Desistencia_Desalentado,Motivo da Desistência (Desalentados),Micro_2251022,Micro 2251022,Raca,Cor ou Raça,Raca,svychisq,3.7326885983132927,"1.39292835348947, 13.9292835348947",0.06312424135648059,ns,0.21041413785493532,ns,15
Taxa_Informalidade,Taxa de Informalidade,Micro_2253010,Micro 2253010,Sexo,Sexo,Sexo,svyglm+regTermTest(LRT),1.1695183180475652,"1, 38",0.06323929901796543,ns,0.20696497860425053,ns,63
Proporcao_Ocupados_Escolarizados,Ocupados com Ensino Médio Completo ou Mais,Micro_2252013,Micro 2252013,Sexo,Sexo,Sexo,svyglm+regTermTest(LRT),3.071775882986458,"1, 107",0.06378168682451003,ns,0.07917726640284005,ns,171
Desalentados_Forca_Ampliada,Desalentados na Força de Trabalho Ampliada,Micro_2253020,Micro 2253020,Instrucao_agregado,Grau de Instrução (dicotomizado),Instrucao,svyglm+regTermTest(LRT),2.5633052776995555,"1, 169",0.06507389282029855,ns,0.36875205931502514,ns,474
Proporcao_Ocupados_Escolarizados,Ocupados com Ensino Médio Completo ou Mais,Micro_2210030,Micro 2210030,Raca,Cor ou Raça,Raca,svyglm+regTermTest(LRT),4.746211269051628,"3, 199",0.06641841119600758,ns,0.37637099677737634,ns,375
Taxa_Subocupacao,Subocupação por Insuficiência de Horas,Micro_2252011,Micro 2252011,Instrucao_agregado,Grau de Instrução (dicotomizado),Instrucao,svyglm+regTermTest(LRT),7.089434176292485,"1, 131",0.06697008873217186,ns,0.24109231943581871,ns,209
Motivo_Desistencia_Desalentado,Motivo da Desistência (Desalentados),Micro_2251021,Micro 2251021,Sexo,Sexo,Sexo,svychisq,3.8190545504713023,"1, 17",0.06732551077613548,ns,0.37838648943373054,ns,27
Taxa_Desocupacao,Taxa de Desocupação,"Admin_Resto da RIDE (Região Integrada de Desenvolvimento Econômico, excluindo a capital)","Resto da RIDE (Região Integrada de Desenvolvimento Econômico, excluindo a capital)",Sexo,Sexo,Sexo,svyglm+regTermTest(LRT),3.5487058411372914,"1, 199",0.06834331993160674,ns,0.29900202470077947,ns,534
Taxa_Desocupacao,Taxa de Desocupação,Agreg_Entorno metropolitano de Teresina (PI),Entorno metropolitano de Teresina (PI),Sexo,Sexo,Sexo,svyglm+regTermTest(LRT),3.5487058411372914,"1, 199",0.06834331993160674,ns,0.29900202470077947,ns,534
Percentual_Subremuneracao,Subremuneração (abaixo do salário-mínimo/hora),Agreg_Centro-Leste do Piauí,Centro-Leste do Piauí,Sexo,Sexo,Sexo,svyglm+regTermTest(LRT),4.5364626732753095,"1, 199",0.06971034189470238,ns,0.2509572308209286,ns,2636
Rendimento_Medio_Habitual,Rendimento Médio Habitual,Micro_2252012,Micro 2252012,Faixa_Etaria_trabalho,Faixa Etária,Faixa_Etaria_trabalho,svyglm+regTermTest(LRT),33843111.59158206,"2, 192",0.07037965737730627,ns,0.10709947861763998,ns,522
Taxa_Subocupacao,Subocupação por Insuficiência de Horas,Admin_Capital,Capital,Sexo,Sexo,Sexo,svyglm+regTermTest(LRT),2.242161669932159,"1, 199",0.07124526314209091,ns,0.4987168419946364,ns,1964
Taxa_Subocupacao,Subocupação por Insuficiência de Horas,Agreg_Teresina,Teresina,Sexo,Sexo,Sexo,svyglm+regTermTest(LRT),2.242161669932159,"1, 199",0.07124526314209091,ns,0.4987168419946364,ns,1964
Taxa_Informalidade,Taxa de Informalidade,Micro_2254020,Micro 2254020,Faixa_Etaria_trabalho,Faixa Etária,Faixa_Etaria_trabalho,svyglm+regTermTest(LRT),2.4813046942131223,"2, 75",0.07152691784372876,ns,0.30398940083584725,ns,126
Rendimento_Formal,Rendimento Médio — Setor Formal,Micro_2220010,Micro 2220010,Faixa_Etaria_trabalho,Faixa Etária,Faixa_Etaria_trabalho,svyglm+regTermTest(LRT),16271261.271454811,"2, 199",0.07157896908692478,ns,0.08862158077428782,ns,578
Rendimento_Formal,Rendimento Médio — Setor Formal,"Admin_Resto da RIDE (Região Integrada de Desenvolvimento Econômico, excluindo a capital)","Resto da RIDE (Região Integrada de Desenvolvimento Econômico, excluindo a capital)",Instrucao_agregado,Grau de Instrução (dicotomizado),Instrucao,svyglm+regTermTest(LRT),18060933.979351044,"1, 199",0.07219295573693403,ns,0.11550872917909444,ns,1066
Rendimento_Formal,Rendimento Médio — Setor Formal,Agreg_Entorno metropolitano de Teresina (PI),Entorno metropolitano de Teresina (PI),Instrucao_agregado,Grau de Instrução (dicotomizado),Instrucao,svyglm+regTermTest(LRT),18060933.979351044,"1, 199",0.07219295573693403,ns,0.11550872917909444,ns,1066
Rendimento_Formal,Rendimento Médio — Setor Formal,Micro_2210011,Micro 2210011,Sexo,Sexo,Sexo,svyglm+regTermTest(LRT),193268624.50213817,"1, 199",0.07265788440849803,ns,0.1998091821233696,ns,1586
Taxa_Informalidade,Taxa de Informalidade,Micro_2220010,Micro 2220010,Raca,Cor ou Raça,Raca,svyglm+regTermTest(LRT),7.444971509869333,"2, 179",0.07344076467196095,ns,0.4993971997693344,ns,299
Percentual_Subremuneracao,Subremuneração (abaixo do salário-mínimo/hora),Micro_2253020,Micro 2253020,Instrucao_agregado,Grau de Instrução (dicotomizado),Instrucao,svyglm+regTermTest(LRT),8.963804818257444,"1, 169",0.07354471059912301,ns,0.10183113775263186,ns,474
Desalentados_Fora_Forca,Desalentados Fora da Força de Trabalho,Agreg_Alto Parnaíba e Chapadas Sul do Piauí,Alto Parnaíba e Chapadas Sul do Piauí,Instrucao_agregado,Grau de Instrução (dicotomizado),Instrucao,svyglm+regTermTest(LRT),6.548306463993072,"1, 199",0.07677405440922247,ns,0.29856576714697625,ns,864
Taxa_Desocupacao,Taxa de Desocupação,Micro_2210011,Micro 2210011,Sexo,Sexo,Sexo,svyglm+regTermTest(LRT),3.4084700247099136,"1, 199",0.0781583562795721,ns,0.30394916330944705,ns,994
Motivo_Nao_Procura_NemNem,Motivo de Não Procurar Trabalho (Nem-Nem),Micro_2220010,Micro 2220010,Instrucao_agregado,Grau de Instrução (dicotomizado),Instrucao,svychisq,2.2462842654744826,"3.36984408926148, 131.423919481198",0.07851244690521615,ns,0.24862274853318447,ns,44
Desalentados_Forca_Ampliada,Desalentados na Força de Trabalho Ampliada,Agreg_Alto Parnaíba e Chapadas Sul do Piauí,Alto Parnaíba e Chapadas Sul do Piauí,Sexo,Sexo,Sexo,svyglm+regTermTest(LRT),3.76120343383036,"1, 199",0.08098737105182048,ns,0.47242633113561944,ns,2048
Desalentados_Fora_Forca,Desalentados Fora da Força de Trabalho,Micro_2251020,Micro 2251020,Sexo,Sexo,Sexo,svyglm+regTermTest(LRT),2.886122521249604,"1, 199",0.08167805460571387,ns,0.29948620022095085,ns,411
Chefes_Familia_Desocupados,Pessoas Responsáveis pelo Domicílio Desocupadas,"Admin_Resto da RIDE (Região Integrada de Desenvolvimento Econômico, excluindo a capital)","Resto da RIDE (Região Integrada de Desenvolvimento Econômico, excluindo a capital)",Instrucao_agregado,Grau de Instrução (dicotomizado),Instrucao,svyglm+regTermTest(LRT),3.7864336194239314,"1, 70",0.08274302967488335,ns,0.22566280820422732,ns,80
Chefes_Familia_Desocupados,Pessoas Responsáveis pelo Domicílio Desocupadas,Agreg_Entorno metropolitano de Teresina (PI),Entorno metropolitano de Teresina (PI),Instrucao_agregado,Grau de Instrução (dicotomizado),Instrucao,svyglm+regTermTest(LRT),3.7864336194239314,"1, 70",0.08274302967488335,ns,0.22566280820422732,ns,80
Rendimento_Medio_Habitual,Rendimento Médio Habitual,Micro_2252022,Micro 2252022,Instrucao_agregado,Grau de Instrução (dicotomizado),Instrucao,svyglm+regTermTest(LRT),20233424.746076293,"1, 39",0.0831182758258016,ns,0.09652444934609218,ns,110
Rendimento_Medio_Habitual,Rendimento Médio Habitual,Micro_2252021,Micro 2252021,Faixa_Etaria_trabalho,Faixa Etária,Faixa_Etaria_trabalho,svyglm+regTermTest(LRT),4093567.8553170487,"2, 51",0.0833183119928643,ns,0.12150587165626042,ns,151
Taxa_Informalidade,Taxa de Informalidade,Agreg_Centro-Leste do Piauí,Centro-Leste do Piauí,Sexo,Sexo,Sexo,svyglm+regTermTest(LRT),4.2666591844779305,"1, 199",0.08484781666245003,ns,0.2434363592334213,ns,881
Rendimento_Informal,Rendimento Médio — Setor Informal,Agreg_Centro-Leste do Piauí,Centro-Leste do Piauí,Faixa_Etaria_trabalho,Faixa Etária,Faixa_Etaria_trabalho,svyglm+regTermTest(LRT),6633825.1955753565,"2, 199",0.08663915643624744,ns,0.19593661546774657,ns,512
Desalentados_Forca_Ampliada,Desalentados na Força de Trabalho Ampliada,Agreg_Baixo Parnaíba do Piauí,Baixo Parnaíba do Piauí,Faixa_Etaria_trabalho,Faixa Etária,Faixa_Etaria_trabalho,svyglm+regTermTest(LRT),6.187314225989098,"2, 199",0.08828376604263859,ns,0.4161948970581533,ns,2584
Motivo_Nao_Procura_NemNem,Motivo de Não Procurar Trabalho (Nem-Nem),"Admin_Resto da RIDE (Região Integrada de Desenvolvimento Econômico, excluindo a capital)","Resto da RIDE (Região Integrada de Desenvolvimento Econômico, excluindo a capital)",Sexo,Sexo,Sexo,svychisq,2.2976182340990503,"2.58184024127579, 191.056177854408",0.08834118817931919,ns,0.1359095202758757,ns,82
Motivo_Nao_Procura_NemNem,Motivo de Não Procurar Trabalho (Nem-Nem),Agreg_Entorno metropolitano de Teresina (PI),Entorno metropolitano de Teresina (PI),Sexo,Sexo,Sexo,svychisq,2.2976182340990503,"2.58184024127579, 191.056177854408",0.08834118817931919,ns,0.1359095202758757,ns,82
Rendimento_Formal,Rendimento Médio — Setor Formal,Micro_2210020,Micro 2210020,Faixa_Etaria_trabalho,Faixa Etária,Faixa_Etaria_trabalho,svyglm+regTermTest(LRT),122256080.64583312,"2, 139",0.0899950569426624,ns,0.10635779456860102,ns,388
Rendimento_Informal,Rendimento Médio — Setor Informal,Micro_2210011,Micro 2210011,Faixa_Etaria_trabalho,Faixa Etária,Faixa_Etaria_trabalho,svyglm+regTermTest(LRT),34319431.624451876,"2, 199",0.0900541014897375,ns,0.19593661546774657,ns,345
Taxa_Informalidade,Taxa de Informalidade,Micro_2220020,Micro 2220020,Sexo,Sexo,Sexo,svyglm+regTermTest(LRT),3.3138537641378036,"1, 108",0.09010481034245346,ns,0.2434363592334213,ns,155
Motivo_Desistencia_Desalentado,Motivo da Desistência (Desalentados),Micro_2210020,Micro 2210020,Faixa_Etaria_trabalho,Faixa Etária,Faixa_Etaria_trabalho,svychisq,4.056129493363523,"1, 6",0.09065283894455628,ns,0.7845315220265507,ns,9
Conribuintes_Desocupados,Responsáveis ou Cônjuges Desocupados,Zona_Urbana,Zona Urbana,Instrucao,Grau de Instrução (detalhado),VD3004,svyglm+regTermTest(LRT),40.28624622546556,"6, 199",0.09104114919523972,ns,0.9995455727694298,ns,305
Rendimento_Informal,Rendimento Médio — Setor Informal,Micro_2253011,Micro 2253011,Instrucao_agregado,Grau de Instrução (dicotomizado),Instrucao,svyglm+regTermTest(LRT),3069600.950809002,"1, 61",0.09246927702897494,ns,0.1294569878405649,ns,82
Percentual_Subremuneracao,Subremuneração (abaixo do salário-mínimo/hora),Micro_2252020,Micro 2252020,Raca,Cor ou Raça,Raca,svyglm+regTermTest(LRT),7.5442280381117826,"2, 199",0.09430876388540928,ns,0.5695860202942561,ns,847
Taxa_Informalidade,Taxa de Informalidade,Micro_2252020,Micro 2252020,Sexo,Sexo,Sexo,svyglm+regTermTest(LRT),4.531264638690288,"1, 166",0.0946696952574416,ns,0.2434363592334213,ns,241
Rendimento_Informal,Rendimento Médio — Setor Informal,Micro_2253011,Micro 2253011,Faixa_Etaria_trabalho,Faixa Etária,Faixa_Etaria_trabalho,svyglm+regTermTest(LRT),3503564.674791053,"2, 61",0.094808039742458,ns,0.19593661546774657,ns,82
Percentual_Subremuneracao,Subremuneração (abaixo do salário-mínimo/hora),Micro_2210030,Micro 2210030,Raca,Cor ou Raça,Raca,svyglm+regTermTest(LRT),2.8201003987153968,"3, 199",0.09574957258238376,ns,0.5695860202942561,ns,882
Rendimento_Formal,Rendimento Médio — Setor Formal,Micro_2220010,Micro 2220010,Instrucao_agregado,Grau de Instrução (dicotomizado),Instrucao,svyglm+regTermTest(LRT),13235369.36471176,"1, 199",0.09624127967766728,ns,0.14665337855644536,ns,578
Taxa_Nem_Nem,Taxa de Nem-Nem (14 a 29 anos),Micro_2210011,Micro 2210011,Sexo,Sexo,Sexo,svyglm+regTermTest(LRT),2.5325503188926177,"1, 199",0.09642024460551415,ns,0.23140858705323397,ns,449
Chefes_Familia_Desocupados,Pessoas Responsáveis pelo Domicílio Desocupadas,Agreg_Baixo Parnaíba do Piauí,Baixo Parnaíba do Piauí,Instrucao_agregado,Grau de Instrução (dicotomizado),Instrucao,svyglm+regTermTest(LRT),6.295377387587855,"1, 52",0.09700609265062674,ns,0.24251523162656685,ns,56
Taxa_Nem_Nem,Taxa de Nem-Nem (14 a 29 anos),Zona_Urbana,Zona Urbana,Raca,Cor ou Raça,Raca,svyglm+regTermTest(LRT),5.446271818643936,"3, 199",0.09841022020613724,ns,0.997919623009068,ns,1914
Rendimento_Medio_Habitual,Rendimento Médio Habitual,Zona_Rural,Zona Rural,Raca,Cor ou Raça,Raca,svyglm+regTermTest(LRT),12218790.192415476,"2, 199",0.09921786608453424,ns,0.298280226788161,ns,4410
Rendimento_Medio_Habitual,Rendimento Médio Habitual,"Admin_Resto da RIDE (Região Integrada de Desenvolvimento Econômico, excluindo a capital)","Resto da RIDE (Região Integrada de Desenvolvimento Econômico, excluindo a capital)",Raca,Cor ou Raça,Raca,svyglm+regTermTest(LRT),13395378.18561697,"2, 199",0.09942674226272034,ns,0.298280226788161,ns,1324
Rendimento_Medio_Habitual,Rendimento Médio Habitual,Agreg_Entorno metropolitano de Teresina (PI),Entorno metropolitano de Teresina (PI),Raca,Cor ou Raça,Raca,svyglm+regTermTest(LRT),13395378.18561697,"2, 199",0.09942674226272034,ns,0.298280226788161,ns,1324
Percentual_Subremuneracao,Subremuneração (abaixo do salário-mínimo/hora),Micro_2210012,Micro 2210012,Raca,Cor ou Raça,Raca,svyglm+regTermTest(LRT),4.7386192770873095,"2, 199",0.10051518005192754,ns,0.5695860202942561,ns,636
Rendimento_Formal,Rendimento Médio — Setor Formal,Micro_2220020,Micro 2220020,Sexo,Sexo,Sexo,svyglm+regTermTest(LRT),672205.2906070221,"1, 193",0.10063131325617064,ns,0.2554487182656639,ns,488
Taxa_Informalidade,Taxa de Informalidade,Micro_2220010,Micro 2220010,Instrucao_agregado,Grau de Instrução (dicotomizado),Instrucao,svyglm+regTermTest(LRT),13.36900998077158,"1, 179",0.10166000342813604,ns,0.1317814859253615,ns,299
Desalentados_Forca_Ampliada,Desalentados na Força de Trabalho Ampliada,Micro_2252020,Micro 2252020,Sexo,Sexo,Sexo,svyglm+regTermTest(LRT),2.5752528522625653,"1, 199",0.10402934663251528,ns,0.5201467331625763,ns,847
Taxa_Subocupacao,Subocupação por Insuficiência de Horas,Micro_2251013,Micro 2251013,Faixa_Etaria_trabalho,Faixa Etária,Faixa_Etaria_trabalho,svyglm+regTermTest(LRT),3.4219511621893446,"2, 100",0.10424150827531588,ns,0.4499057197273122,ns,145
Percentual_Subremuneracao,Subremuneração (abaixo do salário-mínimo/hora),Agreg_Centro-Leste do Piauí,Centro-Leste do Piauí,Faixa_Etaria_trabalho,Faixa Etária,Faixa_Etaria_trabalho,svyglm+regTermTest(LRT),6.467697924343611,"2, 199",0.10437006894455415,ns,0.3131102068336625,ns,2636
Rendimento_Medio_Habitual,Rendimento Médio Habitual,Agreg_Centro-Leste do Piauí,Centro-Leste do Piauí,Faixa_Etaria_trabalho,Faixa Etária,Faixa_Etaria_trabalho,svyglm+regTermTest(LRT),42329518.55958557,"2, 199",0.10463444732544425,ns,0.14648822625562194,ns,2636
Rendimento_Informal,Rendimento Médio — Setor Informal,Micro_2253022,Micro 2253022,Instrucao,Grau de Instrução (detalhado),VD3004,svyglm+regTermTest(LRT),3955322.389164757,"3, 16",0.10467895852107814,ns,0.1360826460774016,ns,23
Motivo_Nao_Inicio_NemNem,Motivo de Não Iniciar Trabalho (Nem-Nem),Agreg_Baixo Parnaíba do Piauí,Baixo Parnaíba do Piauí,Instrucao_agregado,Grau de Instrução (dicotomizado),Instrucao,svychisq,2.0989168391696453,"2.79054230505393, 340.446161216579",0.10480532749148784,ns,0.4555702681357789,ns,134
Taxa_Subocupacao,Subocupação por Insuficiência de Horas,"Admin_Resto da RIDE (Região Integrada de Desenvolvimento Econômico, excluindo a capital)","Resto da RIDE (Região Integrada de Desenvolvimento Econômico, excluindo a capital)",Faixa_Etaria_trabalho,Faixa Etária,Faixa_Etaria_trabalho,svyglm+regTermTest(LRT),5.23134089404823,"2, 199",0.10497800126970618,ns,0.4499057197273122,ns,454
Taxa_Subocupacao,Subocupação por Insuficiência de Horas,Agreg_Entorno metropolitano de Teresina (PI),Entorno metropolitano de Teresina (PI),Faixa_Etaria_trabalho,Faixa Etária,Faixa_Etaria_trabalho,svyglm+regTermTest(LRT),5.23134089404823,"2, 199",0.10497800126970618,ns,0.4499057197273122,ns,454
Rendimento_Medio_Habitual,Rendimento Médio Habitual,Micro_2210020,Micro 2210020,Instrucao_agregado,Grau de Instrução (dicotomizado),Instrucao,svyglm+regTermTest(LRT),11120579.7995162,"1, 147",0.1058527738723314,ns,0.11908437060637282,ns,475
Taxa_Informalidade,Taxa de Informalidade,Micro_2210030,Micro 2210030,Raca,Cor ou Raça,Raca,svyglm+regTermTest(LRT),4.030728484682868,"3, 199",0.10695866751768245,ns,0.5315952110946882,ns,375
Motivo_Nao_Procura_NemNem,Motivo de Não Procurar Trabalho (Nem-Nem),Zona_Rural,Zona Rural,Instrucao_agregado,Grau de Instrução (dicotomizado),Instrucao,svychisq,1.8818326346042584,"4.20565855724569, 836.926052891893",0.1079597369837661,ns,0.2581271400806896,ns,287
Taxa_Informalidade,Taxa de Informalidade,Micro_2210013,Micro 2210013,Raca,Cor ou Raça,Raca,svyglm+regTermTest(LRT),3.5468859885983193,"2, 120",0.1094460728724358,ns,0.5315952110946882,ns,210
Motivo_Desistencia_Desalentado,Motivo da Desistência (Desalentados),Agreg_Alto Parnaíba e Chapadas Sul do Piauí,Alto Parnaíba e Chapadas Sul do Piauí,Sexo,Sexo,Sexo,svychisq,2.1662410855679526,"2.34786072377972, 138.523782703003",0.10969613238933386,ns,0.37838648943373054,ns,81
Taxa_Subocupacao,Subocupação por Insuficiência de Horas,Agreg_Centro-Leste do Piauí,Centro-Leste do Piauí,Instrucao_agregado,Grau de Instrução (dicotomizado),Instrucao,svyglm+regTermTest(LRT),4.451445596538292,"1, 199",0.11040744643252803,ns,0.35043312973524754,ns,881
Taxa_Desocupacao,Taxa de Desocupação,Zona_Urbana,Zona Urbana,Sexo,Sexo,Sexo,svyglm+regTermTest(LRT),3.4955392411320645,"1, 199",0.11085707702259728,ns,0.3879997695790905,ns,3997
Taxa_Informalidade,Taxa de Informalidade,Agreg_Centro-Leste do Piauí,Centro-Leste do Piauí,Instrucao,Grau de Instrução (detalhado),VD3004,svyglm+regTermTest(LRT),180.74343690399053,"6, 199",0.11145399093431996,ns,0.3095944192619999,ns,881
Desalentados_Fora_Forca,Desalentados Fora da Força de Trabalho,Zona_Urbana,Zona Urbana,Sexo,Sexo,Sexo,svyglm+regTermTest(LRT),6.84072752523889,"1, 199",0.112252091168041,ns,0.3704319008545353,ns,3020
Taxa_Nem_Nem,Taxa de Nem-Nem (14 a 29 anos),Micro_2253012,Micro 2253012,Instrucao_agregado,Grau de Instrução (dicotomizado),Instrucao,svyglm+regTermTest(LRT),2.050774413905785,"1, 60",0.11297089484186648,ns,0.7582537303503105,ns,83
Rendimento_Medio_Habitual,Rendimento Médio Habitual,Micro_2252022,Micro 2252022,Raca,Cor ou Raça,Raca,svyglm+regTermTest(LRT),1679846.8209356517,"2, 39",0.11347331877620472,ns,0.30637796069575274,ns,110
Rendimento_Informal,Rendimento Médio — Setor Informal,Micro_2253020,Micro 2253020,Faixa_Etaria_trabalho,Faixa Etária,Faixa_Etaria_trabalho,svyglm+regTermTest(LRT),1264756.9571400806,"2, 69",0.1136094100895632,ns,0.22011823204852873,ns,79
Chefes_Familia_Desocupados,Pessoas Responsáveis pelo Domicílio Desocupadas,Agreg_Centro-Leste do Piauí,Centro-Leste do Piauí,Instrucao_agregado,Grau de Instrução (dicotomizado),Instrucao,svyglm+regTermTest(LRT),3.5576416303220526,"1, 71",0.1143789018862354,ns,0.2639513120451586,ns,81
Taxa_Subocupacao,Subocupação por Insuficiência de Horas,Micro_2251012,Micro 2251012,Instrucao_agregado,Grau de Instrução (dicotomizado),Instrucao,svyglm+regTermTest(LRT),6.67369484943228,"1, 136",0.11681104324508251,ns,0.35043312973524754,ns,212
Rendimento_Formal,Rendimento Médio — Setor Formal,Zona_Rural,Zona Rural,Raca,Cor ou Raça,Raca,svyglm+regTermTest(LRT),15433332.392057776,"2, 199",0.11720529136093737,ns,0.44928695021692655,ns,3542
Taxa_Desocupacao,Taxa de Desocupação,Agreg_Alto Parnaíba e Chapadas Sul do Piauí,Alto Parnaíba e Chapadas Sul do Piauí,Raca,Cor ou Raça,Raca,svyglm+regTermTest(LRT),5.645173751432935,"3, 199",0.11905477449797316,ns,0.9985316607995184,ns,825
Taxa_Desocupacao,Taxa de Desocupação,"Admin_Resto da UF  (Unidade da Federação, excluindo a região metropolitana e a RIDE)","Resto da UF  (Unidade da Federação, excluindo a região metropolitana e a RIDE)",Raca,Cor ou Raça,Raca,svyglm+regTermTest(LRT),7.079888259863537,"3, 199",0.11938303538298184,ns,0.9985316607995184,ns,2762
Taxa_Informalidade,Taxa de Informalidade,Micro_2252011,Micro 2252011,Sexo,Sexo,Sexo,svyglm+regTermTest(LRT),2.889709595613567,"1, 131",0.11958683248582344,ns,0.2870083979659762,ns,209
Desalentados_Forca_Ampliada,Desalentados na Força de Trabalho Ampliada,"Admin_Resto da UF  (Unidade da Federação, excluindo a região metropolitana e a RIDE)","Resto da UF  (Unidade da Federação, excluindo a região metropolitana e a RIDE)",Instrucao,Grau de Instrução (detalhado),VD3004,svyglm+regTermTest(LRT),65.66578675144319,"6, 199",0.12131647234892293,ns,0.9998416465005352,ns,7268
Taxa_Nem_Nem,Taxa de Nem-Nem (14 a 29 anos),Micro_2251020,Micro 2251020,Sexo,Sexo,Sexo,svyglm+regTermTest(LRT),2.8747010975724834,"1, 127",0.12180280360201204,ns,0.2740563081045271,ns,168
Rendimento_Informal,Rendimento Médio — Setor Informal,Micro_2252020,Micro 2252020,Instrucao,Grau de Instrução (detalhado),VD3004,svyglm+regTermTest(LRT),4836051.963867553,"5, 128",0.12232341260238916,ns,0.15144803465057707,ns,176
Conribuintes_Desocupados,Responsáveis ou Cônjuges Desocupados,Zona_Rural,Zona Rural,Sexo,Sexo,Sexo,svyglm+regTermTest(LRT),2.26353572267584,"1, 141",0.12244206284284932,ns,0.3450639952843935,ns,158
Taxa_Nem_Nem,Taxa de Nem-Nem (14 a 29 anos),"Admin_Resto da UF  (Unidade da Federação, excluindo a região metropolitana e a RIDE)","Resto da UF  (Unidade da Federação, excluindo a região metropolitana e a RIDE)",Raca,Cor ou Raça,Raca,svyglm+regTermTest(LRT),5.263811442426913,"3, 199",0.12302310190694413,ns,0.997919623009068,ns,1545
Taxa_Desocupacao,Taxa de Desocupação,Micro_2210030,Micro 2210030,Sexo,Sexo,Sexo,svyglm+regTermTest(LRT),4.2525173440476465,"1, 199",0.12361395410959224,ns,0.393317126712339,ns,412
Chefes_Familia_Desocupados,Pessoas Responsáveis pelo Domicílio Desocupadas,Agreg_Centro-Leste do Piauí,Centro-Leste do Piauí,Sexo,Sexo,Sexo,svyglm+regTermTest(LRT),4.2909910352749705,"1, 71",0.1237013390247986,ns,0.35873388317191596,ns,81
Desalentados_Fora_Forca,Desalentados Fora da Força de Trabalho,Agreg_Centro-Leste do Piauí,Centro-Leste do Piauí,Instrucao_agregado,Grau de Instrução (dicotomizado),Instrucao,svyglm+regTermTest(LRT),2.8353561818801154,"1, 199",0.12440344930998395,ns,0.4354120725849439,ns,1181
Rendimento_Formal,Rendimento Médio — Setor Formal,Micro_2251012,Micro 2251012,Sexo,Sexo,Sexo,svyglm+regTermTest(LRT),15342512.203821182,"1, 178",0.12661586601617977,ns,0.2984516841809952,ns,377
Rendimento_Informal,Rendimento Médio — Setor Informal,Micro_2210020,Micro 2210020,Sexo,Sexo,Sexo,svyglm+regTermTest(LRT),3029058.734409049,"1, 69",0.1275012231732706,ns,0.23999727482572952,ns,87
Rendimento_Formal,Rendimento Médio — Setor Formal,Micro_2252012,Micro 2252012,Instrucao_agregado,Grau de Instrução (dicotomizado),Instrucao,svyglm+regTermTest(LRT),13451873.858264208,"1, 170",0.12860794367308057,ns,0.1870660998881172,ns,400
Rendimento_Informal,Rendimento Médio — Setor Informal,Micro_2252020,Micro 2252020,Raca,Cor ou Raça,Raca,svyglm+regTermTest(LRT),1624705.1189209372,"2, 128",0.13014782437992797,ns,0.7095088937534743,ns,176
Rendimento_Informal,Rendimento Médio — Setor Informal,Micro_2253010,Micro 2253010,Sexo,Sexo,Sexo,svyglm+regTermTest(LRT),3658357.703117922,"1, 16",0.13028423490539603,ns,0.23999727482572952,ns,22
Taxa_Nem_Nem,Taxa de Nem-Nem (14 a 29 anos),Micro_2220020,Micro 2220020,Instrucao_agregado,Grau de Instrução (dicotomizado),Instrucao,svyglm+regTermTest(LRT),5.87132247578603,"1, 87",0.1304127819515594,ns,0.7582537303503105,ns,111
Motivo_Nao_Procura_NemNem,Motivo de Não Procurar Trabalho (Nem-Nem),Micro_2251020,Micro 2251020,Instrucao_agregado,Grau de Instrução (dicotomizado),Instrucao,svychisq,1.925060044454384,"2.84606599702835, 156.533629836559",0.13092714228022476,ns,0.2581271400806896,ns,60
Motivo_Nao_Inicio_NemNem,Motivo de Não Iniciar Trabalho (Nem-Nem),Micro_2220010,Micro 2220010,Sexo,Sexo,Sexo,svychisq,1.9485626225042116,"2.72076291321254, 106.109753615289",0.13195076985908613,ns,0.18473107780272055,ns,44
Motivo_Nao_Procura_NemNem,Motivo de Não Procurar Trabalho (Nem-Nem),Micro_2252012,Micro 2252012,Sexo,Sexo,Sexo,svychisq,2.015327546188838,"2.54685037892027, 48.3901571994851",0.13298427992765255,ns,0.18997754275378936,ns,21
Conribuintes_Desocupados,Responsáveis ou Cônjuges Desocupados,Zona_Rural,Zona Rural,Raca,Cor ou Raça,Raca,svyglm+regTermTest(LRT),6.307481768184857,"2, 141",0.13382435938528411,ns,0.5544152031676056,ns,158
Motivo_Desistencia_Desalentado,Motivo da Desistência (Desalentados),Zona_Rural,Zona Rural,Sexo,Sexo,Sexo,svychisq,1.9504587289285784,"2.39339770739986, 445.171973576374",0.13422930529374075,ns,0.37838648943373054,ns,241
Motivo_Nao_Procura_NemNem,Motivo de Não Procurar Trabalho (Nem-Nem),"Admin_Resto da RIDE (Região Integrada de Desenvolvimento Econômico, excluindo a capital)","Resto da RIDE (Região Integrada de Desenvolvimento Econômico, excluindo a capital)",Instrucao_agregado,Grau de Instrução (dicotomizado),Instrucao,svychisq,1.7257562337093424,"4.49262704862622, 332.45440159834",0.13585638951615242,ns,0.2581271400806896,ns,82
Motivo_Nao_Procura_NemNem,Motivo de Não Procurar Trabalho (Nem-Nem),Agreg_Entorno metropolitano de Teresina (PI),Entorno metropolitano de Teresina (PI),Instrucao_agregado,Grau de Instrução (dicotomizado),Instrucao,svychisq,1.7257562337093424,"4.49262704862622, 332.45440159834",0.13585638951615242,ns,0.2581271400806896,ns,82
Desalentados_Forca_Ampliada,Desalentados na Força de Trabalho Ampliada,Agreg_Baixo Parnaíba do Piauí,Baixo Parnaíba do Piauí,Instrucao_agregado,Grau de Instrução (dicotomizado),Instrucao,svyglm+regTermTest(LRT),2.4936590400079695,"1, 199",0.1362926153016192,ns,0.6619927028935789,ns,2584
Desalentados_Fora_Forca,Desalentados Fora da Força de Trabalho,"Admin_Resto da RIDE (Região Integrada de Desenvolvimento Econômico, excluindo a capital)","Resto da RIDE (Região Integrada de Desenvolvimento Econômico, excluindo a capital)",Faixa_Etaria_trabalho,Faixa Etária,Faixa_Etaria_trabalho,svyglm+regTermTest(LRT),19.10224800858029,"2, 199",0.1368671422697404,ns,0.4859953503480344,ns,568
Desalentados_Fora_Forca,Desalentados Fora da Força de Trabalho,Agreg_Entorno metropolitano de Teresina (PI),Entorno metropolitano de Teresina (PI),Faixa_Etaria_trabalho,Faixa Etária,Faixa_Etaria_trabalho,svyglm+regTermTest(LRT),19.10224800858029,"2, 199",0.1368671422697404,ns,0.4859953503480344,ns,568
Taxa_Informalidade,Taxa de Informalidade,Micro_2253012,Micro 2253012,Sexo,Sexo,Sexo,svyglm+regTermTest(LRT),4.191206934198789,"1, 113",0.1374937262724997,ns,0.30936088411312435,ns,173
Rendimento_Formal,Rendimento Médio — Setor Formal,Micro_2210020,Micro 2210020,Sexo,Sexo,Sexo,svyglm+regTermTest(LRT),4909884.948604524,"1, 139",0.13923002143525595,ns,0.3063060471575631,ns,388
Conribuintes_Desocupados,Responsáveis ou Cônjuges Desocupados,Agreg_Alto Parnaíba e Chapadas Sul do Piauí,Alto Parnaíba e Chapadas Sul do Piauí,Faixa_Etaria_trabalho,Faixa Etária,Faixa_Etaria_trabalho,svyglm+regTermTest(LRT),17.964791582867264,"1, 76",0.1428068048522487,ns,0.21001000713565987,ns,82
Rendimento_Medio_Habitual,Rendimento Médio Habitual,Micro_2251022,Micro 2251022,Faixa_Etaria_trabalho,Faixa Etária,Faixa_Etaria_trabalho,svyglm+regTermTest(LRT),2201810.2141252384,"2, 51",0.1441617302131233,ns,0.1940638675945891,ns,163
Taxa_Subocupacao,Subocupação por Insuficiência de Horas,Micro_2253011,Micro 2253011,Sexo,Sexo,Sexo,svyglm+regTermTest(LRT),2.090795740489142,"1, 123",0.14612922439989964,ns,0.8524204756660813,ns,199
Percentual_Subremuneracao,Subremuneração (abaixo do salário-mínimo/hora),Micro_2252013,Micro 2252013,Sexo,Sexo,Sexo,svyglm+regTermTest(LRT),2.8221408272476367,"1, 134",0.146705111783829,ns,0.4801258203834404,ns,388
Conribuintes_Desocupados,Responsáveis ou Cônjuges Desocupados,Admin_Capital,Capital,Instrucao_agregado,Grau de Instrução (dicotomizado),Instrucao,svyglm+regTermTest(LRT),7.007475051623459,"1, 145",0.14706844118143875,ns,0.2681836280367413,ns,164
Conribuintes_Desocupados,Responsáveis ou Cônjuges Desocupados,Agreg_Teresina,Teresina,Instrucao_agregado,Grau de Instrução (dicotomizado),Instrucao,svyglm+regTermTest(LRT),7.007475051623459,"1, 145",0.14706844118143875,ns,0.2681836280367413,ns,164
Rendimento_Medio_Habitual,Rendimento Médio Habitual,Micro_2253010,Micro 2253010,Sexo,Sexo,Sexo,svyglm+regTermTest(LRT),3311844.735000849,"1, 48",0.14805177810853942,ns,0.4291800947508811,ns,152
Taxa_Subocupacao,Subocupação por Insuficiência de Horas,"Admin_Resto da UF  (Unidade da Federação, excluindo a região metropolitana e a RIDE)","Resto da UF  (Unidade da Federação, excluindo a região metropolitana e a RIDE)",Faixa_Etaria_trabalho,Faixa Etária,Faixa_Etaria_trabalho,svyglm+regTermTest(LRT),7.140102286120964,"2, 199",0.1485833191890745,ns,0.5571874469590293,ns,2543
Rendimento_Medio_Habitual,Rendimento Médio Habitual,Micro_2253022,Micro 2253022,Raca,Cor ou Raça,Raca,svyglm+regTermTest(LRT),1107782.858796563,"2, 36",0.14906422770539451,ns,0.3658849225496047,ns,97
Taxa_Nem_Nem,Taxa de Nem-Nem (14 a 29 anos),Agreg_Centro-Leste do Piauí,Centro-Leste do Piauí,Instrucao_agregado,Grau de Instrução (dicotomizado),Instrucao,svyglm+regTermTest(LRT),2.563876481512466,"1, 199",0.1516507460700621,ns,0.7582537303503105,ns,586
Taxa_Nem_Nem,Taxa de Nem-Nem (14 a 29 anos),Micro_2253020,Micro 2253020,Sexo,Sexo,Sexo,svyglm+regTermTest(LRT),4.4799060726203095,"1, 62",0.15193690366547655,ns,0.3041067848753637,ns,77
Rendimento_Informal,Rendimento Médio — Setor Informal,Micro_2254020,Micro 2254020,Raca,Cor ou Raça,Raca,svyglm+regTermTest(LRT),1692833.2922606245,"2, 64",0.1520376200900302,ns,0.7095088937534743,ns,94
Taxa_Desocupacao,Taxa de Desocupação,Zona_Urbana,Zona Urbana,Faixa_Etaria_trabalho,Faixa Etária,Faixa_Etaria_trabalho,svyglm+regTermTest(LRT),116.85269953459374,"2, 199",0.1532115572037348,ns,0.4340994120772486,ns,3997
Taxa_Nem_Nem,Taxa de Nem-Nem (14 a 29 anos),Micro_2220010,Micro 2220010,Sexo,Sexo,Sexo,svyglm+regTermTest(LRT),2.984899994277214,"1, 121",0.15420021159639274,ns,0.3041067848753637,ns,176
Motivo_Nao_Procura_NemNem,Motivo de Não Procurar Trabalho (Nem-Nem),Zona_Urbana,Zona Urbana,Raca,Cor ou Raça,Raca,svychisq,1.4907605197261014,"7.9732963650028, 1586.68597663556",0.15581435216134995,ns,0.3895358804033749,ns,377
Proporcao_Ocupados_Escolarizados,Ocupados com Ensino Médio Completo ou Mais,"Admin_Resto da RIDE (Região Integrada de Desenvolvimento Econômico, excluindo a capital)","Resto da RIDE (Região Integrada de Desenvolvimento Econômico, excluindo a capital)",Raca,Cor ou Raça,Raca,svyglm+regTermTest(LRT),6.130697420827232,"2, 199",0.15590188164567945,ns,0.6040706985788423,ns,454
Proporcao_Ocupados_Escolarizados,Ocupados com Ensino Médio Completo ou Mais,Agreg_Entorno metropolitano de Teresina (PI),Entorno metropolitano de Teresina (PI),Raca,Cor ou Raça,Raca,svyglm+regTermTest(LRT),6.130697420827232,"2, 199",0.15590188164567945,ns,0.6040706985788423,ns,454
Rendimento_Medio_Habitual,Rendimento Médio Habitual,Micro_2251020,Micro 2251020,Faixa_Etaria_trabalho,Faixa Etária,Faixa_Etaria_trabalho,svyglm+regTermTest(LRT),3213275.7047040462,"2, 199",0.1577304883088155,ns,0.2044654478077238,ns,849
Rendimento_Informal,Rendimento Médio — Setor Informal,Micro_2210030,Micro 2210030,Faixa_Etaria_trabalho,Faixa Etária,Faixa_Etaria_trabalho,svyglm+regTermTest(LRT),2656842.6655216515,"2, 125",0.15803898904226424,ns,0.276818707512045,ns,161
Proporcao_Ocupados_Escolarizados,Ocupados com Ensino Médio Completo ou Mais,Agreg_Alto Parnaíba e Chapadas Sul do Piauí,Alto Parnaíba e Chapadas Sul do Piauí,Raca,Cor ou Raça,Raca,svyglm+regTermTest(LRT),5.851431287648438,"3, 199",0.15990106727087003,ns,0.6040706985788423,ns,743
Taxa_Subocupacao,Subocupação por Insuficiência de Horas,"Admin_Resto da UF  (Unidade da Federação, excluindo a região metropolitana e a RIDE)","Resto da UF  (Unidade da Federação, excluindo a região metropolitana e a RIDE)",Raca,Cor ou Raça,Raca,svyglm+regTermTest(LRT),5.879238928780978,"3, 199",0.16045388958578213,ns,0.8168027285319759,ns,2543
Taxa_Nem_Nem,Taxa de Nem-Nem (14 a 29 anos),Agreg_Centro-Leste do Piauí,Centro-Leste do Piauí,Sexo,Sexo,Sexo,svyglm+regTermTest(LRT),2.167513747615658,"1, 199",0.1605008031286642,ns,0.3041067848753637,ns,586
Rendimento_Informal,Rendimento Médio — Setor Informal,Micro_2253012,Micro 2253012,Faixa_Etaria_trabalho,Faixa Etária,Faixa_Etaria_trabalho,svyglm+regTermTest(LRT),3824349.983495116,"2, 63",0.16073344307151,ns,0.276818707512045,ns,74
Motivo_Desistencia_Desalentado,Motivo da Desistência (Desalentados),Micro_2252020,Micro 2252020,Sexo,Sexo,Sexo,svychisq,1.9112914391245153,"1.77539979079774, 60.3635928871232",0.1610783929225223,ns,0.37838648943373054,ns,46
Taxa_Desocupacao,Taxa de Desocupação,Admin_Capital,Capital,Instrucao,Grau de Instrução (detalhado),VD3004,svyglm+regTermTest(LRT),25.73522628418459,"6, 199",0.16191682842357297,ns,0.7286257279060784,ns,2128
Taxa_Desocupacao,Taxa de Desocupação,Agreg_Teresina,Teresina,Instrucao,Grau de Instrução (detalhado),VD3004,svyglm+regTermTest(LRT),25.73522628418459,"6, 199",0.16191682842357297,ns,0.7286257279060784,ns,2128
Motivo_Desistencia_Desalentado,Motivo da Desistência (Desalentados),Micro_2251011,Micro 2251011,Sexo,Sexo,Sexo,svychisq,2.196378603129324,"1, 13",0.16216563832874165,ns,0.37838648943373054,ns,15
Rendimento_Medio_Habitual,Rendimento Médio Habitual,Micro_2251021,Micro 2251021,Sexo,Sexo,Sexo,svyglm+regTermTest(LRT),817982.8689003289,"1, 77",0.162325741552835,ns,0.4291800947508811,ns,211
Rendimento_Medio_Habitual,Rendimento Médio Habitual,Micro_2251011,Micro 2251011,Instrucao_agregado,Grau de Instrução (dicotomizado),Instrucao,svyglm+regTermTest(LRT),43369166.49316025,"1, 188",0.16348074441316526,ns,0.17834263026890754,ns,523
Rendimento_Formal,Rendimento Médio — Setor Formal,"Admin_Resto da RIDE (Região Integrada de Desenvolvimento Econômico, excluindo a capital)","Resto da RIDE (Região Integrada de Desenvolvimento Econômico, excluindo a capital)",Sexo,Sexo,Sexo,svyglm+regTermTest(LRT),21094200.2893672,"1, 199",0.16362568175966383,ns,0.30864703232274393,ns,1066
Rendimento_Formal,Rendimento Médio — Setor Formal,Agreg_Entorno metropolitano de Teresina (PI),Entorno metropolitano de Teresina (PI),Sexo,Sexo,Sexo,svyglm+regTermTest(LRT),21094200.2893672,"1, 199",0.16362568175966383,ns,0.30864703232274393,ns,1066
Desalentados_Fora_Forca,Desalentados Fora da Força de Trabalho,Micro_2253011,Micro 2253011,Faixa_Etaria_trabalho,Faixa Etária,Faixa_Etaria_trabalho,svyglm+regTermTest(LRT),14.539904658818555,"2, 112",0.16387634867694828,ns,0.4859953503480344,ns,166
Desalentados_Fora_Forca,Desalentados Fora da Força de Trabalho,Micro_2251011,Micro 2251011,Sexo,Sexo,Sexo,svyglm+regTermTest(LRT),3.844630634774461,"1, 134",0.1639248081359507,ns,0.4917744244078522,ns,222
Motivo_Nao_Inicio_NemNem,Motivo de Não Iniciar Trabalho (Nem-Nem),Micro_2252011,Micro 2252011,Instrucao_agregado,Grau de Instrução (dicotomizado),Instrucao,svychisq,1.8706499838628976,"1.94846929879688, 54.5571403663125",0.1647072423786244,ns,0.4555702681357789,ns,32
Percentual_Subremuneracao,Subremuneração (abaixo do salário-mínimo/hora),Micro_2210013,Micro 2210013,Sexo,Sexo,Sexo,svyglm+regTermTest(LRT),4.316710649114526,"1, 145",0.16633078804945944,ns,0.49899236414837833,ns,410
Desalentados_Fora_Forca,Desalentados Fora da Força de Trabalho,Agreg_Alto Parnaíba e Chapadas Sul do Piauí,Alto Parnaíba e Chapadas Sul do Piauí,Faixa_Etaria_trabalho,Faixa Etária,Faixa_Etaria_trabalho,svyglm+regTermTest(LRT),43.764022705040134,"2, 199",0.16706090168213683,ns,0.4859953503480344,ns,864
Rendimento_Formal,Rendimento Médio — Setor Formal,Micro_2210013,Micro 2210013,Sexo,Sexo,Sexo,svyglm+regTermTest(LRT),44813277.838736534,"1, 135",0.16835292672149668,ns,0.30864703232274393,ns,335
Motivo_Nao_Inicio_NemNem,Motivo de Não Iniciar Trabalho (Nem-Nem),Micro_2252013,Micro 2252013,Instrucao_agregado,Grau de Instrução (dicotomizado),Instrucao,svychisq,2.0298213283386266,"1.32237304494423, 17.190849584275",0.1703687374837744,ns,0.4555702681357789,ns,16
Taxa_Desocupacao,Taxa de Desocupação,Zona_Rural,Zona Rural,Instrucao_agregado,Grau de Instrução (dicotomizado),Instrucao,svyglm+regTermTest(LRT),4.434514898052953,"1, 199",0.17097282737318603,ns,0.9705751947876652,ns,1427
Motivo_Nao_Procura_NemNem,Motivo de Não Procurar Trabalho (Nem-Nem),Micro_2251011,Micro 2251011,Sexo,Sexo,Sexo,svychisq,1.758393025725838,"2.78853625823984, 44.6165801318374",0.1720997867274093,ns,0.2294663823032124,ns,19
Rendimento_Medio_Habitual,Rendimento Médio Habitual,Agreg_Centro-Leste do Piauí,Centro-Leste do Piauí,Sexo,Sexo,Sexo,svyglm+regTermTest(LRT),8008768.420706749,"1, 199",0.17280537221843215,ns,0.4291800947508811,ns,2636
Taxa_Nem_Nem,Taxa de Nem-Nem (14 a 29 anos),Admin_Capital,Capital,Instrucao,Grau de Instrução (detalhado),VD3004,svyglm+regTermTest(LRT),80.26873591765593,"6, 199",0.17311045167874214,ns,0.9996492885327808,ns,968
Taxa_Nem_Nem,Taxa de Nem-Nem (14 a 29 anos),Agreg_Teresina,Teresina,Instrucao,Grau de Instrução (detalhado),VD3004,svyglm+regTermTest(LRT),80.26873591765593,"6, 199",0.17311045167874214,ns,0.9996492885327808,ns,968
Rendimento_Medio_Habitual,Rendimento Médio Habitual,Agreg_Centro-Leste do Piauí,Centro-Leste do Piauí,Raca,Cor ou Raça,Raca,svyglm+regTermTest(LRT),30858469.626236916,"3, 199",0.17397492516384977,ns,0.3707940483518012,ns,2636
Taxa_Nem_Nem,Taxa de Nem-Nem (14 a 29 anos),Micro_2251012,Micro 2251012,Sexo,Sexo,Sexo,svyglm+regTermTest(LRT),2.526846966240356,"1, 79",0.17420456901505457,ns,0.31356822422709824,ns,112
Desalentados_Fora_Forca,Desalentados Fora da Força de Trabalho,"Admin_Resto da RIDE (Região Integrada de Desenvolvimento Econômico, excluindo a capital)","Resto da RIDE (Região Integrada de Desenvolvimento Econômico, excluindo a capital)",Instrucao_agregado,Grau de Instrução (dicotomizado),Instrucao,svyglm+regTermTest(LRT),19.312981759650626,"1, 199",0.17465100062371183,ns,0.47441620590432687,ns,568
Desalentados_Fora_Forca,Desalentados Fora da Força de Trabalho,Agreg_Entorno metropolitano de Teresina (PI),Entorno metropolitano de Teresina (PI),Instrucao_agregado,Grau de Instrução (dicotomizado),Instrucao,svyglm+regTermTest(LRT),19.312981759650626,"1, 199",0.17465100062371183,ns,0.47441620590432687,ns,568
Taxa_Subocupacao,Subocupação por Insuficiência de Horas,Agreg_Alto Parnaíba e Chapadas Sul do Piauí,Alto Parnaíba e Chapadas Sul do Piauí,Raca,Cor ou Raça,Raca,svyglm+regTermTest(LRT),3.217812534049699,"3, 199",0.17554165950298056,ns,0.8168027285319759,ns,743
Rendimento_Formal,Rendimento Médio — Setor Formal,Micro_2251011,Micro 2251011,Instrucao_agregado,Grau de Instrução (dicotomizado),Instrucao,svyglm+regTermTest(LRT),44390018.4343009,"1, 170",0.17571940661033697,ns,0.24385725199533015,ns,419
Desalentados_Fora_Forca,Desalentados Fora da Força de Trabalho,Micro_2251020,Micro 2251020,Instrucao_agregado,Grau de Instrução (dicotomizado),Instrucao,svyglm+regTermTest(LRT),1.7364285363826184,"1, 199",0.1762117336216071,ns,0.47441620590432687,ns,411
Rendimento_Medio_Habitual,Rendimento Médio Habitual,Micro_2251011,Micro 2251011,Faixa_Etaria_trabalho,Faixa Etária,Faixa_Etaria_trabalho,svyglm+regTermTest(LRT),79088517.24991322,"2, 188",0.17659092191779038,ns,0.22073865239723797,ns,523
Motivo_Nao_Inicio_NemNem,Motivo de Não Iniciar Trabalho (Nem-Nem),Micro_2251020,Micro 2251020,Instrucao_agregado,Grau de Instrução (dicotomizado),Instrucao,svychisq,1.7598580519568452,"1.98510478494366, 109.180763171901",0.17716621538613622,ns,0.4555702681357789,ns,60
Motivo_Nao_Inicio_NemNem,Motivo de Não Iniciar Trabalho (Nem-Nem),Micro_2252012,Micro 2252012,Sexo,Sexo,Sexo,svychisq,1.8183571862073835,"1.88170987952223, 35.7524877109223",0.17871711876892937,ns,0.22745815116045556,ns,21
Rendimento_Formal,Rendimento Médio — Setor Formal,Micro_2210012,Micro 2210012,Raca,Cor ou Raça,Raca,svyglm+regTermTest(LRT),279806813.3410492,"2, 199",0.1790933319296173,ns,0.5884495191973139,ns,543
Rendimento_Formal,Rendimento Médio — Setor Formal,Micro_2220010,Micro 2220010,Sexo,Sexo,Sexo,svyglm+regTermTest(LRT),21159688.933368683,"1, 199",0.18228459673776412,ns,0.316599562755064,ns,578
Rendimento_Formal,Rendimento Médio — Setor Formal,Micro_2210030,Micro 2210030,Instrucao_agregado,Grau de Instrução (dicotomizado),Instrucao,svyglm+regTermTest(LRT),11205773.650656223,"1, 199",0.18289293899649764,ns,0.24385725199533015,ns,721
Desalentados_Forca_Ampliada,Desalentados na Força de Trabalho Ampliada,"Admin_Resto da RIDE (Região Integrada de Desenvolvimento Econômico, excluindo a capital)","Resto da RIDE (Região Integrada de Desenvolvimento Econômico, excluindo a capital)",Faixa_Etaria_trabalho,Faixa Etária,Faixa_Etaria_trabalho,svyglm+regTermTest(LRT),14.346575290482631,"2, 199",0.1834855891035469,ns,0.6727804933796719,ns,1324
Desalentados_Forca_Ampliada,Desalentados na Força de Trabalho Ampliada,Agreg_Entorno metropolitano de Teresina (PI),Entorno metropolitano de Teresina (PI),Faixa_Etaria_trabalho,Faixa Etária,Faixa_Etaria_trabalho,svyglm+regTermTest(LRT),14.346575290482631,"2, 199",0.1834855891035469,ns,0.6727804933796719,ns,1324
Taxa_Informalidade,Taxa de Informalidade,Micro_2253012,Micro 2253012,Raca,Cor ou Raça,Raca,svyglm+regTermTest(LRT),2.154722357623939,"3, 113",0.18351014642297583,ns,0.6991110894615328,ns,173
Taxa_Nem_Nem,Taxa de Nem-Nem (14 a 29 anos),Micro_2251022,Micro 2251022,Raca,Cor ou Raça,Raca,svyglm+regTermTest(LRT),1.1666006054345814,"2, 22",0.18386121302530525,ns,0.997919623009068,ns,36
Desalentados_Forca_Ampliada,Desalentados na Força de Trabalho Ampliada,Agreg_Baixo Parnaíba do Piauí,Baixo Parnaíba do Piauí,Sexo,Sexo,Sexo,svyglm+regTermTest(LRT),3.5013847535323066,"1, 199",0.186958881819674,ns,0.8179451079610738,ns,2584
Rendimento_Medio_Habitual,Rendimento Médio Habitual,Micro_2254020,Micro 2254020,Sexo,Sexo,Sexo,svyglm+regTermTest(LRT),2846336.388077289,"1, 104",0.18878047440535797,ns,0.4291800947508811,ns,320
Chefes_Familia_Desocupados,Pessoas Responsáveis pelo Domicílio Desocupadas,"Admin_Resto da RIDE (Região Integrada de Desenvolvimento Econômico, excluindo a capital)","Resto da RIDE (Região Integrada de Desenvolvimento Econômico, excluindo a capital)",Faixa_Etaria_trabalho,Faixa Etária,Faixa_Etaria_trabalho,svyglm+regTermTest(LRT),3.1013865137620655,"1, 70",0.1892733495770881,ns,0.3280738059336194,ns,80
Chefes_Familia_Desocupados,Pessoas Responsáveis pelo Domicílio Desocupadas,Agreg_Entorno metropolitano de Teresina (PI),Entorno metropolitano de Teresina (PI),Faixa_Etaria_trabalho,Faixa Etária,Faixa_Etaria_trabalho,svyglm+regTermTest(LRT),3.1013865137620655,"1, 70",0.1892733495770881,ns,0.3280738059336194,ns,80
Rendimento_Formal,Rendimento Médio — Setor Formal,Micro_2253020,Micro 2253020,Instrucao,Grau de Instrução (detalhado),VD3004,svyglm+regTermTest(LRT),16705753.262250632,"5, 161",0.18972828194544888,ns,0.18972828194544888,ns,395
Taxa_Subocupacao,Subocupação por Insuficiência de Horas,Agreg_Centro-Leste do Piauí,Centro-Leste do Piauí,Raca,Cor ou Raça,Raca,svyglm+regTermTest(LRT),5.12558078040945,"3, 199",0.1905873033241277,ns,0.8168027285319759,ns,881
Rendimento_Medio_Habitual,Rendimento Médio Habitual,Micro_2252011,Micro 2252011,Sexo,Sexo,Sexo,svyglm+regTermTest(LRT),2971339.89416337,"1, 199",0.19074670877816935,ns,0.4291800947508811,ns,566
Rendimento_Medio_Habitual,Rendimento Médio Habitual,Micro_2253020,Micro 2253020,Raca,Cor ou Raça,Raca,svyglm+regTermTest(LRT),15576134.161250057,"2, 169",0.1915009330060258,ns,0.3707940483518012,ns,474
Taxa_Desocupacao,Taxa de Desocupação,Micro_2253020,Micro 2253020,Faixa_Etaria_trabalho,Faixa Etária,Faixa_Etaria_trabalho,svyglm+regTermTest(LRT),3.351839502236615,"2, 104",0.19166032967126176,ns,0.5012654776017615,ns,142
Rendimento_Informal,Rendimento Médio — Setor Informal,Admin_Capital,Capital,Faixa_Etaria_trabalho,Faixa Etária,Faixa_Etaria_trabalho,svyglm+regTermTest(LRT),37234087.389029026,"2, 199",0.19181170377012657,ns,0.2973081408436962,ns,761
Rendimento_Informal,Rendimento Médio — Setor Informal,Agreg_Teresina,Teresina,Faixa_Etaria_trabalho,Faixa Etária,Faixa_Etaria_trabalho,svyglm+regTermTest(LRT),37234087.389029026,"2, 199",0.19181170377012657,ns,0.2973081408436962,ns,761
Rendimento_Medio_Habitual,Rendimento Médio Habitual,Micro_2252012,Micro 2252012,Raca,Cor ou Raça,Raca,svyglm+regTermTest(LRT),32122043.78263068,"2, 192",0.19226358062685983,ns,0.3707940483518012,ns,522
Rendimento_Informal,Rendimento Médio — Setor Informal,Micro_2253020,Micro 2253020,Instrucao,Grau de Instrução (detalhado),VD3004,svyglm+regTermTest(LRT),8239750.084421884,"4, 69",0.19233874036916457,ns,0.2273094204362854,ns,79
Desalentados_Fora_Forca,Desalentados Fora da Força de Trabalho,Micro_2251012,Micro 2251012,Raca,Cor ou Raça,Raca,svyglm+regTermTest(LRT),1.294881739770645,"3, 124",0.192830266965252,ns,0.9962100251261198,ns,174
Rendimento_Formal,Rendimento Médio — Setor Formal,Micro_2253020,Micro 2253020,Instrucao_agregado,Grau de Instrução (dicotomizado),Instrucao,svyglm+regTermTest(LRT),7775146.7600803375,"1, 161",0.19457900469520711,ns,0.2490611260098651,ns,395
Motivo_Desistencia_Desalentado,Motivo da Desistência (Desalentados),Micro_2251013,Micro 2251013,Sexo,Sexo,Sexo,svychisq,1.768842058220133,"1.961999950919, 21.5819994601091",0.19474569809715925,ns,0.3894913961943185,ns,12
Rendimento_Informal,Rendimento Médio — Setor Informal,Micro_2252013,Micro 2252013,Raca,Cor ou Raça,Raca,svyglm+regTermTest(LRT),10334329.512512654,"2, 74",0.1964726935374916,ns,0.7315226840347478,ns,100
Rendimento_Informal,Rendimento Médio — Setor Informal,Micro_2252020,Micro 2252020,Instrucao_agregado,Grau de Instrução (dicotomizado),Instrucao,svyglm+regTermTest(LRT),1109318.4259220213,"1, 128",0.2026318926378032,ns,0.272773701627812,ns,176
Motivo_Desistencia_Desalentado,Motivo da Desistência (Desalentados),Zona_Urbana,Zona Urbana,Faixa_Etaria_trabalho,Faixa Etária,Faixa_Etaria_trabalho,svychisq,1.4731569804893907,"4.52663199872905, 457.189831871634",0.20284719401527757,ns,0.7845315220265507,ns,120
Taxa_Informalidade,Taxa de Informalidade,Zona_Rural,Zona Rural,Raca,Cor ou Raça,Raca,svyglm+regTermTest(LRT),5.006176897249134,"2, 199",0.2047073161081624,ns,0.6991110894615328,ns,1269
Rendimento_Formal,Rendimento Médio — Setor Formal,Micro_2253012,Micro 2253012,Instrucao_agregado,Grau de Instrução (dicotomizado),Instrucao,svyglm+regTermTest(LRT),12230313.957856417,"1, 151",0.2053500625887524,ns,0.25273853857077216,ns,354
Taxa_Informalidade,Taxa de Informalidade,Agreg_Centro-Leste do Piauí,Centro-Leste do Piauí,Raca,Cor ou Raça,Raca,svyglm+regTermTest(LRT),4.2901502179242925,"3, 199",0.2056209086651567,ns,0.6991110894615328,ns,881
Rendimento_Formal,Rendimento Médio — Setor Formal,Zona_Rural,Zona Rural,Faixa_Etaria_trabalho,Faixa Etária,Faixa_Etaria_trabalho,svyglm+regTermTest(LRT),33982298.42332566,"2, 199",0.20715388006208788,ns,0.2341739513745341,ns,3542
Rendimento_Informal,Rendimento Médio — Setor Informal,Micro_2251020,Micro 2251020,Raca,Cor ou Raça,Raca,svyglm+regTermTest(LRT),2248787.5738577545,"2, 119",0.2090064811527851,ns,0.7315226840347478,ns,155
Taxa_Nem_Nem,Taxa de Nem-Nem (14 a 29 anos),Micro_2252012,Micro 2252012,Sexo,Sexo,Sexo,svyglm+regTermTest(LRT),1.362723266431857,"1, 78",0.20942092760188089,ns,0.35900730446036716,ns,109
Taxa_Informalidade,Taxa de Informalidade,Micro_2220010,Micro 2220010,Sexo,Sexo,Sexo,svyglm+regTermTest(LRT),1.8840389312034065,"1, 179",0.2096759170922897,ns,0.43916044046241987,ns,299
Taxa_Subocupacao,Subocupação por Insuficiência de Horas,Agreg_Centro-Leste do Piauí,Centro-Leste do Piauí,Instrucao,Grau de Instrução (detalhado),VD3004,svyglm+regTermTest(LRT),12.553215416961848,"6, 199",0.21158692514844524,ns,0.9999744227827811,ns,881
Taxa_Subocupacao,Subocupação por Insuficiência de Horas,Micro_2253010,Micro 2253010,Sexo,Sexo,Sexo,svyglm+regTermTest(LRT),1.439329588717591,"1, 38",0.21174273276555552,ns,0.976510758462637,ns,63
Conribuintes_Desocupados,Responsáveis ou Cônjuges Desocupados,Micro_2220010,Micro 2220010,Sexo,Sexo,Sexo,svyglm+regTermTest(LRT),7.605615639907114,"1, 37",0.21238107609604628,ns,0.5486511132481195,ns,41
Percentual_Subremuneracao,Subremuneração (abaixo do salário-mínimo/hora),Micro_2210013,Micro 2210013,Raca,Cor ou Raça,Raca,svyglm+regTermTest(LRT),13.513836667891496,"2, 145",0.21427285216834027,ns,0.9326531380589412,ns,410
Taxa_Informalidade,Taxa de Informalidade,Agreg_Centro-Leste do Piauí,Centro-Leste do Piauí,Faixa_Etaria_trabalho,Faixa Etária,Faixa_Etaria_trabalho,svyglm+regTermTest(LRT),3.20056482838163,"2, 199",0.215092769649438,ns,0.7857501082990981,ns,881
Percentual_Subremuneracao,Subremuneração (abaixo do salário-mínimo/hora),Micro_2220020,Micro 2220020,Sexo,Sexo,Sexo,svyglm+regTermTest(LRT),1.540125881123231,"1, 199",0.2191593300646306,ns,0.5849991593999537,ns,601
Rendimento_Informal,Rendimento Médio — Setor Informal,Micro_2251012,Micro 2251012,Faixa_Etaria_trabalho,Faixa Etária,Faixa_Etaria_trabalho,svyglm+regTermTest(LRT),9554279.33502531,"2, 79",0.21924499053937413,ns,0.32364736698669516,ns,105
Taxa_Informalidade,Taxa de Informalidade,Micro_2251013,Micro 2251013,Sexo,Sexo,Sexo,svyglm+regTermTest(LRT),1.951909377686519,"1, 100",0.21958022023120993,ns,0.43916044046241987,ns,145
Motivo_Nao_Procura_NemNem,Motivo de Não Procurar Trabalho (Nem-Nem),Agreg_Alto Parnaíba e Chapadas Sul do Piauí,Alto Parnaíba e Chapadas Sul do Piauí,Raca,Cor ou Raça,Raca,svychisq,1.3797521424935837,"5.97040027797048, 626.892029186901",0.22060021870901383,ns,0.4412004374180277,ns,119
Rendimento_Formal,Rendimento Médio — Setor Formal,Micro_2210030,Micro 2210030,Raca,Cor ou Raça,Raca,svyglm+regTermTest(LRT),60931657.28066611,"2, 199",0.22482169745159628,ns,0.6378482319469915,ns,721
Taxa_Nem_Nem,Taxa de Nem-Nem (14 a 29 anos),Agreg_Centro-Leste do Piauí,Centro-Leste do Piauí,Raca,Cor ou Raça,Raca,svyglm+regTermTest(LRT),3.6904137817758738,"3, 199",0.22612606925960005,ns,0.997919623009068,ns,586
Taxa_Informalidade,Taxa de Informalidade,Micro_2251011,Micro 2251011,Instrucao_agregado,Grau de Instrução (dicotomizado),Instrucao,svyglm+regTermTest(LRT),5.877561881751774,"1, 129",0.22688251996806671,ns,0.2836031499600834,ns,198
Taxa_Nem_Nem,Taxa de Nem-Nem (14 a 29 anos),Micro_2210020,Micro 2210020,Sexo,Sexo,Sexo,svyglm+regTermTest(LRT),8.853119758675675,"1, 63",0.2269744695868168,ns,0.3714127684147911,ns,94
Percentual_Subremuneracao,Subremuneração (abaixo do salário-mínimo/hora),Micro_2254020,Micro 2254020,Sexo,Sexo,Sexo,svyglm+regTermTest(LRT),1.879968443010739,"1, 104",0.227499673099982,ns,0.5849991593999537,ns,320
Rendimento_Medio_Habitual,Rendimento Médio Habitual,Micro_2252022,Micro 2252022,Sexo,Sexo,Sexo,svyglm+regTermTest(LRT),11766226.97855354,"1, 39",0.2276360365196145,ns,0.4820527832180072,ns,110
Rendimento_Medio_Habitual,Rendimento Médio Habitual,Micro_2220010,Micro 2220010,Raca,Cor ou Raça,Raca,svyglm+regTermTest(LRT),9608099.107500076,"2, 199",0.22983702151981625,ns,0.40223833151933,ns,723
Desalentados_Fora_Forca,Desalentados Fora da Força de Trabalho,Micro_2253022,Micro 2253022,Sexo,Sexo,Sexo,svyglm+regTermTest(LRT),0.35760682121116005,"1, 27",0.23036932837521384,ns,0.633515653031838,ns,43
Taxa_Informalidade,Taxa de Informalidade,Agreg_Alto Parnaíba e Chapadas Sul do Piauí,Alto Parnaíba e Chapadas Sul do Piauí,Faixa_Etaria_trabalho,Faixa Etária,Faixa_Etaria_trabalho,svyglm+regTermTest(LRT),27.28809706611389,"2, 199",0.2311029730291465,ns,0.7857501082990981,ns,743
Motivo_Nao_Procura_NemNem,Motivo de Não Procurar Trabalho (Nem-Nem),Agreg_Centro-Leste do Piauí,Centro-Leste do Piauí,Instrucao_agregado,Grau de Instrução (dicotomizado),Instrucao,svychisq,1.4119224812605944,"3.61306170193033, 502.215576568315",0.23268200402496703,ns,0.3904250996291613,ns,153
Proporcao_Ocupados_Escolarizados,Ocupados com Ensino Médio Completo ou Mais,Micro_2220010,Micro 2220010,Raca,Cor ou Raça,Raca,svyglm+regTermTest(LRT),5.456425904130583,"2, 179",0.2331981688877551,ns,0.7429492321378521,ns,299
Rendimento_Medio_Habitual,Rendimento Médio Habitual,Micro_2252020,Micro 2252020,Faixa_Etaria_trabalho,Faixa Etária,Faixa_Etaria_trabalho,svyglm+regTermTest(LRT),2865689.755054772,"2, 199",0.23462694608503548,ns,0.28317045217159453,ns,847
Rendimento_Informal,Rendimento Médio — Setor Informal,Micro_2251022,Micro 2251022,Instrucao,Grau de Instrução (detalhado),VD3004,svyglm+regTermTest(LRT),1260077.927555155,"4, 23",0.23701512595391688,ns,0.2679301423826886,ns,28
Proporcao_Ocupados_Escolarizados,Ocupados com Ensino Médio Completo ou Mais,Micro_2253011,Micro 2253011,Faixa_Etaria_trabalho,Faixa Etária,Faixa_Etaria_trabalho,svyglm+regTermTest(LRT),11.131350914751494,"2, 123",0.23814339071305285,ns,0.5397916856162531,ns,199
Rendimento_Medio_Habitual,Rendimento Médio Habitual,Micro_2252020,Micro 2252020,Raca,Cor ou Raça,Raca,svyglm+regTermTest(LRT),3965208.7210666537,"2, 199",0.23836345571515852,ns,0.40223833151933,ns,847
Rendimento_Formal,Rendimento Médio — Setor Formal,Micro_2251021,Micro 2251021,Faixa_Etaria_trabalho,Faixa Etária,Faixa_Etaria_trabalho,svyglm+regTermTest(LRT),1119674.1566013452,"1, 71",0.23938724600025532,ns,0.25933618316694323,ns,173
Rendimento_Formal,Rendimento Médio — Setor Formal,Micro_2253011,Micro 2253011,Sexo,Sexo,Sexo,svyglm+regTermTest(LRT),9866806.23485422,"1, 160",0.23981394669618403,ns,0.3603595930368664,ns,383
Chefes_Familia_Desocupados,Pessoas Responsáveis pelo Domicílio Desocupadas,Zona_Rural,Zona Rural,Sexo,Sexo,Sexo,svyglm+regTermTest(LRT),2.448228631180683,"1, 141",0.2420110419347672,ns,0.6380291105552953,ns,158
Taxa_Informalidade,Taxa de Informalidade,Micro_2210020,Micro 2210020,Sexo,Sexo,Sexo,svyglm+regTermTest(LRT),1.3119643021899208,"1, 107",0.2425489781282546,ns,0.4595664848745876,ns,163
Rendimento_Formal,Rendimento Médio — Setor Formal,Micro_2251013,Micro 2251013,Sexo,Sexo,Sexo,svyglm+regTermTest(LRT),10050594.361433148,"1, 142",0.24351733285660235,ns,0.3603595930368664,ns,326
Taxa_Nem_Nem,Taxa de Nem-Nem (14 a 29 anos),Zona_Rural,Zona Rural,Instrucao,Grau de Instrução (detalhado),VD3004,svyglm+regTermTest(LRT),102.07982737965926,"6, 199",0.24444403047822663,ns,0.9996492885327808,ns,886
Rendimento_Formal,Rendimento Médio — Setor Formal,Micro_2251021,Micro 2251021,Sexo,Sexo,Sexo,svyglm+regTermTest(LRT),728753.4062647447,"1, 71",0.24785893224814695,ns,0.3603595930368664,ns,173
Percentual_Subremuneracao,Subremuneração (abaixo do salário-mínimo/hora),Zona_Urbana,Zona Urbana,Sexo,Sexo,Sexo,svyglm+regTermTest(LRT),1.6262048879007125,"1, 199",0.2495178386129796,ns,0.598842812671151,ns,8516
Rendimento_Formal,Rendimento Médio — Setor Formal,Micro_2254020,Micro 2254020,Raca,Cor ou Raça,Raca,svyglm+regTermTest(LRT),4738593.036231726,"2, 94",0.24959278641404015,ns,0.6378482319469915,ns,226
Rendimento_Formal,Rendimento Médio — Setor Formal,Micro_2253010,Micro 2253010,Sexo,Sexo,Sexo,svyglm+regTermTest(LRT),4037974.745059371,"1, 46",0.2511597163590281,ns,0.3603595930368664,ns,130
Rendimento_Formal,Rendimento Médio — Setor Formal,Micro_2220020,Micro 2220020,Instrucao_agregado,Grau de Instrução (dicotomizado),Instrucao,svyglm+regTermTest(LRT),242666.90422618203,"1, 193",0.251584832558409,ns,0.2981746163655218,ns,488
Motivo_Nao_Inicio_NemNem,Motivo de Não Iniciar Trabalho (Nem-Nem),Zona_Rural,Zona Rural,Instrucao_agregado,Grau de Instrução (dicotomizado),Instrucao,svychisq,1.3319579825575056,"4.20787294742003, 837.366716536587",0.2546944679245442,ns,0.46187992210445616,ns,287
Motivo_Nao_Inicio_NemNem,Motivo de Não Iniciar Trabalho (Nem-Nem),"Admin_Resto da RIDE (Região Integrada de Desenvolvimento Econômico, excluindo a capital)","Resto da RIDE (Região Integrada de Desenvolvimento Econômico, excluindo a capital)",Instrucao_agregado,Grau de Instrução (dicotomizado),Instrucao,svychisq,1.3460200371282252,"3.53567187802931, 261.639718974169",0.2565999567246979,ns,0.46187992210445616,ns,82
Motivo_Nao_Inicio_NemNem,Motivo de Não Iniciar Trabalho (Nem-Nem),Agreg_Entorno metropolitano de Teresina (PI),Entorno metropolitano de Teresina (PI),Instrucao_agregado,Grau de Instrução (dicotomizado),Instrucao,svychisq,1.3460200371282252,"3.53567187802931, 261.639718974169",0.2565999567246979,ns,0.46187992210445616,ns,82
Rendimento_Informal,Rendimento Médio — Setor Informal,Micro_2253020,Micro 2253020,Sexo,Sexo,Sexo,svyglm+regTermTest(LRT),766823.0562833399,"1, 69",0.25688480011240256,ns,0.4425560640809414,ns,79
Rendimento_Medio_Habitual,Rendimento Médio Habitual,Micro_2251021,Micro 2251021,Raca,Cor ou Raça,Raca,svyglm+regTermTest(LRT),1757245.0172295794,"2, 77",0.2599827791090023,ns,0.41291382564370954,ns,211
Taxa_Informalidade,Taxa de Informalidade,Micro_2251012,Micro 2251012,Raca,Cor ou Raça,Raca,svyglm+regTermTest(LRT),4.414681822158286,"3, 136",0.2614044240373059,ns,0.8079773106607637,ns,212
Rendimento_Medio_Habitual,Rendimento Médio Habitual,Micro_2253021,Micro 2253021,Instrucao_agregado,Grau de Instrução (dicotomizado),Instrucao,svyglm+regTermTest(LRT),8092073.756757971,"1, 36",0.2618720592175944,ns,0.27727629799509995,ns,112
Motivo_Desistencia_Desalentado,Motivo da Desistência (Desalentados),Agreg_Baixo Parnaíba do Piauí,Baixo Parnaíba do Piauí,Faixa_Etaria_trabalho,Faixa Etária,Faixa_Etaria_trabalho,svychisq,1.3125292345967872,"4.51234673012182, 302.327230918162",0.26188598846226024,ns,0.7845315220265507,ns,83
Rendimento_Informal,Rendimento Médio — Setor Informal,Micro_2253020,Micro 2253020,Instrucao_agregado,Grau de Instrução (dicotomizado),Instrucao,svyglm+regTermTest(LRT),2269831.756278552,"1, 69",0.2648999863979985,ns,0.34338887125666473,ns,79
Motivo_Nao_Procura_NemNem,Motivo de Não Procurar Trabalho (Nem-Nem),Micro_2252020,Micro 2252020,Instrucao_agregado,Grau de Instrução (dicotomizado),Instrucao,svychisq,1.3440206809060924,"2.31441345485109, 115.720672742554",0.26531089934364904,ns,0.3904250996291613,ns,54
Percentual_Subremuneracao,Subremuneração (abaixo do salário-mínimo/hora),Agreg_Centro-Leste do Piauí,Centro-Leste do Piauí,Raca,Cor ou Raça,Raca,svyglm+regTermTest(LRT),5.811456601770942,"3, 199",0.26595073775569145,ns,0.9326531380589412,ns,2636
Motivo_Nao_Procura_NemNem,Motivo de Não Procurar Trabalho (Nem-Nem),Micro_2220010,Micro 2220010,Sexo,Sexo,Sexo,svychisq,1.340224357431536,"2.51702814688783, 98.1640977286255",0.2670715971996471,ns,0.3338394964995589,ns,44
Motivo_Nao_Procura_NemNem,Motivo de Não Procurar Trabalho (Nem-Nem),Micro_2253020,Micro 2253020,Instrucao_agregado,Grau de Instrução (dicotomizado),Instrucao,svychisq,1.3271710576583935,"3.6486046037974, 98.5123243025299",0.267132962904163,ns,0.3904250996291613,ns,29
Rendimento_Informal,Rendimento Médio — Setor Informal,Agreg_Alto Parnaíba e Chapadas Sul do Piauí,Alto Parnaíba e Chapadas Sul do Piauí,Sexo,Sexo,Sexo,svyglm+regTermTest(LRT),4943129.955777705,"1, 199",0.2728108716543807,ns,0.4425560640809414,ns,395
Motivo_Desistencia_Desalentado,Motivo da Desistência (Desalentados),Micro_2251022,Micro 2251022,Instrucao,Grau de Instrução (detalhado),VD3004,svychisq,1.3860228874955804,"1.77001383554343, 17.7001383554343",0.27355410484047593,ns,0.27355410484047593,ns,15
Rendimento_Informal,Rendimento Médio — Setor Informal,Micro_2251011,Micro 2251011,Faixa_Etaria_trabalho,Faixa Etária,Faixa_Etaria_trabalho,svyglm+regTermTest(LRT),2394805.429421425,"2, 80",0.27469736710081893,ns,0.38422832066160006,ns,104
Rendimento_Informal,Rendimento Médio — Setor Informal,Micro_2252021,Micro 2252021,Sexo,Sexo,Sexo,svyglm+regTermTest(LRT),545461.8585617505,"1, 30",0.27817809742230604,ns,0.4425560640809414,ns,42
Rendimento_Formal,Rendimento Médio — Setor Formal,Agreg_Alto Parnaíba e Chapadas Sul do Piauí,Alto Parnaíba e Chapadas Sul do Piauí,Raca,Cor ou Raça,Raca,svyglm+regTermTest(LRT),63221337.65679932,"2, 199",0.27852641894414665,ns,0.6406107635715372,ns,1653
Taxa_Desocupacao,Taxa de Desocupação,Admin_Capital,Capital,Faixa_Etaria_trabalho,Faixa Etária,Faixa_Etaria_trabalho,svyglm+regTermTest(LRT),58.014534520435745,"2, 199",0.281073355755875,ns,0.6370996063799833,ns,2128
Taxa_Desocupacao,Taxa de Desocupação,Agreg_Teresina,Teresina,Faixa_Etaria_trabalho,Faixa Etária,Faixa_Etaria_trabalho,svyglm+regTermTest(LRT),58.014534520435745,"2, 199",0.281073355755875,ns,0.6370996063799833,ns,2128
Rendimento_Formal,Rendimento Médio — Setor Formal,Micro_2253020,Micro 2253020,Sexo,Sexo,Sexo,svyglm+regTermTest(LRT),7242696.457628816,"1, 161",0.2817561792041404,ns,0.38741474640569307,ns,395
Percentual_Subremuneracao,Subremuneração (abaixo do salário-mínimo/hora),Micro_2253010,Micro 2253010,Instrucao_agregado,Grau de Instrução (dicotomizado),Instrucao,svyglm+regTermTest(LRT),1.2975527517061778,"1, 48",0.2830071658959572,ns,0.37734288786127623,ns,152
Percentual_Subremuneracao,Subremuneração (abaixo do salário-mínimo/hora),Micro_2210030,Micro 2210030,Sexo,Sexo,Sexo,svyglm+regTermTest(LRT),1.517760462074591,"1, 199",0.2836345303498119,ns,0.6381776932870767,ns,882
Rendimento_Informal,Rendimento Médio — Setor Informal,Micro_2251020,Micro 2251020,Faixa_Etaria_trabalho,Faixa Etária,Faixa_Etaria_trabalho,svyglm+regTermTest(LRT),974451.60170722,"2, 119",0.2850726250069936,ns,0.38422832066160006,ns,155
Taxa_Nem_Nem,Taxa de Nem-Nem (14 a 29 anos),"Admin_Resto da UF  (Unidade da Federação, excluindo a região metropolitana e a RIDE)","Resto da UF  (Unidade da Federação, excluindo a região metropolitana e a RIDE)",Instrucao_agregado,Grau de Instrução (dicotomizado),Instrucao,svyglm+regTermTest(LRT),1.7027818937835946,"1, 199",0.28625599292943793,ns,0.9310945832757628,ns,1545
Rendimento_Medio_Habitual,Rendimento Médio Habitual,Agreg_Baixo Parnaíba do Piauí,Baixo Parnaíba do Piauí,Sexo,Sexo,Sexo,svyglm+regTermTest(LRT),2652025.5411052704,"1, 199",0.28923110647461436,ns,0.5495381663374155,ns,2584
Desalentados_Fora_Forca,Desalentados Fora da Força de Trabalho,Micro_2251022,Micro 2251022,Faixa_Etaria_trabalho,Faixa Etária,Faixa_Etaria_trabalho,svyglm+regTermTest(LRT),16.01431659980645,"2, 41",0.2916597563219486,ns,0.7777593501918629,ns,76
Motivo_Desistencia_Desalentado,Motivo da Desistência (Desalentados),Admin_Capital,Capital,Instrucao_agregado,Grau de Instrução (dicotomizado),Instrucao,svychisq,1.2739880459749937,"2.7752736079446, 47.1796513350583",0.29370307467590057,ns,0.7946650774881581,ns,21
Motivo_Desistencia_Desalentado,Motivo da Desistência (Desalentados),Agreg_Teresina,Teresina,Instrucao_agregado,Grau de Instrução (dicotomizado),Instrucao,svychisq,1.2739880459749937,"2.7752736079446, 47.1796513350583",0.29370307467590057,ns,0.7946650774881581,ns,21
Rendimento_Medio_Habitual,Rendimento Médio Habitual,Micro_2210020,Micro 2210020,Raca,Cor ou Raça,Raca,svyglm+regTermTest(LRT),5876082.88568449,"2, 147",0.29781308951780994,ns,0.4467196342767149,ns,475
Motivo_Nao_Procura_NemNem,Motivo de Não Procurar Trabalho (Nem-Nem),Micro_2252011,Micro 2252011,Instrucao_agregado,Grau de Instrução (dicotomizado),Instrucao,svychisq,1.2438765682671713,"2.70618494318494, 75.7731784091784",0.2990180023600465,ns,0.4058101460600631,ns,32
Desalentados_Forca_Ampliada,Desalentados na Força de Trabalho Ampliada,Micro_2253011,Micro 2253011,Faixa_Etaria_trabalho,Faixa Etária,Faixa_Etaria_trabalho,svyglm+regTermTest(LRT),7.678516125505013,"2, 169",0.3019397178404951,ns,0.913782982498366,ns,465
Percentual_Subremuneracao,Subremuneração (abaixo do salário-mínimo/hora),Micro_2251012,Micro 2251012,Raca,Cor ou Raça,Raca,svyglm+regTermTest(LRT),5.706825393189206,"3, 189",0.3024881329473873,ns,0.9326531380589412,ns,482
Taxa_Informalidade,Taxa de Informalidade,Micro_2210011,Micro 2210011,Instrucao,Grau de Instrução (detalhado),VD3004,svyglm+regTermTest(LRT),42.60099238663315,"6, 199",0.302531082151016,ns,0.7381174450392864,ns,912
Desalentados_Forca_Ampliada,Desalentados na Força de Trabalho Ampliada,"Admin_Resto da RIDE (Região Integrada de Desenvolvimento Econômico, excluindo a capital)","Resto da RIDE (Região Integrada de Desenvolvimento Econômico, excluindo a capital)",Instrucao_agregado,Grau de Instrução (dicotomizado),Instrucao,svyglm+regTermTest(LRT),10.228675325165966,"1, 199",0.3027763177424601,ns,0.9992325195593166,ns,1324
Desalentados_Forca_Ampliada,Desalentados na Força de Trabalho Ampliada,Agreg_Entorno metropolitano de Teresina (PI),Entorno metropolitano de Teresina (PI),Instrucao_agregado,Grau de Instrução (dicotomizado),Instrucao,svyglm+regTermTest(LRT),10.228675325165966,"1, 199",0.3027763177424601,ns,0.9992325195593166,ns,1324
Chefes_Familia_Desocupados,Pessoas Responsáveis pelo Domicílio Desocupadas,Admin_Capital,Capital,Instrucao_agregado,Grau de Instrução (dicotomizado),Instrucao,svyglm+regTermTest(LRT),2.3241889723969393,"1, 145",0.30397379844197825,ns,0.6079475968839565,ns,164
Chefes_Familia_Desocupados,Pessoas Responsáveis pelo Domicílio Desocupadas,Agreg_Teresina,Teresina,Instrucao_agregado,Grau de Instrução (dicotomizado),Instrucao,svyglm+regTermTest(LRT),2.3241889723969393,"1, 145",0.30397379844197825,ns,0.6079475968839565,ns,164
Taxa_Nem_Nem,Taxa de Nem-Nem (14 a 29 anos),Micro_2253020,Micro 2253020,Instrucao_agregado,Grau de Instrução (dicotomizado),Instrucao,svyglm+regTermTest(LRT),1.7036592776849062,"1, 62",0.30419235692142127,ns,0.9310945832757628,ns,77
Desalentados_Forca_Ampliada,Desalentados na Força de Trabalho Ampliada,Agreg_Alto Parnaíba e Chapadas Sul do Piauí,Alto Parnaíba e Chapadas Sul do Piauí,Faixa_Etaria_trabalho,Faixa Etária,Faixa_Etaria_trabalho,svyglm+regTermTest(LRT),22.89754830587765,"2, 199",0.30459432749945536,ns,0.913782982498366,ns,2048
Conribuintes_Desocupados,Responsáveis ou Cônjuges Desocupados,Micro_2251013,Micro 2251013,Instrucao,Grau de Instrução (detalhado),VD3004,svyglm+regTermTest(LRT),5.370334792677522,"3, 14",0.3065201860129034,ns,0.9995455727694298,ns,17
Proporcao_Ocupados_Escolarizados,Ocupados com Ensino Médio Completo ou Mais,Micro_2252020,Micro 2252020,Raca,Cor ou Raça,Raca,svyglm+regTermTest(LRT),3.9690426524350073,"2, 166",0.3068416020085183,ns,0.7429492321378521,ns,241
Rendimento_Informal,Rendimento Médio — Setor Informal,Zona_Rural,Zona Rural,Faixa_Etaria_trabalho,Faixa Etária,Faixa_Etaria_trabalho,svyglm+regTermTest(LRT),1655320.6583352685,"2, 199",0.30688918111224733,ns,0.3963985256033195,ns,868
Desalentados_Forca_Ampliada,Desalentados na Força de Trabalho Ampliada,Agreg_Centro-Leste do Piauí,Centro-Leste do Piauí,Sexo,Sexo,Sexo,svyglm+regTermTest(LRT),1.0429685144988523,"1, 199",0.30692371608275626,ns,0.9768465916585136,ns,2636
Desalentados_Forca_Ampliada,Desalentados na Força de Trabalho Ampliada,Zona_Urbana,Zona Urbana,Instrucao_agregado,Grau de Instrução (dicotomizado),Instrucao,svyglm+regTermTest(LRT),2.2425260151576367,"1, 199",0.3076225493151211,ns,0.9992325195593166,ns,8516
Taxa_Subocupacao,Subocupação por Insuficiência de Horas,Micro_2254020,Micro 2254020,Faixa_Etaria_trabalho,Faixa Etária,Faixa_Etaria_trabalho,svyglm+regTermTest(LRT),1.520081129354779,"2, 75",0.30798304077284255,ns,0.9889709240339484,ns,126
Taxa_Informalidade,Taxa de Informalidade,Micro_2210011,Micro 2210011,Sexo,Sexo,Sexo,svyglm+regTermTest(LRT),0.9989325582823768,"1, 199",0.3100356052766761,ns,0.5549747998228599,ns,912
Chefes_Familia_Desocupados,Pessoas Responsáveis pelo Domicílio Desocupadas,Micro_2210011,Micro 2210011,Faixa_Etaria_trabalho,Faixa Etária,Faixa_Etaria_trabalho,svyglm+regTermTest(LRT),24.64514077845881,"1, 73",0.3158186126930258,ns,0.5132052456261669,ns,82
Rendimento_Medio_Habitual,Rendimento Médio Habitual,Zona_Rural,Zona Rural,Sexo,Sexo,Sexo,svyglm+regTermTest(LRT),3740243.997817278,"1, 199",0.31919986590543703,ns,0.5495381663374155,ns,4410
Rendimento_Medio_Habitual,Rendimento Médio Habitual,Micro_2251021,Micro 2251021,Instrucao_agregado,Grau de Instrução (dicotomizado),Instrucao,svyglm+regTermTest(LRT),1192989.818202816,"1, 77",0.31957138421830306,ns,0.3287019951959688,ns,211
Taxa_Subocupacao,Subocupação por Insuficiência de Horas,Micro_2252012,Micro 2252012,Sexo,Sexo,Sexo,svyglm+regTermTest(LRT),2.057751517395644,"1, 145",0.3207727743952524,ns,0.976510758462637,ns,222
Rendimento_Medio_Habitual,Rendimento Médio Habitual,Micro_2251013,Micro 2251013,Faixa_Etaria_trabalho,Faixa Etária,Faixa_Etaria_trabalho,svyglm+regTermTest(LRT),28981849.075267196,"2, 152",0.32263602676144826,ns,0.3672579078492096,ns,408
Percentual_Subremuneracao,Subremuneração (abaixo do salário-mínimo/hora),Micro_2252011,Micro 2252011,Raca,Cor ou Raça,Raca,svyglm+regTermTest(LRT),8.281107105927504,"3, 199",0.32268110824555,ns,0.9326531380589412,ns,566
Rendimento_Medio_Habitual,Rendimento Médio Habitual,"Admin_Resto da UF  (Unidade da Federação, excluindo a região metropolitana e a RIDE)","Resto da UF  (Unidade da Federação, excluindo a região metropolitana e a RIDE)",Sexo,Sexo,Sexo,svyglm+regTermTest(LRT),4052265.170440674,"1, 199",0.32365568607621076,ns,0.5495381663374155,ns,7268
Taxa_Informalidade,Taxa de Informalidade,Micro_2251012,Micro 2251012,Sexo,Sexo,Sexo,svyglm+regTermTest(LRT),1.617575593513379,"1, 136",0.32373529989666827,ns,0.5549747998228599,ns,212
Taxa_Informalidade,Taxa de Informalidade,Micro_2252020,Micro 2252020,Instrucao,Grau de Instrução (detalhado),VD3004,svyglm+regTermTest(LRT),67.9265489848284,"6, 166",0.324771675817286,ns,0.7381174450392864,ns,241
Rendimento_Medio_Habitual,Rendimento Médio Habitual,Micro_2210020,Micro 2210020,Faixa_Etaria_trabalho,Faixa Etária,Faixa_Etaria_trabalho,svyglm+regTermTest(LRT),42759240.96943325,"2, 147",0.3252855755235856,ns,0.3672579078492096,ns,475
Rendimento_Medio_Habitual,Rendimento Médio Habitual,Agreg_Alto Parnaíba e Chapadas Sul do Piauí,Alto Parnaíba e Chapadas Sul do Piauí,Sexo,Sexo,Sexo,svyglm+regTermTest(LRT),7031621.136664391,"1, 199",0.32672445909969244,ns,0.5495381663374155,ns,2048
Motivo_Nao_Inicio_NemNem,Motivo de Não Iniciar Trabalho (Nem-Nem),Micro_2252011,Micro 2252011,Sexo,Sexo,Sexo,svychisq,1.1111346201146417,"1.68386759927844, 47.1482927797963",0.32906204938465966,ns,0.38390572428210296,ns,32
Chefes_Familia_Desocupados,Pessoas Responsáveis pelo Domicílio Desocupadas,Agreg_Alto Parnaíba e Chapadas Sul do Piauí,Alto Parnaíba e Chapadas Sul do Piauí,Instrucao_agregado,Grau de Instrução (dicotomizado),Instrucao,svyglm+regTermTest(LRT),8.011849940841856,"1, 76",0.3310622623889435,ns,0.620741741979269,ns,82
Percentual_Subremuneracao,Subremuneração (abaixo do salário-mínimo/hora),Admin_Capital,Capital,Raca,Cor ou Raça,Raca,svyglm+regTermTest(LRT),23.530132281129227,"4, 199",0.3341033117053075,ns,0.9326531380589412,ns,4334
Percentual_Subremuneracao,Subremuneração (abaixo do salário-mínimo/hora),Agreg_Teresina,Teresina,Raca,Cor ou Raça,Raca,svyglm+regTermTest(LRT),23.530132281129227,"4, 199",0.3341033117053075,ns,0.9326531380589412,ns,4334
Rendimento_Informal,Rendimento Médio — Setor Informal,Agreg_Centro-Leste do Piauí,Centro-Leste do Piauí,Raca,Cor ou Raça,Raca,svyglm+regTermTest(LRT),4607981.910923958,"3, 199",0.3348735879611405,ns,0.8461564927181573,ns,512
Proporcao_Ocupados_Escolarizados,Ocupados com Ensino Médio Completo ou Mais,Micro_2251020,Micro 2251020,Raca,Cor ou Raça,Raca,svyglm+regTermTest(LRT),1.984241059390854,"2, 162",0.334893276246788,ns,0.7429492321378521,ns,231
Percentual_Subremuneracao,Subremuneração (abaixo do salário-mínimo/hora),Micro_2254020,Micro 2254020,Instrucao_agregado,Grau de Instrução (dicotomizado),Instrucao,svyglm+regTermTest(LRT),0.3872300359253984,"1, 104",0.3348948488780673,ns,0.430579091414658,ns,320
Conribuintes_Desocupados,Responsáveis ou Cônjuges Desocupados,Micro_2220010,Micro 2220010,Faixa_Etaria_trabalho,Faixa Etária,Faixa_Etaria_trabalho,svyglm+regTermTest(LRT),0.8326415432876928,"1, 37",0.3355903092445852,ns,0.4508904947964611,ns,41
Rendimento_Medio_Habitual,Rendimento Médio Habitual,Micro_2251022,Micro 2251022,Sexo,Sexo,Sexo,svyglm+regTermTest(LRT),10596768.086926222,"1, 51",0.33582887942842055,ns,0.5495381663374155,ns,163
Taxa_Subocupacao,Subocupação por Insuficiência de Horas,Zona_Rural,Zona Rural,Instrucao_agregado,Grau de Instrução (dicotomizado),Instrucao,svyglm+regTermTest(LRT),1.6216035903885313,"1, 199",0.3365253741727935,ns,0.9143270457079444,ns,1269
Taxa_Desocupacao,Taxa de Desocupação,Micro_2251022,Micro 2251022,Raca,Cor ou Raça,Raca,svyglm+regTermTest(LRT),0.3447978605464357,"2, 35",0.33885018296500846,ns,0.9985316607995184,ns,49
Rendimento_Informal,Rendimento Médio — Setor Informal,Micro_2253022,Micro 2253022,Raca,Cor ou Raça,Raca,svyglm+regTermTest(LRT),1726189.8025620654,"2, 16",0.33955305294949023,ns,0.8461564927181573,ns,23
Motivo_Desistencia_Desalentado,Motivo da Desistência (Desalentados),Zona_Urbana,Zona Urbana,Raca,Cor ou Raça,Raca,svychisq,1.1361034064357567,"4.3001444539858, 434.314589852566",0.33956493162991086,ns,0.6248703910720641,ns,120
Taxa_Informalidade,Taxa de Informalidade,Micro_2254020,Micro 2254020,Instrucao_agregado,Grau de Instrução (dicotomizado),Instrucao,svyglm+regTermTest(LRT),10.203334706154322,"1, 75",0.34128774782665156,ns,0.4118990059976829,ns,126
Conribuintes_Desocupados,Responsáveis ou Cônjuges Desocupados,Agreg_Centro-Leste do Piauí,Centro-Leste do Piauí,Faixa_Etaria_trabalho,Faixa Etária,Faixa_Etaria_trabalho,svyglm+regTermTest(LRT),30.41720676307382,"1, 71",0.34267677604531044,ns,0.4508904947964611,ns,81
Proporcao_Ocupados_Escolarizados,Ocupados com Ensino Médio Completo ou Mais,Micro_2252020,Micro 2252020,Faixa_Etaria_trabalho,Faixa Etária,Faixa_Etaria_trabalho,svyglm+regTermTest(LRT),7.675520755321315,"2, 166",0.343222499002307,ns,0.7293478103799024,ns,241
Rendimento_Informal,Rendimento Médio — Setor Informal,Micro_2210020,Micro 2210020,Instrucao,Grau de Instrução (detalhado),VD3004,svyglm+regTermTest(LRT),5909827.45440197,"6, 69",0.34542749982309784,ns,0.37421312480835595,ns,87
Taxa_Desocupacao,Taxa de Desocupação,Micro_2220020,Micro 2220020,Sexo,Sexo,Sexo,svyglm+regTermTest(LRT),1.4575919463082698,"1, 127",0.3469385758740996,ns,0.97658154070687,ns,194
Chefes_Familia_Desocupados,Pessoas Responsáveis pelo Domicílio Desocupadas,Micro_2210011,Micro 2210011,Sexo,Sexo,Sexo,svyglm+regTermTest(LRT),11.934640055758637,"1, 73",0.3478147862917629,ns,0.8405524002050936,ns,82
Rendimento_Formal,Rendimento Médio — Setor Formal,Micro_2252012,Micro 2252012,Raca,Cor ou Raça,Raca,svyglm+regTermTest(LRT),35212565.40456915,"2, 170",0.34804071337159026,ns,0.6965650353578424,ns,400
Desalentados_Fora_Forca,Desalentados Fora da Força de Trabalho,Zona_Rural,Zona Rural,Instrucao,Grau de Instrução (detalhado),VD3004,svyglm+regTermTest(LRT),65.6554357153475,"6, 199",0.35029690555032517,ns,0.9987697070157092,ns,2144
Motivo_Desistencia_Desalentado,Motivo da Desistência (Desalentados),Micro_2253011,Micro 2253011,Raca,Cor ou Raça,Raca,svychisq,1.093098597202073,"1.9654737554568, 19.654737554568",0.35371252414409343,ns,0.6248703910720641,ns,17
Motivo_Desistencia_Desalentado,Motivo da Desistência (Desalentados),"Admin_Resto da UF  (Unidade da Federação, excluindo a região metropolitana e a RIDE)","Resto da UF  (Unidade da Federação, excluindo a região metropolitana e a RIDE)",Instrucao_agregado,Grau de Instrução (dicotomizado),Instrucao,svychisq,1.0637968052374045,"2.39803405169237, 477.208776286782",0.3547322273169063,ns,0.7946650774881581,ns,323
Rendimento_Informal,Rendimento Médio — Setor Informal,Micro_2251013,Micro 2251013,Faixa_Etaria_trabalho,Faixa Etária,Faixa_Etaria_trabalho,svyglm+regTermTest(LRT),761085.589431107,"2, 65",0.35568033462104626,ns,0.4370766668753223,ns,82
Taxa_Nem_Nem,Taxa de Nem-Nem (14 a 29 anos),Micro_2252012,Micro 2252012,Instrucao_agregado,Grau de Instrução (dicotomizado),Instrucao,svyglm+regTermTest(LRT),0.8602448402410374,"1, 78",0.3575555780678479,ns,0.9310945832757628,ns,109
Proporcao_Ocupados_Escolarizados,Ocupados com Ensino Médio Completo ou Mais,Micro_2251011,Micro 2251011,Raca,Cor ou Raça,Raca,svyglm+regTermTest(LRT),1.7342992026747766,"2, 129",0.3590898576919991,ns,0.7429492321378521,ns,198
Taxa_Nem_Nem,Taxa de Nem-Nem (14 a 29 anos),Micro_2252020,Micro 2252020,Instrucao_agregado,Grau de Instrução (dicotomizado),Instrucao,svyglm+regTermTest(LRT),0.6361753176772993,"1, 126",0.3599754077029339,ns,0.9310945832757628,ns,173
Motivo_Nao_Inicio_NemNem,Motivo de Não Iniciar Trabalho (Nem-Nem),Agreg_Centro-Leste do Piauí,Centro-Leste do Piauí,Instrucao_agregado,Grau de Instrução (dicotomizado),Instrucao,svychisq,1.0648458985167153,"2.75321738031092, 382.697215863219",0.3605136599902927,ns,0.589931443620479,ns,153
Taxa_Informalidade,Taxa de Informalidade,Micro_2251011,Micro 2251011,Sexo,Sexo,Sexo,svyglm+regTermTest(LRT),0.7891087219606447,"1, 129",0.3606413966732366,ns,0.5766893732459752,ns,198
Rendimento_Medio_Habitual,Rendimento Médio Habitual,Micro_2210012,Micro 2210012,Raca,Cor ou Raça,Raca,svyglm+regTermTest(LRT),129595043.64555168,"2, 199",0.36247609961989624,ns,0.5010233082215043,ns,636
Taxa_Nem_Nem,Taxa de Nem-Nem (14 a 29 anos),Micro_2253012,Micro 2253012,Sexo,Sexo,Sexo,svyglm+regTermTest(LRT),4.37801396388096,"1, 60",0.3633722774120547,ns,0.568756608123216,ns,83
Rendimento_Formal,Rendimento Médio — Setor Formal,Micro_2251020,Micro 2251020,Raca,Cor ou Raça,Raca,svyglm+regTermTest(LRT),4003873.8323206455,"2, 199",0.3634252358388743,ns,0.6965650353578424,ns,694
Proporcao_Ocupados_Escolarizados,Ocupados com Ensino Médio Completo ou Mais,Micro_2252011,Micro 2252011,Raca,Cor ou Raça,Raca,svyglm+regTermTest(LRT),6.065557209289636,"3, 131",0.3648420495049754,ns,0.7429492321378521,ns,209
Rendimento_Informal,Rendimento Médio — Setor Informal,Micro_2251021,Micro 2251021,Instrucao,Grau de Instrução (detalhado),VD3004,svyglm+regTermTest(LRT),2493167.962314427,"5, 28",0.36521524221619583,ns,0.3798238519048437,ns,38
Percentual_Subremuneracao,Subremuneração (abaixo do salário-mínimo/hora),Micro_2253012,Micro 2253012,Sexo,Sexo,Sexo,svyglm+regTermTest(LRT),0.7698016803529981,"1, 162",0.36538981732691944,ns,0.7278994818785343,ns,428
Desalentados_Forca_Ampliada,Desalentados na Força de Trabalho Ampliada,Agreg_Centro-Leste do Piauí,Centro-Leste do Piauí,Instrucao_agregado,Grau de Instrução (dicotomizado),Instrucao,svyglm+regTermTest(LRT),0.8962364539693226,"1, 199",0.36628428895972176,ns,0.9992325195593166,ns,2636
Rendimento_Informal,Rendimento Médio — Setor Informal,Micro_2210013,Micro 2210013,Faixa_Etaria_trabalho,Faixa Etária,Faixa_Etaria_trabalho,svyglm+regTermTest(LRT),52588302.89712083,"2, 55",0.3665804302825284,ns,0.4370766668753223,ns,75
Rendimento_Medio_Habitual,Rendimento Médio Habitual,Micro_2252022,Micro 2252022,Faixa_Etaria_trabalho,Faixa Etária,Faixa_Etaria_trabalho,svyglm+regTermTest(LRT),2503908.1189517826,"1, 39",0.3668407598124714,ns,0.40123208104489055,ns,110
Percentual_Subremuneracao,Subremuneração (abaixo do salário-mínimo/hora),Micro_2210020,Micro 2210020,Sexo,Sexo,Sexo,svyglm+regTermTest(LRT),0.40042682064151336,"1, 147",0.3673307622653952,ns,0.7278994818785343,ns,475
Motivo_Nao_Procura_NemNem,Motivo de Não Procurar Trabalho (Nem-Nem),Micro_2251021,Micro 2251021,Instrucao_agregado,Grau de Instrução (dicotomizado),Instrucao,svychisq,1.0734740621958192,"2.6741132995869, 34.7634728946297",0.3677766505854416,ns,0.4658504240748927,ns,17
Motivo_Desistencia_Desalentado,Motivo da Desistência (Desalentados),Micro_2251013,Micro 2251013,Faixa_Etaria_trabalho,Faixa Etária,Faixa_Etaria_trabalho,svychisq,1.0280492640311838,"1.78357473552917, 19.6193220908208",0.3682192731615135,ns,0.7845315220265507,ns,12
Taxa_Informalidade,Taxa de Informalidade,Micro_2210013,Micro 2210013,Sexo,Sexo,Sexo,svyglm+regTermTest(LRT),0.6584625840014269,"1, 120",0.3684404329071509,ns,0.5766893732459752,ns,210
Proporcao_Ocupados_Escolarizados,Ocupados com Ensino Médio Completo ou Mais,Micro_2253012,Micro 2253012,Raca,Cor ou Raça,Raca,svyglm+regTermTest(LRT),2.200268043852077,"3, 113",0.3700964071075654,ns,0.7429492321378521,ns,173
Desalentados_Fora_Forca,Desalentados Fora da Força de Trabalho,Micro_2220010,Micro 2220010,Faixa_Etaria_trabalho,Faixa Etária,Faixa_Etaria_trabalho,svyglm+regTermTest(LRT),13.092559831020466,"2, 170",0.37029406310327767,ns,0.911493078408068,ns,269
Taxa_Informalidade,Taxa de Informalidade,Micro_2252011,Micro 2252011,Raca,Cor ou Raça,Raca,svyglm+regTermTest(LRT),6.368446717945176,"3, 131",0.3705476493824836,ns,0.9972127901540696,ns,209
Rendimento_Medio_Habitual,Rendimento Médio Habitual,Micro_2254020,Micro 2254020,Raca,Cor ou Raça,Raca,svyglm+regTermTest(LRT),5259979.050416052,"2, 104",0.3711283764603735,ns,0.5010233082215043,ns,320
Proporcao_Ocupados_Escolarizados,Ocupados com Ensino Médio Completo ou Mais,Admin_Capital,Capital,Raca,Cor ou Raça,Raca,svyglm+regTermTest(LRT),19.367404619481704,"4, 199",0.37147461606892607,ns,0.7429492321378521,ns,1964
Proporcao_Ocupados_Escolarizados,Ocupados com Ensino Médio Completo ou Mais,Agreg_Teresina,Teresina,Raca,Cor ou Raça,Raca,svyglm+regTermTest(LRT),19.367404619481704,"4, 199",0.37147461606892607,ns,0.7429492321378521,ns,1964
Taxa_Nem_Nem,Taxa de Nem-Nem (14 a 29 anos),"Admin_Resto da RIDE (Região Integrada de Desenvolvimento Econômico, excluindo a capital)","Resto da RIDE (Região Integrada de Desenvolvimento Econômico, excluindo a capital)",Instrucao_agregado,Grau de Instrução (dicotomizado),Instrucao,svyglm+regTermTest(LRT),1.3992034917459364,"1, 199",0.37887879482276177,ns,0.9310945832757628,ns,287
Taxa_Nem_Nem,Taxa de Nem-Nem (14 a 29 anos),Agreg_Entorno metropolitano de Teresina (PI),Entorno metropolitano de Teresina (PI),Instrucao_agregado,Grau de Instrução (dicotomizado),Instrucao,svyglm+regTermTest(LRT),1.3992034917459364,"1, 199",0.37887879482276177,ns,0.9310945832757628,ns,287
Desalentados_Forca_Ampliada,Desalentados na Força de Trabalho Ampliada,Micro_2220010,Micro 2220010,Faixa_Etaria_trabalho,Faixa Etária,Faixa_Etaria_trabalho,svyglm+regTermTest(LRT),12.142502709440691,"2, 199",0.3806531679027144,ns,0.9989643649973602,ns,723
Percentual_Subremuneracao,Subremuneração (abaixo do salário-mínimo/hora),Micro_2253020,Micro 2253020,Sexo,Sexo,Sexo,svyglm+regTermTest(LRT),0.7758031850022746,"1, 169",0.38438149312365455,ns,0.7278994818785343,ns,474
Rendimento_Medio_Habitual,Rendimento Médio Habitual,Micro_2220010,Micro 2220010,Sexo,Sexo,Sexo,svyglm+regTermTest(LRT),5056963.987065315,"1, 199",0.38446956098383867,ns,0.5986915083662723,ns,723
Rendimento_Informal,Rendimento Médio — Setor Informal,Micro_2252020,Micro 2252020,Faixa_Etaria_trabalho,Faixa Etária,Faixa_Etaria_trabalho,svyglm+regTermTest(LRT),1266521.0027818233,"2, 128",0.388316557688387,ns,0.4458449366051851,ns,176
Motivo_Nao_Procura_NemNem,Motivo de Não Procurar Trabalho (Nem-Nem),Admin_Capital,Capital,Raca,Cor ou Raça,Raca,svychisq,1.0475596280795214,"5.21774863598369, 840.057530393374",0.38950292929505415,ns,0.5385030262002116,ns,176
Motivo_Nao_Procura_NemNem,Motivo de Não Procurar Trabalho (Nem-Nem),Agreg_Teresina,Teresina,Raca,Cor ou Raça,Raca,svychisq,1.0475596280795214,"5.21774863598369, 840.057530393374",0.38950292929505415,ns,0.5385030262002116,ns,176
Percentual_Subremuneracao,Subremuneração (abaixo do salário-mínimo/hora),Micro_2210030,Micro 2210030,Faixa_Etaria_trabalho,Faixa Etária,Faixa_Etaria_trabalho,svyglm+regTermTest(LRT),12.914709476280905,"2, 199",0.3920958531875156,ns,0.9936646474916272,ns,882
Taxa_Subocupacao,Subocupação por Insuficiência de Horas,Zona_Urbana,Zona Urbana,Sexo,Sexo,Sexo,svyglm+regTermTest(LRT),1.2347056802000225,"1, 199",0.3930666571640495,ns,0.976510758462637,ns,3692
Taxa_Subocupacao,Subocupação por Insuficiência de Horas,Admin_Capital,Capital,Instrucao_agregado,Grau de Instrução (dicotomizado),Instrucao,svyglm+regTermTest(LRT),0.9901364044600314,"1, 199",0.3934178515516896,ns,0.9143270457079444,ns,1964
Taxa_Subocupacao,Subocupação por Insuficiência de Horas,Agreg_Teresina,Teresina,Instrucao_agregado,Grau de Instrução (dicotomizado),Instrucao,svyglm+regTermTest(LRT),0.9901364044600314,"1, 199",0.3934178515516896,ns,0.9143270457079444,ns,1964
Desalentados_Fora_Forca,Desalentados Fora da Força de Trabalho,Micro_2253020,Micro 2253020,Sexo,Sexo,Sexo,svyglm+regTermTest(LRT),0.5198226913130668,"1, 142",0.39345741044174576,ns,0.9788503241740312,ns,245
Motivo_Desistencia_Desalentado,Motivo da Desistência (Desalentados),Zona_Rural,Zona Rural,Raca,Cor ou Raça,Raca,svychisq,1.0353083658405111,"4.82107015854417, 896.719049489216",0.3943045339387344,ns,0.6248703910720641,ns,241
Rendimento_Informal,Rendimento Médio — Setor Informal,Micro_2251013,Micro 2251013,Sexo,Sexo,Sexo,svyglm+regTermTest(LRT),700022.9532497525,"1, 65",0.3975913594492664,ns,0.6050303295967098,ns,82
Taxa_Subocupacao,Subocupação por Insuficiência de Horas,Micro_2253020,Micro 2253020,Sexo,Sexo,Sexo,svyglm+regTermTest(LRT),1.121512625156484,"1, 94",0.39997252229139874,ns,0.976510758462637,ns,121
Rendimento_Medio_Habitual,Rendimento Médio Habitual,Micro_2253022,Micro 2253022,Instrucao_agregado,Grau de Instrução (dicotomizado),Instrucao,svyglm+regTermTest(LRT),428635.2169318199,"1, 36",0.40064082851488936,ns,0.40064082851488936,ns,97
Taxa_Informalidade,Taxa de Informalidade,Micro_2210030,Micro 2210030,Instrucao,Grau de Instrução (detalhado),VD3004,svyglm+regTermTest(LRT),36.58299147658147,"6, 199",0.40397513083268616,ns,0.8416148559014296,ns,375
Taxa_Informalidade,Taxa de Informalidade,Micro_2253011,Micro 2253011,Raca,Cor ou Raça,Raca,svyglm+regTermTest(LRT),6.158784540203612,"2, 123",0.40520166093142673,ns,0.9972127901540696,ns,199
Rendimento_Formal,Rendimento Médio — Setor Formal,Micro_2253011,Micro 2253011,Instrucao_agregado,Grau de Instrução (dicotomizado),Instrucao,svyglm+regTermTest(LRT),6760197.983933926,"1, 160",0.4111979432190847,ns,0.4699405065360968,ns,383
Rendimento_Medio_Habitual,Rendimento Médio Habitual,Micro_2252021,Micro 2252021,Sexo,Sexo,Sexo,svyglm+regTermTest(LRT),1984226.6763597575,"1, 51",0.4121755190631941,ns,0.5986915083662723,ns,151
Taxa_Informalidade,Taxa de Informalidade,Micro_2252012,Micro 2252012,Sexo,Sexo,Sexo,svyglm+regTermTest(LRT),0.5736005518225511,"1, 145",0.41339166895335705,ns,0.6200875034300356,ns,222
Rendimento_Medio_Habitual,Rendimento Médio Habitual,Micro_2253022,Micro 2253022,Sexo,Sexo,Sexo,svyglm+regTermTest(LRT),244095.98746950924,"1, 36",0.4157579919210224,ns,0.5986915083662723,ns,97
Taxa_Subocupacao,Subocupação por Insuficiência de Horas,Zona_Rural,Zona Rural,Sexo,Sexo,Sexo,svyglm+regTermTest(LRT),1.1437925914358402,"1, 199",0.41676394393156097,ns,0.976510758462637,ns,1269
Motivo_Nao_Procura_NemNem,Motivo de Não Procurar Trabalho (Nem-Nem),Agreg_Alto Parnaíba e Chapadas Sul do Piauí,Alto Parnaíba e Chapadas Sul do Piauí,Instrucao_agregado,Grau de Instrução (dicotomizado),Instrucao,svychisq,0.9731912506593136,"3.66310937839685, 384.626484731669",0.41710389227365585,ns,0.4953108720749663,ns,119
Rendimento_Formal,Rendimento Médio — Setor Formal,Micro_2253012,Micro 2253012,Raca,Cor ou Raça,Raca,svyglm+regTermTest(LRT),28301568.389022112,"2, 151",0.42115502374264313,ns,0.7123206841816405,ns,354
Rendimento_Formal,Rendimento Médio — Setor Formal,Micro_2253021,Micro 2253021,Sexo,Sexo,Sexo,svyglm+regTermTest(LRT),1136786.8500551116,"1, 35",0.4217395445495566,ns,0.5566961988054148,ns,91
Rendimento_Informal,Rendimento Médio — Setor Informal,Micro_2252012,Micro 2252012,Instrucao_agregado,Grau de Instrução (dicotomizado),Instrucao,svyglm+regTermTest(LRT),856546.8670205325,"1, 94",0.4219743311160432,ns,0.527467913895054,ns,122
Rendimento_Informal,Rendimento Médio — Setor Informal,Micro_2210020,Micro 2210020,Faixa_Etaria_trabalho,Faixa Etária,Faixa_Etaria_trabalho,svyglm+regTermTest(LRT),2390537.4586818963,"2, 69",0.4220594885537299,ns,0.4574794652820702,ns,87
Taxa_Subocupacao,Subocupação por Insuficiência de Horas,Micro_2251020,Micro 2251020,Sexo,Sexo,Sexo,svyglm+regTermTest(LRT),0.6133641363628612,"1, 162",0.4221025428221089,ns,0.976510758462637,ns,231
Percentual_Subremuneracao,Subremuneração (abaixo do salário-mínimo/hora),"Admin_Resto da RIDE (Região Integrada de Desenvolvimento Econômico, excluindo a capital)","Resto da RIDE (Região Integrada de Desenvolvimento Econômico, excluindo a capital)",Raca,Cor ou Raça,Raca,svyglm+regTermTest(LRT),2.5068395412200744,"2, 199",0.4262042802785508,ns,0.9326531380589412,ns,1324
Percentual_Subremuneracao,Subremuneração (abaixo do salário-mínimo/hora),Agreg_Entorno metropolitano de Teresina (PI),Entorno metropolitano de Teresina (PI),Raca,Cor ou Raça,Raca,svyglm+regTermTest(LRT),2.5068395412200744,"2, 199",0.4262042802785508,ns,0.9326531380589412,ns,1324
Percentual_Subremuneracao,Subremuneração (abaixo do salário-mínimo/hora),"Admin_Resto da RIDE (Região Integrada de Desenvolvimento Econômico, excluindo a capital)","Resto da RIDE (Região Integrada de Desenvolvimento Econômico, excluindo a capital)",Sexo,Sexo,Sexo,svyglm+regTermTest(LRT),0.7659437068778061,"1, 199",0.4271368961125125,ns,0.7278994818785343,ns,1324
Percentual_Subremuneracao,Subremuneração (abaixo do salário-mínimo/hora),Agreg_Entorno metropolitano de Teresina (PI),Entorno metropolitano de Teresina (PI),Sexo,Sexo,Sexo,svyglm+regTermTest(LRT),0.7659437068778061,"1, 199",0.4271368961125125,ns,0.7278994818785343,ns,1324
Taxa_Desocupacao,Taxa de Desocupação,Micro_2253012,Micro 2253012,Instrucao_agregado,Grau de Instrução (dicotomizado),Instrucao,svyglm+regTermTest(LRT),0.4468833279123601,"1, 124",0.4271376073946259,ns,0.9705751947876652,ns,194
Rendimento_Informal,Rendimento Médio — Setor Informal,Agreg_Baixo Parnaíba do Piauí,Baixo Parnaíba do Piauí,Faixa_Etaria_trabalho,Faixa Etária,Faixa_Etaria_trabalho,svyglm+regTermTest(LRT),1042304.9189954996,"2, 199",0.42796466107032377,ns,0.4574794652820702,ns,559
Taxa_Desocupacao,Taxa de Desocupação,Micro_2253012,Micro 2253012,Faixa_Etaria_trabalho,Faixa Etária,Faixa_Etaria_trabalho,svyglm+regTermTest(LRT),5.288541653681548,"2, 124",0.4283855930814915,ns,0.9103193852981696,ns,194
Motivo_Desistencia_Desalentado,Motivo da Desistência (Desalentados),"Admin_Resto da UF  (Unidade da Federação, excluindo a região metropolitana e a RIDE)","Resto da UF  (Unidade da Federação, excluindo a região metropolitana e a RIDE)",Faixa_Etaria_trabalho,Faixa Etária,Faixa_Etaria_trabalho,svychisq,0.9745732882422092,"5.10263005795682, 1015.42338153341",0.4331763262254764,ns,0.7845315220265507,ns,323
Desalentados_Forca_Ampliada,Desalentados na Força de Trabalho Ampliada,Zona_Rural,Zona Rural,Sexo,Sexo,Sexo,svyglm+regTermTest(LRT),0.542308642822718,"1, 199",0.4372993259677206,ns,0.9768465916585136,ns,4410
Proporcao_Ocupados_Escolarizados,Ocupados com Ensino Médio Completo ou Mais,Micro_2252021,Micro 2252021,Faixa_Etaria_trabalho,Faixa Etária,Faixa_Etaria_trabalho,svyglm+regTermTest(LRT),10.804925891492708,"2, 34",0.4390776901922144,ns,0.7929780623199008,ns,55
Taxa_Nem_Nem,Taxa de Nem-Nem (14 a 29 anos),Micro_2254020,Micro 2254020,Instrucao_agregado,Grau de Instrução (dicotomizado),Instrucao,svyglm+regTermTest(LRT),1.0649204226050415,"1, 48",0.4399102271273432,ns,0.9310945832757628,ns,72
Taxa_Informalidade,Taxa de Informalidade,Micro_2251020,Micro 2251020,Instrucao,Grau de Instrução (detalhado),VD3004,svyglm+regTermTest(LRT),61.40945845570607,"6, 162",0.44020826473366104,ns,0.8465543552570405,ns,231
Desalentados_Forca_Ampliada,Desalentados na Força de Trabalho Ampliada,Admin_Capital,Capital,Instrucao_agregado,Grau de Instrução (dicotomizado),Instrucao,svyglm+regTermTest(LRT),3.6486390140830736,"1, 199",0.4410042753136085,ns,0.9992325195593166,ns,4334
Desalentados_Forca_Ampliada,Desalentados na Força de Trabalho Ampliada,Agreg_Teresina,Teresina,Instrucao_agregado,Grau de Instrução (dicotomizado),Instrucao,svyglm+regTermTest(LRT),3.6486390140830736,"1, 199",0.4410042753136085,ns,0.9992325195593166,ns,4334
Rendimento_Medio_Habitual,Rendimento Médio Habitual,Micro_2253010,Micro 2253010,Raca,Cor ou Raça,Raca,svyglm+regTermTest(LRT),32881975.365253687,"2, 48",0.4430453193768109,ns,0.5696296963416141,ns,152
Percentual_Subremuneracao,Subremuneração (abaixo do salário-mínimo/hora),Micro_2251020,Micro 2251020,Sexo,Sexo,Sexo,svyglm+regTermTest(LRT),1.5037326793415673,"1, 199",0.4448274611479931,ns,0.7278994818785343,ns,849
Rendimento_Medio_Habitual,Rendimento Médio Habitual,Micro_2253021,Micro 2253021,Faixa_Etaria_trabalho,Faixa Etária,Faixa_Etaria_trabalho,svyglm+regTermTest(LRT),2882296.054899264,"2, 36",0.4449175590125141,ns,0.4718822595587271,ns,112
Desalentados_Fora_Forca,Desalentados Fora da Força de Trabalho,Micro_2251020,Micro 2251020,Faixa_Etaria_trabalho,Faixa Etária,Faixa_Etaria_trabalho,svyglm+regTermTest(LRT),36.802033057299525,"2, 199",0.44513184103236647,ns,0.9507464213304204,ns,411
Desalentados_Fora_Forca,Desalentados Fora da Força de Trabalho,Micro_2251013,Micro 2251013,Faixa_Etaria_trabalho,Faixa Etária,Faixa_Etaria_trabalho,svyglm+regTermTest(LRT),8.013400188014344,"2, 103",0.4456623849986346,ns,0.9507464213304204,ns,170
Desalentados_Forca_Ampliada,Desalentados na Força de Trabalho Ampliada,Zona_Rural,Zona Rural,Instrucao,Grau de Instrução (detalhado),VD3004,svyglm+regTermTest(LRT),52.0926492545816,"6, 199",0.4466083411587245,ns,0.9998416465005352,ns,4410
Motivo_Nao_Procura_NemNem,Motivo de Não Procurar Trabalho (Nem-Nem),Micro_2252020,Micro 2252020,Raca,Cor ou Raça,Raca,svychisq,0.9384123669412464,"4.35085621774064, 217.542810887032",0.44803027530202166,ns,0.5385030262002116,ns,54
Rendimento_Formal,Rendimento Médio — Setor Formal,Zona_Rural,Zona Rural,Sexo,Sexo,Sexo,svyglm+regTermTest(LRT),1712199.103545308,"1, 199",0.4482600497889251,ns,0.5689454478090202,ns,3542
Taxa_Nem_Nem,Taxa de Nem-Nem (14 a 29 anos),Micro_2210011,Micro 2210011,Instrucao_agregado,Grau de Instrução (dicotomizado),Instrucao,svyglm+regTermTest(LRT),0.4788880012256982,"1, 199",0.44880352233132387,ns,0.9310945832757628,ns,449
Percentual_Subremuneracao,Subremuneração (abaixo do salário-mínimo/hora),Micro_2252021,Micro 2252021,Instrucao_agregado,Grau de Instrução (dicotomizado),Instrucao,svyglm+regTermTest(LRT),7.1541400627836325,"1, 51",0.45139917536424473,ns,0.56035759700389,ns,151
Taxa_Subocupacao,Subocupação por Insuficiência de Horas,"Admin_Resto da RIDE (Região Integrada de Desenvolvimento Econômico, excluindo a capital)","Resto da RIDE (Região Integrada de Desenvolvimento Econômico, excluindo a capital)",Instrucao_agregado,Grau de Instrução (dicotomizado),Instrucao,svyglm+regTermTest(LRT),0.7143910470996104,"1, 199",0.4520822679355117,ns,0.9143270457079444,ns,454
Taxa_Subocupacao,Subocupação por Insuficiência de Horas,Agreg_Entorno metropolitano de Teresina (PI),Entorno metropolitano de Teresina (PI),Instrucao_agregado,Grau de Instrução (dicotomizado),Instrucao,svyglm+regTermTest(LRT),0.7143910470996104,"1, 199",0.4520822679355117,ns,0.9143270457079444,ns,454
Conribuintes_Desocupados,Responsáveis ou Cônjuges Desocupados,Agreg_Centro-Leste do Piauí,Centro-Leste do Piauí,Instrucao_agregado,Grau de Instrução (dicotomizado),Instrucao,svyglm+regTermTest(LRT),16.06943893836589,"1, 71",0.4532288886453937,ns,0.7469809987331735,ns,81
Proporcao_Ocupados_Escolarizados,Ocupados com Ensino Médio Completo ou Mais,Micro_2253010,Micro 2253010,Sexo,Sexo,Sexo,svyglm+regTermTest(LRT),5.352422844108375,"1, 38",0.45355626727104703,ns,0.5439871638768105,ns,63
Taxa_Subocupacao,Subocupação por Insuficiência de Horas,Micro_2251011,Micro 2251011,Sexo,Sexo,Sexo,svyglm+regTermTest(LRT),4.3381583048987125,"1, 129",0.4545913250540121,ns,0.976510758462637,ns,198
Rendimento_Informal,Rendimento Médio — Setor Informal,Micro_2251012,Micro 2251012,Raca,Cor ou Raça,Raca,svyglm+regTermTest(LRT),7358314.011009872,"3, 79",0.45707614682129927,ns,0.8461564927181573,ns,105
Taxa_Subocupacao,Subocupação por Insuficiência de Horas,Micro_2251020,Micro 2251020,Instrucao_agregado,Grau de Instrução (dicotomizado),Instrucao,svyglm+regTermTest(LRT),0.934124571393852,"1, 162",0.4571635228539722,ns,0.9143270457079444,ns,231
Rendimento_Informal,Rendimento Médio — Setor Informal,Micro_2253021,Micro 2253021,Instrucao_agregado,Grau de Instrução (dicotomizado),Instrucao,svyglm+regTermTest(LRT),75824.63428022154,"1, 17",0.45769206276908825,ns,0.5523869723075203,ns,21
Conribuintes_Desocupados,Responsáveis ou Cônjuges Desocupados,Agreg_Baixo Parnaíba do Piauí,Baixo Parnaíba do Piauí,Instrucao_agregado,Grau de Instrução (dicotomizado),Instrucao,svyglm+regTermTest(LRT),8.93338821265121,"1, 52",0.45782706373968696,ns,0.7469809987331735,ns,56
Rendimento_Informal,Rendimento Médio — Setor Informal,Micro_2251013,Micro 2251013,Raca,Cor ou Raça,Raca,svyglm+regTermTest(LRT),3573220.1838994473,"2, 65",0.4587922121309581,ns,0.8461564927181573,ns,82
Taxa_Nem_Nem,Taxa de Nem-Nem (14 a 29 anos),Micro_2210012,Micro 2210012,Sexo,Sexo,Sexo,svyglm+regTermTest(LRT),4.827957293351716,"1, 83",0.4597043206033878,ns,0.6895564809050816,ns,118
Taxa_Nem_Nem,Taxa de Nem-Nem (14 a 29 anos),Micro_2251020,Micro 2251020,Raca,Cor ou Raça,Raca,svyglm+regTermTest(LRT),1.5226920961154633,"2, 127",0.46212178828161743,ns,0.997919623009068,ns,168
Proporcao_Ocupados_Escolarizados,Ocupados com Ensino Médio Completo ou Mais,Micro_2251011,Micro 2251011,Faixa_Etaria_trabalho,Faixa Etária,Faixa_Etaria_trabalho,svyglm+regTermTest(LRT),9.754223652423718,"2, 129",0.46225967328291007,ns,0.7929780623199008,ns,198
Taxa_Nem_Nem,Taxa de Nem-Nem (14 a 29 anos),Micro_2210030,Micro 2210030,Instrucao_agregado,Grau de Instrução (dicotomizado),Instrucao,svyglm+regTermTest(LRT),0.7028784024050196,"1, 152",0.4631303432174205,ns,0.9310945832757628,ns,226
Rendimento_Medio_Habitual,Rendimento Médio Habitual,Micro_2253020,Micro 2253020,Sexo,Sexo,Sexo,svyglm+regTermTest(LRT),5008628.519211054,"1, 169",0.4644167283133898,ns,0.6227711679778725,ns,474
Rendimento_Formal,Rendimento Médio — Setor Formal,Micro_2251011,Micro 2251011,Raca,Cor ou Raça,Raca,svyglm+regTermTest(LRT),42994073.74378657,"2, 170",0.46612353443979054,ns,0.7123206841816405,ns,419
Proporcao_Ocupados_Escolarizados,Ocupados com Ensino Médio Completo ou Mais,"Admin_Resto da RIDE (Região Integrada de Desenvolvimento Econômico, excluindo a capital)","Resto da RIDE (Região Integrada de Desenvolvimento Econômico, excluindo a capital)",Faixa_Etaria_trabalho,Faixa Etária,Faixa_Etaria_trabalho,svyglm+regTermTest(LRT),30.440417778207916,"2, 199",0.4664576837175887,ns,0.7929780623199008,ns,454
Proporcao_Ocupados_Escolarizados,Ocupados com Ensino Médio Completo ou Mais,Agreg_Entorno metropolitano de Teresina (PI),Entorno metropolitano de Teresina (PI),Faixa_Etaria_trabalho,Faixa Etária,Faixa_Etaria_trabalho,svyglm+regTermTest(LRT),30.440417778207916,"2, 199",0.4664576837175887,ns,0.7929780623199008,ns,454
Rendimento_Medio_Habitual,Rendimento Médio Habitual,Micro_2253021,Micro 2253021,Sexo,Sexo,Sexo,svyglm+regTermTest(LRT),2625877.2380862236,"1, 36",0.4670783759834043,ns,0.6227711679778725,ns,112
Percentual_Subremuneracao,Subremuneração (abaixo do salário-mínimo/hora),Micro_2251020,Micro 2251020,Raca,Cor ou Raça,Raca,svyglm+regTermTest(LRT),2.045041677530037,"2, 199",0.46717341614085167,ns,0.9326531380589412,ns,849
Proporcao_Ocupados_Escolarizados,Ocupados com Ensino Médio Completo ou Mais,Micro_2251021,Micro 2251021,Sexo,Sexo,Sexo,svyglm+regTermTest(LRT),1.7294676778492857,"1, 38",0.4684333911161423,ns,0.5439871638768105,ns,54
Motivo_Nao_Inicio_NemNem,Motivo de Não Iniciar Trabalho (Nem-Nem),Agreg_Alto Parnaíba e Chapadas Sul do Piauí,Alto Parnaíba e Chapadas Sul do Piauí,Instrucao_agregado,Grau de Instrução (dicotomizado),Instrucao,svychisq,0.8921107581619476,"4.10905580475885, 431.450859499679",0.4706629172710318,ns,0.7059943759065477,ns,119
Taxa_Nem_Nem,Taxa de Nem-Nem (14 a 29 anos),Agreg_Alto Parnaíba e Chapadas Sul do Piauí,Alto Parnaíba e Chapadas Sul do Piauí,Instrucao_agregado,Grau de Instrução (dicotomizado),Instrucao,svyglm+regTermTest(LRT),1.0880504419484396,"1, 199",0.4706789331239315,ns,0.9310945832757628,ns,404
Motivo_Desistencia_Desalentado,Motivo da Desistência (Desalentados),Micro_2251012,Micro 2251012,Faixa_Etaria_trabalho,Faixa Etária,Faixa_Etaria_trabalho,svychisq,0.5805042006630593,"1.06789766917425, 12.814772030091",0.4707189132159304,ns,0.7845315220265507,ns,17
Rendimento_Formal,Rendimento Médio — Setor Formal,Agreg_Alto Parnaíba e Chapadas Sul do Piauí,Alto Parnaíba e Chapadas Sul do Piauí,Sexo,Sexo,Sexo,svyglm+regTermTest(LRT),4407875.084021568,"1, 199",0.4715233488244112,ns,0.576306315229836,ns,1653
Desalentados_Forca_Ampliada,Desalentados na Força de Trabalho Ampliada,Micro_2251022,Micro 2251022,Faixa_Etaria_trabalho,Faixa Etária,Faixa_Etaria_trabalho,svyglm+regTermTest(LRT),9.315879592080703,"2, 51",0.4733914564127344,ns,0.9989643649973602,ns,163
Percentual_Subremuneracao,Subremuneração (abaixo do salário-mínimo/hora),Micro_2253021,Micro 2253021,Raca,Cor ou Raça,Raca,svyglm+regTermTest(LRT),0.11478101137190322,"2, 36",0.4775137257252945,ns,0.9326531380589412,ns,112
Taxa_Nem_Nem,Taxa de Nem-Nem (14 a 29 anos),Micro_2251020,Micro 2251020,Instrucao_agregado,Grau de Instrução (dicotomizado),Instrucao,svyglm+regTermTest(LRT),0.3268301054654046,"1, 127",0.47884864282753514,ns,0.9310945832757628,ns,168
Rendimento_Informal,Rendimento Médio — Setor Informal,Micro_2253021,Micro 2253021,Raca,Cor ou Raça,Raca,svyglm+regTermTest(LRT),328157.7683213502,"2, 17",0.4805143522361167,ns,0.8461564927181573,ns,21
Conribuintes_Desocupados,Responsáveis ou Cônjuges Desocupados,Agreg_Centro-Leste do Piauí,Centro-Leste do Piauí,Sexo,Sexo,Sexo,svyglm+regTermTest(LRT),0.861734520005129,"1, 71",0.4813433969394151,ns,0.9934099404760612,ns,81
Taxa_Desocupacao,Taxa de Desocupação,Agreg_Centro-Leste do Piauí,Centro-Leste do Piauí,Sexo,Sexo,Sexo,svyglm+regTermTest(LRT),0.5553701379801623,"1, 199",0.4821888173787182,ns,0.97658154070687,ns,962
Taxa_Desocupacao,Taxa de Desocupação,Micro_2253012,Micro 2253012,Sexo,Sexo,Sexo,svyglm+regTermTest(LRT),3.8113788956019334,"1, 124",0.4832994680238548,ns,0.97658154070687,ns,194
Taxa_Desocupacao,Taxa de Desocupação,Agreg_Baixo Parnaíba do Piauí,Baixo Parnaíba do Piauí,Instrucao_agregado,Grau de Instrução (dicotomizado),Instrucao,svyglm+regTermTest(LRT),0.8401807672592554,"1, 199",0.48390428225275867,ns,0.9705751947876652,ns,975
Motivo_Nao_Procura_NemNem,Motivo de Não Procurar Trabalho (Nem-Nem),Micro_2253021,Micro 2253021,Raca,Cor ou Raça,Raca,svychisq,0.6198258725018158,"1.22728051543349, 8.59096360803446",0.4846527235801904,ns,0.5385030262002116,ns,11
Motivo_Desistencia_Desalentado,Motivo da Desistência (Desalentados),Micro_2251022,Micro 2251022,Sexo,Sexo,Sexo,svychisq,0.5266343476552513,"1, 10",0.4846623839486631,ns,0.7386896790352078,ns,15
Desalentados_Fora_Forca,Desalentados Fora da Força de Trabalho,Agreg_Alto Parnaíba e Chapadas Sul do Piauí,Alto Parnaíba e Chapadas Sul do Piauí,Sexo,Sexo,Sexo,svyglm+regTermTest(LRT),0.8182999403708209,"1, 199",0.4847124546300473,ns,0.9788503241740312,ns,864
Rendimento_Informal,Rendimento Médio — Setor Informal,Micro_2253011,Micro 2253011,Raca,Cor ou Raça,Raca,svyglm+regTermTest(LRT),1208535.3693724573,"2, 61",0.4866483188749783,ns,0.8461564927181573,ns,82
Rendimento_Informal,Rendimento Médio — Setor Informal,Zona_Rural,Zona Rural,Raca,Cor ou Raça,Raca,svyglm+regTermTest(LRT),804322.6187772155,"2, 199",0.4890491710810088,ns,0.8461564927181573,ns,868
Percentual_Subremuneracao,Subremuneração (abaixo do salário-mínimo/hora),Micro_2220010,Micro 2220010,Instrucao,Grau de Instrução (detalhado),VD3004,svyglm+regTermTest(LRT),48.79433734755048,"6, 199",0.49469052568853655,ns,0.9893810513770732,ns,723
Motivo_Nao_Inicio_NemNem,Motivo de Não Iniciar Trabalho (Nem-Nem),Admin_Capital,Capital,Raca,Cor ou Raça,Raca,svychisq,0.8851743571011264,"5.37607145574796, 865.547504375421",0.4962175840617047,ns,0.5595021576918578,ns,176
Motivo_Nao_Inicio_NemNem,Motivo de Não Iniciar Trabalho (Nem-Nem),Agreg_Teresina,Teresina,Raca,Cor ou Raça,Raca,svychisq,0.8851743571011264,"5.37607145574796, 865.547504375421",0.4962175840617047,ns,0.5595021576918578,ns,176
Taxa_Subocupacao,Subocupação por Insuficiência de Horas,Zona_Rural,Zona Rural,Faixa_Etaria_trabalho,Faixa Etária,Faixa_Etaria_trabalho,svyglm+regTermTest(LRT),14.156949187216696,"2, 199",0.4981454825259984,ns,0.9889709240339484,ns,1269
Taxa_Desocupacao,Taxa de Desocupação,Micro_2251013,Micro 2251013,Faixa_Etaria_trabalho,Faixa Etária,Faixa_Etaria_trabalho,svyglm+regTermTest(LRT),8.052734309264139,"2, 107",0.49856708728368654,ns,0.919573708831432,ns,162
Desalentados_Fora_Forca,Desalentados Fora da Força de Trabalho,Zona_Urbana,Zona Urbana,Instrucao_agregado,Grau de Instrução (dicotomizado),Instrucao,svyglm+regTermTest(LRT),0.9964736083804836,"1, 199",0.49921115834931706,ns,0.93420427828532,ns,3020
Percentual_Subremuneracao,Subremuneração (abaixo do salário-mínimo/hora),Micro_2251011,Micro 2251011,Instrucao_agregado,Grau de Instrução (dicotomizado),Instrucao,svyglm+regTermTest(LRT),0.8813038764913301,"1, 188",0.500751704205692,ns,0.6009020450468304,ns,523
Proporcao_Ocupados_Escolarizados,Ocupados com Ensino Médio Completo ou Mais,Micro_2210012,Micro 2210012,Faixa_Etaria_trabalho,Faixa Etária,Faixa_Etaria_trabalho,svyglm+regTermTest(LRT),10.782951046918951,"2, 177",0.5043088165879842,ns,0.800072248094162,ns,304
Taxa_Informalidade,Taxa de Informalidade,Micro_2251011,Micro 2251011,Raca,Cor ou Raça,Raca,svyglm+regTermTest(LRT),2.977614135245574,"2, 129",0.506435014933886,ns,0.9972127901540696,ns,198
Rendimento_Informal,Rendimento Médio — Setor Informal,Micro_2253020,Micro 2253020,Raca,Cor ou Raça,Raca,svyglm+regTermTest(LRT),700248.4905909747,"2, 69",0.5069969993429196,ns,0.8461564927181573,ns,79
Rendimento_Formal,Rendimento Médio — Setor Formal,Micro_2252021,Micro 2252021,Sexo,Sexo,Sexo,svyglm+regTermTest(LRT),1031717.9753752165,"1, 46",0.5092416690469462,ns,0.6001776813767581,ns,109
Conribuintes_Desocupados,Responsáveis ou Cônjuges Desocupados,Agreg_Baixo Parnaíba do Piauí,Baixo Parnaíba do Piauí,Faixa_Etaria_trabalho,Faixa Etária,Faixa_Etaria_trabalho,svyglm+regTermTest(LRT),33.55923786739467,"2, 52",0.5095693130385135,ns,0.6369616412981418,ns,56
Taxa_Nem_Nem,Taxa de Nem-Nem (14 a 29 anos),Agreg_Baixo Parnaíba do Piauí,Baixo Parnaíba do Piauí,Raca,Cor ou Raça,Raca,svyglm+regTermTest(LRT),1.741415499004006,"2, 199",0.5130699645324879,ns,0.997919623009068,ns,555
Taxa_Informalidade,Taxa de Informalidade,Micro_2252020,Micro 2252020,Raca,Cor ou Raça,Raca,svyglm+regTermTest(LRT),1.7861828976159586,"2, 166",0.5136227740454379,ns,0.9972127901540696,ns,241
Rendimento_Medio_Habitual,Rendimento Médio Habitual,Micro_2251012,Micro 2251012,Raca,Cor ou Raça,Raca,svyglm+regTermTest(LRT),22110757.986049652,"3, 189",0.5143471031100846,ns,0.6312441719987402,ns,482
Taxa_Informalidade,Taxa de Informalidade,Micro_2252011,Micro 2252011,Instrucao,Grau de Instrução (detalhado),VD3004,svyglm+regTermTest(LRT),63.98848264622782,"6, 131",0.5152689528577604,ns,0.9201231301031436,ns,209
Motivo_Desistencia_Desalentado,Motivo da Desistência (Desalentados),Admin_Capital,Capital,Raca,Cor ou Raça,Raca,svychisq,0.8442521528644708,"4.875237589218, 82.8790390167061",0.519872874401414,ns,0.6248703910720641,ns,21
Motivo_Desistencia_Desalentado,Motivo da Desistência (Desalentados),Agreg_Teresina,Teresina,Raca,Cor ou Raça,Raca,svychisq,0.8442521528644708,"4.875237589218, 82.8790390167061",0.519872874401414,ns,0.6248703910720641,ns,21
Taxa_Informalidade,Taxa de Informalidade,Micro_2253020,Micro 2253020,Faixa_Etaria_trabalho,Faixa Etária,Faixa_Etaria_trabalho,svyglm+regTermTest(LRT),8.50179532235967,"2, 94",0.5200166697810052,ns,0.9975638230714124,ns,121
Motivo_Desistencia_Desalentado,Motivo da Desistência (Desalentados),Zona_Urbana,Zona Urbana,Sexo,Sexo,Sexo,svychisq,0.6679111473972585,"2.09164579610107, 211.256225406208",0.520313118509391,ns,0.7386896790352078,ns,120
Taxa_Subocupacao,Subocupação por Insuficiência de Horas,"Admin_Resto da RIDE (Região Integrada de Desenvolvimento Econômico, excluindo a capital)","Resto da RIDE (Região Integrada de Desenvolvimento Econômico, excluindo a capital)",Sexo,Sexo,Sexo,svyglm+regTermTest(LRT),3.7263556648856024,"1, 199",0.5233071926941354,ns,0.976510758462637,ns,454
Taxa_Subocupacao,Subocupação por Insuficiência de Horas,Agreg_Entorno metropolitano de Teresina (PI),Entorno metropolitano de Teresina (PI),Sexo,Sexo,Sexo,svyglm+regTermTest(LRT),3.7263556648856024,"1, 199",0.5233071926941354,ns,0.976510758462637,ns,454
Rendimento_Medio_Habitual,Rendimento Médio Habitual,Micro_2251013,Micro 2251013,Sexo,Sexo,Sexo,svyglm+regTermTest(LRT),2537428.382215619,"1, 152",0.5240956898925067,ns,0.6738373155760801,ns,408
Taxa_Desocupacao,Taxa de Desocupação,"Admin_Resto da UF  (Unidade da Federação, excluindo a região metropolitana e a RIDE)","Resto da UF  (Unidade da Federação, excluindo a região metropolitana e a RIDE)",Faixa_Etaria_trabalho,Faixa Etária,Faixa_Etaria_trabalho,svyglm+regTermTest(LRT),49.80649919235566,"2, 199",0.5250543437852367,ns,0.919573708831432,ns,2762
Taxa_Informalidade,Taxa de Informalidade,Micro_2210030,Micro 2210030,Sexo,Sexo,Sexo,svyglm+regTermTest(LRT),0.3581031783545541,"1, 199",0.5260413686469924,ns,0.7166653195545144,ns,375
Motivo_Desistencia_Desalentado,Motivo da Desistência (Desalentados),Agreg_Baixo Parnaíba do Piauí,Baixo Parnaíba do Piauí,Sexo,Sexo,Sexo,svychisq,0.6492546654448016,"2.04903344247513, 137.285240645834",0.5276354850251485,ns,0.7386896790352078,ns,83
Proporcao_Ocupados_Escolarizados,Ocupados com Ensino Médio Completo ou Mais,"Admin_Resto da UF  (Unidade da Federação, excluindo a região metropolitana e a RIDE)","Resto da UF  (Unidade da Federação, excluindo a região metropolitana e a RIDE)",Raca,Cor ou Raça,Raca,svyglm+regTermTest(LRT),27.327690243235793,"3, 199",0.5289111322257443,ns,0.8809416628616408,ns,2543
Rendimento_Formal,Rendimento Médio — Setor Formal,Micro_2251020,Micro 2251020,Sexo,Sexo,Sexo,svyglm+regTermTest(LRT),633676.64908804,"1, 199",0.5292496426480098,ns,0.6022495933580801,ns,694
Desalentados_Fora_Forca,Desalentados Fora da Força de Trabalho,Micro_2253020,Micro 2253020,Faixa_Etaria_trabalho,Faixa Etária,Faixa_Etaria_trabalho,svyglm+regTermTest(LRT),17.47711671383135,"2, 142",0.529541684787263,ns,0.993985788596234,ns,245
Rendimento_Informal,Rendimento Médio — Setor Informal,Agreg_Centro-Leste do Piauí,Centro-Leste do Piauí,Sexo,Sexo,Sexo,svyglm+regTermTest(LRT),1400632.1694658997,"1, 199",0.5298242973869879,ns,0.7726604336893573,ns,512
Taxa_Desocupacao,Taxa de Desocupação,Agreg_Baixo Parnaíba do Piauí,Baixo Parnaíba do Piauí,Sexo,Sexo,Sexo,svyglm+regTermTest(LRT),0.5861047448469776,"1, 199",0.5302147016311209,ns,0.97658154070687,ns,975
Conribuintes_Desocupados,Responsáveis ou Cônjuges Desocupados,Admin_Capital,Capital,Raca,Cor ou Raça,Raca,svyglm+regTermTest(LRT),1.355195864942658,"2, 145",0.5304430407159051,ns,0.9987236881883887,ns,164
Conribuintes_Desocupados,Responsáveis ou Cônjuges Desocupados,Agreg_Teresina,Teresina,Raca,Cor ou Raça,Raca,svyglm+regTermTest(LRT),1.355195864942658,"2, 145",0.5304430407159051,ns,0.9987236881883887,ns,164
Desalentados_Fora_Forca,Desalentados Fora da Força de Trabalho,Admin_Capital,Capital,Sexo,Sexo,Sexo,svyglm+regTermTest(LRT),0.5717909911101913,"1, 199",0.5305961149837336,ns,0.9788503241740312,ns,1438
Desalentados_Fora_Forca,Desalentados Fora da Força de Trabalho,Agreg_Teresina,Teresina,Sexo,Sexo,Sexo,svyglm+regTermTest(LRT),0.5717909911101913,"1, 199",0.5305961149837336,ns,0.9788503241740312,ns,1438
Percentual_Subremuneracao,Subremuneração (abaixo do salário-mínimo/hora),Micro_2254020,Micro 2254020,Faixa_Etaria_trabalho,Faixa Etária,Faixa_Etaria_trabalho,svyglm+regTermTest(LRT),12.824277153806378,"2, 104",0.5344695502464782,ns,0.9936646474916272,ns,320
Taxa_Subocupacao,Subocupação por Insuficiência de Horas,Micro_2251011,Micro 2251011,Instrucao_agregado,Grau de Instrução (dicotomizado),Instrucao,svyglm+regTermTest(LRT),10.46832220872804,"1, 129",0.5364441147936913,ns,0.9707424591134411,ns,198
Taxa_Nem_Nem,Taxa de Nem-Nem (14 a 29 anos),Micro_2251020,Micro 2251020,Instrucao,Grau de Instrução (detalhado),VD3004,svyglm+regTermTest(LRT),27.96400656831281,"6, 127",0.5365935986667878,ns,0.9996492885327808,ns,168
Taxa_Desocupacao,Taxa de Desocupação,Micro_2251012,Micro 2251012,Faixa_Etaria_trabalho,Faixa Etária,Faixa_Etaria_trabalho,svyglm+regTermTest(LRT),3.725233880750551,"2, 144",0.5369461584760788,ns,0.919573708831432,ns,227
Taxa_Informalidade,Taxa de Informalidade,Admin_Capital,Capital,Sexo,Sexo,Sexo,svyglm+regTermTest(LRT),0.3872125221373608,"1, 199",0.5374989896658858,ns,0.7166653195545144,ns,1964
Taxa_Informalidade,Taxa de Informalidade,Agreg_Teresina,Teresina,Sexo,Sexo,Sexo,svyglm+regTermTest(LRT),0.3872125221373608,"1, 199",0.5374989896658858,ns,0.7166653195545144,ns,1964
Proporcao_Ocupados_Escolarizados,Ocupados com Ensino Médio Completo ou Mais,Micro_2210012,Micro 2210012,Raca,Cor ou Raça,Raca,svyglm+regTermTest(LRT),1.5356523162688802,"2, 177",0.5385251615107944,ns,0.8809416628616408,ns,304
Desalentados_Forca_Ampliada,Desalentados na Força de Trabalho Ampliada,Micro_2251020,Micro 2251020,Faixa_Etaria_trabalho,Faixa Etária,Faixa_Etaria_trabalho,svyglm+regTermTest(LRT),21.610887525832084,"2, 199",0.5385823080288782,ns,0.9989643649973602,ns,849
Taxa_Subocupacao,Subocupação por Insuficiência de Horas,Micro_2253012,Micro 2253012,Instrucao_agregado,Grau de Instrução (dicotomizado),Instrucao,svyglm+regTermTest(LRT),7.934103853453053,"1, 113",0.5393013661741339,ns,0.9707424591134411,ns,173
Rendimento_Medio_Habitual,Rendimento Médio Habitual,Micro_2253011,Micro 2253011,Raca,Cor ou Raça,Raca,svyglm+regTermTest(LRT),12252215.924292564,"2, 169",0.5410116116817297,ns,0.6351005876263784,ns,465
Taxa_Desocupacao,Taxa de Desocupação,Agreg_Alto Parnaíba e Chapadas Sul do Piauí,Alto Parnaíba e Chapadas Sul do Piauí,Sexo,Sexo,Sexo,svyglm+regTermTest(LRT),0.5991166479138883,"1, 199",0.541611540085983,ns,0.97658154070687,ns,825
Taxa_Subocupacao,Subocupação por Insuficiência de Horas,Agreg_Baixo Parnaíba do Piauí,Baixo Parnaíba do Piauí,Raca,Cor ou Raça,Raca,svyglm+regTermTest(LRT),1.35434267509072,"3, 199",0.5418589573666118,ns,0.9990773092975824,ns,919
Conribuintes_Desocupados,Responsáveis ou Cônjuges Desocupados,Micro_2210030,Micro 2210030,Faixa_Etaria_trabalho,Faixa Etária,Faixa_Etaria_trabalho,svyglm+regTermTest(LRT),22.13660912478643,"1, 30",0.5434957934036553,ns,0.6470188016710182,ns,37
Taxa_Subocupacao,Subocupação por Insuficiência de Horas,Micro_2252012,Micro 2252012,Faixa_Etaria_trabalho,Faixa Etária,Faixa_Etaria_trabalho,svyglm+regTermTest(LRT),3.2071979263901085,"2, 145",0.5460779413077823,ns,0.9889709240339484,ns,222
Taxa_Nem_Nem,Taxa de Nem-Nem (14 a 29 anos),Micro_2252011,Micro 2252011,Sexo,Sexo,Sexo,svyglm+regTermTest(LRT),0.5628465156812865,"1, 91",0.5463255614697599,ns,0.7867088085164542,ns,129
Proporcao_Ocupados_Escolarizados,Ocupados com Ensino Médio Completo ou Mais,Micro_2253011,Micro 2253011,Raca,Cor ou Raça,Raca,svyglm+regTermTest(LRT),5.039184130760532,"2, 123",0.5475520488866406,ns,0.8809416628616408,ns,199
Taxa_Desocupacao,Taxa de Desocupação,Agreg_Baixo Parnaíba do Piauí,Baixo Parnaíba do Piauí,Raca,Cor ou Raça,Raca,svyglm+regTermTest(LRT),1.3042623052224371,"3, 199",0.5482984120442292,ns,0.9985316607995184,ns,975
Taxa_Nem_Nem,Taxa de Nem-Nem (14 a 29 anos),"Admin_Resto da RIDE (Região Integrada de Desenvolvimento Econômico, excluindo a capital)","Resto da RIDE (Região Integrada de Desenvolvimento Econômico, excluindo a capital)",Instrucao,Grau de Instrução (detalhado),VD3004,svyglm+regTermTest(LRT),34.91226867603018,"5, 199",0.5489034980776069,ns,0.9996492885327808,ns,287
Taxa_Nem_Nem,Taxa de Nem-Nem (14 a 29 anos),Agreg_Entorno metropolitano de Teresina (PI),Entorno metropolitano de Teresina (PI),Instrucao,Grau de Instrução (detalhado),VD3004,svyglm+regTermTest(LRT),34.91226867603018,"5, 199",0.5489034980776069,ns,0.9996492885327808,ns,287
Taxa_Desocupacao,Taxa de Desocupação,Agreg_Centro-Leste do Piauí,Centro-Leste do Piauí,Raca,Cor ou Raça,Raca,svyglm+regTermTest(LRT),1.5218964564206772,"3, 199",0.5540724165595584,ns,0.9985316607995184,ns,962
Proporcao_Ocupados_Escolarizados,Ocupados com Ensino Médio Completo ou Mais,Micro_2220010,Micro 2220010,Faixa_Etaria_trabalho,Faixa Etária,Faixa_Etaria_trabalho,svyglm+regTermTest(LRT),19.061442344613457,"2, 179",0.5546439649615018,ns,0.800072248094162,ns,299
Desalentados_Forca_Ampliada,Desalentados na Força de Trabalho Ampliada,Micro_2251020,Micro 2251020,Instrucao_agregado,Grau de Instrução (dicotomizado),Instrucao,svyglm+regTermTest(LRT),0.30105447152953957,"1, 199",0.5554264408916855,ns,0.9992325195593166,ns,849
Desalentados_Forca_Ampliada,Desalentados na Força de Trabalho Ampliada,Micro_2251021,Micro 2251021,Raca,Cor ou Raça,Raca,svyglm+regTermTest(LRT),21.40580739467208,"2, 77",0.5572454359091805,ns,1,ns,211
Proporcao_Ocupados_Escolarizados,Ocupados com Ensino Médio Completo ou Mais,Micro_2252013,Micro 2252013,Faixa_Etaria_trabalho,Faixa Etária,Faixa_Etaria_trabalho,svyglm+regTermTest(LRT),13.916771647296343,"2, 107",0.5585010649217587,ns,0.800072248094162,ns,171
Motivo_Nao_Inicio_NemNem,Motivo de Não Iniciar Trabalho (Nem-Nem),Agreg_Centro-Leste do Piauí,Centro-Leste do Piauí,Raca,Cor ou Raça,Raca,svychisq,0.7926387517489409,"5.19840008483038, 722.577611791422",0.5595021576918578,ns,0.5595021576918578,ns,153
Rendimento_Informal,Rendimento Médio — Setor Informal,Micro_2253022,Micro 2253022,Faixa_Etaria_trabalho,Faixa Etária,Faixa_Etaria_trabalho,svyglm+regTermTest(LRT),158645.70303958282,"1, 16",0.5601893414898178,ns,0.5788623195394784,ns,23
Rendimento_Medio_Habitual,Rendimento Médio Habitual,Micro_2210013,Micro 2210013,Sexo,Sexo,Sexo,svyglm+regTermTest(LRT),8363421.184862137,"1, 145",0.5607542029456558,ns,0.6961086657256417,ns,410
Rendimento_Formal,Rendimento Médio — Setor Formal,Micro_2220010,Micro 2220010,Raca,Cor ou Raça,Raca,svyglm+regTermTest(LRT),8012151.513642788,"2, 199",0.5611978472251529,ns,0.7123206841816405,ns,578
Motivo_Desistencia_Desalentado,Motivo da Desistência (Desalentados),Micro_2254020,Micro 2254020,Raca,Cor ou Raça,Raca,svychisq,0.5560967115949459,"1.76898820057801, 17.68988200578",0.5623833519648577,ns,0.6248703910720641,ns,13
Proporcao_Ocupados_Escolarizados,Ocupados com Ensino Médio Completo ou Mais,Zona_Rural,Zona Rural,Raca,Cor ou Raça,Raca,svyglm+regTermTest(LRT),1.754732003146955,"2, 199",0.5626159713849503,ns,0.8809416628616408,ns,1269
Motivo_Nao_Procura_NemNem,Motivo de Não Procurar Trabalho (Nem-Nem),Micro_2252022,Micro 2252022,Instrucao_agregado,Grau de Instrução (dicotomizado),Instrucao,svychisq,0.4846356377887336,"1.33654279095181, 6.68271395475905",0.5634853126201502,ns,0.6297777023401679,ns,8
Percentual_Subremuneracao,Subremuneração (abaixo do salário-mínimo/hora),Micro_2252011,Micro 2252011,Instrucao,Grau de Instrução (detalhado),VD3004,svyglm+regTermTest(LRT),29.73986955844219,"6, 199",0.5644261650073019,ns,0.9978795185745344,ns,566
Proporcao_Ocupados_Escolarizados,Ocupados com Ensino Médio Completo ou Mais,Micro_2252011,Micro 2252011,Faixa_Etaria_trabalho,Faixa Etária,Faixa_Etaria_trabalho,svyglm+regTermTest(LRT),7.451392973208044,"2, 131",0.5647568810076438,ns,0.800072248094162,ns,209
Percentual_Subremuneracao,Subremuneração (abaixo do salário-mínimo/hora),Agreg_Alto Parnaíba e Chapadas Sul do Piauí,Alto Parnaíba e Chapadas Sul do Piauí,Sexo,Sexo,Sexo,svyglm+regTermTest(LRT),0.601447319617705,"1, 199",0.5663041719264421,ns,0.8712465586041845,ns,2048
Conribuintes_Desocupados,Responsáveis ou Cônjuges Desocupados,"Admin_Resto da UF  (Unidade da Federação, excluindo a região metropolitana e a RIDE)","Resto da UF  (Unidade da Federação, excluindo a região metropolitana e a RIDE)",Raca,Cor ou Raça,Raca,svyglm+regTermTest(LRT),1.315630893715536,"2, 199",0.5676638939436834,ns,0.9987236881883887,ns,219
Rendimento_Informal,Rendimento Médio — Setor Informal,Micro_2252011,Micro 2252011,Raca,Cor ou Raça,Raca,svyglm+regTermTest(LRT),744261.0536276847,"2, 84",0.5679770500618554,ns,0.8461564927181573,ns,107
Taxa_Nem_Nem,Taxa de Nem-Nem (14 a 29 anos),Micro_2251021,Micro 2251021,Sexo,Sexo,Sexo,svyglm+regTermTest(LRT),1.7940834902346552,"1, 36",0.5682462705652652,ns,0.7868025284749826,ns,62
Desalentados_Fora_Forca,Desalentados Fora da Força de Trabalho,Admin_Capital,Capital,Instrucao_agregado,Grau de Instrução (dicotomizado),Instrucao,svyglm+regTermTest(LRT),2.291786997292462,"1, 199",0.5693426741685169,ns,0.93420427828532,ns,1438
Desalentados_Fora_Forca,Desalentados Fora da Força de Trabalho,Agreg_Teresina,Teresina,Instrucao_agregado,Grau de Instrução (dicotomizado),Instrucao,svyglm+regTermTest(LRT),2.291786997292462,"1, 199",0.5693426741685169,ns,0.93420427828532,ns,1438
Chefes_Familia_Desocupados,Pessoas Responsáveis pelo Domicílio Desocupadas,"Admin_Resto da UF  (Unidade da Federação, excluindo a região metropolitana e a RIDE)","Resto da UF  (Unidade da Federação, excluindo a região metropolitana e a RIDE)",Sexo,Sexo,Sexo,svyglm+regTermTest(LRT),0.5639013684425436,"1, 199",0.5699975701903243,ns,0.9934099404760612,ns,219
Conribuintes_Desocupados,Responsáveis ou Cônjuges Desocupados,"Admin_Resto da UF  (Unidade da Federação, excluindo a região metropolitana e a RIDE)","Resto da UF  (Unidade da Federação, excluindo a região metropolitana e a RIDE)",Sexo,Sexo,Sexo,svyglm+regTermTest(LRT),0.5797134928612309,"1, 199",0.570397028107203,ns,0.9934099404760612,ns,219
Chefes_Familia_Desocupados,Pessoas Responsáveis pelo Domicílio Desocupadas,Micro_2220010,Micro 2220010,Sexo,Sexo,Sexo,svyglm+regTermTest(LRT),13.89410636201508,"1, 37",0.571125699994789,ns,0.9934099404760612,ns,41
Rendimento_Formal,Rendimento Médio — Setor Formal,Micro_2251011,Micro 2251011,Sexo,Sexo,Sexo,svyglm+regTermTest(LRT),1949924.761402607,"1, 170",0.5712242507912144,ns,0.6154102310954478,ns,419
Taxa_Informalidade,Taxa de Informalidade,Micro_2220020,Micro 2220020,Instrucao,Grau de Instrução (detalhado),VD3004,svyglm+regTermTest(LRT),26.7265310120315,"6, 108",0.5715859919996955,ns,0.9526433199994926,ns,155
Rendimento_Informal,Rendimento Médio — Setor Informal,Micro_2253010,Micro 2253010,Raca,Cor ou Raça,Raca,svyglm+regTermTest(LRT),2836722.00010632,"2, 16",0.5727854889808952,ns,0.8461564927181573,ns,22
Taxa_Desocupacao,Taxa de Desocupação,Micro_2252020,Micro 2252020,Instrucao_agregado,Grau de Instrução (dicotomizado),Instrucao,svyglm+regTermTest(LRT),0.4761410059797413,"1, 179",0.5732641947299003,ns,0.9705751947876652,ns,261
Taxa_Informalidade,Taxa de Informalidade,Micro_2251011,Micro 2251011,Faixa_Etaria_trabalho,Faixa Etária,Faixa_Etaria_trabalho,svyglm+regTermTest(LRT),13.461002124187187,"2, 129",0.5733625823086805,ns,0.9975638230714124,ns,198
Desalentados_Forca_Ampliada,Desalentados na Força de Trabalho Ampliada,Micro_2251011,Micro 2251011,Sexo,Sexo,Sexo,svyglm+regTermTest(LRT),0.8132822474147758,"1, 188",0.5741038046355729,ns,0.9768465916585136,ns,523
Desalentados_Forca_Ampliada,Desalentados na Força de Trabalho Ampliada,Micro_2251013,Micro 2251013,Faixa_Etaria_trabalho,Faixa Etária,Faixa_Etaria_trabalho,svyglm+regTermTest(LRT),3.6775905684396974,"2, 152",0.574425039723489,ns,0.9989643649973602,ns,408
Rendimento_Formal,Rendimento Médio — Setor Formal,"Admin_Resto da RIDE (Região Integrada de Desenvolvimento Econômico, excluindo a capital)","Resto da RIDE (Região Integrada de Desenvolvimento Econômico, excluindo a capital)",Raca,Cor ou Raça,Raca,svyglm+regTermTest(LRT),6504941.518079281,"2, 199",0.5757395912108204,ns,0.7123206841816405,ns,1066
Rendimento_Formal,Rendimento Médio — Setor Formal,Agreg_Entorno metropolitano de Teresina (PI),Entorno metropolitano de Teresina (PI),Raca,Cor ou Raça,Raca,svyglm+regTermTest(LRT),6504941.518079281,"2, 199",0.5757395912108204,ns,0.7123206841816405,ns,1066
Rendimento_Formal,Rendimento Médio — Setor Formal,Micro_2252020,Micro 2252020,Sexo,Sexo,Sexo,svyglm+regTermTest(LRT),798828.3311446011,"1, 199",0.5781126413320874,ns,0.6154102310954478,ns,671
Percentual_Subremuneracao,Subremuneração (abaixo do salário-mínimo/hora),Micro_2210012,Micro 2210012,Faixa_Etaria_trabalho,Faixa Etária,Faixa_Etaria_trabalho,svyglm+regTermTest(LRT),21.795564881314647,"2, 199",0.5782702351555511,ns,0.9936646474916272,ns,636
Desalentados_Forca_Ampliada,Desalentados na Força de Trabalho Ampliada,Zona_Urbana,Zona Urbana,Sexo,Sexo,Sexo,svyglm+regTermTest(LRT),0.7838395538590248,"1, 199",0.578310538768146,ns,0.9768465916585136,ns,8516
Taxa_Informalidade,Taxa de Informalidade,Micro_2251022,Micro 2251022,Sexo,Sexo,Sexo,svyglm+regTermTest(LRT),13.8379767741041,"1, 31",0.5792895724169097,ns,0.7448008788217411,ns,41
Rendimento_Informal,Rendimento Médio — Setor Informal,Micro_2252021,Micro 2252021,Raca,Cor ou Raça,Raca,svyglm+regTermTest(LRT),4494.500343602151,"1, 30",0.5802748092739644,ns,0.8461564927181573,ns,42
Desalentados_Forca_Ampliada,Desalentados na Força de Trabalho Ampliada,Micro_2253022,Micro 2253022,Sexo,Sexo,Sexo,svyglm+regTermTest(LRT),0.02455807432946954,"1, 36",0.5811532048934422,ns,0.9768465916585136,ns,97
Desalentados_Fora_Forca,Desalentados Fora da Força de Trabalho,Micro_2251012,Micro 2251012,Instrucao_agregado,Grau de Instrução (dicotomizado),Instrucao,svyglm+regTermTest(LRT),0.4466454130752595,"1, 124",0.5830146852944872,ns,0.93420427828532,ns,174
Rendimento_Informal,Rendimento Médio — Setor Informal,Micro_2253010,Micro 2253010,Instrucao_agregado,Grau de Instrução (dicotomizado),Instrucao,svyglm+regTermTest(LRT),868609.8208134994,"1, 16",0.5838191220738121,ns,0.6811223090861143,ns,22
Percentual_Subremuneracao,Subremuneração (abaixo do salário-mínimo/hora),Zona_Rural,Zona Rural,Raca,Cor ou Raça,Raca,svyglm+regTermTest(LRT),1.4771246667937703,"2, 199",0.5841979508929442,ns,0.9326531380589412,ns,4410
Desalentados_Fora_Forca,Desalentados Fora da Força de Trabalho,Micro_2251021,Micro 2251021,Raca,Cor ou Raça,Raca,svyglm+regTermTest(LRT),17.285092946475032,"2, 65",0.5854055049455026,ns,0.9962100251261198,ns,128
Taxa_Informalidade,Taxa de Informalidade,Micro_2210012,Micro 2210012,Raca,Cor ou Raça,Raca,svyglm+regTermTest(LRT),2.1832644704396102,"2, 177",0.5864561291521002,ns,0.9972127901540696,ns,304
Taxa_Informalidade,Taxa de Informalidade,Micro_2252012,Micro 2252012,Raca,Cor ou Raça,Raca,svyglm+regTermTest(LRT),2.3946801991761504,"2, 145",0.5871495828017919,ns,0.9972127901540696,ns,222
Taxa_Desocupacao,Taxa de Desocupação,"Admin_Resto da RIDE (Região Integrada de Desenvolvimento Econômico, excluindo a capital)","Resto da RIDE (Região Integrada de Desenvolvimento Econômico, excluindo a capital)",Instrucao_agregado,Grau de Instrução (dicotomizado),Instrucao,svyglm+regTermTest(LRT),0.4729980144938395,"1, 199",0.5877699114521439,ns,0.9705751947876652,ns,534
Taxa_Desocupacao,Taxa de Desocupação,Agreg_Entorno metropolitano de Teresina (PI),Entorno metropolitano de Teresina (PI),Instrucao_agregado,Grau de Instrução (dicotomizado),Instrucao,svyglm+regTermTest(LRT),0.4729980144938395,"1, 199",0.5877699114521439,ns,0.9705751947876652,ns,534
Taxa_Desocupacao,Taxa de Desocupação,Micro_2253011,Micro 2253011,Faixa_Etaria_trabalho,Faixa Etária,Faixa_Etaria_trabalho,svyglm+regTermTest(LRT),3.488351850368929,"2, 131",0.5886156227414229,ns,0.919573708831432,ns,214
Rendimento_Informal,Rendimento Médio — Setor Informal,Micro_2220020,Micro 2220020,Sexo,Sexo,Sexo,svyglm+regTermTest(LRT),198988.64393731952,"1, 88",0.5886159662995957,ns,0.8240623528194339,ns,113
Desalentados_Fora_Forca,Desalentados Fora da Força de Trabalho,Micro_2251011,Micro 2251011,Instrucao_agregado,Grau de Instrução (dicotomizado),Instrucao,svyglm+regTermTest(LRT),5.310711098963793,"1, 134",0.5891648248908519,ns,0.93420427828532,ns,222
Percentual_Subremuneracao,Subremuneração (abaixo do salário-mínimo/hora),Micro_2210020,Micro 2210020,Instrucao_agregado,Grau de Instrução (dicotomizado),Instrucao,svyglm+regTermTest(LRT),0.4536903035545947,"1, 147",0.5897941135591337,ns,0.6849221963912521,ns,475
Proporcao_Ocupados_Escolarizados,Ocupados com Ensino Médio Completo ou Mais,Micro_2252013,Micro 2252013,Raca,Cor ou Raça,Raca,svyglm+regTermTest(LRT),13.485066853631594,"2, 107",0.5899308424823877,ns,0.8809416628616408,ns,171
Taxa_Desocupacao,Taxa de Desocupação,"Admin_Resto da RIDE (Região Integrada de Desenvolvimento Econômico, excluindo a capital)","Resto da RIDE (Região Integrada de Desenvolvimento Econômico, excluindo a capital)",Raca,Cor ou Raça,Raca,svyglm+regTermTest(LRT),4.079904292255549,"2, 199",0.5931554153122082,ns,0.9985316607995184,ns,534
Taxa_Desocupacao,Taxa de Desocupação,Agreg_Entorno metropolitano de Teresina (PI),Entorno metropolitano de Teresina (PI),Raca,Cor ou Raça,Raca,svyglm+regTermTest(LRT),4.079904292255549,"2, 199",0.5931554153122082,ns,0.9985316607995184,ns,534
Taxa_Nem_Nem,Taxa de Nem-Nem (14 a 29 anos),Micro_2251021,Micro 2251021,Instrucao_agregado,Grau de Instrução (dicotomizado),Instrucao,svyglm+regTermTest(LRT),1.890740356346612,"1, 36",0.5943502290175703,ns,0.99422357080985,ns,62
Taxa_Informalidade,Taxa de Informalidade,Admin_Capital,Capital,Raca,Cor ou Raça,Raca,svyglm+regTermTest(LRT),7.622182172583962,"4, 199",0.5946579272266326,ns,0.9972127901540696,ns,1964
Taxa_Informalidade,Taxa de Informalidade,Agreg_Teresina,Teresina,Raca,Cor ou Raça,Raca,svyglm+regTermTest(LRT),7.622182172583962,"4, 199",0.5946579272266326,ns,0.9972127901540696,ns,1964
Taxa_Subocupacao,Subocupação por Insuficiência de Horas,Micro_2252020,Micro 2252020,Sexo,Sexo,Sexo,svyglm+regTermTest(LRT),0.5710466394433809,"1, 166",0.5953894126316064,ns,0.976510758462637,ns,241
Proporcao_Ocupados_Escolarizados,Ocupados com Ensino Médio Completo ou Mais,Zona_Urbana,Zona Urbana,Raca,Cor ou Raça,Raca,svyglm+regTermTest(LRT),35.51588490052836,"4, 199",0.5959311248769923,ns,0.8809416628616408,ns,3692
Taxa_Subocupacao,Subocupação por Insuficiência de Horas,Zona_Rural,Zona Rural,Raca,Cor ou Raça,Raca,svyglm+regTermTest(LRT),1.755089644354939,"2, 199",0.5966624157834592,ns,0.9990773092975824,ns,1269
Rendimento_Medio_Habitual,Rendimento Médio Habitual,Micro_2251020,Micro 2251020,Raca,Cor ou Raça,Raca,svyglm+regTermTest(LRT),1849353.8381593823,"2, 199",0.5968887149498886,ns,0.6714998043186247,ns,849
Desalentados_Forca_Ampliada,Desalentados na Força de Trabalho Ampliada,Micro_2251020,Micro 2251020,Raca,Cor ou Raça,Raca,svyglm+regTermTest(LRT),1.2300909783255063,"3, 199",0.5974205988167304,ns,1,ns,849
Motivo_Desistencia_Desalentado,Motivo da Desistência (Desalentados),"Admin_Resto da RIDE (Região Integrada de Desenvolvimento Econômico, excluindo a capital)","Resto da RIDE (Região Integrada de Desenvolvimento Econômico, excluindo a capital)",Instrucao_agregado,Grau de Instrução (dicotomizado),Instrucao,svychisq,0.28943493892682864,"1, 14",0.5990319533170964,ns,0.7946650774881581,ns,17
Motivo_Desistencia_Desalentado,Motivo da Desistência (Desalentados),Agreg_Entorno metropolitano de Teresina (PI),Entorno metropolitano de Teresina (PI),Instrucao_agregado,Grau de Instrução (dicotomizado),Instrucao,svychisq,0.28943493892682864,"1, 14",0.5990319533170964,ns,0.7946650774881581,ns,17
Rendimento_Formal,Rendimento Médio — Setor Formal,Micro_2252020,Micro 2252020,Raca,Cor ou Raça,Raca,svyglm+regTermTest(LRT),1328650.7322116196,"2, 199",0.5992051338518478,ns,0.7123206841816405,ns,671
Rendimento_Medio_Habitual,Rendimento Médio Habitual,"Admin_Resto da RIDE (Região Integrada de Desenvolvimento Econômico, excluindo a capital)","Resto da RIDE (Região Integrada de Desenvolvimento Econômico, excluindo a capital)",Sexo,Sexo,Sexo,svyglm+regTermTest(LRT),1418222.1229572296,"1, 199",0.6012557921098498,ns,0.6982325327727289,ns,1324
Rendimento_Medio_Habitual,Rendimento Médio Habitual,Agreg_Entorno metropolitano de Teresina (PI),Entorno metropolitano de Teresina (PI),Sexo,Sexo,Sexo,svyglm+regTermTest(LRT),1418222.1229572296,"1, 199",0.6012557921098498,ns,0.6982325327727289,ns,1324
Taxa_Subocupacao,Subocupação por Insuficiência de Horas,Micro_2251021,Micro 2251021,Sexo,Sexo,Sexo,svyglm+regTermTest(LRT),2.8040328181054335,"1, 38",0.6025731025876647,ns,0.976510758462637,ns,54
Desalentados_Fora_Forca,Desalentados Fora da Força de Trabalho,Micro_2252020,Micro 2252020,Faixa_Etaria_trabalho,Faixa Etária,Faixa_Etaria_trabalho,svyglm+regTermTest(LRT),17.22028304641043,"2, 199",0.6031392593185452,ns,0.993985788596234,ns,424
Taxa_Nem_Nem,Taxa de Nem-Nem (14 a 29 anos),Zona_Rural,Zona Rural,Instrucao_agregado,Grau de Instrução (dicotomizado),Instrucao,svyglm+regTermTest(LRT),0.35449944841593606,"1, 199",0.6034807011725489,ns,0.99422357080985,ns,886
Chefes_Familia_Desocupados,Pessoas Responsáveis pelo Domicílio Desocupadas,Micro_2220020,Micro 2220020,Instrucao_agregado,Grau de Instrução (dicotomizado),Instrucao,svyglm+regTermTest(LRT),6.412804899121298,"1, 32",0.6049450688316642,ns,0.9642691754869104,ns,39
Motivo_Nao_Procura_NemNem,Motivo de Não Procurar Trabalho (Nem-Nem),Agreg_Centro-Leste do Piauí,Centro-Leste do Piauí,Raca,Cor ou Raça,Raca,svychisq,0.7720594729411845,"6.67353763947439, 927.62173188694",0.6049840208910096,ns,0.6049840208910096,ns,153
Motivo_Desistencia_Desalentado,Motivo da Desistência (Desalentados),Micro_2252011,Micro 2252011,Instrucao_agregado,Grau de Instrução (dicotomizado),Instrucao,svychisq,0.4746063678383044,"1.78346933731679, 26.7520400597518",0.6056808477660246,ns,0.7946650774881581,ns,19
Taxa_Informalidade,Taxa de Informalidade,Micro_2210030,Micro 2210030,Faixa_Etaria_trabalho,Faixa Etária,Faixa_Etaria_trabalho,svyglm+regTermTest(LRT),8.66520521243217,"2, 199",0.6080331041442356,ns,0.9975638230714124,ns,375
Motivo_Nao_Inicio_NemNem,Motivo de Não Iniciar Trabalho (Nem-Nem),Micro_2251012,Micro 2251012,Instrucao_agregado,Grau de Instrução (dicotomizado),Instrucao,svychisq,0.27038036868122584,"1, 18",0.6094129993858302,ns,0.8126305408964297,ns,19
Taxa_Nem_Nem,Taxa de Nem-Nem (14 a 29 anos),Admin_Capital,Capital,Raca,Cor ou Raça,Raca,svyglm+regTermTest(LRT),1.3822310282605486,"2, 199",0.6116499749634626,ns,0.997919623009068,ns,968
Taxa_Nem_Nem,Taxa de Nem-Nem (14 a 29 anos),Agreg_Teresina,Teresina,Raca,Cor ou Raça,Raca,svyglm+regTermTest(LRT),1.3822310282605486,"2, 199",0.6116499749634626,ns,0.997919623009068,ns,968
Percentual_Subremuneracao,Subremuneração (abaixo do salário-mínimo/hora),Micro_2251012,Micro 2251012,Faixa_Etaria_trabalho,Faixa Etária,Faixa_Etaria_trabalho,svyglm+regTermTest(LRT),5.219582453854059,"2, 189",0.611669657720204,ns,0.9936646474916272,ns,482
Proporcao_Ocupados_Escolarizados,Ocupados com Ensino Médio Completo ou Mais,Micro_2252022,Micro 2252022,Sexo,Sexo,Sexo,svyglm+regTermTest(LRT),5.550001185691038,"1, 16",0.6133878979020311,ns,0.690061385139785,ns,21
Taxa_Desocupacao,Taxa de Desocupação,Micro_2253020,Micro 2253020,Instrucao_agregado,Grau de Instrução (dicotomizado),Instrucao,svyglm+regTermTest(LRT),0.423224461263473,"1, 104",0.6144161509978114,ns,0.9705751947876652,ns,142
Chefes_Familia_Desocupados,Pessoas Responsáveis pelo Domicílio Desocupadas,Micro_2251020,Micro 2251020,Sexo,Sexo,Sexo,svyglm+regTermTest(LRT),1.19736582493627,"1, 23",0.6147457671355642,ns,0.9934099404760612,ns,25
Proporcao_Ocupados_Escolarizados,Ocupados com Ensino Médio Completo ou Mais,Micro_2251022,Micro 2251022,Faixa_Etaria_trabalho,Faixa Etária,Faixa_Etaria_trabalho,svyglm+regTermTest(LRT),9.107018036528522,"2, 31",0.6154670597791645,ns,0.8282202783191993,ns,41
Taxa_Desocupacao,Taxa de Desocupação,Micro_2210013,Micro 2210013,Faixa_Etaria_trabalho,Faixa Etária,Faixa_Etaria_trabalho,svyglm+regTermTest(LRT),2.9297881495899674,"2, 123",0.6168476554270393,ns,0.919573708831432,ns,221
Motivo_Nao_Procura_NemNem,Motivo de Não Procurar Trabalho (Nem-Nem),Micro_2252013,Micro 2252013,Sexo,Sexo,Sexo,svychisq,0.5786078078708005,"2.75536163764788, 35.8197012894225",0.6188238811859628,ns,0.6683229032621966,ns,16
Taxa_Desocupacao,Taxa de Desocupação,Zona_Rural,Zona Rural,Faixa_Etaria_trabalho,Faixa Etária,Faixa_Etaria_trabalho,svyglm+regTermTest(LRT),19.749007522610786,"2, 199",0.6195303705129135,ns,0.919573708831432,ns,1427
Percentual_Subremuneracao,Subremuneração (abaixo do salário-mínimo/hora),Agreg_Alto Parnaíba e Chapadas Sul do Piauí,Alto Parnaíba e Chapadas Sul do Piauí,Raca,Cor ou Raça,Raca,svyglm+regTermTest(LRT),1.229928065273498,"3, 199",0.6203055785345426,ns,0.9326531380589412,ns,2048
Chefes_Familia_Desocupados,Pessoas Responsáveis pelo Domicílio Desocupadas,Micro_2252011,Micro 2252011,Raca,Cor ou Raça,Raca,svyglm+regTermTest(LRT),4.4825483164706075,"2, 11",0.6212945695738219,ns,0.9985484971744664,ns,13
Motivo_Nao_Inicio_NemNem,Motivo de Não Iniciar Trabalho (Nem-Nem),Micro_2252013,Micro 2252013,Sexo,Sexo,Sexo,svychisq,0.450944114400924,"1.79204685922401, 23.2966091699121",0.6213096156653102,ns,0.6281402111320806,ns,16
Desalentados_Forca_Ampliada,Desalentados na Força de Trabalho Ampliada,Micro_2253020,Micro 2253020,Faixa_Etaria_trabalho,Faixa Etária,Faixa_Etaria_trabalho,svyglm+regTermTest(LRT),10.574444043448809,"2, 169",0.6217760282581858,ns,0.9989643649973602,ns,474
Percentual_Subremuneracao,Subremuneração (abaixo do salário-mínimo/hora),Micro_2252012,Micro 2252012,Sexo,Sexo,Sexo,svyglm+regTermTest(LRT),0.25083737311308596,"1, 192",0.6225068615554538,ns,0.8712465586041845,ns,522
Chefes_Familia_Desocupados,Pessoas Responsáveis pelo Domicílio Desocupadas,Micro_2253020,Micro 2253020,Raca,Cor ou Raça,Raca,svyglm+regTermTest(LRT),5.0117497438317,"2, 18",0.6230751597153384,ns,0.9985484971744664,ns,21
Taxa_Subocupacao,Subocupação por Insuficiência de Horas,Micro_2252011,Micro 2252011,Sexo,Sexo,Sexo,svyglm+regTermTest(LRT),0.2770878636481484,"1, 131",0.6233806963538658,ns,0.976510758462637,ns,209
Taxa_Subocupacao,Subocupação por Insuficiência de Horas,Micro_2210011,Micro 2210011,Sexo,Sexo,Sexo,svyglm+regTermTest(LRT),2.389049370110868,"1, 199",0.6248078483841105,ns,0.976510758462637,ns,912
Conribuintes_Desocupados,Responsáveis ou Cônjuges Desocupados,Micro_2210030,Micro 2210030,Sexo,Sexo,Sexo,svyglm+regTermTest(LRT),11.41495890828606,"1, 30",0.6253180373151155,ns,0.9934099404760612,ns,37
Desalentados_Fora_Forca,Desalentados Fora da Força de Trabalho,Micro_2220010,Micro 2220010,Instrucao_agregado,Grau de Instrução (dicotomizado),Instrucao,svyglm+regTermTest(LRT),9.328671637024485,"1, 170",0.6258788387104759,ns,0.93420427828532,ns,269
Taxa_Desocupacao,Taxa de Desocupação,Micro_2210011,Micro 2210011,Instrucao,Grau de Instrução (detalhado),VD3004,svyglm+regTermTest(LRT),17.099876226271817,"6, 199",0.6271515190062462,ns,1,ns,994
Desalentados_Fora_Forca,Desalentados Fora da Força de Trabalho,Micro_2210020,Micro 2210020,Faixa_Etaria_trabalho,Faixa Etária,Faixa_Etaria_trabalho,svyglm+regTermTest(LRT),6.155999494996806,"2, 113",0.6277484119747144,ns,0.993985788596234,ns,196
Motivo_Nao_Procura_NemNem,Motivo de Não Procurar Trabalho (Nem-Nem),Micro_2210012,Micro 2210012,Sexo,Sexo,Sexo,svychisq,0.4552467440194352,"1.89180305999364, 28.3770458999046",0.6281402111320806,ns,0.6683229032621966,ns,18
Motivo_Nao_Inicio_NemNem,Motivo de Não Iniciar Trabalho (Nem-Nem),Micro_2210012,Micro 2210012,Sexo,Sexo,Sexo,svychisq,0.4552467440194352,"1.89180305999364, 28.3770458999046",0.6281402111320806,ns,0.6281402111320806,ns,18
Rendimento_Formal,Rendimento Médio — Setor Formal,Micro_2253011,Micro 2253011,Raca,Cor ou Raça,Raca,svyglm+regTermTest(LRT),13630872.856798887,"2, 160",0.628640503062476,ns,0.7123206841816405,ns,383
Taxa_Nem_Nem,Taxa de Nem-Nem (14 a 29 anos),Agreg_Baixo Parnaíba do Piauí,Baixo Parnaíba do Piauí,Instrucao,Grau de Instrução (detalhado),VD3004,svyglm+regTermTest(LRT),66.45985543627171,"6, 199",0.628878515725398,ns,0.9996492885327808,ns,555
Taxa_Desocupacao,Taxa de Desocupação,Zona_Rural,Zona Rural,Raca,Cor ou Raça,Raca,svyglm+regTermTest(LRT),1.9909228493789897,"2, 199",0.6291529037858516,ns,0.9985316607995184,ns,1427
Rendimento_Formal,Rendimento Médio — Setor Formal,Micro_2251011,Micro 2251011,Faixa_Etaria_trabalho,Faixa Etária,Faixa_Etaria_trabalho,svyglm+regTermTest(LRT),79622928.66523051,"2, 170",0.6295775801910126,ns,0.6547606833986531,ns,419
Percentual_Subremuneracao,Subremuneração (abaixo do salário-mínimo/hora),Micro_2210013,Micro 2210013,Instrucao,Grau de Instrução (detalhado),VD3004,svyglm+regTermTest(LRT),28.129298270045723,"5, 145",0.6296605899225735,ns,0.9978795185745344,ns,410
Motivo_Nao_Inicio_NemNem,Motivo de Não Iniciar Trabalho (Nem-Nem),Micro_2253021,Micro 2253021,Instrucao_agregado,Grau de Instrução (dicotomizado),Instrucao,svychisq,0.250540103284314,"1, 7",0.6320459762527786,ns,0.8126305408964297,ns,11
Motivo_Desistencia_Desalentado,Motivo da Desistência (Desalentados),Agreg_Baixo Parnaíba do Piauí,Baixo Parnaíba do Piauí,Instrucao_agregado,Grau de Instrução (dicotomizado),Instrucao,svychisq,0.5049615813297265,"2.33144713569806, 156.20695809177",0.6328297387346324,ns,0.7946650774881581,ns,83
Proporcao_Ocupados_Escolarizados,Ocupados com Ensino Médio Completo ou Mais,Micro_2251012,Micro 2251012,Faixa_Etaria_trabalho,Faixa Etária,Faixa_Etaria_trabalho,svyglm+regTermTest(LRT),16.271065207102197,"2, 136",0.6333449187146818,ns,0.8282202783191993,ns,212
Taxa_Informalidade,Taxa de Informalidade,Micro_2252021,Micro 2252021,Raca,Cor ou Raça,Raca,svyglm+regTermTest(LRT),7.043586360768323,"2, 34",0.6338977116184727,ns,0.9972127901540696,ns,55
Taxa_Subocupacao,Subocupação por Insuficiência de Horas,Micro_2253012,Micro 2253012,Raca,Cor ou Raça,Raca,svyglm+regTermTest(LRT),5.141418892089305,"3, 113",0.6344215484860535,ns,0.9990773092975824,ns,173
Motivo_Nao_Procura_NemNem,Motivo de Não Procurar Trabalho (Nem-Nem),Micro_2252011,Micro 2252011,Sexo,Sexo,Sexo,svychisq,0.537412982732991,"2.630469293377, 73.6531402145561",0.6349067580990868,ns,0.6683229032621966,ns,32
Percentual_Subremuneracao,Subremuneração (abaixo do salário-mínimo/hora),"Admin_Resto da UF  (Unidade da Federação, excluindo a região metropolitana e a RIDE)","Resto da UF  (Unidade da Federação, excluindo a região metropolitana e a RIDE)",Raca,Cor ou Raça,Raca,svyglm+regTermTest(LRT),14.926028494289312,"3, 199",0.6351826067685905,ns,0.9326531380589412,ns,7268
Taxa_Subocupacao,Subocupação por Insuficiência de Horas,Micro_2220010,Micro 2220010,Faixa_Etaria_trabalho,Faixa Etária,Faixa_Etaria_trabalho,svyglm+regTermTest(LRT),3.1480340080535285,"2, 179",0.6353393827861236,ns,0.9889709240339484,ns,299
Motivo_Desistencia_Desalentado,Motivo da Desistência (Desalentados),Micro_2252013,Micro 2252013,Instrucao_agregado,Grau de Instrução (dicotomizado),Instrucao,svychisq,0.43282219357834417,"1.78543035862814, 12.498012510397",0.6361976399211511,ns,0.7946650774881581,ns,8
Conribuintes_Desocupados,Responsáveis ou Cônjuges Desocupados,"Admin_Resto da UF  (Unidade da Federação, excluindo a região metropolitana e a RIDE)","Resto da UF  (Unidade da Federação, excluindo a região metropolitana e a RIDE)",Instrucao,Grau de Instrução (detalhado),VD3004,svyglm+regTermTest(LRT),44.98825391620639,"6, 199",0.6368630946279327,ns,0.9995455727694298,ns,219
Rendimento_Formal,Rendimento Médio — Setor Formal,Agreg_Centro-Leste do Piauí,Centro-Leste do Piauí,Raca,Cor ou Raça,Raca,svyglm+regTermTest(LRT),10915962.317100525,"2, 199",0.6372828426879171,ns,0.7123206841816405,ns,2124
Taxa_Subocupacao,Subocupação por Insuficiência de Horas,Micro_2254020,Micro 2254020,Instrucao_agregado,Grau de Instrução (dicotomizado),Instrucao,svyglm+regTermTest(LRT),0.9587725178663078,"1, 75",0.6376074133796705,ns,0.9910093246821124,ns,126
Taxa_Nem_Nem,Taxa de Nem-Nem (14 a 29 anos),Micro_2251013,Micro 2251013,Sexo,Sexo,Sexo,svyglm+regTermTest(LRT),0.227588138646297,"1, 72",0.638809212450654,ns,0.851745616600872,ns,97
Taxa_Desocupacao,Taxa de Desocupação,Micro_2252021,Micro 2252021,Raca,Cor ou Raça,Raca,svyglm+regTermTest(LRT),7.461362302136955,"2, 35",0.6399907432035085,ns,0.9985316607995184,ns,57
Rendimento_Medio_Habitual,Rendimento Médio Habitual,Micro_2253022,Micro 2253022,Faixa_Etaria_trabalho,Faixa Etária,Faixa_Etaria_trabalho,svyglm+regTermTest(LRT),129411.86898149922,"1, 36",0.6411984902402361,ns,0.6600572693649489,ns,97
Taxa_Informalidade,Taxa de Informalidade,Micro_2251020,Micro 2251020,Raca,Cor ou Raça,Raca,svyglm+regTermTest(LRT),1.1222157904165897,"2, 162",0.6413969740573225,ns,0.9972127901540696,ns,231
Conribuintes_Desocupados,Responsáveis ou Cônjuges Desocupados,Micro_2220020,Micro 2220020,Faixa_Etaria_trabalho,Faixa Etária,Faixa_Etaria_trabalho,svyglm+regTermTest(LRT),19.611381938495597,"1, 32",0.6429136553611218,ns,0.7305836992740021,ns,39
Rendimento_Formal,Rendimento Médio — Setor Formal,Micro_2252013,Micro 2252013,Sexo,Sexo,Sexo,svyglm+regTermTest(LRT),1883707.2073521616,"1, 118",0.6435047138517458,ns,0.6636142361596129,ns,288
Percentual_Subremuneracao,Subremuneração (abaixo do salário-mínimo/hora),Micro_2251020,Micro 2251020,Instrucao,Grau de Instrução (detalhado),VD3004,svyglm+regTermTest(LRT),37.70411794089563,"6, 199",0.6463545554753157,ns,0.9978795185745344,ns,849
Rendimento_Informal,Rendimento Médio — Setor Informal,Micro_2251022,Micro 2251022,Instrucao_agregado,Grau de Instrução (dicotomizado),Instrucao,svyglm+regTermTest(LRT),8309.095759158023,"1, 23",0.6465127370908647,ns,0.712376394280046,ns,28
Motivo_Desistencia_Desalentado,Motivo da Desistência (Desalentados),Micro_2251022,Micro 2251022,Faixa_Etaria_trabalho,Faixa Etária,Faixa_Etaria_trabalho,svychisq,0.22316193599595735,"1, 10",0.6467817249191214,ns,0.923973892741602,ns,15
Taxa_Desocupacao,Taxa de Desocupação,Micro_2254020,Micro 2254020,Sexo,Sexo,Sexo,svyglm+regTermTest(LRT),15.776491916586975,"1, 76",0.6473900255425505,ns,0.97658154070687,ns,136
Taxa_Nem_Nem,Taxa de Nem-Nem (14 a 29 anos),Agreg_Centro-Leste do Piauí,Centro-Leste do Piauí,Instrucao,Grau de Instrução (detalhado),VD3004,svyglm+regTermTest(LRT),55.93895505074818,"6, 199",0.647550476399757,ns,0.9996492885327808,ns,586
Percentual_Subremuneracao,Subremuneração (abaixo do salário-mínimo/hora),Micro_2253010,Micro 2253010,Sexo,Sexo,Sexo,svyglm+regTermTest(LRT),0.15049859619261952,"1, 48",0.6492112834695597,ns,0.8712465586041845,ns,152
Rendimento_Formal,Rendimento Médio — Setor Formal,Micro_2251013,Micro 2251013,Raca,Cor ou Raça,Raca,svyglm+regTermTest(LRT),6896567.181345522,"2, 142",0.6503797551223673,ns,0.7123206841816405,ns,326
Rendimento_Informal,Rendimento Médio — Setor Informal,Micro_2254020,Micro 2254020,Instrucao_agregado,Grau de Instrução (dicotomizado),Instrucao,svyglm+regTermTest(LRT),44850.23278006911,"1, 64",0.6513155604846135,ns,0.712376394280046,ns,94
Desalentados_Fora_Forca,Desalentados Fora da Força de Trabalho,Agreg_Alto Parnaíba e Chapadas Sul do Piauí,Alto Parnaíba e Chapadas Sul do Piauí,Instrucao,Grau de Instrução (detalhado),VD3004,svyglm+regTermTest(LRT),58.74364355847172,"6, 199",0.6514135744551859,ns,0.9987697070157092,ns,864
Taxa_Informalidade,Taxa de Informalidade,Micro_2252012,Micro 2252012,Faixa_Etaria_trabalho,Faixa Etária,Faixa_Etaria_trabalho,svyglm+regTermTest(LRT),3.577091290624935,"2, 145",0.6520074029111558,ns,0.9975638230714124,ns,222
Taxa_Informalidade,Taxa de Informalidade,Micro_2251013,Micro 2251013,Instrucao,Grau de Instrução (detalhado),VD3004,svyglm+regTermTest(LRT),44.41700590343177,"6, 100",0.6556542572350714,ns,0.9744512526172404,ns,145
Percentual_Subremuneracao,Subremuneração (abaixo do salário-mínimo/hora),Micro_2253012,Micro 2253012,Faixa_Etaria_trabalho,Faixa Etária,Faixa_Etaria_trabalho,svyglm+regTermTest(LRT),15.16846215212965,"2, 162",0.6558413207053138,ns,0.9936646474916272,ns,428
Desalentados_Forca_Ampliada,Desalentados na Força de Trabalho Ampliada,Micro_2210030,Micro 2210030,Raca,Cor ou Raça,Raca,svyglm+regTermTest(LRT),10.34912805648424,"3, 199",0.6562374409359555,ns,1,ns,882
Desalentados_Forca_Ampliada,Desalentados na Força de Trabalho Ampliada,"Admin_Resto da UF  (Unidade da Federação, excluindo a região metropolitana e a RIDE)","Resto da UF  (Unidade da Federação, excluindo a região metropolitana e a RIDE)",Sexo,Sexo,Sexo,svyglm+regTermTest(LRT),0.2404725550054536,"1, 199",0.6567255156705234,ns,0.9768465916585136,ns,7268
Percentual_Subremuneracao,Subremuneração (abaixo do salário-mínimo/hora),Micro_2251021,Micro 2251021,Sexo,Sexo,Sexo,svyglm+regTermTest(LRT),0.8498756626690351,"1, 77",0.6574797540687723,ns,0.8712465586041845,ns,211
Desalentados_Fora_Forca,Desalentados Fora da Força de Trabalho,Admin_Capital,Capital,Raca,Cor ou Raça,Raca,svyglm+regTermTest(LRT),6.137589533492076,"2, 199",0.6577626636287708,ns,0.9962100251261198,ns,1438
Desalentados_Fora_Forca,Desalentados Fora da Força de Trabalho,Agreg_Teresina,Teresina,Raca,Cor ou Raça,Raca,svyglm+regTermTest(LRT),6.137589533492076,"2, 199",0.6577626636287708,ns,0.9962100251261198,ns,1438
Taxa_Nem_Nem,Taxa de Nem-Nem (14 a 29 anos),Micro_2252013,Micro 2252013,Instrucao_agregado,Grau de Instrução (dicotomizado),Instrucao,svyglm+regTermTest(LRT),1.0641099808318015,"1, 61",0.6578874421800698,ns,0.99422357080985,ns,95
Percentual_Subremuneracao,Subremuneração (abaixo do salário-mínimo/hora),Micro_2252021,Micro 2252021,Faixa_Etaria_trabalho,Faixa Etária,Faixa_Etaria_trabalho,svyglm+regTermTest(LRT),6.780974785184114,"2, 51",0.658535126479647,ns,0.9936646474916272,ns,151
Conribuintes_Desocupados,Responsáveis ou Cônjuges Desocupados,Agreg_Baixo Parnaíba do Piauí,Baixo Parnaíba do Piauí,Sexo,Sexo,Sexo,svyglm+regTermTest(LRT),0.4545282682462215,"1, 52",0.6593254302929606,ns,0.9934099404760612,ns,56
Percentual_Subremuneracao,Subremuneração (abaixo do salário-mínimo/hora),Micro_2252021,Micro 2252021,Raca,Cor ou Raça,Raca,svyglm+regTermTest(LRT),5.886806505737624,"2, 51",0.661006295986462,ns,0.9326531380589412,ns,151
Taxa_Informalidade,Taxa de Informalidade,Micro_2252013,Micro 2252013,Raca,Cor ou Raça,Raca,svyglm+regTermTest(LRT),5.527842216589448,"2, 107",0.6611923626551208,ns,0.9972127901540696,ns,171
Motivo_Desistencia_Desalentado,Motivo da Desistência (Desalentados),Micro_2254020,Micro 2254020,Instrucao_agregado,Grau de Instrução (dicotomizado),Instrucao,svychisq,0.36548697180243384,"1.66385889811822, 16.6385889811822",0.6612658956101982,ns,0.7946650774881581,ns,13
Percentual_Subremuneracao,Subremuneração (abaixo do salário-mínimo/hora),Micro_2252012,Micro 2252012,Faixa_Etaria_trabalho,Faixa Etária,Faixa_Etaria_trabalho,svyglm+regTermTest(LRT),7.910268342651875,"2, 192",0.6639638365574598,ns,0.9936646474916272,ns,522
Rendimento_Medio_Habitual,Rendimento Médio Habitual,Micro_2252020,Micro 2252020,Sexo,Sexo,Sexo,svyglm+regTermTest(LRT),236000.37639653683,"1, 199",0.6646913514111985,ns,0.7477777703375983,ns,847
Proporcao_Ocupados_Escolarizados,Ocupados com Ensino Médio Completo ou Mais,Micro_2252012,Micro 2252012,Faixa_Etaria_trabalho,Faixa Etária,Faixa_Etaria_trabalho,svyglm+regTermTest(LRT),10.729923828291646,"2, 145",0.664847036097718,ns,0.8372147861971264,ns,222
Percentual_Subremuneracao,Subremuneração (abaixo do salário-mínimo/hora),Micro_2253022,Micro 2253022,Raca,Cor ou Raça,Raca,svyglm+regTermTest(LRT),11.216931279392105,"2, 36",0.6658176038293179,ns,0.9326531380589412,ns,97
Motivo_Desistencia_Desalentado,Motivo da Desistência (Desalentados),Micro_2251013,Micro 2251013,Instrucao_agregado,Grau de Instrução (dicotomizado),Instrucao,svychisq,0.41089694954116335,"1.98029654069587, 21.7832619476546",0.666115040729114,ns,0.7946650774881581,ns,12
Conribuintes_Desocupados,Responsáveis ou Cônjuges Desocupados,Agreg_Alto Parnaíba e Chapadas Sul do Piauí,Alto Parnaíba e Chapadas Sul do Piauí,Instrucao_agregado,Grau de Instrução (dicotomizado),Instrucao,svyglm+regTermTest(LRT),16.693286094809167,"1, 76",0.6680755307623967,ns,0.9737974783827846,ns,82
Rendimento_Informal,Rendimento Médio — Setor Informal,Micro_2210013,Micro 2210013,Sexo,Sexo,Sexo,svyglm+regTermTest(LRT),2185996.936911106,"1, 55",0.6693190301727728,ns,0.9010063867710404,ns,75
Chefes_Familia_Desocupados,Pessoas Responsáveis pelo Domicílio Desocupadas,Micro_2220010,Micro 2220010,Instrucao_agregado,Grau de Instrução (dicotomizado),Instrucao,svyglm+regTermTest(LRT),0.7037493864198865,"1, 37",0.6701667680354569,ns,0.9642691754869104,ns,41
Taxa_Informalidade,Taxa de Informalidade,Micro_2253011,Micro 2253011,Faixa_Etaria_trabalho,Faixa Etária,Faixa_Etaria_trabalho,svyglm+regTermTest(LRT),7.459981319621306,"2, 123",0.6710754135930733,ns,0.9975638230714124,ns,199
Chefes_Familia_Desocupados,Pessoas Responsáveis pelo Domicílio Desocupadas,Micro_2220020,Micro 2220020,Faixa_Etaria_trabalho,Faixa Etária,Faixa_Etaria_trabalho,svyglm+regTermTest(LRT),11.348253031746625,"1, 32",0.6728785802039352,ns,0.9531339195776428,ns,39
Rendimento_Informal,Rendimento Médio — Setor Informal,Micro_2251021,Micro 2251021,Raca,Cor ou Raça,Raca,svyglm+regTermTest(LRT),223912.55339235067,"2, 28",0.6745777539719074,ns,0.8461564927181573,ns,38
Desalentados_Fora_Forca,Desalentados Fora da Força de Trabalho,Zona_Urbana,Zona Urbana,Instrucao,Grau de Instrução (detalhado),VD3004,svyglm+regTermTest(LRT),54.59008272137203,"6, 199",0.6746471697141965,ns,0.9987697070157092,ns,3020
Taxa_Desocupacao,Taxa de Desocupação,"Admin_Resto da UF  (Unidade da Federação, excluindo a região metropolitana e a RIDE)","Resto da UF  (Unidade da Federação, excluindo a região metropolitana e a RIDE)",Instrucao_agregado,Grau de Instrução (dicotomizado),Instrucao,svyglm+regTermTest(LRT),0.31234432164933423,"1, 199",0.6751225540324313,ns,0.9705751947876652,ns,2762
Desalentados_Fora_Forca,Desalentados Fora da Força de Trabalho,Micro_2252011,Micro 2252011,Sexo,Sexo,Sexo,svyglm+regTermTest(LRT),3.403248810389769,"1, 142",0.6756559544373761,ns,0.9788503241740312,ns,232
Percentual_Subremuneracao,Subremuneração (abaixo do salário-mínimo/hora),Micro_2252011,Micro 2252011,Sexo,Sexo,Sexo,svyglm+regTermTest(LRT),0.14019775468989337,"1, 199",0.6762375424477016,ns,0.8712465586041845,ns,566
Taxa_Nem_Nem,Taxa de Nem-Nem (14 a 29 anos),Micro_2253011,Micro 2253011,Sexo,Sexo,Sexo,svyglm+regTermTest(LRT),5.378222922708176,"1, 75",0.680762550766409,ns,0.8752661366996688,ns,97
Rendimento_Informal,Rendimento Médio — Setor Informal,Micro_2210020,Micro 2210020,Instrucao_agregado,Grau de Instrução (dicotomizado),Instrucao,svyglm+regTermTest(LRT),339534.41321867704,"1, 69",0.6809775611252226,ns,0.7151384601722692,ns,87
Taxa_Nem_Nem,Taxa de Nem-Nem (14 a 29 anos),Agreg_Alto Parnaíba e Chapadas Sul do Piauí,Alto Parnaíba e Chapadas Sul do Piauí,Instrucao,Grau de Instrução (detalhado),VD3004,svyglm+regTermTest(LRT),30.32036959402916,"6, 199",0.6819896031787307,ns,0.9996492885327808,ns,404
Taxa_Informalidade,Taxa de Informalidade,Micro_2253010,Micro 2253010,Instrucao_agregado,Grau de Instrução (dicotomizado),Instrucao,svyglm+regTermTest(LRT),11.425228668157304,"1, 38",0.6832491447456266,ns,0.7971240022032311,ns,63
Percentual_Subremuneracao,Subremuneração (abaixo do salário-mínimo/hora),Micro_2251022,Micro 2251022,Instrucao_agregado,Grau de Instrução (dicotomizado),Instrucao,svyglm+regTermTest(LRT),15.356370453465315,"1, 51",0.683549320525882,ns,0.7689929855916173,ns,163
Proporcao_Ocupados_Escolarizados,Ocupados com Ensino Médio Completo ou Mais,Micro_2251022,Micro 2251022,Sexo,Sexo,Sexo,svyglm+regTermTest(LRT),9.269063007911164,"1, 31",0.6847753406802526,ns,0.7470276443784574,ns,41
Taxa_Desocupacao,Taxa de Desocupação,Micro_2252011,Micro 2252011,Faixa_Etaria_trabalho,Faixa Etária,Faixa_Etaria_trabalho,svyglm+regTermTest(LRT),10.368477881542203,"2, 136",0.6852660471001727,ns,0.919573708831432,ns,222
Desalentados_Fora_Forca,Desalentados Fora da Força de Trabalho,Micro_2251020,Micro 2251020,Instrucao,Grau de Instrução (detalhado),VD3004,svyglm+regTermTest(LRT),28.45611301560757,"6, 199",0.6876864305849668,ns,0.9987697070157092,ns,411
Taxa_Informalidade,Taxa de Informalidade,Micro_2253020,Micro 2253020,Sexo,Sexo,Sexo,svyglm+regTermTest(LRT),0.4688621709665029,"1, 94",0.6877700024891332,ns,0.8417256803646201,ns,121
Desalentados_Forca_Ampliada,Desalentados na Força de Trabalho Ampliada,"Admin_Resto da RIDE (Região Integrada de Desenvolvimento Econômico, excluindo a capital)","Resto da RIDE (Região Integrada de Desenvolvimento Econômico, excluindo a capital)",Sexo,Sexo,Sexo,svyglm+regTermTest(LRT),4.6622481351835745,"1, 199",0.6879083122550884,ns,0.9768465916585136,ns,1324
Desalentados_Forca_Ampliada,Desalentados na Força de Trabalho Ampliada,Agreg_Entorno metropolitano de Teresina (PI),Entorno metropolitano de Teresina (PI),Sexo,Sexo,Sexo,svyglm+regTermTest(LRT),4.6622481351835745,"1, 199",0.6879083122550884,ns,0.9768465916585136,ns,1324
Taxa_Desocupacao,Taxa de Desocupação,Micro_2251011,Micro 2251011,Faixa_Etaria_trabalho,Faixa Etária,Faixa_Etaria_trabalho,svyglm+regTermTest(LRT),1.5492263500158003,"2, 133",0.6880057540292712,ns,0.919573708831432,ns,210
Chefes_Familia_Desocupados,Pessoas Responsáveis pelo Domicílio Desocupadas,Micro_2210030,Micro 2210030,Instrucao_agregado,Grau de Instrução (dicotomizado),Instrucao,svyglm+regTermTest(LRT),4.859601120229662,"1, 30",0.689956371871402,ns,0.9642691754869104,ns,37
Percentual_Subremuneracao,Subremuneração (abaixo do salário-mínimo/hora),Micro_2252013,Micro 2252013,Faixa_Etaria_trabalho,Faixa Etária,Faixa_Etaria_trabalho,svyglm+regTermTest(LRT),5.962220565015855,"2, 134",0.6916072244272473,ns,0.9936646474916272,ns,388
Chefes_Familia_Desocupados,Pessoas Responsáveis pelo Domicílio Desocupadas,Agreg_Baixo Parnaíba do Piauí,Baixo Parnaíba do Piauí,Faixa_Etaria_trabalho,Faixa Etária,Faixa_Etaria_trabalho,svyglm+regTermTest(LRT),15.684655243075014,"2, 52",0.692190553704059,ns,0.9531339195776428,ns,56
Taxa_Subocupacao,Subocupação por Insuficiência de Horas,Micro_2252013,Micro 2252013,Instrucao_agregado,Grau de Instrução (dicotomizado),Instrucao,svyglm+regTermTest(LRT),1.9013777457228829,"1, 107",0.6924198318983686,ns,0.9910093246821124,ns,171
Taxa_Subocupacao,Subocupação por Insuficiência de Horas,Micro_2220020,Micro 2220020,Sexo,Sexo,Sexo,svyglm+regTermTest(LRT),7.720070467458939,"1, 108",0.6928658991993236,ns,0.976510758462637,ns,155
Taxa_Desocupacao,Taxa de Desocupação,"Admin_Resto da UF  (Unidade da Federação, excluindo a região metropolitana e a RIDE)","Resto da UF  (Unidade da Federação, excluindo a região metropolitana e a RIDE)",Sexo,Sexo,Sexo,svyglm+regTermTest(LRT),0.23415294344954415,"1, 199",0.6929309214909019,ns,0.97658154070687,ns,2762
Taxa_Desocupacao,Taxa de Desocupação,Agreg_Alto Parnaíba e Chapadas Sul do Piauí,Alto Parnaíba e Chapadas Sul do Piauí,Instrucao_agregado,Grau de Instrução (dicotomizado),Instrucao,svyglm+regTermTest(LRT),0.35316386608360517,"1, 199",0.6931554517731465,ns,0.9705751947876652,ns,825
Percentual_Subremuneracao,Subremuneração (abaixo do salário-mínimo/hora),Micro_2253010,Micro 2253010,Instrucao,Grau de Instrução (detalhado),VD3004,svyglm+regTermTest(LRT),18.445481355582544,"6, 48",0.6944293352534432,ns,0.9978795185745344,ns,152
Rendimento_Informal,Rendimento Médio — Setor Informal,Micro_2251011,Micro 2251011,Instrucao_agregado,Grau de Instrução (dicotomizado),Instrucao,svyglm+regTermTest(LRT),393702.7296244949,"1, 80",0.6947059327387759,ns,0.7151384601722692,ns,104
Conribuintes_Desocupados,Responsáveis ou Cônjuges Desocupados,Micro_2253020,Micro 2253020,Raca,Cor ou Raça,Raca,svyglm+regTermTest(LRT),5.050715527313276,"2, 18",0.6963202227167034,ns,0.9987236881883887,ns,21
Rendimento_Formal,Rendimento Médio — Setor Formal,Micro_2210020,Micro 2210020,Raca,Cor ou Raça,Raca,svyglm+regTermTest(LRT),2989719.928957343,"2, 139",0.6967676456885441,ns,0.7284389023107506,ns,388
Percentual_Subremuneracao,Subremuneração (abaixo do salário-mínimo/hora),Micro_2253022,Micro 2253022,Sexo,Sexo,Sexo,svyglm+regTermTest(LRT),4.01140409123515,"1, 36",0.6972791624009181,ns,0.8712465586041845,ns,97
Taxa_Informalidade,Taxa de Informalidade,Micro_2254020,Micro 2254020,Sexo,Sexo,Sexo,svyglm+regTermTest(LRT),0.26815137818587687,"1, 75",0.7014380669705168,ns,0.8417256803646201,ns,126
Percentual_Subremuneracao,Subremuneração (abaixo do salário-mínimo/hora),Micro_2253011,Micro 2253011,Sexo,Sexo,Sexo,svyglm+regTermTest(LRT),0.2300377929998092,"1, 169",0.7018375055422598,ns,0.8712465586041845,ns,465
Desalentados_Fora_Forca,Desalentados Fora da Força de Trabalho,Admin_Capital,Capital,Faixa_Etaria_trabalho,Faixa Etária,Faixa_Etaria_trabalho,svyglm+regTermTest(LRT),13.836607791916322,"2, 199",0.7025747972048085,ns,0.993985788596234,ns,1438
Desalentados_Fora_Forca,Desalentados Fora da Força de Trabalho,Agreg_Teresina,Teresina,Faixa_Etaria_trabalho,Faixa Etária,Faixa_Etaria_trabalho,svyglm+regTermTest(LRT),13.836607791916322,"2, 199",0.7025747972048085,ns,0.993985788596234,ns,1438
Percentual_Subremuneracao,Subremuneração (abaixo do salário-mínimo/hora),Micro_2253020,Micro 2253020,Raca,Cor ou Raça,Raca,svyglm+regTermTest(LRT),5.761390807012106,"2, 169",0.7027850904205407,ns,0.9326531380589412,ns,474
Desalentados_Forca_Ampliada,Desalentados na Força de Trabalho Ampliada,Micro_2220010,Micro 2220010,Instrucao_agregado,Grau de Instrução (dicotomizado),Instrucao,svyglm+regTermTest(LRT),5.042447284540174,"1, 199",0.703796006745446,ns,0.9992325195593166,ns,723
Taxa_Nem_Nem,Taxa de Nem-Nem (14 a 29 anos),Micro_2210011,Micro 2210011,Raca,Cor ou Raça,Raca,svyglm+regTermTest(LRT),0.9847674573723566,"2, 199",0.7044052907939702,ns,0.997919623009068,ns,449
Taxa_Informalidade,Taxa de Informalidade,Micro_2251012,Micro 2251012,Faixa_Etaria_trabalho,Faixa Etária,Faixa_Etaria_trabalho,svyglm+regTermTest(LRT),2.764335993990528,"2, 136",0.7048104428557606,ns,0.9975638230714124,ns,212
Taxa_Desocupacao,Taxa de Desocupação,Micro_2251013,Micro 2251013,Sexo,Sexo,Sexo,svyglm+regTermTest(LRT),0.9192490872776488,"1, 107",0.7049724920404925,ns,0.97658154070687,ns,162
Desalentados_Forca_Ampliada,Desalentados na Força de Trabalho Ampliada,Micro_2252020,Micro 2252020,Faixa_Etaria_trabalho,Faixa Etária,Faixa_Etaria_trabalho,svyglm+regTermTest(LRT),8.884949281181889,"2, 199",0.7057555083456047,ns,0.9989643649973602,ns,847
Rendimento_Medio_Habitual,Rendimento Médio Habitual,Micro_2220020,Micro 2220020,Raca,Cor ou Raça,Raca,svyglm+regTermTest(LRT),564809.8462873101,"2, 199",0.7070348592847049,ns,0.7635976480274813,ns,601
Taxa_Nem_Nem,Taxa de Nem-Nem (14 a 29 anos),Zona_Rural,Zona Rural,Raca,Cor ou Raça,Raca,svyglm+regTermTest(LRT),1.0029030108210009,"2, 199",0.7072221997519722,ns,0.997919623009068,ns,886
Motivo_Desistencia_Desalentado,Motivo da Desistência (Desalentados),Micro_2220010,Micro 2220010,Instrucao_agregado,Grau de Instrução (dicotomizado),Instrucao,svychisq,0.15274365917407032,"1, 7",0.7075492660803839,ns,0.7946650774881581,ns,10
Rendimento_Medio_Habitual,Rendimento Médio Habitual,Micro_2252013,Micro 2252013,Sexo,Sexo,Sexo,svyglm+regTermTest(LRT),700775.204179883,"1, 134",0.7085963496949536,ns,0.773014199667222,ns,388
Desalentados_Fora_Forca,Desalentados Fora da Força de Trabalho,Micro_2251013,Micro 2251013,Instrucao_agregado,Grau de Instrução (dicotomizado),Instrucao,svyglm+regTermTest(LRT),1.7228361009481432,"1, 103",0.709280809685958,ns,0.93420427828532,ns,170
Taxa_Subocupacao,Subocupação por Insuficiência de Horas,Agreg_Alto Parnaíba e Chapadas Sul do Piauí,Alto Parnaíba e Chapadas Sul do Piauí,Sexo,Sexo,Sexo,svyglm+regTermTest(LRT),0.2174382343483785,"1, 199",0.7106685777636162,ns,0.976510758462637,ns,743
Conribuintes_Desocupados,Responsáveis ou Cônjuges Desocupados,Micro_2252011,Micro 2252011,Raca,Cor ou Raça,Raca,svyglm+regTermTest(LRT),2.9197861067190676,"2, 11",0.7109606828594063,ns,0.9987236881883887,ns,13
Desalentados_Forca_Ampliada,Desalentados na Força de Trabalho Ampliada,Micro_2210020,Micro 2210020,Faixa_Etaria_trabalho,Faixa Etária,Faixa_Etaria_trabalho,svyglm+regTermTest(LRT),3.2042241410077708,"2, 147",0.712514918230987,ns,0.9989643649973602,ns,475
Taxa_Desocupacao,Taxa de Desocupação,Micro_2254020,Micro 2254020,Instrucao_agregado,Grau de Instrução (dicotomizado),Instrucao,svyglm+regTermTest(LRT),13.212592542032198,"1, 76",0.7130717709716291,ns,0.9705751947876652,ns,136
Desalentados_Fora_Forca,Desalentados Fora da Força de Trabalho,Micro_2210030,Micro 2210030,Raca,Cor ou Raça,Raca,svyglm+regTermTest(LRT),10.776158349431348,"2, 179",0.7135276712099161,ns,0.9962100251261198,ns,273
Chefes_Familia_Desocupados,Pessoas Responsáveis pelo Domicílio Desocupadas,Micro_2251020,Micro 2251020,Faixa_Etaria_trabalho,Faixa Etária,Faixa_Etaria_trabalho,svyglm+regTermTest(LRT),6.388399382494963,"1, 23",0.715333340686316,ns,0.9531339195776428,ns,25
Rendimento_Informal,Rendimento Médio — Setor Informal,Micro_2251011,Micro 2251011,Raca,Cor ou Raça,Raca,svyglm+regTermTest(LRT),1047849.6232365072,"2, 80",0.7179076438898232,ns,0.8461564927181573,ns,104
Percentual_Subremuneracao,Subremuneração (abaixo do salário-mínimo/hora),Micro_2251011,Micro 2251011,Raca,Cor ou Raça,Raca,svyglm+regTermTest(LRT),1.620483897179838,"2, 188",0.7190663173080861,ns,0.9326531380589412,ns,523
Taxa_Subocupacao,Subocupação por Insuficiência de Horas,Micro_2251020,Micro 2251020,Raca,Cor ou Raça,Raca,svyglm+regTermTest(LRT),0.8704156139727388,"2, 162",0.7199441713835586,ns,0.9990773092975824,ns,231
Taxa_Subocupacao,Subocupação por Insuficiência de Horas,Micro_2254020,Micro 2254020,Sexo,Sexo,Sexo,svyglm+regTermTest(LRT),0.14955912148468542,"1, 75",0.7211641810542575,ns,0.976510758462637,ns,126
Taxa_Nem_Nem,Taxa de Nem-Nem (14 a 29 anos),Micro_2252013,Micro 2252013,Sexo,Sexo,Sexo,svyglm+regTermTest(LRT),4.075713126932399,"1, 61",0.7220488758270279,ns,0.8963365355094141,ns,95
Taxa_Informalidade,Taxa de Informalidade,Micro_2220010,Micro 2220010,Instrucao,Grau de Instrução (detalhado),VD3004,svyglm+regTermTest(LRT),28.31363959293583,"6, 179",0.7231694222929419,ns,0.9744512526172404,ns,299
Desalentados_Forca_Ampliada,Desalentados na Força de Trabalho Ampliada,Micro_2251013,Micro 2251013,Sexo,Sexo,Sexo,svyglm+regTermTest(LRT),1.1055506115475993,"1, 152",0.723380112126792,ns,0.9768465916585136,ns,408
Desalentados_Forca_Ampliada,Desalentados na Força de Trabalho Ampliada,Micro_2251022,Micro 2251022,Sexo,Sexo,Sexo,svyglm+regTermTest(LRT),1.7581284769754149,"1, 51",0.7238289865598153,ns,0.9768465916585136,ns,163
Desalentados_Forca_Ampliada,Desalentados na Força de Trabalho Ampliada,Zona_Urbana,Zona Urbana,Instrucao,Grau de Instrução (detalhado),VD3004,svyglm+regTermTest(LRT),43.48149310956365,"6, 199",0.7244374695135449,ns,0.9998416465005352,ns,8516
Rendimento_Informal,Rendimento Médio — Setor Informal,Micro_2220020,Micro 2220020,Raca,Cor ou Raça,Raca,svyglm+regTermTest(LRT),319565.5888720378,"2, 88",0.7252471571946821,ns,0.8461564927181573,ns,113
Chefes_Familia_Desocupados,Pessoas Responsáveis pelo Domicílio Desocupadas,Micro_2220010,Micro 2220010,Raca,Cor ou Raça,Raca,svyglm+regTermTest(LRT),3.2685341050879657,"2, 37",0.7286857847453576,ns,0.9985484971744664,ns,41
Taxa_Desocupacao,Taxa de Desocupação,Micro_2251020,Micro 2251020,Sexo,Sexo,Sexo,svyglm+regTermTest(LRT),0.11229725135476087,"1, 175",0.7294325523554224,ns,0.97658154070687,ns,256
Desalentados_Fora_Forca,Desalentados Fora da Força de Trabalho,Micro_2220020,Micro 2220020,Instrucao_agregado,Grau de Instrução (dicotomizado),Instrucao,svyglm+regTermTest(LRT),7.342533592430655,"1, 177",0.7301581802842065,ns,0.93420427828532,ns,299
Taxa_Informalidade,Taxa de Informalidade,"Admin_Resto da UF  (Unidade da Federação, excluindo a região metropolitana e a RIDE)","Resto da UF  (Unidade da Federação, excluindo a região metropolitana e a RIDE)",Raca,Cor ou Raça,Raca,svyglm+regTermTest(LRT),10.602404072036734,"3, 199",0.7309991137419594,ns,0.9972127901540696,ns,2543
Chefes_Familia_Desocupados,Pessoas Responsáveis pelo Domicílio Desocupadas,Micro_2251012,Micro 2251012,Raca,Cor ou Raça,Raca,svyglm+regTermTest(LRT),4.240835237090426,"2, 11",0.7329172810430221,ns,0.9985484971744664,ns,15
Chefes_Familia_Desocupados,Pessoas Responsáveis pelo Domicílio Desocupadas,Micro_2210030,Micro 2210030,Faixa_Etaria_trabalho,Faixa Etária,Faixa_Etaria_trabalho,svyglm+regTermTest(LRT),5.528544880106814,"1, 30",0.7331799381366483,ns,0.9531339195776428,ns,37
Taxa_Desocupacao,Taxa de Desocupação,Micro_2252013,Micro 2252013,Faixa_Etaria_trabalho,Faixa Etária,Faixa_Etaria_trabalho,svyglm+regTermTest(LRT),3.0970129321642332,"2, 108",0.7333619230112192,ns,0.919573708831432,ns,183
Percentual_Subremuneracao,Subremuneração (abaixo do salário-mínimo/hora),Micro_2210020,Micro 2210020,Raca,Cor ou Raça,Raca,svyglm+regTermTest(LRT),4.876513631040467,"2, 147",0.7334318874040953,ns,0.9326531380589412,ns,475
Taxa_Desocupacao,Taxa de Desocupação,Micro_2210013,Micro 2210013,Instrucao_agregado,Grau de Instrução (dicotomizado),Instrucao,svyglm+regTermTest(LRT),4.407934681758846,"1, 123",0.7338115869190682,ns,0.9705751947876652,ns,221
Motivo_Desistencia_Desalentado,Motivo da Desistência (Desalentados),Micro_2251012,Micro 2251012,Instrucao_agregado,Grau de Instrução (dicotomizado),Instrucao,svychisq,0.12089754801116284,"1, 12",0.7340857932294809,ns,0.7946650774881581,ns,17
Conribuintes_Desocupados,Responsáveis ou Cônjuges Desocupados,Micro_2251020,Micro 2251020,Instrucao_agregado,Grau de Instrução (dicotomizado),Instrucao,svyglm+regTermTest(LRT),4.302020125271966,"1, 23",0.7341800807903633,ns,0.9737974783827846,ns,25
Taxa_Desocupacao,Taxa de Desocupação,Micro_2210012,Micro 2210012,Faixa_Etaria_trabalho,Faixa Etária,Faixa_Etaria_trabalho,svyglm+regTermTest(LRT),9.191441092702403,"2, 180",0.7342621571202965,ns,0.919573708831432,ns,319
Taxa_Subocupacao,Subocupação por Insuficiência de Horas,Micro_2251013,Micro 2251013,Instrucao_agregado,Grau de Instrução (dicotomizado),Instrucao,svyglm+regTermTest(LRT),0.0935768425864012,"1, 100",0.7353888795229844,ns,0.9910093246821124,ns,145
Rendimento_Informal,Rendimento Médio — Setor Informal,Micro_2253012,Micro 2253012,Sexo,Sexo,Sexo,svyglm+regTermTest(LRT),372237.9738494009,"1, 63",0.7367945514637314,ns,0.9347004635545548,ns,74
Taxa_Nem_Nem,Taxa de Nem-Nem (14 a 29 anos),Micro_2252013,Micro 2252013,Raca,Cor ou Raça,Raca,svyglm+regTermTest(LRT),7.719057300677193,"2, 61",0.7370582679841368,ns,0.997919623009068,ns,95
Desalentados_Fora_Forca,Desalentados Fora da Força de Trabalho,Micro_2254020,Micro 2254020,Instrucao_agregado,Grau de Instrução (dicotomizado),Instrucao,svyglm+regTermTest(LRT),0.9860588307539756,"1, 73",0.7373980605933578,ns,0.93420427828532,ns,138
Chefes_Familia_Desocupados,Pessoas Responsáveis pelo Domicílio Desocupadas,Zona_Urbana,Zona Urbana,Instrucao,Grau de Instrução (detalhado),VD3004,svyglm+regTermTest(LRT),16.803869237007348,"6, 199",0.7395957783818254,ns,0.9986172915493704,ns,305
Taxa_Subocupacao,Subocupação por Insuficiência de Horas,Micro_2252020,Micro 2252020,Instrucao_agregado,Grau de Instrução (dicotomizado),Instrucao,svyglm+regTermTest(LRT),0.10943405770188974,"1, 166",0.7416551052090928,ns,0.9910093246821124,ns,241
Desalentados_Forca_Ampliada,Desalentados na Força de Trabalho Ampliada,Micro_2251020,Micro 2251020,Instrucao,Grau de Instrução (detalhado),VD3004,svyglm+regTermTest(LRT),25.429154015636183,"6, 199",0.7419744829783816,ns,0.9998416465005352,ns,849
Chefes_Familia_Desocupados,Pessoas Responsáveis pelo Domicílio Desocupadas,Micro_2251020,Micro 2251020,Instrucao_agregado,Grau de Instrução (dicotomizado),Instrucao,svyglm+regTermTest(LRT),0.6201045597908674,"1, 23",0.7420344285959677,ns,0.9642691754869104,ns,25
Desalentados_Fora_Forca,Desalentados Fora da Força de Trabalho,Agreg_Baixo Parnaíba do Piauí,Baixo Parnaíba do Piauí,Instrucao,Grau de Instrução (detalhado),VD3004,svyglm+regTermTest(LRT),33.30080703547753,"6, 199",0.7427738350649656,ns,0.9987697070157092,ns,1113
Proporcao_Ocupados_Escolarizados,Ocupados com Ensino Médio Completo ou Mais,Micro_2252021,Micro 2252021,Raca,Cor ou Raça,Raca,svyglm+regTermTest(LRT),3.9593271546016098,"2, 34",0.7430532054049535,ns,0.987085342456344,ns,55
Desalentados_Forca_Ampliada,Desalentados na Força de Trabalho Ampliada,Agreg_Alto Parnaíba e Chapadas Sul do Piauí,Alto Parnaíba e Chapadas Sul do Piauí,Instrucao,Grau de Instrução (detalhado),VD3004,svyglm+regTermTest(LRT),39.42040022264109,"6, 199",0.7433800895096363,ns,0.9998416465005352,ns,2048
Conribuintes_Desocupados,Responsáveis ou Cônjuges Desocupados,Micro_2210030,Micro 2210030,Instrucao_agregado,Grau de Instrução (dicotomizado),Instrucao,svyglm+regTermTest(LRT),7.39374186487111,"1, 30",0.7434092021760818,ns,0.9737974783827846,ns,37
Desalentados_Forca_Ampliada,Desalentados na Força de Trabalho Ampliada,Admin_Capital,Capital,Sexo,Sexo,Sexo,svyglm+regTermTest(LRT),0.1433598570259278,"1, 199",0.7439141593446974,ns,0.9768465916585136,ns,4334
Desalentados_Forca_Ampliada,Desalentados na Força de Trabalho Ampliada,Agreg_Teresina,Teresina,Sexo,Sexo,Sexo,svyglm+regTermTest(LRT),0.1433598570259278,"1, 199",0.7439141593446974,ns,0.9768465916585136,ns,4334
Taxa_Subocupacao,Subocupação por Insuficiência de Horas,Agreg_Centro-Leste do Piauí,Centro-Leste do Piauí,Faixa_Etaria_trabalho,Faixa Etária,Faixa_Etaria_trabalho,svyglm+regTermTest(LRT),10.03615739883844,"2, 199",0.7443568200868655,ns,0.9889709240339484,ns,881
Motivo_Desistencia_Desalentado,Motivo da Desistência (Desalentados),Micro_2251011,Micro 2251011,Faixa_Etaria_trabalho,Faixa Etária,Faixa_Etaria_trabalho,svychisq,0.2127469648114078,"1.4857198556746, 19.3143581237698",0.7446347924825545,ns,0.9307934906031932,ns,15
Taxa_Desocupacao,Taxa de Desocupação,Micro_2210011,Micro 2210011,Instrucao_agregado,Grau de Instrução (dicotomizado),Instrucao,svyglm+regTermTest(LRT),0.1634749627714882,"1, 199",0.7449781255783579,ns,0.9705751947876652,ns,994
Motivo_Desistencia_Desalentado,Motivo da Desistência (Desalentados),Zona_Urbana,Zona Urbana,Instrucao_agregado,Grau de Instrução (dicotomizado),Instrucao,svychisq,0.34799508644040716,"2.39932161446335, 242.331483060799",0.7449985101451482,ns,0.7946650774881581,ns,120
Percentual_Subremuneracao,Subremuneração (abaixo do salário-mínimo/hora),Micro_2253011,Micro 2253011,Raca,Cor ou Raça,Raca,svyglm+regTermTest(LRT),5.183446154722844,"2, 169",0.7477123150194779,ns,0.9326531380589412,ns,465
Rendimento_Informal,Rendimento Médio — Setor Informal,Micro_2251012,Micro 2251012,Sexo,Sexo,Sexo,svyglm+regTermTest(LRT),574925.7643945217,"1, 79",0.7477603708436439,ns,0.9347004635545548,ns,105
Taxa_Desocupacao,Taxa de Desocupação,Agreg_Baixo Parnaíba do Piauí,Baixo Parnaíba do Piauí,Faixa_Etaria_trabalho,Faixa Etária,Faixa_Etaria_trabalho,svyglm+regTermTest(LRT),13.48838859654478,"2, 199",0.7480902722002772,ns,0.919573708831432,ns,975
Percentual_Subremuneracao,Subremuneração (abaixo do salário-mínimo/hora),Micro_2251013,Micro 2251013,Raca,Cor ou Raça,Raca,svyglm+regTermTest(LRT),0.5745417583918027,"2, 152",0.7483255197885836,ns,0.9326531380589412,ns,408
Desalentados_Forca_Ampliada,Desalentados na Força de Trabalho Ampliada,Micro_2253010,Micro 2253010,Instrucao_agregado,Grau de Instrução (dicotomizado),Instrucao,svyglm+regTermTest(LRT),4.084684052449354,"1, 48",0.7489298514918314,ns,0.9992325195593166,ns,152
Percentual_Subremuneracao,Subremuneração (abaixo do salário-mínimo/hora),Micro_2220020,Micro 2220020,Faixa_Etaria_trabalho,Faixa Etária,Faixa_Etaria_trabalho,svyglm+regTermTest(LRT),3.877225123368106,"2, 199",0.7491281984948592,ns,0.9936646474916272,ns,601
Taxa_Desocupacao,Taxa de Desocupação,Micro_2210020,Micro 2210020,Instrucao_agregado,Grau de Instrução (dicotomizado),Instrucao,svyglm+regTermTest(LRT),4.478854955821859,"1, 111",0.749251148080001,ns,0.9705751947876652,ns,182
Taxa_Subocupacao,Subocupação por Insuficiência de Horas,Agreg_Centro-Leste do Piauí,Centro-Leste do Piauí,Sexo,Sexo,Sexo,svyglm+regTermTest(LRT),0.1292303416471441,"1, 199",0.7510531299441421,ns,0.976510758462637,ns,881
Motivo_Nao_Procura_NemNem,Motivo de Não Procurar Trabalho (Nem-Nem),Micro_2253021,Micro 2253021,Instrucao_agregado,Grau de Instrução (dicotomizado),Instrucao,svychisq,0.10880602012806292,"1.00035444544596, 7.0024811181217",0.7512446818834828,ns,0.7860819857854955,ns,11
Desalentados_Forca_Ampliada,Desalentados na Força de Trabalho Ampliada,Micro_2251012,Micro 2251012,Sexo,Sexo,Sexo,svyglm+regTermTest(LRT),3.2298327462622467,"1, 189",0.7513843566761291,ns,0.9768465916585136,ns,482
Taxa_Desocupacao,Taxa de Desocupação,Micro_2251020,Micro 2251020,Instrucao_agregado,Grau de Instrução (dicotomizado),Instrucao,svyglm+regTermTest(LRT),0.15731742616063116,"1, 175",0.7520495714262957,ns,0.9705751947876652,ns,256
Desalentados_Fora_Forca,Desalentados Fora da Força de Trabalho,Micro_2252011,Micro 2252011,Instrucao_agregado,Grau de Instrução (dicotomizado),Instrucao,svyglm+regTermTest(LRT),1.2645979073539877,"1, 142",0.7520929510467459,ns,0.93420427828532,ns,232
Chefes_Familia_Desocupados,Pessoas Responsáveis pelo Domicílio Desocupadas,Micro_2220020,Micro 2220020,Sexo,Sexo,Sexo,svyglm+regTermTest(LRT),0.4693847956725321,"1, 32",0.7523046150084088,ns,0.9934099404760612,ns,39
Taxa_Subocupacao,Subocupação por Insuficiência de Horas,Zona_Urbana,Zona Urbana,Faixa_Etaria_trabalho,Faixa Etária,Faixa_Etaria_trabalho,svyglm+regTermTest(LRT),4.257910320626706,"2, 199",0.7523574125938843,ns,0.9889709240339484,ns,3692
Percentual_Subremuneracao,Subremuneração (abaixo do salário-mínimo/hora),Zona_Urbana,Zona Urbana,Raca,Cor ou Raça,Raca,svyglm+regTermTest(LRT),23.87177524321669,"4, 199",0.7533392891077059,ns,0.9326531380589412,ns,8516
Percentual_Subremuneracao,Subremuneração (abaixo do salário-mínimo/hora),Micro_2251021,Micro 2251021,Instrucao_agregado,Grau de Instrução (dicotomizado),Instrucao,svyglm+regTermTest(LRT),0.6505363671284243,"1, 77",0.753433130273873,ns,0.8175118811889942,ns,211
Desalentados_Fora_Forca,Desalentados Fora da Força de Trabalho,Micro_2251020,Micro 2251020,Raca,Cor ou Raça,Raca,svyglm+regTermTest(LRT),2.7997873258385653,"2, 199",0.7537371234254464,ns,0.9962100251261198,ns,411
Conribuintes_Desocupados,Responsáveis ou Cônjuges Desocupados,"Admin_Resto da RIDE (Região Integrada de Desenvolvimento Econômico, excluindo a capital)","Resto da RIDE (Região Integrada de Desenvolvimento Econômico, excluindo a capital)",Instrucao_agregado,Grau de Instrução (dicotomizado),Instrucao,svyglm+regTermTest(LRT),11.52018644486118,"1, 70",0.7539077251995752,ns,0.9737974783827846,ns,80
Conribuintes_Desocupados,Responsáveis ou Cônjuges Desocupados,Agreg_Entorno metropolitano de Teresina (PI),Entorno metropolitano de Teresina (PI),Instrucao_agregado,Grau de Instrução (dicotomizado),Instrucao,svyglm+regTermTest(LRT),11.52018644486118,"1, 70",0.7539077251995752,ns,0.9737974783827846,ns,80
Motivo_Desistencia_Desalentado,Motivo da Desistência (Desalentados),Micro_2252011,Micro 2252011,Sexo,Sexo,Sexo,svychisq,0.27786160178174285,"1.94991348164223, 29.2487022246335",0.753912735552532,ns,0.9437365231701788,ns,19
Rendimento_Medio_Habitual,Rendimento Médio Habitual,Micro_2251013,Micro 2251013,Raca,Cor ou Raça,Raca,svyglm+regTermTest(LRT),1754795.495848894,"2, 152",0.7541113177846048,ns,0.7831155992378589,ns,408
Taxa_Desocupacao,Taxa de Desocupação,Agreg_Centro-Leste do Piauí,Centro-Leste do Piauí,Instrucao_agregado,Grau de Instrução (dicotomizado),Instrucao,svyglm+regTermTest(LRT),0.16545523404079177,"1, 199",0.7550746643667874,ns,0.9705751947876652,ns,962
Conribuintes_Desocupados,Responsáveis ou Cônjuges Desocupados,Micro_2220020,Micro 2220020,Sexo,Sexo,Sexo,svyglm+regTermTest(LRT),0.7509505901824483,"1, 32",0.7551973276857163,ns,0.9934099404760612,ns,39
Taxa_Informalidade,Taxa de Informalidade,Agreg_Alto Parnaíba e Chapadas Sul do Piauí,Alto Parnaíba e Chapadas Sul do Piauí,Raca,Cor ou Raça,Raca,svyglm+regTermTest(LRT),0.5124567526959254,"3, 199",0.7558262654292328,ns,0.9972127901540696,ns,743
Taxa_Desocupacao,Taxa de Desocupação,Micro_2210020,Micro 2210020,Faixa_Etaria_trabalho,Faixa Etária,Faixa_Etaria_trabalho,svyglm+regTermTest(LRT),9.1083626998268,"2, 111",0.7572959955082382,ns,0.919573708831432,ns,182
Desalentados_Forca_Ampliada,Desalentados na Força de Trabalho Ampliada,Micro_2253021,Micro 2253021,Instrucao_agregado,Grau de Instrução (dicotomizado),Instrucao,svyglm+regTermTest(LRT),4.402361050809745,"1, 36",0.7574508076866782,ns,0.9992325195593166,ns,112
Desalentados_Forca_Ampliada,Desalentados na Força de Trabalho Ampliada,Agreg_Centro-Leste do Piauí,Centro-Leste do Piauí,Instrucao,Grau de Instrução (detalhado),VD3004,svyglm+regTermTest(LRT),28.83879333075697,"6, 199",0.7575253764637928,ns,0.9998416465005352,ns,2636
Taxa_Desocupacao,Taxa de Desocupação,Micro_2210030,Micro 2210030,Instrucao_agregado,Grau de Instrução (dicotomizado),Instrucao,svyglm+regTermTest(LRT),0.9028663693046326,"1, 199",0.7576136892687276,ns,0.9705751947876652,ns,412
Desalentados_Forca_Ampliada,Desalentados na Força de Trabalho Ampliada,Micro_2254020,Micro 2254020,Sexo,Sexo,Sexo,svyglm+regTermTest(LRT),2.1597685234391406,"1, 104",0.7585190732277961,ns,0.9768465916585136,ns,320
Rendimento_Informal,Rendimento Médio — Setor Informal,Micro_2220010,Micro 2220010,Raca,Cor ou Raça,Raca,svyglm+regTermTest(LRT),678226.1511665285,"2, 114",0.7585687966031295,ns,0.8461564927181573,ns,145
Proporcao_Ocupados_Escolarizados,Ocupados com Ensino Médio Completo ou Mais,Micro_2253021,Micro 2253021,Sexo,Sexo,Sexo,svyglm+regTermTest(LRT),8.890076590021078,"1, 20",0.759150982015736,ns,0.8038069221343088,ns,30
Rendimento_Informal,Rendimento Médio — Setor Informal,Micro_2210012,Micro 2210012,Raca,Cor ou Raça,Raca,svyglm+regTermTest(LRT),8380878.9763047695,"2, 73",0.7602988186141183,ns,0.8461564927181573,ns,93
Taxa_Desocupacao,Taxa de Desocupação,Micro_2251022,Micro 2251022,Instrucao_agregado,Grau de Instrução (dicotomizado),Instrucao,svyglm+regTermTest(LRT),2.846371103135631,"1, 35",0.7615745612710599,ns,0.9705751947876652,ns,49
Chefes_Familia_Desocupados,Pessoas Responsáveis pelo Domicílio Desocupadas,Zona_Rural,Zona Rural,Raca,Cor ou Raça,Raca,svyglm+regTermTest(LRT),3.680711949283904,"2, 141",0.7632306556699688,ns,0.9985484971744664,ns,158
Taxa_Desocupacao,Taxa de Desocupação,Micro_2220010,Micro 2220010,Raca,Cor ou Raça,Raca,svyglm+regTermTest(LRT),6.80909159286557,"2, 195",0.763954860249212,ns,0.9985316607995184,ns,340
Chefes_Familia_Desocupados,Pessoas Responsáveis pelo Domicílio Desocupadas,Micro_2210030,Micro 2210030,Sexo,Sexo,Sexo,svyglm+regTermTest(LRT),6.303406840770471,"1, 30",0.7647328098615861,ns,0.9934099404760612,ns,37
Motivo_Nao_Inicio_NemNem,Motivo de Não Iniciar Trabalho (Nem-Nem),Micro_2253020,Micro 2253020,Instrucao_agregado,Grau de Instrução (dicotomizado),Instrucao,svychisq,0.43686050201431464,"3.67422386434931, 99.2040443374314",0.765846355102482,ns,0.8624355112227637,ns,29
Taxa_Informalidade,Taxa de Informalidade,Micro_2252011,Micro 2252011,Faixa_Etaria_trabalho,Faixa Etária,Faixa_Etaria_trabalho,svyglm+regTermTest(LRT),6.059084359310361,"2, 131",0.7663626252718454,ns,0.9975638230714124,ns,209
Taxa_Nem_Nem,Taxa de Nem-Nem (14 a 29 anos),Micro_2253010,Micro 2253010,Raca,Cor ou Raça,Raca,svyglm+regTermTest(LRT),3.429334407581777,"2, 19",0.7681230842736008,ns,0.997919623009068,ns,31
Taxa_Nem_Nem,Taxa de Nem-Nem (14 a 29 anos),Micro_2210013,Micro 2210013,Sexo,Sexo,Sexo,svyglm+regTermTest(LRT),6.135077353428713,"1, 60",0.7694464843968383,ns,0.923335781276206,ns,81
Desalentados_Forca_Ampliada,Desalentados na Força de Trabalho Ampliada,Micro_2220020,Micro 2220020,Instrucao_agregado,Grau de Instrução (dicotomizado),Instrucao,svyglm+regTermTest(LRT),4.466322554486311,"1, 199",0.7697306603136539,ns,0.9992325195593166,ns,601
Desalentados_Forca_Ampliada,Desalentados na Força de Trabalho Ampliada,Agreg_Baixo Parnaíba do Piauí,Baixo Parnaíba do Piauí,Instrucao,Grau de Instrução (detalhado),VD3004,svyglm+regTermTest(LRT),29.649359994395695,"6, 199",0.7706524256840959,ns,0.9998416465005352,ns,2584
Rendimento_Informal,Rendimento Médio — Setor Informal,Micro_2252012,Micro 2252012,Raca,Cor ou Raça,Raca,svyglm+regTermTest(LRT),269015.52768708766,"2, 94",0.7712405957129901,ns,0.8461564927181573,ns,122
Percentual_Subremuneracao,Subremuneração (abaixo do salário-mínimo/hora),Micro_2252022,Micro 2252022,Instrucao_agregado,Grau de Instrução (dicotomizado),Instrucao,svyglm+regTermTest(LRT),2.288906352887672,"1, 39",0.7720945544562723,ns,0.8175118811889942,ns,110
Desalentados_Fora_Forca,Desalentados Fora da Força de Trabalho,Micro_2210011,Micro 2210011,Sexo,Sexo,Sexo,svyglm+regTermTest(LRT),5.681279654486097,"1, 199",0.7723814418245838,ns,0.9788503241740312,ns,608
Percentual_Subremuneracao,Subremuneração (abaixo do salário-mínimo/hora),Micro_2252011,Micro 2252011,Faixa_Etaria_trabalho,Faixa Etária,Faixa_Etaria_trabalho,svyglm+regTermTest(LRT),9.49447859690298,"2, 199",0.7724663047038831,ns,0.9936646474916272,ns,566
Desalentados_Forca_Ampliada,Desalentados na Força de Trabalho Ampliada,"Admin_Resto da UF  (Unidade da Federação, excluindo a região metropolitana e a RIDE)","Resto da UF  (Unidade da Federação, excluindo a região metropolitana e a RIDE)",Instrucao_agregado,Grau de Instrução (dicotomizado),Instrucao,svyglm+regTermTest(LRT),0.0790804568009662,"1, 199",0.7729945134215347,ns,0.9992325195593166,ns,7268
Desalentados_Fora_Forca,Desalentados Fora da Força de Trabalho,Micro_2253021,Micro 2253021,Instrucao_agregado,Grau de Instrução (dicotomizado),Instrucao,svyglm+regTermTest(LRT),3.935445456032806,"1, 32",0.7732017515588183,ns,0.93420427828532,ns,56
Desalentados_Fora_Forca,Desalentados Fora da Força de Trabalho,Micro_2210011,Micro 2210011,Faixa_Etaria_trabalho,Faixa Etária,Faixa_Etaria_trabalho,svyglm+regTermTest(LRT),5.731304137084365,"2, 199",0.7746172823927987,ns,0.993985788596234,ns,608
Percentual_Subremuneracao,Subremuneração (abaixo do salário-mínimo/hora),Micro_2252021,Micro 2252021,Sexo,Sexo,Sexo,svyglm+regTermTest(LRT),2.650020794062357,"1, 51",0.7756581170179918,ns,0.93078974042159,ns,151
Taxa_Nem_Nem,Taxa de Nem-Nem (14 a 29 anos),Agreg_Alto Parnaíba e Chapadas Sul do Piauí,Alto Parnaíba e Chapadas Sul do Piauí,Raca,Cor ou Raça,Raca,svyglm+regTermTest(LRT),0.9830652551387972,"2, 199",0.7757260925604096,ns,0.997919623009068,ns,404
Percentual_Subremuneracao,Subremuneração (abaixo do salário-mínimo/hora),Micro_2253020,Micro 2253020,Faixa_Etaria_trabalho,Faixa Etária,Faixa_Etaria_trabalho,svyglm+regTermTest(LRT),5.941289406480422,"2, 169",0.775753157900358,ns,0.9936646474916272,ns,474
Taxa_Desocupacao,Taxa de Desocupação,Agreg_Alto Parnaíba e Chapadas Sul do Piauí,Alto Parnaíba e Chapadas Sul do Piauí,Instrucao,Grau de Instrução (detalhado),VD3004,svyglm+regTermTest(LRT),25.249508374263655,"6, 199",0.7765077390463929,ns,1,ns,825
Taxa_Nem_Nem,Taxa de Nem-Nem (14 a 29 anos),Micro_2210020,Micro 2210020,Instrucao_agregado,Grau de Instrução (dicotomizado),Instrucao,svyglm+regTermTest(LRT),6.5305152715880865,"1, 63",0.776944357915316,ns,0.99422357080985,ns,94
Percentual_Subremuneracao,Subremuneração (abaixo do salário-mínimo/hora),Micro_2251020,Micro 2251020,Faixa_Etaria_trabalho,Faixa Etária,Faixa_Etaria_trabalho,svyglm+regTermTest(LRT),2.70075416520109,"2, 199",0.7779239876051339,ns,0.9936646474916272,ns,849
Desalentados_Forca_Ampliada,Desalentados na Força de Trabalho Ampliada,Micro_2210011,Micro 2210011,Instrucao_agregado,Grau de Instrução (dicotomizado),Instrucao,svyglm+regTermTest(LRT),4.8114813471347375,"1, 199",0.7782346567261051,ns,0.9992325195593166,ns,1931
Rendimento_Formal,Rendimento Médio — Setor Formal,Micro_2251021,Micro 2251021,Instrucao_agregado,Grau de Instrução (dicotomizado),Instrucao,svyglm+regTermTest(LRT),21552.75268219039,"1, 71",0.7783381562019642,ns,0.8550643490923863,ns,173
Proporcao_Ocupados_Escolarizados,Ocupados com Ensino Médio Completo ou Mais,Agreg_Centro-Leste do Piauí,Centro-Leste do Piauí,Raca,Cor ou Raça,Raca,svyglm+regTermTest(LRT),6.882260981919671,"3, 199",0.7787324455242615,ns,0.987085342456344,ns,881
Taxa_Informalidade,Taxa de Informalidade,Micro_2253011,Micro 2253011,Instrucao,Grau de Instrução (detalhado),VD3004,svyglm+regTermTest(LRT),53.93341430109925,"6, 123",0.7787612467956302,ns,0.9744512526172404,ns,199
Taxa_Subocupacao,Subocupação por Insuficiência de Horas,Micro_2251022,Micro 2251022,Instrucao_agregado,Grau de Instrução (dicotomizado),Instrucao,svyglm+regTermTest(LRT),1.500488883824012,"1, 31",0.7810115442858746,ns,0.9910093246821124,ns,41
Taxa_Nem_Nem,Taxa de Nem-Nem (14 a 29 anos),Agreg_Baixo Parnaíba do Piauí,Baixo Parnaíba do Piauí,Instrucao_agregado,Grau de Instrução (dicotomizado),Instrucao,svyglm+regTermTest(LRT),0.06910268632327643,"1, 199",0.7814132838440255,ns,0.99422357080985,ns,555
Taxa_Informalidade,Taxa de Informalidade,Micro_2251021,Micro 2251021,Instrucao_agregado,Grau de Instrução (dicotomizado),Instrucao,svyglm+regTermTest(LRT),6.7323074760582955,"1, 38",0.7821990495647133,ns,0.8412772398216858,ns,54
Taxa_Desocupacao,Taxa de Desocupação,Micro_2252013,Micro 2252013,Sexo,Sexo,Sexo,svyglm+regTermTest(LRT),2.9552741934735707,"1, 108",0.7827023970949729,ns,0.97658154070687,ns,183
Taxa_Subocupacao,Subocupação por Insuficiência de Horas,Agreg_Alto Parnaíba e Chapadas Sul do Piauí,Alto Parnaíba e Chapadas Sul do Piauí,Instrucao,Grau de Instrução (detalhado),VD3004,svyglm+regTermTest(LRT),24.367425339378997,"6, 199",0.7840967145281446,ns,0.9999744227827811,ns,743
Chefes_Familia_Desocupados,Pessoas Responsáveis pelo Domicílio Desocupadas,Admin_Capital,Capital,Raca,Cor ou Raça,Raca,svyglm+regTermTest(LRT),1.8205153497825108,"2, 145",0.7851298416037521,ns,0.9985484971744664,ns,164
Chefes_Familia_Desocupados,Pessoas Responsáveis pelo Domicílio Desocupadas,Agreg_Teresina,Teresina,Raca,Cor ou Raça,Raca,svyglm+regTermTest(LRT),1.8205153497825108,"2, 145",0.7851298416037521,ns,0.9985484971744664,ns,164
Motivo_Nao_Procura_NemNem,Motivo de Não Procurar Trabalho (Nem-Nem),Micro_2251011,Micro 2251011,Instrucao_agregado,Grau de Instrução (dicotomizado),Instrucao,svychisq,0.38861897849242905,"3.40602693514347, 54.4964309622954",0.7860819857854955,ns,0.7860819857854955,ns,19
Taxa_Desocupacao,Taxa de Desocupação,Micro_2252013,Micro 2252013,Raca,Cor ou Raça,Raca,svyglm+regTermTest(LRT),3.9821764511592193,"2, 108",0.7865164291703969,ns,0.9985316607995184,ns,183
Taxa_Informalidade,Taxa de Informalidade,Micro_2253022,Micro 2253022,Raca,Cor ou Raça,Raca,svyglm+regTermTest(LRT),4.9501814979837775,"2, 21",0.7871971670318639,ns,0.9972127901540696,ns,31
Taxa_Informalidade,Taxa de Informalidade,Micro_2210013,Micro 2210013,Faixa_Etaria_trabalho,Faixa Etária,Faixa_Etaria_trabalho,svyglm+regTermTest(LRT),9.197039288778228,"2, 120",0.7874372165465501,ns,0.9975638230714124,ns,210
Taxa_Desocupacao,Taxa de Desocupação,Micro_2253010,Micro 2253010,Faixa_Etaria_trabalho,Faixa Etária,Faixa_Etaria_trabalho,svyglm+regTermTest(LRT),5.391668064627488,"2, 40",0.7875551884496474,ns,0.923340565768552,ns,69
Taxa_Desocupacao,Taxa de Desocupação,Micro_2252020,Micro 2252020,Sexo,Sexo,Sexo,svyglm+regTermTest(LRT),2.538474068945135,"1, 179",0.7877595750319591,ns,0.97658154070687,ns,261
Taxa_Subocupacao,Subocupação por Insuficiência de Horas,Micro_2251012,Micro 2251012,Sexo,Sexo,Sexo,svyglm+regTermTest(LRT),0.13096913685163258,"1, 136",0.7881713584497085,ns,0.976510758462637,ns,212
Desalentados_Fora_Forca,Desalentados Fora da Força de Trabalho,Micro_2220020,Micro 2220020,Faixa_Etaria_trabalho,Faixa Etária,Faixa_Etaria_trabalho,svyglm+regTermTest(LRT),5.0178812544936875,"2, 177",0.7894628616877895,ns,0.993985788596234,ns,299
Chefes_Familia_Desocupados,Pessoas Responsáveis pelo Domicílio Desocupadas,Micro_2251013,Micro 2251013,Faixa_Etaria_trabalho,Faixa Etária,Faixa_Etaria_trabalho,svyglm+regTermTest(LRT),4.730781127168267,"1, 14",0.7910077150237621,ns,0.962361002629406,ns,17
Proporcao_Ocupados_Escolarizados,Ocupados com Ensino Médio Completo ou Mais,Micro_2210013,Micro 2210013,Raca,Cor ou Raça,Raca,svyglm+regTermTest(LRT),10.555555509376603,"2, 120",0.7912876179701405,ns,0.987085342456344,ns,210
Desalentados_Forca_Ampliada,Desalentados na Força de Trabalho Ampliada,Micro_2252011,Micro 2252011,Sexo,Sexo,Sexo,svyglm+regTermTest(LRT),1.223700453636155,"1, 199",0.7915094719082372,ns,0.9768465916585136,ns,566
Conribuintes_Desocupados,Responsáveis ou Cônjuges Desocupados,Micro_2254020,Micro 2254020,Raca,Cor ou Raça,Raca,svyglm+regTermTest(LRT),4.424945014329051,"2, 9",0.7915661100687378,ns,0.9987236881883887,ns,10
Percentual_Subremuneracao,Subremuneração (abaixo do salário-mínimo/hora),Micro_2254020,Micro 2254020,Raca,Cor ou Raça,Raca,svyglm+regTermTest(LRT),5.8244423495016235,"2, 104",0.7917201488086867,ns,0.9326531380589412,ns,320
Taxa_Informalidade,Taxa de Informalidade,Micro_2251021,Micro 2251021,Sexo,Sexo,Sexo,svyglm+regTermTest(LRT),1.9286115986860184,"1, 38",0.7933196294344235,ns,0.892579570104834,ns,54
Taxa_Informalidade,Taxa de Informalidade,Micro_2252021,Micro 2252021,Sexo,Sexo,Sexo,svyglm+regTermTest(LRT),1.9823569129465923,"1, 34",0.793404062315408,ns,0.892579570104834,ns,55
Taxa_Nem_Nem,Taxa de Nem-Nem (14 a 29 anos),Micro_2253021,Micro 2253021,Raca,Cor ou Raça,Raca,svyglm+regTermTest(LRT),2.4887618404262284,"2, 16",0.7937089229472192,ns,0.997919623009068,ns,23
Taxa_Desocupacao,Taxa de Desocupação,Micro_2253020,Micro 2253020,Sexo,Sexo,Sexo,svyglm+regTermTest(LRT),0.14614763430695632,"1, 104",0.7938742824082985,ns,0.97658154070687,ns,142
Proporcao_Ocupados_Escolarizados,Ocupados com Ensino Médio Completo ou Mais,Micro_2252021,Micro 2252021,Sexo,Sexo,Sexo,svyglm+regTermTest(LRT),4.408346950629706,"1, 34",0.7942417166889832,ns,0.8068433444868827,ns,55
Taxa_Desocupacao,Taxa de Desocupação,Micro_2251013,Micro 2251013,Raca,Cor ou Raça,Raca,svyglm+regTermTest(LRT),4.791902913345567,"2, 107",0.7944521947574221,ns,0.9985316607995184,ns,162
Rendimento_Informal,Rendimento Médio — Setor Informal,Micro_2253011,Micro 2253011,Sexo,Sexo,Sexo,svyglm+regTermTest(LRT),247671.6486286074,"1, 61",0.7946339870344883,ns,0.937275718406094,ns,82
Motivo_Nao_Procura_NemNem,Motivo de Não Procurar Trabalho (Nem-Nem),Micro_2251012,Micro 2251012,Sexo,Sexo,Sexo,svychisq,0.2932576027163747,"2.50764699689416, 45.137645944095",0.7947665921604331,ns,0.7947665921604331,ns,19
Percentual_Subremuneracao,Subremuneração (abaixo do salário-mínimo/hora),Micro_2220010,Micro 2220010,Raca,Cor ou Raça,Raca,svyglm+regTermTest(LRT),2.858472522680813,"2, 199",0.7954982648149793,ns,0.9326531380589412,ns,723
Taxa_Desocupacao,Taxa de Desocupação,Zona_Urbana,Zona Urbana,Instrucao_agregado,Grau de Instrução (dicotomizado),Instrucao,svyglm+regTermTest(LRT),0.11007052312470478,"1, 199",0.7969397766870048,ns,0.9705751947876652,ns,3997
Taxa_Nem_Nem,Taxa de Nem-Nem (14 a 29 anos),Micro_2252020,Micro 2252020,Raca,Cor ou Raça,Raca,svyglm+regTermTest(LRT),1.1458091525561542,"2, 126",0.7974120610548578,ns,0.997919623009068,ns,173
Taxa_Subocupacao,Subocupação por Insuficiência de Horas,Micro_2251022,Micro 2251022,Faixa_Etaria_trabalho,Faixa Etária,Faixa_Etaria_trabalho,svyglm+regTermTest(LRT),0.45877039474370207,"2, 31",0.798658141868664,ns,0.9889709240339484,ns,41
Desalentados_Forca_Ampliada,Desalentados na Força de Trabalho Ampliada,Micro_2253011,Micro 2253011,Sexo,Sexo,Sexo,svyglm+regTermTest(LRT),1.871858145844442,"1, 169",0.7997069549704842,ns,0.9768465916585136,ns,465
Desalentados_Forca_Ampliada,Desalentados na Força de Trabalho Ampliada,Micro_2220010,Micro 2220010,Sexo,Sexo,Sexo,svyglm+regTermTest(LRT),3.144208307360728,"1, 199",0.8011243738543998,ns,0.9768465916585136,ns,723
Taxa_Nem_Nem,Taxa de Nem-Nem (14 a 29 anos),Micro_2251011,Micro 2251011,Instrucao_agregado,Grau de Instrução (dicotomizado),Instrucao,svyglm+regTermTest(LRT),1.181726840509583,"1, 79",0.801610551865278,ns,0.99422357080985,ns,111
Taxa_Desocupacao,Taxa de Desocupação,Micro_2252013,Micro 2252013,Instrucao_agregado,Grau de Instrução (dicotomizado),Instrucao,svyglm+regTermTest(LRT),4.025192162431381,"1, 108",0.802988928572584,ns,0.9705751947876652,ns,183
Taxa_Informalidade,Taxa de Informalidade,Micro_2251022,Micro 2251022,Instrucao_agregado,Grau de Instrução (dicotomizado),Instrucao,svyglm+regTermTest(LRT),12.055258653743287,"1, 31",0.8033323460535546,ns,0.8412772398216858,ns,41
Rendimento_Informal,Rendimento Médio — Setor Informal,Micro_2251022,Micro 2251022,Sexo,Sexo,Sexo,svyglm+regTermTest(LRT),68226.07791629992,"1, 23",0.8033791872052235,ns,0.937275718406094,ns,28
Taxa_Subocupacao,Subocupação por Insuficiência de Horas,Agreg_Baixo Parnaíba do Piauí,Baixo Parnaíba do Piauí,Sexo,Sexo,Sexo,svyglm+regTermTest(LRT),0.10537154527264649,"1, 199",0.8044102409342582,ns,0.976510758462637,ns,919
Taxa_Informalidade,Taxa de Informalidade,Micro_2253012,Micro 2253012,Faixa_Etaria_trabalho,Faixa Etária,Faixa_Etaria_trabalho,svyglm+regTermTest(LRT),5.440954380715226,"2, 113",0.8058260552163514,ns,0.9975638230714124,ns,173
Proporcao_Ocupados_Escolarizados,Ocupados com Ensino Médio Completo ou Mais,Micro_2253020,Micro 2253020,Raca,Cor ou Raça,Raca,svyglm+regTermTest(LRT),4.07718520445593,"2, 94",0.8060158312845903,ns,0.987085342456344,ns,121
Chefes_Familia_Desocupados,Pessoas Responsáveis pelo Domicílio Desocupadas,Agreg_Centro-Leste do Piauí,Centro-Leste do Piauí,Raca,Cor ou Raça,Raca,svyglm+regTermTest(LRT),2.168486049055204,"2, 71",0.8066492489936965,ns,0.9985484971744664,ns,81
Proporcao_Ocupados_Escolarizados,Ocupados com Ensino Médio Completo ou Mais,Micro_2253022,Micro 2253022,Sexo,Sexo,Sexo,svyglm+regTermTest(LRT),4.854631750467988,"1, 21",0.8068433444868827,ns,0.8068433444868827,ns,31
Desalentados_Forca_Ampliada,Desalentados na Força de Trabalho Ampliada,Micro_2254020,Micro 2254020,Instrucao_agregado,Grau de Instrução (dicotomizado),Instrucao,svyglm+regTermTest(LRT),0.5141611375274096,"1, 104",0.8081298047714589,ns,0.9992325195593166,ns,320
Motivo_Desistencia_Desalentado,Motivo da Desistência (Desalentados),"Admin_Resto da UF  (Unidade da Federação, excluindo a região metropolitana e a RIDE)","Resto da UF  (Unidade da Federação, excluindo a região metropolitana e a RIDE)",Sexo,Sexo,Sexo,svychisq,0.2439646912499581,"2.25019971369741, 447.789743025785",0.8089170198601532,ns,0.9437365231701788,ns,323
Motivo_Nao_Inicio_NemNem,Motivo de Não Iniciar Trabalho (Nem-Nem),Micro_2252020,Micro 2252020,Instrucao_agregado,Grau de Instrução (dicotomizado),Instrucao,svychisq,0.18964045039820496,"1.83850098589841, 91.9250492949206",0.8095350702274973,ns,0.8624355112227637,ns,54
Desalentados_Fora_Forca,Desalentados Fora da Força de Trabalho,Micro_2210011,Micro 2210011,Instrucao_agregado,Grau de Instrução (dicotomizado),Instrucao,svyglm+regTermTest(LRT),3.976354125785392,"1, 199",0.8103140483904605,ns,0.93420427828532,ns,608
Desalentados_Fora_Forca,Desalentados Fora da Força de Trabalho,Micro_2251011,Micro 2251011,Faixa_Etaria_trabalho,Faixa Etária,Faixa_Etaria_trabalho,svyglm+regTermTest(LRT),11.407920366413675,"2, 134",0.8103176463125867,ns,0.993985788596234,ns,222
Desalentados_Fora_Forca,Desalentados Fora da Força de Trabalho,Micro_2252012,Micro 2252012,Faixa_Etaria_trabalho,Faixa Etária,Faixa_Etaria_trabalho,svyglm+regTermTest(LRT),3.850166744768949,"2, 125",0.8103183177412079,ns,0.993985788596234,ns,195
Taxa_Informalidade,Taxa de Informalidade,Micro_2210013,Micro 2210013,Instrucao,Grau de Instrução (detalhado),VD3004,svyglm+regTermTest(LRT),36.103843970841496,"5, 120",0.8103396397358692,ns,0.9744512526172404,ns,210
Rendimento_Informal,Rendimento Médio — Setor Informal,Micro_2251011,Micro 2251011,Instrucao,Grau de Instrução (detalhado),VD3004,svyglm+regTermTest(LRT),6765765.353112742,"6, 80",0.8107980319381706,ns,0.8107980319381706,ns,104
Taxa_Nem_Nem,Taxa de Nem-Nem (14 a 29 anos),Micro_2253022,Micro 2253022,Sexo,Sexo,Sexo,svyglm+regTermTest(LRT),6.317589715653959,"1, 12",0.8113751684727293,ns,0.928735889879773,ns,21
Desalentados_Forca_Ampliada,Desalentados na Força de Trabalho Ampliada,Micro_2210020,Micro 2210020,Sexo,Sexo,Sexo,svyglm+regTermTest(LRT),3.272518684070718,"1, 147",0.8125738761849237,ns,0.9768465916585136,ns,475
Taxa_Desocupacao,Taxa de Desocupação,Micro_2253012,Micro 2253012,Raca,Cor ou Raça,Raca,svyglm+regTermTest(LRT),2.5899529415758593,"3, 124",0.813578535472395,ns,0.9985316607995184,ns,194
Motivo_Nao_Inicio_NemNem,Motivo de Não Iniciar Trabalho (Nem-Nem),Micro_2251011,Micro 2251011,Instrucao_agregado,Grau de Instrução (dicotomizado),Instrucao,svychisq,0.2796468907384416,"2.63187680261024, 42.1100288417638",0.8145224272659435,ns,0.8624355112227637,ns,19
Conribuintes_Desocupados,Responsáveis ou Cônjuges Desocupados,Micro_2253020,Micro 2253020,Instrucao_agregado,Grau de Instrução (dicotomizado),Instrucao,svyglm+regTermTest(LRT),4.307975263153487,"1, 18",0.8155444617375368,ns,0.9785393978043522,ns,21
Proporcao_Ocupados_Escolarizados,Ocupados com Ensino Médio Completo ou Mais,Micro_2251013,Micro 2251013,Faixa_Etaria_trabalho,Faixa Etária,Faixa_Etaria_trabalho,svyglm+regTermTest(LRT),11.187938288163622,"2, 100",0.8155592980395616,ns,0.959926167204452,ns,145
Rendimento_Informal,Rendimento Médio — Setor Informal,"Admin_Resto da RIDE (Região Integrada de Desenvolvimento Econômico, excluindo a capital)","Resto da RIDE (Região Integrada de Desenvolvimento Econômico, excluindo a capital)",Raca,Cor ou Raça,Raca,svyglm+regTermTest(LRT),569324.2290092111,"2, 199",0.8159366179782231,ns,0.8461564927181573,ns,258
Rendimento_Informal,Rendimento Médio — Setor Informal,Agreg_Entorno metropolitano de Teresina (PI),Entorno metropolitano de Teresina (PI),Raca,Cor ou Raça,Raca,svyglm+regTermTest(LRT),569324.2290092111,"2, 199",0.8159366179782231,ns,0.8461564927181573,ns,258
Taxa_Desocupacao,Taxa de Desocupação,Micro_2252011,Micro 2252011,Sexo,Sexo,Sexo,svyglm+regTermTest(LRT),1.3168511901044866,"1, 136",0.8161264885805043,ns,0.97658154070687,ns,222
Taxa_Nem_Nem,Taxa de Nem-Nem (14 a 29 anos),Micro_2253010,Micro 2253010,Instrucao_agregado,Grau de Instrução (dicotomizado),Instrucao,svyglm+regTermTest(LRT),2.1546479330572055,"1, 19",0.8173138726267966,ns,0.99422357080985,ns,31
Proporcao_Ocupados_Escolarizados,Ocupados com Ensino Médio Completo ou Mais,Micro_2210020,Micro 2210020,Faixa_Etaria_trabalho,Faixa Etária,Faixa_Etaria_trabalho,svyglm+regTermTest(LRT),23.43541804832637,"2, 107",0.8187605543802681,ns,0.959926167204452,ns,163
Chefes_Familia_Desocupados,Pessoas Responsáveis pelo Domicílio Desocupadas,Agreg_Alto Parnaíba e Chapadas Sul do Piauí,Alto Parnaíba e Chapadas Sul do Piauí,Sexo,Sexo,Sexo,svyglm+regTermTest(LRT),0.08829098351932885,"1, 76",0.82245697877726065,ns,0.9934099404760612,ns,82
Desalentados_Forca_Ampliada,Desalentados na Força de Trabalho Ampliada,Micro_2251011,Micro 2251011,Instrucao_agregado,Grau de Instrução (dicotomizado),Instrucao,svyglm+regTermTest(LRT),0.8436652354052683,"1, 188",0.8232369740384653,ns,0.9992325195593166,ns,523
Taxa_Informalidade,Taxa de Informalidade,Micro_2210012,Micro 2210012,Instrucao,Grau de Instrução (detalhado),VD3004,svyglm+regTermTest(LRT),27.43488554773336,"6, 177",0.8236117796095332,ns,0.9744512526172404,ns,304
Desalentados_Forca_Ampliada,Desalentados na Força de Trabalho Ampliada,Micro_2252012,Micro 2252012,Faixa_Etaria_trabalho,Faixa Etária,Faixa_Etaria_trabalho,svyglm+regTermTest(LRT),2.950232367703812,"2, 192",0.8251222566926906,ns,0.9989643649973602,ns,522
Conribuintes_Desocupados,Responsáveis ou Cônjuges Desocupados,Micro_2220010,Micro 2220010,Instrucao_agregado,Grau de Instrução (dicotomizado),Instrucao,svyglm+regTermTest(LRT),3.646966719698085,"1, 37",0.8251346421786449,ns,0.9785393978043522,ns,41
Desalentados_Fora_Forca,Desalentados Fora da Força de Trabalho,Micro_2253022,Micro 2253022,Faixa_Etaria_trabalho,Faixa Etária,Faixa_Etaria_trabalho,svyglm+regTermTest(LRT),3.117233463880286,"2, 27",0.8254404424005107,ns,0.993985788596234,ns,43
Taxa_Nem_Nem,Taxa de Nem-Nem (14 a 29 anos),Micro_2253010,Micro 2253010,Sexo,Sexo,Sexo,svyglm+regTermTest(LRT),0.01481378759062579,"1, 19",0.8255430132264648,ns,0.928735889879773,ns,31
Conribuintes_Desocupados,Responsáveis ou Cônjuges Desocupados,Micro_2210013,Micro 2210013,Raca,Cor ou Raça,Raca,svyglm+regTermTest(LRT),1.935116856586525,"2, 9",0.8257587528802683,ns,0.9987236881883887,ns,11
Taxa_Desocupacao,Taxa de Desocupação,Micro_2210012,Micro 2210012,Instrucao_agregado,Grau de Instrução (dicotomizado),Instrucao,svyglm+regTermTest(LRT),0.591868586307811,"1, 180",0.8259428945727904,ns,0.9705751947876652,ns,319
Chefes_Familia_Desocupados,Pessoas Responsáveis pelo Domicílio Desocupadas,Micro_2253012,Micro 2253012,Raca,Cor ou Raça,Raca,svyglm+regTermTest(LRT),1.4266309813401783,"2, 18",0.8260958058860861,ns,0.9985484971744664,ns,21
Taxa_Informalidade,Taxa de Informalidade,Micro_2252022,Micro 2252022,Instrucao_agregado,Grau de Instrução (dicotomizado),Instrucao,svyglm+regTermTest(LRT),4.899692373931451,"1, 16",0.8261802763063164,ns,0.8412772398216858,ns,21
Chefes_Familia_Desocupados,Pessoas Responsáveis pelo Domicílio Desocupadas,Zona_Urbana,Zona Urbana,Raca,Cor ou Raça,Raca,svyglm+regTermTest(LRT),0.4398581725102418,"2, 199",0.8271191639296758,ns,0.9985484971744664,ns,305
Taxa_Subocupacao,Subocupação por Insuficiência de Horas,Micro_2252013,Micro 2252013,Sexo,Sexo,Sexo,svyglm+regTermTest(LRT),0.6811184604065517,"1, 107",0.8273455717882122,ns,0.976510758462637,ns,171
Taxa_Desocupacao,Taxa de Desocupação,Micro_2252012,Micro 2252012,Faixa_Etaria_trabalho,Faixa Etária,Faixa_Etaria_trabalho,svyglm+regTermTest(LRT),0.8632951842199361,"2, 147",0.8274346907436725,ns,0.9352312535135264,ns,230
Percentual_Subremuneracao,Subremuneração (abaixo do salário-mínimo/hora),Micro_2253021,Micro 2253021,Sexo,Sexo,Sexo,svyglm+regTermTest(LRT),1.5927970496856858,"1, 36",0.8276975153823112,ns,0.9515605662129109,ns,112
Rendimento_Formal,Rendimento Médio — Setor Formal,Micro_2254020,Micro 2254020,Instrucao_agregado,Grau de Instrução (dicotomizado),Instrucao,svyglm+regTermTest(LRT),80253.8946838677,"1, 94",0.8282472645768608,ns,0.8550643490923863,ns,226
Taxa_Informalidade,Taxa de Informalidade,Micro_2251022,Micro 2251022,Faixa_Etaria_trabalho,Faixa Etária,Faixa_Etaria_trabalho,svyglm+regTermTest(LRT),2.1390719473802307,"2, 31",0.828555529427306,ns,0.9975638230714124,ns,41
Desalentados_Forca_Ampliada,Desalentados na Força de Trabalho Ampliada,Micro_2252013,Micro 2252013,Raca,Cor ou Raça,Raca,svyglm+regTermTest(LRT),2.925317189781353,"2, 134",0.8289223468383308,ns,1,ns,388
Taxa_Informalidade,Taxa de Informalidade,Micro_2210020,Micro 2210020,Faixa_Etaria_trabalho,Faixa Etária,Faixa_Etaria_trabalho,svyglm+regTermTest(LRT),3.5843303492334257,"2, 107",0.8292542466237266,ns,0.9975638230714124,ns,163
Rendimento_Medio_Habitual,Rendimento Médio Habitual,Micro_2220020,Micro 2220020,Sexo,Sexo,Sexo,svyglm+regTermTest(LRT),32741.83097732067,"1, 199",0.829602605394358,ns,0.8784027586528497,ns,601
Chefes_Familia_Desocupados,Pessoas Responsáveis pelo Domicílio Desocupadas,Micro_2210020,Micro 2210020,Raca,Cor ou Raça,Raca,svyglm+regTermTest(LRT),2.9694895920130726,"1, 16",0.8303951120878796,ns,0.9985484971744664,ns,19
Desalentados_Forca_Ampliada,Desalentados na Força de Trabalho Ampliada,Micro_2210011,Micro 2210011,Sexo,Sexo,Sexo,svyglm+regTermTest(LRT),2.572277182465399,"1, 199",0.8309275263857921,ns,0.9768465916585136,ns,1931
Percentual_Subremuneracao,Subremuneração (abaixo do salário-mínimo/hora),Micro_2253011,Micro 2253011,Faixa_Etaria_trabalho,Faixa Etária,Faixa_Etaria_trabalho,svyglm+regTermTest(LRT),5.421896558120096,"2, 169",0.8314378255252387,ns,0.9936646474916272,ns,465
Taxa_Subocupacao,Subocupação por Insuficiência de Horas,Micro_2210030,Micro 2210030,Raca,Cor ou Raça,Raca,svyglm+regTermTest(LRT),2.182003342917156,"3, 199",0.8322497938134188,ns,0.9990773092975824,ns,375
Taxa_Informalidade,Taxa de Informalidade,Micro_2253021,Micro 2253021,Sexo,Sexo,Sexo,svyglm+regTermTest(LRT),1.7843016669317038,"1, 20",0.8342553197567103,ns,0.902676609534366,ns,30
Proporcao_Ocupados_Escolarizados,Ocupados com Ensino Médio Completo ou Mais,Micro_2251012,Micro 2251012,Raca,Cor ou Raça,Raca,svyglm+regTermTest(LRT),4.813410538878998,"3, 136",0.83458107020374,ns,0.987085342456344,ns,212
Conribuintes_Desocupados,Responsáveis ou Cônjuges Desocupados,Micro_2253011,Micro 2253011,Raca,Cor ou Raça,Raca,svyglm+regTermTest(LRT),2.508497804358246,"2, 14",0.8358418413187643,ns,0.9987236881883887,ns,15
Taxa_Informalidade,Taxa de Informalidade,Micro_2253022,Micro 2253022,Instrucao_agregado,Grau de Instrução (dicotomizado),Instrucao,svyglm+regTermTest(LRT),3.162661101952473,"1, 21",0.8360082242404887,ns,0.8412772398216858,ns,31
Taxa_Informalidade,Taxa de Informalidade,Micro_2252021,Micro 2252021,Faixa_Etaria_trabalho,Faixa Etária,Faixa_Etaria_trabalho,svyglm+regTermTest(LRT),2.5518483560920657,"2, 34",0.8367396618260555,ns,0.9975638230714124,ns,55
Taxa_Desocupacao,Taxa de Desocupação,Micro_2253010,Micro 2253010,Raca,Cor ou Raça,Raca,svyglm+regTermTest(LRT),2.085817393085378,"2, 40",0.838492661503395,ns,0.9985316607995184,ns,69
Taxa_Desocupacao,Taxa de Desocupação,Micro_2210020,Micro 2210020,Raca,Cor ou Raça,Raca,svyglm+regTermTest(LRT),2.455839239070542,"2, 111",0.838627516039225,ns,0.9985316607995184,ns,182
Conribuintes_Desocupados,Responsáveis ou Cônjuges Desocupados,Zona_Rural,Zona Rural,Instrucao,Grau de Instrução (detalhado),VD3004,svyglm+regTermTest(LRT),46.79131751316976,"6, 141",0.8389280634141068,ns,0.9995455727694298,ns,158
Desalentados_Fora_Forca,Desalentados Fora da Força de Trabalho,Micro_2253010,Micro 2253010,Instrucao_agregado,Grau de Instrução (dicotomizado),Instrucao,svyglm+regTermTest(LRT),1.6981751660066848,"1, 29",0.8390211386371298,ns,0.93420427828532,ns,47
Chefes_Familia_Desocupados,Pessoas Responsáveis pelo Domicílio Desocupadas,Micro_2253011,Micro 2253011,Sexo,Sexo,Sexo,svyglm+regTermTest(LRT),1.8240269135739844,"1, 14",0.83967194512603,ns,0.9934099404760612,ns,15
Taxa_Subocupacao,Subocupação por Insuficiência de Horas,"Admin_Resto da UF  (Unidade da Federação, excluindo a região metropolitana e a RIDE)","Resto da UF  (Unidade da Federação, excluindo a região metropolitana e a RIDE)",Sexo,Sexo,Sexo,svyglm+regTermTest(LRT),0.06107662387967139,"1, 199",0.8398586670954883,ns,0.976510758462637,ns,2543
Conribuintes_Desocupados,Responsáveis ou Cônjuges Desocupados,Micro_2210013,Micro 2210013,Instrucao,Grau de Instrução (detalhado),VD3004,svyglm+regTermTest(LRT),3.531438951107109,"2, 9",0.8399037485186772,ns,0.9995455727694298,ns,11
Taxa_Nem_Nem,Taxa de Nem-Nem (14 a 29 anos),Micro_2253011,Micro 2253011,Instrucao_agregado,Grau de Instrução (dicotomizado),Instrucao,svyglm+regTermTest(LRT),1.991337828031604,"1, 75",0.8406815679826807,ns,0.99422357080985,ns,97
Chefes_Familia_Desocupados,Pessoas Responsáveis pelo Domicílio Desocupadas,Micro_2251012,Micro 2251012,Instrucao_agregado,Grau de Instrução (dicotomizado),Instrucao,svyglm+regTermTest(LRT),3.100497898004093,"1, 11",0.8408860548132658,ns,0.9642691754869104,ns,15
Desalentados_Forca_Ampliada,Desalentados na Força de Trabalho Ampliada,Micro_2220020,Micro 2220020,Faixa_Etaria_trabalho,Faixa Etária,Faixa_Etaria_trabalho,svyglm+regTermTest(LRT),2.5280242642977697,"2, 199",0.8412770604044596,ns,0.9989643649973602,ns,601
Taxa_Informalidade,Taxa de Informalidade,Micro_2253021,Micro 2253021,Instrucao_agregado,Grau de Instrução (dicotomizado),Instrucao,svyglm+regTermTest(LRT),18.558113958583196,"1, 20",0.8412772398216858,ns,0.8412772398216858,ns,30
Percentual_Subremuneracao,Subremuneração (abaixo do salário-mínimo/hora),Micro_2252020,Micro 2252020,Faixa_Etaria_trabalho,Faixa Etária,Faixa_Etaria_trabalho,svyglm+regTermTest(LRT),0.8772712970201155,"2, 199",0.8423913817492223,ns,0.9936646474916272,ns,847
Chefes_Familia_Desocupados,Pessoas Responsáveis pelo Domicílio Desocupadas,Micro_2254020,Micro 2254020,Raca,Cor ou Raça,Raca,svyglm+regTermTest(LRT),3.625446033846132,"2, 9",0.8441685432252692,ns,0.9985484971744664,ns,10
Taxa_Desocupacao,Taxa de Desocupação,Micro_2251012,Micro 2251012,Instrucao_agregado,Grau de Instrução (dicotomizado),Instrucao,svyglm+regTermTest(LRT),1.2530580688290485,"1, 144",0.8441721604018672,ns,0.9705751947876652,ns,227
Taxa_Informalidade,Taxa de Informalidade,Micro_2210012,Micro 2210012,Faixa_Etaria_trabalho,Faixa Etária,Faixa_Etaria_trabalho,svyglm+regTermTest(LRT),1.8315074806715756,"2, 177",0.8463736287017081,ns,0.9975638230714124,ns,304
Rendimento_Formal,Rendimento Médio — Setor Formal,Micro_2252021,Micro 2252021,Instrucao_agregado,Grau de Instrução (dicotomizado),Instrucao,svyglm+regTermTest(LRT),22442.163926709443,"1, 46",0.8475105627590521,ns,0.8550643490923863,ns,109
Chefes_Familia_Desocupados,Pessoas Responsáveis pelo Domicílio Desocupadas,Micro_2253012,Micro 2253012,Instrucao_agregado,Grau de Instrução (dicotomizado),Instrucao,svyglm+regTermTest(LRT),2.3734312180082995,"1, 18",0.8483248477173969,ns,0.9642691754869104,ns,21
Motivo_Desistencia_Desalentado,Motivo da Desistência (Desalentados),Micro_2251021,Micro 2251021,Raca,Cor ou Raça,Raca,svychisq,0.03648887621214453,"1, 17",0.8507721936198821,ns,0.8507721936198821,ns,27
Conribuintes_Desocupados,Responsáveis ou Cônjuges Desocupados,Micro_2253020,Micro 2253020,Sexo,Sexo,Sexo,svyglm+regTermTest(LRT),2.31280057465764,"1, 18",0.8511780514313225,ns,0.9934099404760612,ns,21
Percentual_Subremuneracao,Subremuneração (abaixo do salário-mínimo/hora),Micro_2210012,Micro 2210012,Instrucao,Grau de Instrução (detalhado),VD3004,svyglm+regTermTest(LRT),46.57968432125412,"6, 199",0.8520320979976121,ns,0.9978795185745344,ns,636
Chefes_Familia_Desocupados,Pessoas Responsáveis pelo Domicílio Desocupadas,Micro_2253011,Micro 2253011,Faixa_Etaria_trabalho,Faixa Etária,Faixa_Etaria_trabalho,svyglm+regTermTest(LRT),2.4326958098177904,"1, 14",0.8521620958131579,ns,0.962361002629406,ns,15
Taxa_Informalidade,Taxa de Informalidade,Micro_2252022,Micro 2252022,Sexo,Sexo,Sexo,svyglm+regTermTest(LRT),0.7956877817332888,"1, 16",0.8525279090046791,ns,0.902676609534366,ns,21
Percentual_Subremuneracao,Subremuneração (abaixo do salário-mínimo/hora),Micro_2210030,Micro 2210030,Instrucao,Grau de Instrução (detalhado),VD3004,svyglm+regTermTest(LRT),39.07424230953393,"6, 199",0.852545664672918,ns,0.9978795185745344,ns,882
Conribuintes_Desocupados,Responsáveis ou Cônjuges Desocupados,Micro_2251013,Micro 2251013,Raca,Cor ou Raça,Raca,svyglm+regTermTest(LRT),3.2364539992511396,"2, 14",0.8532700366617603,ns,0.9987236881883887,ns,17
Desalentados_Fora_Forca,Desalentados Fora da Força de Trabalho,Micro_2252020,Micro 2252020,Raca,Cor ou Raça,Raca,svyglm+regTermTest(LRT),1.366153319381283,"3, 199",0.853437196329068,ns,0.9962100251261198,ns,424
Rendimento_Informal,Rendimento Médio — Setor Informal,Micro_2251021,Micro 2251021,Instrucao_agregado,Grau de Instrução (dicotomizado),Instrucao,svyglm+regTermTest(LRT),39090.74243359268,"1, 28",0.853574327134528,ns,0.853574327134528,ns,38
Taxa_Nem_Nem,Taxa de Nem-Nem (14 a 29 anos),Micro_2210013,Micro 2210013,Raca,Cor ou Raça,Raca,svyglm+regTermTest(LRT),1.9071819333479851,"2, 60",0.8544371866154967,ns,0.997919623009068,ns,81
Taxa_Nem_Nem,Taxa de Nem-Nem (14 a 29 anos),Micro_2210030,Micro 2210030,Raca,Cor ou Raça,Raca,svyglm+regTermTest(LRT),0.28262600700020357,"2, 152",0.8546523516176219,ns,0.997919623009068,ns,226
Rendimento_Formal,Rendimento Médio — Setor Formal,Micro_2252020,Micro 2252020,Instrucao_agregado,Grau de Instrução (dicotomizado),Instrucao,svyglm+regTermTest(LRT),46792.05617631972,"1, 199",0.8550643490923863,ns,0.8550643490923863,ns,671
Percentual_Subremuneracao,Subremuneração (abaixo do salário-mínimo/hora),Micro_2253022,Micro 2253022,Instrucao_agregado,Grau de Instrução (dicotomizado),Instrucao,svyglm+regTermTest(LRT),3.2134077289222063,"1, 36",0.855695635188504,ns,0.8801440819081755,ns,97
Desalentados_Forca_Ampliada,Desalentados na Força de Trabalho Ampliada,Micro_2253022,Micro 2253022,Raca,Cor ou Raça,Raca,svyglm+regTermTest(LRT),1.067668961539944,"2, 36",0.8565734827202065,ns,1,ns,97
Desalentados_Fora_Forca,Desalentados Fora da Força de Trabalho,"Admin_Resto da RIDE (Região Integrada de Desenvolvimento Econômico, excluindo a capital)","Resto da RIDE (Região Integrada de Desenvolvimento Econômico, excluindo a capital)",Sexo,Sexo,Sexo,svyglm+regTermTest(LRT),1.004751455357848,"1, 199",0.8568707914622631,ns,0.9788503241740312,ns,568
Desalentados_Fora_Forca,Desalentados Fora da Força de Trabalho,Agreg_Entorno metropolitano de Teresina (PI),Entorno metropolitano de Teresina (PI),Sexo,Sexo,Sexo,svyglm+regTermTest(LRT),1.004751455357848,"1, 199",0.8568707914622631,ns,0.9788503241740312,ns,568
Chefes_Familia_Desocupados,Pessoas Responsáveis pelo Domicílio Desocupadas,Admin_Capital,Capital,Instrucao,Grau de Instrução (detalhado),VD3004,svyglm+regTermTest(LRT),11.194749716807962,"5, 145",0.8576706965762346,ns,0.9986172915493704,ns,164
Chefes_Familia_Desocupados,Pessoas Responsáveis pelo Domicílio Desocupadas,Agreg_Teresina,Teresina,Instrucao,Grau de Instrução (detalhado),VD3004,svyglm+regTermTest(LRT),11.194749716807962,"5, 145",0.8576706965762346,ns,0.9986172915493704,ns,164
Percentual_Subremuneracao,Subremuneração (abaixo do salário-mínimo/hora),Micro_2252022,Micro 2252022,Sexo,Sexo,Sexo,svyglm+regTermTest(LRT),0.6804640859992261,"1, 39",0.8577335714486194,ns,0.9515605662129109,ns,110
Taxa_Informalidade,Taxa de Informalidade,Micro_2252013,Micro 2252013,Faixa_Etaria_trabalho,Faixa Etária,Faixa_Etaria_trabalho,svyglm+regTermTest(LRT),2.3284548066083346,"2, 107",0.8583763816105661,ns,0.9975638230714124,ns,171
Taxa_Desocupacao,Taxa de Desocupação,Micro_2253022,Micro 2253022,Sexo,Sexo,Sexo,svyglm+regTermTest(LRT),2.4775302504497496,"1, 21",0.8595146944810707,ns,0.97658154070687,ns,34
Taxa_Subocupacao,Subocupação por Insuficiência de Horas,Micro_2253012,Micro 2253012,Sexo,Sexo,Sexo,svyglm+regTermTest(LRT),1.1687388156397418,"1, 113",0.8599528620964447,ns,0.976510758462637,ns,173
Desalentados_Forca_Ampliada,Desalentados na Força de Trabalho Ampliada,Micro_2251022,Micro 2251022,Instrucao_agregado,Grau de Instrução (dicotomizado),Instrucao,svyglm+regTermTest(LRT),0.682276799787374,"1, 51",0.8600125842953779,ns,0.9992325195593166,ns,163
Rendimento_Informal,Rendimento Médio — Setor Informal,Micro_2252011,Micro 2252011,Faixa_Etaria_trabalho,Faixa Etária,Faixa_Etaria_trabalho,svyglm+regTermTest(LRT),138189.2014746815,"2, 84",0.8604447626599042,ns,0.8604447626599042,ns,107
Percentual_Subremuneracao,Subremuneração (abaixo do salário-mínimo/hora),Micro_2251011,Micro 2251011,Faixa_Etaria_trabalho,Faixa Etária,Faixa_Etaria_trabalho,svyglm+regTermTest(LRT),2.3730228159971887,"2, 188",0.8612051286061424,ns,0.9936646474916272,ns,523
Desalentados_Forca_Ampliada,Desalentados na Força de Trabalho Ampliada,Micro_2253010,Micro 2253010,Sexo,Sexo,Sexo,svyglm+regTermTest(LRT),1.1504698972451806,"1, 48",0.8612146107586576,ns,0.9768465916585136,ns,152
Desalentados_Forca_Ampliada,Desalentados na Força de Trabalho Ampliada,Micro_2210011,Micro 2210011,Faixa_Etaria_trabalho,Faixa Etária,Faixa_Etaria_trabalho,svyglm+regTermTest(LRT),1.787533422389501,"2, 199",0.8618609960937264,ns,0.9989643649973602,ns,1931
Percentual_Subremuneracao,Subremuneração (abaixo do salário-mínimo/hora),Micro_2210020,Micro 2210020,Faixa_Etaria_trabalho,Faixa Etária,Faixa_Etaria_trabalho,svyglm+regTermTest(LRT),2.069843126921768,"2, 147",0.8641306988992004,ns,0.9936646474916272,ns,475
Chefes_Familia_Desocupados,Pessoas Responsáveis pelo Domicílio Desocupadas,Micro_2253020,Micro 2253020,Sexo,Sexo,Sexo,svyglm+regTermTest(LRT),2.9292742346686502,"1, 18",0.8644540593082815,ns,0.9934099404760612,ns,21
Percentual_Subremuneracao,Subremuneração (abaixo do salário-mínimo/hora),Micro_2251013,Micro 2251013,Faixa_Etaria_trabalho,Faixa Etária,Faixa_Etaria_trabalho,svyglm+regTermTest(LRT),3.051258062047765,"2, 152",0.8651295886961659,ns,0.9936646474916272,ns,408
Desalentados_Forca_Ampliada,Desalentados na Força de Trabalho Ampliada,Micro_2210030,Micro 2210030,Instrucao_agregado,Grau de Instrução (dicotomizado),Instrucao,svyglm+regTermTest(LRT),1.915983839423518,"1, 199",0.8663604760419913,ns,0.9992325195593166,ns,882
Taxa_Nem_Nem,Taxa de Nem-Nem (14 a 29 anos),Micro_2253022,Micro 2253022,Raca,Cor ou Raça,Raca,svyglm+regTermTest(LRT),1.217922512105318,"2, 12",0.8665731564941843,ns,0.997919623009068,ns,21
Taxa_Desocupacao,Taxa de Desocupação,Micro_2220010,Micro 2220010,Instrucao_agregado,Grau de Instrução (dicotomizado),Instrucao,svyglm+regTermTest(LRT),0.416839921191297,"1, 195",0.8666630282212746,ns,0.9705751947876652,ns,340
Taxa_Informalidade,Taxa de Informalidade,Zona_Urbana,Zona Urbana,Raca,Cor ou Raça,Raca,svyglm+regTermTest(LRT),14.907174708579078,"4, 199",0.8670778928140634,ns,0.9972127901540696,ns,3692
Percentual_Subremuneracao,Subremuneração (abaixo do salário-mínimo/hora),Micro_2220010,Micro 2220010,Faixa_Etaria_trabalho,Faixa Etária,Faixa_Etaria_trabalho,svyglm+regTermTest(LRT),1.9063109601415815,"2, 199",0.867185729480927,ns,0.9936646474916272,ns,723
Chefes_Familia_Desocupados,Pessoas Responsáveis pelo Domicílio Desocupadas,Micro_2251013,Micro 2251013,Raca,Cor ou Raça,Raca,svyglm+regTermTest(LRT),1.190330791491114,"2, 14",0.867423057056087,ns,0.9985484971744664,ns,17
Chefes_Familia_Desocupados,Pessoas Responsáveis pelo Domicílio Desocupadas,Micro_2220010,Micro 2220010,Faixa_Etaria_trabalho,Faixa Etária,Faixa_Etaria_trabalho,svyglm+regTermTest(LRT),0.02550857835165487,"1, 37",0.867617601950406,ns,0.962361002629406,ns,41
Percentual_Subremuneracao,Subremuneração (abaixo do salário-mínimo/hora),Micro_2252022,Micro 2252022,Raca,Cor ou Raça,Raca,svyglm+regTermTest(LRT),2.935388736298563,"2, 39",0.8676695427051628,ns,0.9833588150658512,ns,110
Taxa_Desocupacao,Taxa de Desocupação,Zona_Rural,Zona Rural,Instrucao,Grau de Instrução (detalhado),VD3004,svyglm+regTermTest(LRT),17.03438210362924,"6, 199",0.867708468396538,ns,1,ns,1427
Desalentados_Fora_Forca,Desalentados Fora da Força de Trabalho,Micro_2251021,Micro 2251021,Instrucao_agregado,Grau de Instrução (dicotomizado),Instrucao,svyglm+regTermTest(LRT),0.5372674991249653,"1, 65",0.8682421865455616,ns,0.93420427828532,ns,128
Taxa_Subocupacao,Subocupação por Insuficiência de Horas,Zona_Rural,Zona Rural,Instrucao,Grau de Instrução (detalhado),VD3004,svyglm+regTermTest(LRT),3.919337546665247,"6, 199",0.8687012178606464,ns,0.9999744227827811,ns,1269
Conribuintes_Desocupados,Responsáveis ou Cônjuges Desocupados,Micro_2210020,Micro 2210020,Raca,Cor ou Raça,Raca,svyglm+regTermTest(LRT),1.187207750092771,"1, 16",0.8688497393006913,ns,0.9987236881883887,ns,19
Desalentados_Fora_Forca,Desalentados Fora da Força de Trabalho,Micro_2210013,Micro 2210013,Faixa_Etaria_trabalho,Faixa Etária,Faixa_Etaria_trabalho,svyglm+regTermTest(LRT),1.2150630173214552,"2, 86",0.8689267641629668,ns,0.993985788596234,ns,132
Taxa_Desocupacao,Taxa de Desocupação,Micro_2253011,Micro 2253011,Sexo,Sexo,Sexo,svyglm+regTermTest(LRT),1.4598632615092555,"1, 131",0.8695833990415135,ns,0.97658154070687,ns,214
Rendimento_Medio_Habitual,Rendimento Médio Habitual,Micro_2251020,Micro 2251020,Sexo,Sexo,Sexo,svyglm+regTermTest(LRT),59171.79469841719,"1, 199",0.8697711840792197,ns,0.8946217893386259,ns,849
Conribuintes_Desocupados,Responsáveis ou Cônjuges Desocupados,Micro_2252012,Micro 2252012,Instrucao,Grau de Instrução (detalhado),VD3004,svyglm+regTermTest(LRT),1.8786933045187713,"2, 6",0.8709907013452661,ns,0.9995455727694298,ns,8
Desalentados_Fora_Forca,Desalentados Fora da Força de Trabalho,Micro_2251022,Micro 2251022,Instrucao_agregado,Grau de Instrução (dicotomizado),Instrucao,svyglm+regTermTest(LRT),0.6676834473769446,"1, 41",0.8721044403927587,ns,0.93420427828532,ns,76
Rendimento_Informal,Rendimento Médio — Setor Informal,Micro_2253021,Micro 2253021,Sexo,Sexo,Sexo,svyglm+regTermTest(LRT),4327.815603788942,"1, 17",0.8722490935279847,ns,0.973207417252848,ns,21
Percentual_Subremuneracao,Subremuneração (abaixo do salário-mínimo/hora),Micro_2251012,Micro 2251012,Sexo,Sexo,Sexo,svyglm+regTermTest(LRT),0.03250233384920875,"1, 189",0.8722638523618349,ns,0.9515605662129109,ns,482
Taxa_Informalidade,Taxa de Informalidade,Micro_2220010,Micro 2220010,Faixa_Etaria_trabalho,Faixa Etária,Faixa_Etaria_trabalho,svyglm+regTermTest(LRT),1.560650827753193,"2, 179",0.8735074156853093,ns,0.9975638230714124,ns,299
Taxa_Nem_Nem,Taxa de Nem-Nem (14 a 29 anos),Micro_2253022,Micro 2253022,Instrucao_agregado,Grau de Instrução (dicotomizado),Instrucao,svyglm+regTermTest(LRT),1.8995449223026777,"1, 12",0.8738250914619617,ns,0.99422357080985,ns,21
Taxa_Subocupacao,Subocupação por Insuficiência de Horas,Micro_2252012,Micro 2252012,Instrucao_agregado,Grau de Instrução (dicotomizado),Instrucao,svyglm+regTermTest(LRT),0.20571532109204327,"1, 145",0.8739686489707663,ns,0.9910093246821124,ns,222
Taxa_Subocupacao,Subocupação por Insuficiência de Horas,Micro_2220020,Micro 2220020,Faixa_Etaria_trabalho,Faixa Etária,Faixa_Etaria_trabalho,svyglm+regTermTest(LRT),2.391496381425526,"2, 108",0.8740912363487959,ns,0.9889709240339484,ns,155
Desalentados_Forca_Ampliada,Desalentados na Força de Trabalho Ampliada,Micro_2220020,Micro 2220020,Sexo,Sexo,Sexo,svyglm+regTermTest(LRT),1.2272646286020574,"1, 199",0.8743092125812144,ns,0.9768465916585136,ns,601
Desalentados_Forca_Ampliada,Desalentados na Força de Trabalho Ampliada,Micro_2251011,Micro 2251011,Faixa_Etaria_trabalho,Faixa Etária,Faixa_Etaria_trabalho,svyglm+regTermTest(LRT),6.26281487476723,"2, 188",0.875947332203349,ns,0.9989643649973602,ns,523
Desalentados_Fora_Forca,Desalentados Fora da Força de Trabalho,Micro_2253021,Micro 2253021,Raca,Cor ou Raça,Raca,svyglm+regTermTest(LRT),1.7271041291484224,"2, 32",0.8761617546258184,ns,0.9962100251261198,ns,56
Taxa_Subocupacao,Subocupação por Insuficiência de Horas,Micro_2253012,Micro 2253012,Faixa_Etaria_trabalho,Faixa Etária,Faixa_Etaria_trabalho,svyglm+regTermTest(LRT),0.91990492448231,"2, 113",0.8767563991894277,ns,0.9889709240339484,ns,173
Taxa_Desocupacao,Taxa de Desocupação,Micro_2251012,Micro 2251012,Sexo,Sexo,Sexo,svyglm+regTermTest(LRT),0.2427788349640565,"1, 144",0.8775804630583919,ns,0.97658154070687,ns,227
Desalentados_Forca_Ampliada,Desalentados na Força de Trabalho Ampliada,Micro_2253022,Micro 2253022,Faixa_Etaria_trabalho,Faixa Etária,Faixa_Etaria_trabalho,svyglm+regTermTest(LRT),1.5096115176586269,"2, 36",0.877819537061193,ns,0.9989643649973602,ns,97
Desalentados_Forca_Ampliada,Desalentados na Força de Trabalho Ampliada,Micro_2254020,Micro 2254020,Raca,Cor ou Raça,Raca,svyglm+regTermTest(LRT),2.078836722248866,"2, 104",0.8786683446636061,ns,1,ns,320
Desalentados_Forca_Ampliada,Desalentados na Força de Trabalho Ampliada,Micro_2252021,Micro 2252021,Sexo,Sexo,Sexo,svyglm+regTermTest(LRT),0.8065365497743358,"1, 51",0.8798798260789955,ns,0.9768465916585136,ns,151
Taxa_Nem_Nem,Taxa de Nem-Nem (14 a 29 anos),Micro_2253021,Micro 2253021,Instrucao_agregado,Grau de Instrução (dicotomizado),Instrucao,svyglm+regTermTest(LRT),2.1602961529280265,"1, 16",0.8812757190528838,ns,0.99422357080985,ns,23
Desalentados_Forca_Ampliada,Desalentados na Força de Trabalho Ampliada,Micro_2210013,Micro 2210013,Faixa_Etaria_trabalho,Faixa Etária,Faixa_Etaria_trabalho,svyglm+regTermTest(LRT),0.806698910017591,"2, 145",0.8813052158930738,ns,0.9989643649973602,ns,410
Taxa_Desocupacao,Taxa de Desocupação,Micro_2253021,Micro 2253021,Faixa_Etaria_trabalho,Faixa Etária,Faixa_Etaria_trabalho,svyglm+regTermTest(LRT),2.6926322044002617,"2, 25",0.8837907971454266,ns,0.9352312535135264,ns,36
Taxa_Desocupacao,Taxa de Desocupação,Micro_2253022,Micro 2253022,Raca,Cor ou Raça,Raca,svyglm+regTermTest(LRT),1.023643518233996,"2, 21",0.8846621659507005,ns,0.9985316607995184,ns,34
Desalentados_Fora_Forca,Desalentados Fora da Força de Trabalho,Micro_2252013,Micro 2252013,Sexo,Sexo,Sexo,svyglm+regTermTest(LRT),0.5300528937612228,"1, 85",0.8847866189123724,ns,0.9788503241740312,ns,134
Chefes_Familia_Desocupados,Pessoas Responsáveis pelo Domicílio Desocupadas,Micro_2253011,Micro 2253011,Instrucao_agregado,Grau de Instrução (dicotomizado),Instrucao,svyglm+regTermTest(LRT),1.765860550778665,"1, 14",0.8848999748023678,ns,0.9642691754869104,ns,15
Percentual_Subremuneracao,Subremuneração (abaixo do salário-mínimo/hora),Micro_2251012,Micro 2251012,Instrucao,Grau de Instrução (detalhado),VD3004,svyglm+regTermTest(LRT),53.949186561914416,"6, 189",0.8849292785244272,ns,0.9978795185745344,ns,482
Desalentados_Forca_Ampliada,Desalentados na Força de Trabalho Ampliada,Micro_2253021,Micro 2253021,Faixa_Etaria_trabalho,Faixa Etária,Faixa_Etaria_trabalho,svyglm+regTermTest(LRT),3.363304773413887,"2, 36",0.8860554042263556,ns,0.9989643649973602,ns,112
Chefes_Familia_Desocupados,Pessoas Responsáveis pelo Domicílio Desocupadas,Micro_2253020,Micro 2253020,Instrucao_agregado,Grau de Instrução (dicotomizado),Instrucao,svyglm+regTermTest(LRT),0.9686298346283913,"1, 18",0.8861685275889443,ns,0.9642691754869104,ns,21
Conribuintes_Desocupados,Responsáveis ou Cônjuges Desocupados,Micro_2252013,Micro 2252013,Sexo,Sexo,Sexo,svyglm+regTermTest(LRT),1.2043119553936226,"1, 11",0.886720725136299,ns,0.9934099404760612,ns,12
Taxa_Subocupacao,Subocupação por Insuficiência de Horas,Agreg_Baixo Parnaíba do Piauí,Baixo Parnaíba do Piauí,Instrucao,Grau de Instrução (detalhado),VD3004,svyglm+regTermTest(LRT),16.488122341808776,"6, 199",0.8873923821291945,ns,0.9999744227827811,ns,919
Taxa_Nem_Nem,Taxa de Nem-Nem (14 a 29 anos),Micro_2210011,Micro 2210011,Instrucao,Grau de Instrução (detalhado),VD3004,svyglm+regTermTest(LRT),45.57243798668753,"6, 199",0.887450638586869,ns,0.9996492885327808,ns,449
Taxa_Nem_Nem,Taxa de Nem-Nem (14 a 29 anos),Micro_2253021,Micro 2253021,Sexo,Sexo,Sexo,svyglm+regTermTest(LRT),2.9179647136494857,"1, 16",0.8877431397638115,ns,0.9684470615605216,ns,23
Taxa_Nem_Nem,Taxa de Nem-Nem (14 a 29 anos),Micro_2251013,Micro 2251013,Instrucao_agregado,Grau de Instrução (dicotomizado),Instrucao,svyglm+regTermTest(LRT),0.36694930144801674,"1, 72",0.887837108798683,ns,0.99422357080985,ns,97
Desalentados_Forca_Ampliada,Desalentados na Força de Trabalho Ampliada,Micro_2253021,Micro 2253021,Raca,Cor ou Raça,Raca,svyglm+regTermTest(LRT),1.388048879358955,"2, 36",0.8879156289095045,ns,1,ns,112
Taxa_Desocupacao,Taxa de Desocupação,Micro_2251021,Micro 2251021,Faixa_Etaria_trabalho,Faixa Etária,Faixa_Etaria_trabalho,svyglm+regTermTest(LRT),0.9906910141133878,"2, 39",0.887969090620139,ns,0.9352312535135264,ns,58
Chefes_Familia_Desocupados,Pessoas Responsáveis pelo Domicílio Desocupadas,Micro_2253012,Micro 2253012,Faixa_Etaria_trabalho,Faixa Etária,Faixa_Etaria_trabalho,svyglm+regTermTest(LRT),0.30754883935756894,"1, 18",0.8883332331963749,ns,0.962361002629406,ns,21
Conribuintes_Desocupados,Responsáveis ou Cônjuges Desocupados,Micro_2252020,Micro 2252020,Instrucao_agregado,Grau de Instrução (dicotomizado),Instrucao,svyglm+regTermTest(LRT),1.6742338122894225,"1, 18",0.8884174278887963,ns,0.9785393978043522,ns,20
Desalentados_Forca_Ampliada,Desalentados na Força de Trabalho Ampliada,Micro_2251022,Micro 2251022,Raca,Cor ou Raça,Raca,svyglm+regTermTest(LRT),2.7502855358663254,"2, 51",0.8884819480266276,ns,1,ns,163
Taxa_Subocupacao,Subocupação por Insuficiência de Horas,Micro_2253022,Micro 2253022,Instrucao_agregado,Grau de Instrução (dicotomizado),Instrucao,svyglm+regTermTest(LRT),1.0427444649205668,"1, 21",0.8887526521219832,ns,0.9910093246821124,ns,31
Conribuintes_Desocupados,Responsáveis ou Cônjuges Desocupados,Micro_2220010,Micro 2220010,Raca,Cor ou Raça,Raca,svyglm+regTermTest(LRT),0.8459130378871293,"2, 37",0.8890420851120556,ns,0.9987236881883887,ns,41
Taxa_Subocupacao,Subocupação por Insuficiência de Horas,Micro_2251021,Micro 2251021,Faixa_Etaria_trabalho,Faixa Etária,Faixa_Etaria_trabalho,svyglm+regTermTest(LRT),1.4971169317612691,"2, 38",0.8898240777384299,ns,0.9889709240339484,ns,54
Taxa_Subocupacao,Subocupação por Insuficiência de Horas,Micro_2251011,Micro 2251011,Raca,Cor ou Raça,Raca,svyglm+regTermTest(LRT),7.980522516705889,"2, 129",0.8900985931114148,ns,0.9990773092975824,ns,198
Taxa_Nem_Nem,Taxa de Nem-Nem (14 a 29 anos),Micro_2251021,Micro 2251021,Raca,Cor ou Raça,Raca,svyglm+regTermTest(LRT),8.24093006874962,"2, 36",0.891143789247898,ns,0.997919623009068,ns,62
Desalentados_Fora_Forca,Desalentados Fora da Força de Trabalho,Agreg_Baixo Parnaíba do Piauí,Baixo Parnaíba do Piauí,Raca,Cor ou Raça,Raca,svyglm+regTermTest(LRT),0.3327785414065829,"3, 199",0.8913600737591814,ns,0.9962100251261198,ns,1113
Desalentados_Forca_Ampliada,Desalentados na Força de Trabalho Ampliada,Admin_Capital,Capital,Faixa_Etaria_trabalho,Faixa Etária,Faixa_Etaria_trabalho,svyglm+regTermTest(LRT),3.77048632776544,"2, 199",0.8918756262407811,ns,0.9989643649973602,ns,4334
Desalentados_Forca_Ampliada,Desalentados na Força de Trabalho Ampliada,Agreg_Teresina,Teresina,Faixa_Etaria_trabalho,Faixa Etária,Faixa_Etaria_trabalho,svyglm+regTermTest(LRT),3.77048632776544,"2, 199",0.8918756262407811,ns,0.9989643649973602,ns,4334
Desalentados_Fora_Forca,Desalentados Fora da Força de Trabalho,Micro_2254020,Micro 2254020,Raca,Cor ou Raça,Raca,svyglm+regTermTest(LRT),1.655232729607988,"2, 73",0.8919041384763922,ns,0.9962100251261198,ns,138
Desalentados_Forca_Ampliada,Desalentados na Força de Trabalho Ampliada,Micro_2252020,Micro 2252020,Raca,Cor ou Raça,Raca,svyglm+regTermTest(LRT),0.9717554321747456,"3, 199",0.891969976954773,ns,1,ns,847
Desalentados_Fora_Forca,Desalentados Fora da Força de Trabalho,Micro_2252021,Micro 2252021,Faixa_Etaria_trabalho,Faixa Etária,Faixa_Etaria_trabalho,svyglm+regTermTest(LRT),2.0286905670233466,"2, 39",0.8920850715094697,ns,0.993985788596234,ns,61
Taxa_Informalidade,Taxa de Informalidade,Micro_2253020,Micro 2253020,Raca,Cor ou Raça,Raca,svyglm+regTermTest(LRT),11.59276177394358,"2, 94",0.8923195454762806,ns,0.9972127901540696,ns,121
Rendimento_Formal,Rendimento Médio — Setor Formal,Micro_2253020,Micro 2253020,Faixa_Etaria_trabalho,Faixa Etária,Faixa_Etaria_trabalho,svyglm+regTermTest(LRT),97918.2518941164,"1, 161",0.8924449915813409,ns,0.8924449915813409,ns,395
Desalentados_Forca_Ampliada,Desalentados na Força de Trabalho Ampliada,Micro_2252021,Micro 2252021,Faixa_Etaria_trabalho,Faixa Etária,Faixa_Etaria_trabalho,svyglm+regTermTest(LRT),1.8256124964749032,"2, 51",0.8931458614798916,ns,0.9989643649973602,ns,151
Chefes_Familia_Desocupados,Pessoas Responsáveis pelo Domicílio Desocupadas,Micro_2210020,Micro 2210020,Sexo,Sexo,Sexo,svyglm+regTermTest(LRT),1.5371304793576712,"1, 16",0.8935031020262956,ns,0.9934099404760612,ns,19
Desalentados_Forca_Ampliada,Desalentados na Força de Trabalho Ampliada,Micro_2252021,Micro 2252021,Instrucao_agregado,Grau de Instrução (dicotomizado),Instrucao,svyglm+regTermTest(LRT),1.0349225505775266,"1, 51",0.8935763530895199,ns,0.9992325195593166,ns,151
Desalentados_Fora_Forca,Desalentados Fora da Força de Trabalho,Micro_2252021,Micro 2252021,Instrucao_agregado,Grau de Instrução (dicotomizado),Instrucao,svyglm+regTermTest(LRT),1.1583209120137106,"1, 39",0.8949553326267963,ns,0.93420427828532,ns,61
Taxa_Desocupacao,Taxa de Desocupação,Micro_2251013,Micro 2251013,Instrucao_agregado,Grau de Instrução (dicotomizado),Instrucao,svyglm+regTermTest(LRT),1.5896135794940849,"1, 107",0.8951969241210715,ns,0.9705751947876652,ns,162
Motivo_Desistencia_Desalentado,Motivo da Desistência (Desalentados),Micro_2210020,Micro 2210020,Instrucao_agregado,Grau de Instrução (dicotomizado),Instrucao,svychisq,0.0179540351747844,"1, 6",0.8977898553124377,ns,0.8977898553124377,ns,9
Taxa_Subocupacao,Subocupação por Insuficiência de Horas,Micro_2210020,Micro 2210020,Instrucao_agregado,Grau de Instrução (dicotomizado),Instrucao,svyglm+regTermTest(LRT),0.8697456810428648,"1, 107",0.8980330208263335,ns,0.9910093246821124,ns,163
Desalentados_Fora_Forca,Desalentados Fora da Força de Trabalho,Micro_2253011,Micro 2253011,Sexo,Sexo,Sexo,svyglm+regTermTest(LRT),0.4935206824270182,"1, 112",0.8986365398510734,ns,0.9788503241740312,ns,166
Desalentados_Fora_Forca,Desalentados Fora da Força de Trabalho,Micro_2210020,Micro 2210020,Sexo,Sexo,Sexo,svyglm+regTermTest(LRT),0.9805082902141606,"1, 113",0.898937946922838,ns,0.9788503241740312,ns,196
Taxa_Subocupacao,Subocupação por Insuficiência de Horas,Micro_2251012,Micro 2251012,Raca,Cor ou Raça,Raca,svyglm+regTermTest(LRT),1.3804872018860976,"3, 136",0.8993255338652549,ns,0.9990773092975824,ns,212
Motivo_Desistencia_Desalentado,Motivo da Desistência (Desalentados),Micro_2253011,Micro 2253011,Faixa_Etaria_trabalho,Faixa Etária,Faixa_Etaria_trabalho,svychisq,0.01647932582750324,"1, 10",0.9003997472722336,ns,0.966384184592448,ns,17
Desalentados_Fora_Forca,Desalentados Fora da Força de Trabalho,Micro_2253011,Micro 2253011,Instrucao_agregado,Grau de Instrução (dicotomizado),Instrucao,svyglm+regTermTest(LRT),2.749731442455584,"1, 112",0.9004443671368378,ns,0.93420427828532,ns,166
Chefes_Familia_Desocupados,Pessoas Responsáveis pelo Domicílio Desocupadas,Micro_2251013,Micro 2251013,Instrucao_agregado,Grau de Instrução (dicotomizado),Instrucao,svyglm+regTermTest(LRT),1.2275859540701326,"1, 14",0.9004739131996544,ns,0.9642691754869104,ns,17
Percentual_Subremuneracao,Subremuneração (abaixo do salário-mínimo/hora),Micro_2252012,Micro 2252012,Raca,Cor ou Raça,Raca,svyglm+regTermTest(LRT),0.3109133042034955,"2, 192",0.9011914695870222,ns,0.988403547288992,ns,522
Desalentados_Fora_Forca,Desalentados Fora da Força de Trabalho,Micro_2253021,Micro 2253021,Faixa_Etaria_trabalho,Faixa Etária,Faixa_Etaria_trabalho,svyglm+regTermTest(LRT),2.548944136162781,"2, 32",0.901917791793279,ns,0.993985788596234,ns,56
Conribuintes_Desocupados,Responsáveis ou Cônjuges Desocupados,Micro_2251012,Micro 2251012,Faixa_Etaria_trabalho,Faixa Etária,Faixa_Etaria_trabalho,svyglm+regTermTest(LRT),1.2892080890862945,"1, 11",0.9019946590987472,ns,0.9422905618626904,ns,15
Conribuintes_Desocupados,Responsáveis ou Cônjuges Desocupados,Micro_2253011,Micro 2253011,Sexo,Sexo,Sexo,svyglm+regTermTest(LRT),0.5460675769673244,"1, 14",0.9021175144925389,ns,0.9934099404760612,ns,15
Desalentados_Fora_Forca,Desalentados Fora da Força de Trabalho,Micro_2252012,Micro 2252012,Instrucao_agregado,Grau de Instrução (dicotomizado),Instrucao,svyglm+regTermTest(LRT),0.975303556026052,"1, 125",0.9023590306000008,ns,0.93420427828532,ns,195
Taxa_Informalidade,Taxa de Informalidade,Micro_2253022,Micro 2253022,Sexo,Sexo,Sexo,svyglm+regTermTest(LRT),1.807560386267916,"1, 21",0.9023887092874991,ns,0.9160044115539744,ns,31
Taxa_Desocupacao,Taxa de Desocupação,Micro_2254020,Micro 2254020,Raca,Cor ou Raça,Raca,svyglm+regTermTest(LRT),6.13952847455657,"2, 76",0.9030731456647256,ns,0.9985316607995184,ns,136
Desalentados_Fora_Forca,Desalentados Fora da Força de Trabalho,Micro_2210020,Micro 2210020,Instrucao_agregado,Grau de Instrução (dicotomizado),Instrucao,svyglm+regTermTest(LRT),3.2064525066128056,"1, 113",0.9032971263993664,ns,0.93420427828532,ns,196
Desalentados_Fora_Forca,Desalentados Fora da Força de Trabalho,Micro_2210030,Micro 2210030,Instrucao_agregado,Grau de Instrução (dicotomizado),Instrucao,svyglm+regTermTest(LRT),1.1057847679212145,"1, 179",0.9033854496127546,ns,0.93420427828532,ns,273
Taxa_Desocupacao,Taxa de Desocupação,Micro_2210012,Micro 2210012,Sexo,Sexo,Sexo,svyglm+regTermTest(LRT),0.20199869049442043,"1, 180",0.9035483639531569,ns,0.97658154070687,ns,319
Taxa_Desocupacao,Taxa de Desocupação,Admin_Capital,Capital,Instrucao_agregado,Grau de Instrução (dicotomizado),Instrucao,svyglm+regTermTest(LRT),0.01921491714506373,"1, 199",0.9036435897222468,ns,0.9705751947876652,ns,2128
Taxa_Desocupacao,Taxa de Desocupação,Agreg_Teresina,Teresina,Instrucao_agregado,Grau de Instrução (dicotomizado),Instrucao,svyglm+regTermTest(LRT),0.01921491714506373,"1, 199",0.9036435897222468,ns,0.9705751947876652,ns,2128
Taxa_Desocupacao,Taxa de Desocupação,Micro_2210030,Micro 2210030,Raca,Cor ou Raça,Raca,svyglm+regTermTest(LRT),4.799167501309483,"3, 199",0.9041103257273132,ns,0.9985316607995184,ns,412
Conribuintes_Desocupados,Responsáveis ou Cônjuges Desocupados,Micro_2251011,Micro 2251011,Sexo,Sexo,Sexo,svyglm+regTermTest(LRT),1.1320793540272174,"1, 11",0.9041585820157176,ns,0.9934099404760612,ns,12
Percentual_Subremuneracao,Subremuneração (abaixo do salário-mínimo/hora),Micro_2253021,Micro 2253021,Instrucao_agregado,Grau de Instrução (dicotomizado),Instrucao,svyglm+regTermTest(LRT),4.853474843547396,"1, 36",0.9044756747039496,ns,0.9044756747039496,ns,112
Chefes_Familia_Desocupados,Pessoas Responsáveis pelo Domicílio Desocupadas,Micro_2251013,Micro 2251013,Sexo,Sexo,Sexo,svyglm+regTermTest(LRT),0.8101562101899233,"1, 14",0.9052807240998632,ns,0.9934099404760612,ns,17
Conribuintes_Desocupados,Responsáveis ou Cônjuges Desocupados,Admin_Capital,Capital,Instrucao,Grau de Instrução (detalhado),VD3004,svyglm+regTermTest(LRT),17.98355147768524,"5, 145",0.9060278115347769,ns,0.9995455727694298,ns,164
Conribuintes_Desocupados,Responsáveis ou Cônjuges Desocupados,Agreg_Teresina,Teresina,Instrucao,Grau de Instrução (detalhado),VD3004,svyglm+regTermTest(LRT),17.98355147768524,"5, 145",0.9060278115347769,ns,0.9995455727694298,ns,164
Desalentados_Fora_Forca,Desalentados Fora da Força de Trabalho,Micro_2252013,Micro 2252013,Instrucao_agregado,Grau de Instrução (dicotomizado),Instrucao,svyglm+regTermTest(LRT),0.8968021219596807,"1, 85",0.9075127274771682,ns,0.93420427828532,ns,134
Taxa_Desocupacao,Taxa de Desocupação,Micro_2253022,Micro 2253022,Faixa_Etaria_trabalho,Faixa Etária,Faixa_Etaria_trabalho,svyglm+regTermTest(LRT),2.204283731612925,"1, 21",0.9077244519395992,ns,0.9352312535135264,ns,34
Taxa_Desocupacao,Taxa de Desocupação,Micro_2253021,Micro 2253021,Raca,Cor ou Raça,Raca,svyglm+regTermTest(LRT),1.4384167396721992,"2, 25",0.9082871267131328,ns,0.9985316607995184,ns,36
Taxa_Desocupacao,Taxa de Desocupação,Micro_2251011,Micro 2251011,Sexo,Sexo,Sexo,svyglm+regTermTest(LRT),0.07845835886104169,"1, 133",0.9087072339025806,ns,0.97658154070687,ns,210
Taxa_Desocupacao,Taxa de Desocupação,Micro_2252011,Micro 2252011,Instrucao,Grau de Instrução (detalhado),VD3004,svyglm+regTermTest(LRT),9.211179895853633,"6, 136",0.9087524669460872,ns,1,ns,222
Desalentados_Forca_Ampliada,Desalentados na Força de Trabalho Ampliada,Micro_2252012,Micro 2252012,Instrucao_agregado,Grau de Instrução (dicotomizado),Instrucao,svyglm+regTermTest(LRT),0.7341397161493148,"1, 192",0.908762431272398,ns,0.9992325195593166,ns,522
Desalentados_Forca_Ampliada,Desalentados na Força de Trabalho Ampliada,Micro_2210030,Micro 2210030,Sexo,Sexo,Sexo,svyglm+regTermTest(LRT),0.9645005501868412,"1, 199",0.9090751426775652,ns,0.9768465916585136,ns,882
Conribuintes_Desocupados,Responsáveis ou Cônjuges Desocupados,Micro_2253012,Micro 2253012,Raca,Cor ou Raça,Raca,svyglm+regTermTest(LRT),0.6976159570250182,"2, 18",0.9110028794203248,ns,0.9987236881883887,ns,21
Desalentados_Fora_Forca,Desalentados Fora da Força de Trabalho,Micro_2220010,Micro 2220010,Sexo,Sexo,Sexo,svyglm+regTermTest(LRT),0.6230207611629908,"1, 170",0.9114862308083184,ns,0.9788503241740312,ns,269
Taxa_Subocupacao,Subocupação por Insuficiência de Horas,Micro_2210011,Micro 2210011,Faixa_Etaria_trabalho,Faixa Etária,Faixa_Etaria_trabalho,svyglm+regTermTest(LRT),0.9543451787768902,"2, 199",0.9118836905262432,ns,0.9889709240339484,ns,912
Chefes_Familia_Desocupados,Pessoas Responsáveis pelo Domicílio Desocupadas,Micro_2210013,Micro 2210013,Instrucao,Grau de Instrução (detalhado),VD3004,svyglm+regTermTest(LRT),1.4973798238334783,"2, 9",0.9119966987729932,ns,0.9986172915493704,ns,11
Chefes_Familia_Desocupados,Pessoas Responsáveis pelo Domicílio Desocupadas,Micro_2253010,Micro 2253010,Sexo,Sexo,Sexo,svyglm+regTermTest(LRT),1.9625436676692296,"1, 5",0.9126760272148317,ns,0.9934099404760612,ns,6
Proporcao_Ocupados_Escolarizados,Ocupados com Ensino Médio Completo ou Mais,Micro_2210020,Micro 2210020,Raca,Cor ou Raça,Raca,svyglm+regTermTest(LRT),0.744326059207765,"2, 107",0.9133444914047616,ns,0.987085342456344,ns,163
Conribuintes_Desocupados,Responsáveis ou Cônjuges Desocupados,Micro_2253012,Micro 2253012,Faixa_Etaria_trabalho,Faixa Etária,Faixa_Etaria_trabalho,svyglm+regTermTest(LRT),0.24798046567012477,"1, 18",0.9135249903562336,ns,0.9422905618626904,ns,21
Conribuintes_Desocupados,Responsáveis ou Cônjuges Desocupados,Micro_2210011,Micro 2210011,Instrucao_agregado,Grau de Instrução (dicotomizado),Instrucao,svyglm+regTermTest(LRT),0.91451815411601,"1, 73",0.9140785720607506,ns,0.9785393978043522,ns,82
Motivo_Nao_Inicio_NemNem,Motivo de Não Iniciar Trabalho (Nem-Nem),Micro_2252022,Micro 2252022,Instrucao_agregado,Grau de Instrução (dicotomizado),Instrucao,svychisq,0.01287374956970737,"1, 5",0.9140788278881936,ns,0.9140788278881936,ns,8
Taxa_Informalidade,Taxa de Informalidade,Micro_2251021,Micro 2251021,Faixa_Etaria_trabalho,Faixa Etária,Faixa_Etaria_trabalho,svyglm+regTermTest(LRT),1.0116698030971492,"2, 38",0.9143068006619872,ns,0.9975638230714124,ns,54
Proporcao_Ocupados_Escolarizados,Ocupados com Ensino Médio Completo ou Mais,Micro_2253022,Micro 2253022,Faixa_Etaria_trabalho,Faixa Etária,Faixa_Etaria_trabalho,svyglm+regTermTest(LRT),2.3845731655222764,"1, 21",0.914332525014815,ns,0.9834775666908204,ns,31
Taxa_Informalidade,Taxa de Informalidade,Micro_2252013,Micro 2252013,Sexo,Sexo,Sexo,svyglm+regTermTest(LRT),0.01783723204246712,"1, 107",0.9160044115539744,ns,0.9160044115539744,ns,171
Taxa_Informalidade,Taxa de Informalidade,Micro_2252013,Micro 2252013,Instrucao,Grau de Instrução (detalhado),VD3004,svyglm+regTermTest(LRT),37.54612625874293,"6, 107",0.9164969473019088,ns,0.9744512526172404,ns,171
Desalentados_Fora_Forca,Desalentados Fora da Força de Trabalho,Micro_2251022,Micro 2251022,Instrucao,Grau de Instrução (detalhado),VD3004,svyglm+regTermTest(LRT),13.514576147644007,"5, 41",0.9165510177713824,ns,0.9987697070157092,ns,76
Percentual_Subremuneracao,Subremuneração (abaixo do salário-mínimo/hora),Micro_2252022,Micro 2252022,Faixa_Etaria_trabalho,Faixa Etária,Faixa_Etaria_trabalho,svyglm+regTermTest(LRT),0.9363219799251254,"1, 39",0.9166308978143264,ns,0.9936646474916272,ns,110
Desalentados_Forca_Ampliada,Desalentados na Força de Trabalho Ampliada,Micro_2252013,Micro 2252013,Instrucao_agregado,Grau de Instrução (dicotomizado),Instrucao,svyglm+regTermTest(LRT),0.6866475366304456,"1, 134",0.917314019777392,ns,0.9992325195593166,ns,388
Taxa_Nem_Nem,Taxa de Nem-Nem (14 a 29 anos),Micro_2251011,Micro 2251011,Sexo,Sexo,Sexo,svyglm+regTermTest(LRT),0.13308726053475084,"1, 79",0.9174131625718932,ns,0.9713786427231812,ns,111
Percentual_Subremuneracao,Subremuneração (abaixo do salário-mínimo/hora),Micro_2251022,Micro 2251022,Sexo,Sexo,Sexo,svyglm+regTermTest(LRT),3.140089799128262,"1, 51",0.917459424748288,ns,0.9526497764136156,ns,163
Desalentados_Forca_Ampliada,Desalentados na Força de Trabalho Ampliada,Micro_2252012,Micro 2252012,Sexo,Sexo,Sexo,svyglm+regTermTest(LRT),0.5654390278954438,"1, 192",0.9195204115151976,ns,0.9768465916585136,ns,522
Desalentados_Fora_Forca,Desalentados Fora da Força de Trabalho,Micro_2210013,Micro 2210013,Raca,Cor ou Raça,Raca,svyglm+regTermTest(LRT),0.4531324208463463,"2, 86",0.9199066109475436,ns,0.9962100251261198,ns,132
Taxa_Desocupacao,Taxa de Desocupação,Micro_2253011,Micro 2253011,Instrucao_agregado,Grau de Instrução (dicotomizado),Instrucao,svyglm+regTermTest(LRT),0.18860306438237728,"1, 131",0.919967734455679,ns,0.9705751947876652,ns,214
Desalentados_Fora_Forca,Desalentados Fora da Força de Trabalho,Micro_2251013,Micro 2251013,Sexo,Sexo,Sexo,svyglm+regTermTest(LRT),0.08379200611719284,"1, 103",0.920493260505082,ns,0.9788503241740312,ns,170
Desalentados_Forca_Ampliada,Desalentados na Força de Trabalho Ampliada,Micro_2210020,Micro 2210020,Instrucao_agregado,Grau de Instrução (dicotomizado),Instrucao,svyglm+regTermTest(LRT),2.000431212477949,"1, 147",0.920518714151642,ns,0.9992325195593166,ns,475
Taxa_Subocupacao,Subocupação por Insuficiência de Horas,Micro_2210030,Micro 2210030,Sexo,Sexo,Sexo,svyglm+regTermTest(LRT),0.5404689674932399,"1, 199",0.920703262123878,ns,0.976510758462637,ns,375
Taxa_Subocupacao,Subocupação por Insuficiência de Horas,Micro_2253021,Micro 2253021,Instrucao_agregado,Grau de Instrução (dicotomizado),Instrucao,svyglm+regTermTest(LRT),1.0323111845340378,"1, 20",0.9207170254862876,ns,0.9910093246821124,ns,30
Taxa_Informalidade,Taxa de Informalidade,"Admin_Resto da RIDE (Região Integrada de Desenvolvimento Econômico, excluindo a capital)","Resto da RIDE (Região Integrada de Desenvolvimento Econômico, excluindo a capital)",Faixa_Etaria_trabalho,Faixa Etária,Faixa_Etaria_trabalho,svyglm+regTermTest(LRT),0.7889761165598657,"2, 199",0.921142638640805,ns,0.9975638230714124,ns,454
Taxa_Informalidade,Taxa de Informalidade,Agreg_Entorno metropolitano de Teresina (PI),Entorno metropolitano de Teresina (PI),Faixa_Etaria_trabalho,Faixa Etária,Faixa_Etaria_trabalho,svyglm+regTermTest(LRT),0.7889761165598657,"2, 199",0.921142638640805,ns,0.9975638230714124,ns,454
Desalentados_Forca_Ampliada,Desalentados na Força de Trabalho Ampliada,Agreg_Baixo Parnaíba do Piauí,Baixo Parnaíba do Piauí,Raca,Cor ou Raça,Raca,svyglm+regTermTest(LRT),0.30698107478463044,"3, 199",0.9212239586099616,ns,1,ns,2584
Desalentados_Fora_Forca,Desalentados Fora da Força de Trabalho,Micro_2253022,Micro 2253022,Raca,Cor ou Raça,Raca,svyglm+regTermTest(LRT),0.8274900641818803,"2, 27",0.9221194686692862,ns,0.9962100251261198,ns,43
Rendimento_Informal,Rendimento Médio — Setor Informal,Micro_2220010,Micro 2220010,Sexo,Sexo,Sexo,svyglm+regTermTest(LRT),10167.23356744647,"1, 114",0.9233079035083054,ns,0.973207417252848,ns,145
Taxa_Subocupacao,Subocupação por Insuficiência de Horas,Micro_2251013,Micro 2251013,Sexo,Sexo,Sexo,svyglm+regTermTest(LRT),0.00653727053509101,"1, 100",0.9233470481404829,ns,0.976510758462637,ns,145
Taxa_Nem_Nem,Taxa de Nem-Nem (14 a 29 anos),Micro_2252012,Micro 2252012,Raca,Cor ou Raça,Raca,svyglm+regTermTest(LRT),1.5750412862362424,"2, 78",0.9233722695295672,ns,0.997919623009068,ns,109
Desalentados_Forca_Ampliada,Desalentados na Força de Trabalho Ampliada,Micro_2252012,Micro 2252012,Raca,Cor ou Raça,Raca,svyglm+regTermTest(LRT),0.6685774190102549,"2, 192",0.9241083142341996,ns,1,ns,522
Taxa_Informalidade,Taxa de Informalidade,Micro_2252022,Micro 2252022,Faixa_Etaria_trabalho,Faixa Etária,Faixa_Etaria_trabalho,svyglm+regTermTest(LRT),0.9294794853908536,"1, 16",0.924597287358328,ns,0.9975638230714124,ns,21
Taxa_Subocupacao,Subocupação por Insuficiência de Horas,Micro_2210011,Micro 2210011,Instrucao_agregado,Grau de Instrução (dicotomizado),Instrucao,svyglm+regTermTest(LRT),0.16312323213637114,"1, 199",0.9253102485539384,ns,0.9910093246821124,ns,912
Taxa_Informalidade,Taxa de Informalidade,Micro_2220020,Micro 2220020,Raca,Cor ou Raça,Raca,svyglm+regTermTest(LRT),7.204543687082378,"2, 108",0.9258769671901496,ns,0.9972127901540696,ns,155
Taxa_Nem_Nem,Taxa de Nem-Nem (14 a 29 anos),Micro_2252022,Micro 2252022,Instrucao_agregado,Grau de Instrução (dicotomizado),Instrucao,svyglm+regTermTest(LRT),1.6820399775512307,"1, 16",0.9260244927186002,ns,0.99422357080985,ns,25
Desalentados_Fora_Forca,Desalentados Fora da Força de Trabalho,Micro_2252012,Micro 2252012,Raca,Cor ou Raça,Raca,svyglm+regTermTest(LRT),0.7345778323417562,"2, 125",0.926064964582966,ns,0.9962100251261198,ns,195
Desalentados_Fora_Forca,Desalentados Fora da Força de Trabalho,Micro_2251012,Micro 2251012,Sexo,Sexo,Sexo,svyglm+regTermTest(LRT),0.2702702863631856,"1, 124",0.9261014856065224,ns,0.9788503241740312,ns,174
Chefes_Familia_Desocupados,Pessoas Responsáveis pelo Domicílio Desocupadas,"Admin_Resto da UF  (Unidade da Federação, excluindo a região metropolitana e a RIDE)","Resto da UF  (Unidade da Federação, excluindo a região metropolitana e a RIDE)",Raca,Cor ou Raça,Raca,svyglm+regTermTest(LRT),0.16436474589056616,"2, 199",0.926260148273494,ns,0.9985484971744664,ns,219
Desalentados_Forca_Ampliada,Desalentados na Força de Trabalho Ampliada,Micro_2210013,Micro 2210013,Raca,Cor ou Raça,Raca,svyglm+regTermTest(LRT),0.29896578089019954,"2, 145",0.926758722806158,ns,1,ns,410
Taxa_Informalidade,Taxa de Informalidade,Micro_2253010,Micro 2253010,Raca,Cor ou Raça,Raca,svyglm+regTermTest(LRT),1.6967246381855574,"2, 38",0.92683856531684,ns,0.9972127901540696,ns,63
Taxa_Subocupacao,Subocupação por Insuficiência de Horas,Micro_2253022,Micro 2253022,Faixa_Etaria_trabalho,Faixa Etária,Faixa_Etaria_trabalho,svyglm+regTermTest(LRT),0.4032831941856294,"1, 21",0.9273556513039598,ns,0.9889709240339484,ns,31
Taxa_Subocupacao,Subocupação por Insuficiência de Horas,Micro_2252012,Micro 2252012,Raca,Cor ou Raça,Raca,svyglm+regTermTest(LRT),3.7008373575027633,"2, 145",0.9277004865203784,ns,0.9990773092975824,ns,222
Percentual_Subremuneracao,Subremuneração (abaixo do salário-mínimo/hora),Micro_2253022,Micro 2253022,Faixa_Etaria_trabalho,Faixa Etária,Faixa_Etaria_trabalho,svyglm+regTermTest(LRT),0.3206509841801477,"1, 36",0.9277341669147928,ns,0.9936646474916272,ns,97
Taxa_Informalidade,Taxa de Informalidade,Micro_2251011,Micro 2251011,Instrucao,Grau de Instrução (detalhado),VD3004,svyglm+regTermTest(LRT),27.217753220571325,"6, 129",0.9279930001156086,ns,0.9744512526172404,ns,198
Taxa_Informalidade,Taxa de Informalidade,Micro_2253012,Micro 2253012,Instrucao,Grau de Instrução (detalhado),VD3004,svyglm+regTermTest(LRT),35.72493207625885,"6, 113",0.928218497782847,ns,0.9744512526172404,ns,173
Taxa_Subocupacao,Subocupação por Insuficiência de Horas,Micro_2252020,Micro 2252020,Faixa_Etaria_trabalho,Faixa Etária,Faixa_Etaria_trabalho,svyglm+regTermTest(LRT),1.9646826552989296,"2, 166",0.9290259876527136,ns,0.9889709240339484,ns,241
Percentual_Subremuneracao,Subremuneração (abaixo do salário-mínimo/hora),Micro_2251011,Micro 2251011,Sexo,Sexo,Sexo,svyglm+regTermTest(LRT),0.00718833582848787,"1, 188",0.9291644130680904,ns,0.9526497764136156,ns,523
Taxa_Desocupacao,Taxa de Desocupação,Micro_2252012,Micro 2252012,Instrucao_agregado,Grau de Instrução (dicotomizado),Instrucao,svyglm+regTermTest(LRT),0.40751011636005785,"1, 147",0.9313972630790384,ns,0.9705751947876652,ns,230
Taxa_Desocupacao,Taxa de Desocupação,Micro_2251021,Micro 2251021,Instrucao_agregado,Grau de Instrução (dicotomizado),Instrucao,svyglm+regTermTest(LRT),0.4783303433403887,"1, 39",0.9314750963750276,ns,0.9705751947876652,ns,58
Taxa_Subocupacao,Subocupação por Insuficiência de Horas,Micro_2210030,Micro 2210030,Instrucao_agregado,Grau de Instrução (dicotomizado),Instrucao,svyglm+regTermTest(LRT),0.5330577972152355,"1, 199",0.9318084832527752,ns,0.9910093246821124,ns,375
Percentual_Subremuneracao,Subremuneração (abaixo do salário-mínimo/hora),Micro_2220020,Micro 2220020,Raca,Cor ou Raça,Raca,svyglm+regTermTest(LRT),0.8729235555429966,"2, 199",0.9351327304650838,ns,0.9935785261191517,ns,601
Taxa_Desocupacao,Taxa de Desocupação,Agreg_Centro-Leste do Piauí,Centro-Leste do Piauí,Instrucao,Grau de Instrução (detalhado),VD3004,svyglm+regTermTest(LRT),22.79993377049584,"6, 199",0.9352426342707694,ns,1,ns,962
Rendimento_Formal,Rendimento Médio — Setor Formal,Micro_2254020,Micro 2254020,Sexo,Sexo,Sexo,svyglm+regTermTest(LRT),20312.019563108683,"1, 94",0.9353058778238156,ns,0.9353058778238156,ns,226
Chefes_Familia_Desocupados,Pessoas Responsáveis pelo Domicílio Desocupadas,Agreg_Baixo Parnaíba do Piauí,Baixo Parnaíba do Piauí,Raca,Cor ou Raça,Raca,svyglm+regTermTest(LRT),2.5596655704731432,"2, 52",0.9353421070094994,ns,0.9985484971744664,ns,56
Taxa_Desocupacao,Taxa de Desocupação,Micro_2253021,Micro 2253021,Sexo,Sexo,Sexo,svyglm+regTermTest(LRT),0.5985804520663152,"1, 25",0.9353728550911522,ns,0.97658154070687,ns,36
Conribuintes_Desocupados,Responsáveis ou Cônjuges Desocupados,Micro_2210013,Micro 2210013,Instrucao_agregado,Grau de Instrução (dicotomizado),Instrucao,svyglm+regTermTest(LRT),0.5045146108226444,"1, 9",0.9356649012362616,ns,0.9785393978043522,ns,11
Taxa_Desocupacao,Taxa de Desocupação,Micro_2252012,Micro 2252012,Sexo,Sexo,Sexo,svyglm+regTermTest(LRT),0.2165404755971423,"1, 147",0.9357328298381528,ns,0.97658154070687,ns,230
Desalentados_Forca_Ampliada,Desalentados na Força de Trabalho Ampliada,Micro_2251020,Micro 2251020,Sexo,Sexo,Sexo,svyglm+regTermTest(LRT),0.00656683764441368,"1, 199",0.9357900052607956,ns,0.9768465916585136,ns,849
Taxa_Subocupacao,Subocupação por Insuficiência de Horas,Micro_2253020,Micro 2253020,Instrucao_agregado,Grau de Instrução (dicotomizado),Instrucao,svyglm+regTermTest(LRT),0.01299188147288532,"1, 94",0.9360413730958524,ns,0.9910093246821124,ns,121
Conribuintes_Desocupados,Responsáveis ou Cônjuges Desocupados,Micro_2251020,Micro 2251020,Sexo,Sexo,Sexo,svyglm+regTermTest(LRT),0.1444144943348249,"1, 23",0.9366067053335282,ns,0.9934099404760612,ns,25
Taxa_Desocupacao,Taxa de Desocupação,Micro_2251021,Micro 2251021,Raca,Cor ou Raça,Raca,svyglm+regTermTest(LRT),0.5423564366971796,"2, 39",0.9368571656052672,ns,0.9985316607995184,ns,58
Taxa_Subocupacao,Subocupação por Insuficiência de Horas,Micro_2252021,Micro 2252021,Raca,Cor ou Raça,Raca,svyglm+regTermTest(LRT),0.47358473045658656,"2, 34",0.9379294717680192,ns,0.9990773092975824,ns,55
Taxa_Nem_Nem,Taxa de Nem-Nem (14 a 29 anos),Micro_2251013,Micro 2251013,Raca,Cor ou Raça,Raca,svyglm+regTermTest(LRT),1.4298600062797249,"2, 72",0.9381121511941908,ns,0.997919623009068,ns,97
Taxa_Nem_Nem,Taxa de Nem-Nem (14 a 29 anos),Micro_2254020,Micro 2254020,Raca,Cor ou Raça,Raca,svyglm+regTermTest(LRT),6.718927690915152,"2, 48",0.9381473528978664,ns,0.997919623009068,ns,72
Desalentados_Forca_Ampliada,Desalentados na Força de Trabalho Ampliada,Micro_2252020,Micro 2252020,Instrucao,Grau de Instrução (detalhado),VD3004,svyglm+regTermTest(LRT),27.01789300699403,"6, 199",0.938603150363444,ns,0.9998416465005352,ns,847
Proporcao_Ocupados_Escolarizados,Ocupados com Ensino Médio Completo ou Mais,Micro_2251021,Micro 2251021,Raca,Cor ou Raça,Raca,svyglm+regTermTest(LRT),1.660289805551329,"2, 38",0.938989598718416,ns,0.987085342456344,ns,54
Taxa_Subocupacao,Subocupação por Insuficiência de Horas,Micro_2253010,Micro 2253010,Faixa_Etaria_trabalho,Faixa Etária,Faixa_Etaria_trabalho,svyglm+regTermTest(LRT),10.064129732179318,"2, 38",0.9391086081855649,ns,0.9889709240339484,ns,63
Taxa_Subocupacao,Subocupação por Insuficiência de Horas,Micro_2220010,Micro 2220010,Sexo,Sexo,Sexo,svyglm+regTermTest(LRT),0.08019651732014665,"1, 179",0.9394248508376754,ns,0.976510758462637,ns,299
Taxa_Nem_Nem,Taxa de Nem-Nem (14 a 29 anos),Micro_2220010,Micro 2220010,Instrucao,Grau de Instrução (detalhado),VD3004,svyglm+regTermTest(LRT),25.61190545730514,"5, 121",0.9398534522208796,ns,0.9996492885327808,ns,176
Taxa_Informalidade,Taxa de Informalidade,Micro_2252022,Micro 2252022,Raca,Cor ou Raça,Raca,svyglm+regTermTest(LRT),0.40996426051187385,"2, 16",0.940040181710597,ns,0.9972127901540696,ns,21
Chefes_Familia_Desocupados,Pessoas Responsáveis pelo Domicílio Desocupadas,Micro_2253012,Micro 2253012,Sexo,Sexo,Sexo,svyglm+regTermTest(LRT),0.17844130633276478,"1, 18",0.9413664600950624,ns,0.9934099404760612,ns,21
Chefes_Familia_Desocupados,Pessoas Responsáveis pelo Domicílio Desocupadas,Micro_2252020,Micro 2252020,Sexo,Sexo,Sexo,svyglm+regTermTest(LRT),0.3702875606400049,"1, 18",0.9414237617833257,ns,0.9934099404760612,ns,20
Desalentados_Fora_Forca,Desalentados Fora da Força de Trabalho,Micro_2254020,Micro 2254020,Sexo,Sexo,Sexo,svyglm+regTermTest(LRT),0.1253948397797302,"1, 73",0.9418099421085844,ns,0.9788503241740312,ns,138
Chefes_Familia_Desocupados,Pessoas Responsáveis pelo Domicílio Desocupadas,Micro_2252012,Micro 2252012,Sexo,Sexo,Sexo,svyglm+regTermTest(LRT),0.4671439450731345,"1, 6",0.9419456016337436,ns,0.9934099404760612,ns,8
Conribuintes_Desocupados,Responsáveis ou Cônjuges Desocupados,Micro_2253010,Micro 2253010,Faixa_Etaria_trabalho,Faixa Etária,Faixa_Etaria_trabalho,svyglm+regTermTest(LRT),0.28088966245744906,"1, 5",0.9422905618626904,ns,0.9422905618626904,ns,6
Conribuintes_Desocupados,Responsáveis ou Cônjuges Desocupados,Micro_2253012,Micro 2253012,Sexo,Sexo,Sexo,svyglm+regTermTest(LRT),0.17673418390295836,"1, 18",0.9428604645126696,ns,0.9934099404760612,ns,21
Taxa_Nem_Nem,Taxa de Nem-Nem (14 a 29 anos),Micro_2251022,Micro 2251022,Instrucao_agregado,Grau de Instrução (dicotomizado),Instrucao,svyglm+regTermTest(LRT),0.07860086884628714,"1, 22",0.9435442800560492,ns,0.99422357080985,ns,36
Taxa_Subocupacao,Subocupação por Insuficiência de Horas,Micro_2210013,Micro 2210013,Sexo,Sexo,Sexo,svyglm+regTermTest(LRT),0.27138554479924437,"1, 120",0.9435570143504848,ns,0.976510758462637,ns,210
Proporcao_Ocupados_Escolarizados,Ocupados com Ensino Médio Completo ou Mais,Micro_2252022,Micro 2252022,Faixa_Etaria_trabalho,Faixa Etária,Faixa_Etaria_trabalho,svyglm+regTermTest(LRT),1.001251838504288,"1, 16",0.9452027837423288,ns,0.9834775666908204,ns,21
Taxa_Subocupacao,Subocupação por Insuficiência de Horas,Micro_2252011,Micro 2252011,Faixa_Etaria_trabalho,Faixa Etária,Faixa_Etaria_trabalho,svyglm+regTermTest(LRT),2.0203274527943904,"2, 131",0.9456159319922384,ns,0.9889709240339484,ns,209
Desalentados_Fora_Forca,Desalentados Fora da Força de Trabalho,Micro_2254020,Micro 2254020,Faixa_Etaria_trabalho,Faixa Etária,Faixa_Etaria_trabalho,svyglm+regTermTest(LRT),4.782448562924117,"2, 73",0.945653170670954,ns,0.993985788596234,ns,138
Rendimento_Formal,Rendimento Médio — Setor Formal,Micro_2251012,Micro 2251012,Raca,Cor ou Raça,Raca,svyglm+regTermTest(LRT),1545810.2021462915,"2, 178",0.9456925501079164,ns,0.9456925501079164,ns,377
Chefes_Familia_Desocupados,Pessoas Responsáveis pelo Domicílio Desocupadas,Micro_2252011,Micro 2252011,Instrucao_agregado,Grau de Instrução (dicotomizado),Instrucao,svyglm+regTermTest(LRT),0.21870353427184777,"1, 11",0.9458319344415232,ns,0.9642691754869104,ns,13
Chefes_Familia_Desocupados,Pessoas Responsáveis pelo Domicílio Desocupadas,Micro_2210013,Micro 2210013,Instrucao_agregado,Grau de Instrução (dicotomizado),Instrucao,svyglm+regTermTest(LRT),0.5871120494493773,"1, 9",0.9467420556231884,ns,0.9642691754869104,ns,11
Conribuintes_Desocupados,Responsáveis ou Cônjuges Desocupados,Agreg_Alto Parnaíba e Chapadas Sul do Piauí,Alto Parnaíba e Chapadas Sul do Piauí,Sexo,Sexo,Sexo,svyglm+regTermTest(LRT),0.00402994670578493,"1, 76",0.9469007229465436,ns,0.9934099404760612,ns,82
Chefes_Familia_Desocupados,Pessoas Responsáveis pelo Domicílio Desocupadas,Micro_2210012,Micro 2210012,Instrucao_agregado,Grau de Instrução (dicotomizado),Instrucao,svyglm+regTermTest(LRT),0.335794904511582,"1, 13",0.9469736107784053,ns,0.9642691754869104,ns,15
Conribuintes_Desocupados,Responsáveis ou Cônjuges Desocupados,Micro_2210012,Micro 2210012,Instrucao_agregado,Grau de Instrução (dicotomizado),Instrucao,svyglm+regTermTest(LRT),0.335794904511582,"1, 13",0.9469736107784053,ns,0.9785393978043522,ns,15
Taxa_Desocupacao,Taxa de Desocupação,Micro_2251021,Micro 2251021,Sexo,Sexo,Sexo,svyglm+regTermTest(LRT),0.2312493550349259,"1, 39",0.9478667497244564,ns,0.97658154070687,ns,58
Desalentados_Fora_Forca,Desalentados Fora da Força de Trabalho,Micro_2220020,Micro 2220020,Sexo,Sexo,Sexo,svyglm+regTermTest(LRT),0.2277129405151328,"1, 177",0.9492867561930672,ns,0.9788503241740312,ns,299
Conribuintes_Desocupados,Responsáveis ou Cônjuges Desocupados,Micro_2252011,Micro 2252011,Sexo,Sexo,Sexo,svyglm+regTermTest(LRT),0.2911056948017823,"1, 11",0.951555823842076,ns,0.9934099404760612,ns,13
Desalentados_Fora_Forca,Desalentados Fora da Força de Trabalho,Micro_2252020,Micro 2252020,Instrucao,Grau de Instrução (detalhado),VD3004,svyglm+regTermTest(LRT),23.50050759544206,"6, 199",0.952570781062425,ns,0.9987697070157092,ns,424
Rendimento_Medio_Habitual,Rendimento Médio Habitual,Micro_2253011,Micro 2253011,Sexo,Sexo,Sexo,svyglm+regTermTest(LRT),16678.27628469467,"1, 169",0.9526475829037288,ns,0.9526475829037288,ns,465
Percentual_Subremuneracao,Subremuneração (abaixo do salário-mínimo/hora),Micro_2220010,Micro 2220010,Sexo,Sexo,Sexo,svyglm+regTermTest(LRT),0.00385705710436923,"1, 199",0.9526497764136156,ns,0.9526497764136156,ns,723
Taxa_Subocupacao,Subocupação por Insuficiência de Horas,Micro_2220020,Micro 2220020,Instrucao_agregado,Grau de Instrução (dicotomizado),Instrucao,svyglm+regTermTest(LRT),0.10549484847237522,"1, 108",0.9538283176315774,ns,0.9910093246821124,ns,155
Proporcao_Ocupados_Escolarizados,Ocupados com Ensino Médio Completo ou Mais,Micro_2210013,Micro 2210013,Faixa_Etaria_trabalho,Faixa Etária,Faixa_Etaria_trabalho,svyglm+regTermTest(LRT),2.70041161013188,"2, 120",0.9542029752719102,ns,0.9834775666908204,ns,210
Desalentados_Forca_Ampliada,Desalentados na Força de Trabalho Ampliada,Micro_2252011,Micro 2252011,Instrucao_agregado,Grau de Instrução (dicotomizado),Instrucao,svyglm+regTermTest(LRT),0.03643385702861224,"1, 199",0.9553867246016364,ns,0.9992325195593166,ns,566
Chefes_Familia_Desocupados,Pessoas Responsáveis pelo Domicílio Desocupadas,Micro_2252012,Micro 2252012,Instrucao_agregado,Grau de Instrução (dicotomizado),Instrucao,svyglm+regTermTest(LRT),0.3300745839281962,"1, 6",0.9557532418951636,ns,0.9642691754869104,ns,8
Desalentados_Forca_Ampliada,Desalentados na Força de Trabalho Ampliada,Micro_2251013,Micro 2251013,Instrucao_agregado,Grau de Instrução (dicotomizado),Instrucao,svyglm+regTermTest(LRT),0.03120428046277368,"1, 152",0.9561210212761868,ns,0.9992325195593166,ns,408
Taxa_Desocupacao,Taxa de Desocupação,Micro_2252011,Micro 2252011,Instrucao_agregado,Grau de Instrução (dicotomizado),Instrucao,svyglm+regTermTest(LRT),0.3288241077005267,"1, 136",0.9563299641457228,ns,0.9705751947876652,ns,222
Taxa_Subocupacao,Subocupação por Insuficiência de Horas,Micro_2251021,Micro 2251021,Instrucao_agregado,Grau de Instrução (dicotomizado),Instrucao,svyglm+regTermTest(LRT),0.03324726725334415,"1, 38",0.9565355293533584,ns,0.9910093246821124,ns,54
Desalentados_Fora_Forca,Desalentados Fora da Força de Trabalho,Micro_2252021,Micro 2252021,Sexo,Sexo,Sexo,svyglm+regTermTest(LRT),0.11372444305797558,"1, 39",0.9572323814785624,ns,0.9788503241740312,ns,61
Chefes_Familia_Desocupados,Pessoas Responsáveis pelo Domicílio Desocupadas,Micro_2251012,Micro 2251012,Sexo,Sexo,Sexo,svyglm+regTermTest(LRT),0.24096374988821623,"1, 11",0.95723343389177,ns,0.9934099404760612,ns,15
Desalentados_Fora_Forca,Desalentados Fora da Força de Trabalho,Micro_2251021,Micro 2251021,Sexo,Sexo,Sexo,svyglm+regTermTest(LRT),5.928048441035116e-4,"1, 65",0.9574345213215608,ns,0.9788503241740312,ns,128
Taxa_Informalidade,Taxa de Informalidade,Micro_2253010,Micro 2253010,Faixa_Etaria_trabalho,Faixa Etária,Faixa_Etaria_trabalho,svyglm+regTermTest(LRT),6.71825651754628,"2, 38",0.9580497630449024,ns,0.9975638230714124,ns,63
Taxa_Nem_Nem,Taxa de Nem-Nem (14 a 29 anos),Micro_2253020,Micro 2253020,Instrucao,Grau de Instrução (detalhado),VD3004,svyglm+regTermTest(LRT),18.31600266353034,"5, 62",0.9594696260101618,ns,0.9996492885327808,ns,77
Taxa_Desocupacao,Taxa de Desocupação,Micro_2210013,Micro 2210013,Sexo,Sexo,Sexo,svyglm+regTermTest(LRT),0.04551923019570836,"1, 123",0.9596291253142176,ns,0.97658154070687,ns,221
Desalentados_Fora_Forca,Desalentados Fora da Força de Trabalho,Micro_2252011,Micro 2252011,Faixa_Etaria_trabalho,Faixa Etária,Faixa_Etaria_trabalho,svyglm+regTermTest(LRT),3.0651853154985247,"2, 142",0.9596661862986452,ns,0.993985788596234,ns,232
Taxa_Nem_Nem,Taxa de Nem-Nem (14 a 29 anos),Micro_2251022,Micro 2251022,Sexo,Sexo,Sexo,svyglm+regTermTest(LRT),0.2580297032884715,"1, 22",0.9596835724739812,ns,0.987103103116095,ns,36
Taxa_Desocupacao,Taxa de Desocupação,Micro_2253021,Micro 2253021,Instrucao_agregado,Grau de Instrução (dicotomizado),Instrucao,svyglm+regTermTest(LRT),0.17794873832198732,"1, 25",0.959738288922906,ns,0.9705751947876652,ns,36
Desalentados_Forca_Ampliada,Desalentados na Força de Trabalho Ampliada,Micro_2254020,Micro 2254020,Faixa_Etaria_trabalho,Faixa Etária,Faixa_Etaria_trabalho,svyglm+regTermTest(LRT),3.2537838111939124,"2, 104",0.96106362866727,ns,0.9989643649973602,ns,320
Desalentados_Fora_Forca,Desalentados Fora da Força de Trabalho,Micro_2251022,Micro 2251022,Raca,Cor ou Raça,Raca,svyglm+regTermTest(LRT),0.7575161136309987,"2, 41",0.9625659953666272,ns,0.9962100251261198,ns,76
Rendimento_Informal,Rendimento Médio — Setor Informal,Micro_2251022,Micro 2251022,Raca,Cor ou Raça,Raca,svyglm+regTermTest(LRT),2682.235037462786,"2, 23",0.9629695510485,ns,0.9629695510485,ns,28
Rendimento_Informal,Rendimento Médio — Setor Informal,Micro_2252013,Micro 2252013,Sexo,Sexo,Sexo,svyglm+regTermTest(LRT),7672.7340388298035,"1, 74",0.9629708991389914,ns,0.973207417252848,ns,100
Conribuintes_Desocupados,Responsáveis ou Cônjuges Desocupados,Micro_2251012,Micro 2251012,Sexo,Sexo,Sexo,svyglm+regTermTest(LRT),0.15550406275633932,"1, 11",0.9630551208828552,ns,0.9934099404760612,ns,15
Conribuintes_Desocupados,Responsáveis ou Cônjuges Desocupados,Micro_2210011,Micro 2210011,Raca,Cor ou Raça,Raca,svyglm+regTermTest(LRT),0.5728589682547209,"2, 73",0.9633748819376324,ns,0.9987236881883887,ns,82
Desalentados_Forca_Ampliada,Desalentados na Força de Trabalho Ampliada,Micro_2253021,Micro 2253021,Sexo,Sexo,Sexo,svyglm+regTermTest(LRT),0.13958606573747545,"1, 36",0.9635255187467158,ns,0.9768465916585136,ns,112
Conribuintes_Desocupados,Responsáveis ou Cônjuges Desocupados,Agreg_Centro-Leste do Piauí,Centro-Leste do Piauí,Instrucao,Grau de Instrução (detalhado),VD3004,svyglm+regTermTest(LRT),21.268111448850675,"6, 71",0.963805465823628,ns,0.9995455727694298,ns,81
Chefes_Familia_Desocupados,Pessoas Responsáveis pelo Domicílio Desocupadas,Micro_2210011,Micro 2210011,Instrucao_agregado,Grau de Instrução (dicotomizado),Instrucao,svyglm+regTermTest(LRT),0.07931126962735391,"1, 73",0.9642691754869104,ns,0.9642691754869104,ns,82
Chefes_Familia_Desocupados,Pessoas Responsáveis pelo Domicílio Desocupadas,"Admin_Resto da RIDE (Região Integrada de Desenvolvimento Econômico, excluindo a capital)","Resto da RIDE (Região Integrada de Desenvolvimento Econômico, excluindo a capital)",Raca,Cor ou Raça,Raca,svyglm+regTermTest(LRT),1.4525671889778096,"2, 70",0.9648162865989892,ns,0.9985484971744664,ns,80
Chefes_Familia_Desocupados,Pessoas Responsáveis pelo Domicílio Desocupadas,Agreg_Entorno metropolitano de Teresina (PI),Entorno metropolitano de Teresina (PI),Raca,Cor ou Raça,Raca,svyglm+regTermTest(LRT),1.4525671889778096,"2, 70",0.9648162865989892,ns,0.9985484971744664,ns,80
Percentual_Subremuneracao,Subremuneração (abaixo do salário-mínimo/hora),Micro_2253012,Micro 2253012,Instrucao,Grau de Instrução (detalhado),VD3004,svyglm+regTermTest(LRT),43.80110286487877,"6, 162",0.9658051173807338,ns,0.9978795185745344,ns,428
Motivo_Desistencia_Desalentado,Motivo da Desistência (Desalentados),Zona_Rural,Zona Rural,Faixa_Etaria_trabalho,Faixa Etária,Faixa_Etaria_trabalho,svychisq,0.17785630954584683,"4.7308900678051, 879.945552611748",0.966384184592448,ns,0.966384184592448,ns,241
Rendimento_Medio_Habitual,Rendimento Médio Habitual,Micro_2251011,Micro 2251011,Raca,Cor ou Raça,Raca,svyglm+regTermTest(LRT),548450.7594094276,"2, 188",0.966623195857818,ns,0.966623195857818,ns,523
Chefes_Familia_Desocupados,Pessoas Responsáveis pelo Domicílio Desocupadas,Agreg_Baixo Parnaíba do Piauí,Baixo Parnaíba do Piauí,Sexo,Sexo,Sexo,svyglm+regTermTest(LRT),0.00470325656198156,"1, 52",0.9667552121024818,ns,0.9934099404760612,ns,56
Taxa_Nem_Nem,Taxa de Nem-Nem (14 a 29 anos),Micro_2220020,Micro 2220020,Raca,Cor ou Raça,Raca,svyglm+regTermTest(LRT),3.866055239769821,"2, 87",0.9671586458065242,ns,0.997919623009068,ns,111
Taxa_Informalidade,Taxa de Informalidade,Micro_2254020,Micro 2254020,Instrucao,Grau de Instrução (detalhado),VD3004,svyglm+regTermTest(LRT),19.386093119405643,"6, 75",0.9672575661818872,ns,0.9744512526172404,ns,126
Percentual_Subremuneracao,Subremuneração (abaixo do salário-mínimo/hora),Micro_2253010,Micro 2253010,Faixa_Etaria_trabalho,Faixa Etária,Faixa_Etaria_trabalho,svyglm+regTermTest(LRT),3.855307132565557,"2, 48",0.9676577101435166,ns,0.9936646474916272,ns,152
Taxa_Nem_Nem,Taxa de Nem-Nem (14 a 29 anos),Zona_Urbana,Zona Urbana,Instrucao_agregado,Grau de Instrução (dicotomizado),Instrucao,svyglm+regTermTest(LRT),0.00202074266758245,"1, 199",0.9685373801148532,ns,0.99422357080985,ns,1914
Desalentados_Fora_Forca,Desalentados Fora da Força de Trabalho,Micro_2251013,Micro 2251013,Raca,Cor ou Raça,Raca,svyglm+regTermTest(LRT),1.6019228123810052,"2, 103",0.9685902042569364,ns,0.9962100251261198,ns,170
Taxa_Desocupacao,Taxa de Desocupação,"Admin_Resto da RIDE (Região Integrada de Desenvolvimento Econômico, excluindo a capital)","Resto da RIDE (Região Integrada de Desenvolvimento Econômico, excluindo a capital)",Instrucao,Grau de Instrução (detalhado),VD3004,svyglm+regTermTest(LRT),21.734870519971025,"6, 199",0.9688941991221004,ns,1,ns,534
Taxa_Desocupacao,Taxa de Desocupação,Agreg_Entorno metropolitano de Teresina (PI),Entorno metropolitano de Teresina (PI),Instrucao,Grau de Instrução (detalhado),VD3004,svyglm+regTermTest(LRT),21.734870519971025,"6, 199",0.9688941991221004,ns,1,ns,534
Taxa_Subocupacao,Subocupação por Insuficiência de Horas,Micro_2251013,Micro 2251013,Raca,Cor ou Raça,Raca,svyglm+regTermTest(LRT),0.10642700830041464,"2, 100",0.9690622459676036,ns,0.9990773092975824,ns,145
Desalentados_Fora_Forca,Desalentados Fora da Força de Trabalho,Micro_2251022,Micro 2251022,Sexo,Sexo,Sexo,svyglm+regTermTest(LRT),0.01884692966882539,"1, 41",0.9692762176289208,ns,0.9788503241740312,ns,76
Taxa_Subocupacao,Subocupação por Insuficiência de Horas,Micro_2253011,Micro 2253011,Faixa_Etaria_trabalho,Faixa Etária,Faixa_Etaria_trabalho,svyglm+regTermTest(LRT),4.170037448040404,"2, 123",0.9696801452890998,ns,0.9889709240339484,ns,199
Proporcao_Ocupados_Escolarizados,Ocupados com Ensino Médio Completo ou Mais,Micro_2253022,Micro 2253022,Raca,Cor ou Raça,Raca,svyglm+regTermTest(LRT),3.299413196621515,"2, 21",0.9700684636541176,ns,0.987085342456344,ns,31
Taxa_Desocupacao,Taxa de Desocupação,Micro_2251011,Micro 2251011,Instrucao_agregado,Grau de Instrução (dicotomizado),Instrucao,svyglm+regTermTest(LRT),0.04876783996819256,"1, 133",0.9705751947876652,ns,0.9705751947876652,ns,210
Desalentados_Forca_Ampliada,Desalentados na Força de Trabalho Ampliada,Micro_2251013,Micro 2251013,Raca,Cor ou Raça,Raca,svyglm+regTermTest(LRT),1.3747496418265683,"2, 152",0.97125374445505,ns,1,ns,408
Desalentados_Fora_Forca,Desalentados Fora da Força de Trabalho,Micro_2251012,Micro 2251012,Faixa_Etaria_trabalho,Faixa Etária,Faixa_Etaria_trabalho,svyglm+regTermTest(LRT),4.881036780631561,"2, 124",0.9713100283779276,ns,0.993985788596234,ns,174
Conribuintes_Desocupados,Responsáveis ou Cônjuges Desocupados,Micro_2252020,Micro 2252020,Sexo,Sexo,Sexo,svyglm+regTermTest(LRT),0.08365311897906835,"1, 18",0.971823681871673,ns,0.9934099404760612,ns,20
Desalentados_Forca_Ampliada,Desalentados na Força de Trabalho Ampliada,Agreg_Alto Parnaíba e Chapadas Sul do Piauí,Alto Parnaíba e Chapadas Sul do Piauí,Instrucao_agregado,Grau de Instrução (dicotomizado),Instrucao,svyglm+regTermTest(LRT),0.001629718765912,"1, 199",0.972374946414738,ns,0.9992325195593166,ns,2048
Taxa_Subocupacao,Subocupação por Insuficiência de Horas,Agreg_Baixo Parnaíba do Piauí,Baixo Parnaíba do Piauí,Faixa_Etaria_trabalho,Faixa Etária,Faixa_Etaria_trabalho,svyglm+regTermTest(LRT),0.41909389200600344,"2, 199",0.9724976105771206,ns,0.9889709240339484,ns,919
Taxa_Nem_Nem,Taxa de Nem-Nem (14 a 29 anos),Micro_2253011,Micro 2253011,Raca,Cor ou Raça,Raca,svyglm+regTermTest(LRT),1.7382789243528265,"2, 75",0.9729322396199294,ns,0.997919623009068,ns,97
Desalentados_Fora_Forca,Desalentados Fora da Força de Trabalho,Micro_2252012,Micro 2252012,Sexo,Sexo,Sexo,svyglm+regTermTest(LRT),0.07153412204564091,"1, 125",0.972933086544874,ns,0.9788503241740312,ns,195
Rendimento_Informal,Rendimento Médio — Setor Informal,"Admin_Resto da RIDE (Região Integrada de Desenvolvimento Econômico, excluindo a capital)","Resto da RIDE (Região Integrada de Desenvolvimento Econômico, excluindo a capital)",Sexo,Sexo,Sexo,svyglm+regTermTest(LRT),1230.7411558628082,"1, 199",0.973207417252848,ns,0.973207417252848,ns,258
Rendimento_Informal,Rendimento Médio — Setor Informal,Agreg_Entorno metropolitano de Teresina (PI),Entorno metropolitano de Teresina (PI),Sexo,Sexo,Sexo,svyglm+regTermTest(LRT),1230.7411558628082,"1, 199",0.973207417252848,ns,0.973207417252848,ns,258
Taxa_Nem_Nem,Taxa de Nem-Nem (14 a 29 anos),Micro_2251021,Micro 2251021,Instrucao,Grau de Instrução (detalhado),VD3004,svyglm+regTermTest(LRT),9.637594444200424,"4, 36",0.9732948205833758,ns,0.9996492885327808,ns,62
Taxa_Subocupacao,Subocupação por Insuficiência de Horas,Micro_2210020,Micro 2210020,Sexo,Sexo,Sexo,svyglm+regTermTest(LRT),0.0467969943381803,"1, 107",0.9737189149348596,ns,0.976510758462637,ns,163
Taxa_Desocupacao,Taxa de Desocupação,Micro_2251020,Micro 2251020,Raca,Cor ou Raça,Raca,svyglm+regTermTest(LRT),0.9170607114019732,"2, 175",0.9742315049907256,ns,0.9985316607995184,ns,256
Taxa_Informalidade,Taxa de Informalidade,Micro_2210020,Micro 2210020,Instrucao,Grau de Instrução (detalhado),VD3004,svyglm+regTermTest(LRT),19.54878136994043,"6, 107",0.9744512526172404,ns,0.9744512526172404,ns,163
Taxa_Subocupacao,Subocupação por Insuficiência de Horas,Micro_2252011,Micro 2252011,Raca,Cor ou Raça,Raca,svyglm+regTermTest(LRT),0.4024368716613367,"3, 131",0.9745731150671428,ns,0.9990773092975824,ns,209
Conribuintes_Desocupados,Responsáveis ou Cônjuges Desocupados,Agreg_Baixo Parnaíba do Piauí,Baixo Parnaíba do Piauí,Raca,Cor ou Raça,Raca,svyglm+regTermTest(LRT),1.0958328896114864,"2, 52",0.975018921434492,ns,0.9987236881883887,ns,56
Rendimento_Medio_Habitual,Rendimento Médio Habitual,Micro_2220020,Micro 2220020,Faixa_Etaria_trabalho,Faixa Etária,Faixa_Etaria_trabalho,svyglm+regTermTest(LRT),71829.52292594314,"2, 199",0.9751031596545212,ns,0.9751031596545212,ns,601
Conribuintes_Desocupados,Responsáveis ou Cônjuges Desocupados,Micro_2251013,Micro 2251013,Sexo,Sexo,Sexo,svyglm+regTermTest(LRT),0.05413365837200601,"1, 14",0.9752836281538384,ns,0.9934099404760612,ns,17
Taxa_Subocupacao,Subocupação por Insuficiência de Horas,Micro_2210012,Micro 2210012,Sexo,Sexo,Sexo,svyglm+regTermTest(LRT),0.0470048279760924,"1, 177",0.9753983938290072,ns,0.976510758462637,ns,304
Desalentados_Forca_Ampliada,Desalentados na Força de Trabalho Ampliada,Micro_2251012,Micro 2251012,Raca,Cor ou Raça,Raca,svyglm+regTermTest(LRT),1.472809592337427,"3, 189",0.975906353683196,ns,1,ns,482
Taxa_Nem_Nem,Taxa de Nem-Nem (14 a 29 anos),Micro_2252011,Micro 2252011,Instrucao_agregado,Grau de Instrução (dicotomizado),Instrucao,svyglm+regTermTest(LRT),6.153300962807862e-4,"1, 91",0.976014816508066,ns,0.99422357080985,ns,129
Taxa_Desocupacao,Taxa de Desocupação,Zona_Rural,Zona Rural,Sexo,Sexo,Sexo,svyglm+regTermTest(LRT),8.449376121006935e-4,"1, 199",0.9762747842228208,ns,0.97658154070687,ns,1427
Conribuintes_Desocupados,Responsáveis ou Cônjuges Desocupados,Micro_2251022,Micro 2251022,Sexo,Sexo,Sexo,svyglm+regTermTest(LRT),0.08519398068686179,"1, 4",0.97629713841826,ns,0.9934099404760612,ns,8
Percentual_Subremuneracao,Subremuneração (abaixo do salário-mínimo/hora),"Admin_Resto da RIDE (Região Integrada de Desenvolvimento Econômico, excluindo a capital)","Resto da RIDE (Região Integrada de Desenvolvimento Econômico, excluindo a capital)",Faixa_Etaria_trabalho,Faixa Etária,Faixa_Etaria_trabalho,svyglm+regTermTest(LRT),0.25509235068466296,"2, 199",0.976305235245793,ns,0.9936646474916272,ns,1324
Percentual_Subremuneracao,Subremuneração (abaixo do salário-mínimo/hora),Agreg_Entorno metropolitano de Teresina (PI),Entorno metropolitano de Teresina (PI),Faixa_Etaria_trabalho,Faixa Etária,Faixa_Etaria_trabalho,svyglm+regTermTest(LRT),0.25509235068466296,"2, 199",0.976305235245793,ns,0.9936646474916272,ns,1324
Taxa_Subocupacao,Subocupação por Insuficiência de Horas,Micro_2253021,Micro 2253021,Sexo,Sexo,Sexo,svyglm+regTermTest(LRT),0.07097200828096106,"1, 20",0.976510758462637,ns,0.976510758462637,ns,30
Taxa_Desocupacao,Taxa de Desocupação,Micro_2253010,Micro 2253010,Sexo,Sexo,Sexo,svyglm+regTermTest(LRT),0.02624436707542088,"1, 40",0.97658154070687,ns,0.97658154070687,ns,69
Taxa_Nem_Nem,Taxa de Nem-Nem (14 a 29 anos),Micro_2210012,Micro 2210012,Raca,Cor ou Raça,Raca,svyglm+regTermTest(LRT),0.5024713841372517,"2, 83",0.9767474932324968,ns,0.997919623009068,ns,118
Desalentados_Forca_Ampliada,Desalentados na Força de Trabalho Ampliada,Micro_2252013,Micro 2252013,Sexo,Sexo,Sexo,svyglm+regTermTest(LRT),0.0191928330540918,"1, 134",0.9768465916585136,ns,0.9768465916585136,ns,388
Taxa_Subocupacao,Subocupação por Insuficiência de Horas,Micro_2253011,Micro 2253011,Raca,Cor ou Raça,Raca,svyglm+regTermTest(LRT),3.849369759220252,"2, 123",0.9769837667439804,ns,0.9990773092975824,ns,199
Desalentados_Forca_Ampliada,Desalentados na Força de Trabalho Ampliada,Micro_2253010,Micro 2253010,Faixa_Etaria_trabalho,Faixa Etária,Faixa_Etaria_trabalho,svyglm+regTermTest(LRT),3.3111664746527296,"2, 48",0.9777009448603008,ns,0.9989643649973602,ns,152
Percentual_Subremuneracao,Subremuneração (abaixo do salário-mínimo/hora),Micro_2251021,Micro 2251021,Instrucao,Grau de Instrução (detalhado),VD3004,svyglm+regTermTest(LRT),4.177102677865648,"6, 77",0.9777850710693448,ns,0.9978795185745344,ns,211
Conribuintes_Desocupados,Responsáveis ou Cônjuges Desocupados,Agreg_Alto Parnaíba e Chapadas Sul do Piauí,Alto Parnaíba e Chapadas Sul do Piauí,Raca,Cor ou Raça,Raca,svyglm+regTermTest(LRT),1.5730765938748306,"2, 76",0.978067440700235,ns,0.9987236881883887,ns,82
Taxa_Nem_Nem,Taxa de Nem-Nem (14 a 29 anos),Micro_2253022,Micro 2253022,Instrucao,Grau de Instrução (detalhado),VD3004,svyglm+regTermTest(LRT),2.588969598888461,"3, 12",0.9780700849154176,ns,0.9996492885327808,ns,21
Taxa_Desocupacao,Taxa de Desocupação,Micro_2210012,Micro 2210012,Raca,Cor ou Raça,Raca,svyglm+regTermTest(LRT),1.092805203418365,"2, 180",0.9782407805198596,ns,0.9985316607995184,ns,319
Taxa_Nem_Nem,Taxa de Nem-Nem (14 a 29 anos),"Admin_Resto da RIDE (Região Integrada de Desenvolvimento Econômico, excluindo a capital)","Resto da RIDE (Região Integrada de Desenvolvimento Econômico, excluindo a capital)",Raca,Cor ou Raça,Raca,svyglm+regTermTest(LRT),0.7640076517902799,"2, 199",0.9782455834787264,ns,0.997919623009068,ns,287
Taxa_Nem_Nem,Taxa de Nem-Nem (14 a 29 anos),Agreg_Entorno metropolitano de Teresina (PI),Entorno metropolitano de Teresina (PI),Raca,Cor ou Raça,Raca,svyglm+regTermTest(LRT),0.7640076517902799,"2, 199",0.9782455834787264,ns,0.997919623009068,ns,287
Taxa_Subocupacao,Subocupação por Insuficiência de Horas,Micro_2220010,Micro 2220010,Instrucao,Grau de Instrução (detalhado),VD3004,svyglm+regTermTest(LRT),17.236328440041817,"6, 179",0.9787018983021532,ns,0.9999744227827811,ns,299
Percentual_Subremuneracao,Subremuneração (abaixo do salário-mínimo/hora),Micro_2253012,Micro 2253012,Raca,Cor ou Raça,Raca,svyglm+regTermTest(LRT),1.427423568560613,"3, 162",0.978818448097216,ns,0.995719181577066,ns,428
Desalentados_Fora_Forca,Desalentados Fora da Força de Trabalho,Micro_2210030,Micro 2210030,Sexo,Sexo,Sexo,svyglm+regTermTest(LRT),0.05405698779946988,"1, 179",0.9788503241740312,ns,0.9788503241740312,ns,273
Taxa_Informalidade,Taxa de Informalidade,Micro_2251021,Micro 2251021,Raca,Cor ou Raça,Raca,svyglm+regTermTest(LRT),2.9438688012976826,"2, 38",0.9789699364848166,ns,0.9972127901540696,ns,54
Taxa_Informalidade,Taxa de Informalidade,Micro_2251013,Micro 2251013,Faixa_Etaria_trabalho,Faixa Etária,Faixa_Etaria_trabalho,svyglm+regTermTest(LRT),0.4101213947755866,"2, 100",0.9791202335686224,ns,0.9975638230714124,ns,145
Taxa_Nem_Nem,Taxa de Nem-Nem (14 a 29 anos),Micro_2251012,Micro 2251012,Raca,Cor ou Raça,Raca,svyglm+regTermTest(LRT),1.4453457082998966,"3, 79",0.9794835877171172,ns,0.997919623009068,ns,112
Taxa_Informalidade,Taxa de Informalidade,Micro_2253021,Micro 2253021,Faixa_Etaria_trabalho,Faixa Etária,Faixa_Etaria_trabalho,svyglm+regTermTest(LRT),2.001935649216726,"2, 20",0.9796052231513804,ns,0.9975638230714124,ns,30
Desalentados_Forca_Ampliada,Desalentados na Força de Trabalho Ampliada,Micro_2253011,Micro 2253011,Raca,Cor ou Raça,Raca,svyglm+regTermTest(LRT),2.839126658708921,"2, 169",0.9799520682532108,ns,1,ns,465
Taxa_Subocupacao,Subocupação por Insuficiência de Horas,Admin_Capital,Capital,Faixa_Etaria_trabalho,Faixa Etária,Faixa_Etaria_trabalho,svyglm+regTermTest(LRT),1.3844911863781704,"2, 199",0.9806251580142108,ns,0.9889709240339484,ns,1964
Taxa_Subocupacao,Subocupação por Insuficiência de Horas,Agreg_Teresina,Teresina,Faixa_Etaria_trabalho,Faixa Etária,Faixa_Etaria_trabalho,svyglm+regTermTest(LRT),1.3844911863781704,"2, 199",0.9806251580142108,ns,0.9889709240339484,ns,1964
Proporcao_Ocupados_Escolarizados,Ocupados com Ensino Médio Completo ou Mais,Micro_2220020,Micro 2220020,Raca,Cor ou Raça,Raca,svyglm+regTermTest(LRT),1.0839308128039988,"2, 108",0.9806766973204224,ns,0.987085342456344,ns,155
Conribuintes_Desocupados,Responsáveis ou Cônjuges Desocupados,Micro_2252012,Micro 2252012,Instrucao_agregado,Grau de Instrução (dicotomizado),Instrucao,svyglm+regTermTest(LRT),0.05460911126784573,"1, 6",0.9813968993052946,ns,0.9813968993052946,ns,8
Taxa_Subocupacao,Subocupação por Insuficiência de Horas,Micro_2252020,Micro 2252020,Raca,Cor ou Raça,Raca,svyglm+regTermTest(LRT),0.7563725062311732,"2, 166",0.9817836499972038,ns,0.9990773092975824,ns,241
Taxa_Subocupacao,Subocupação por Insuficiência de Horas,Micro_2253020,Micro 2253020,Faixa_Etaria_trabalho,Faixa Etária,Faixa_Etaria_trabalho,svyglm+regTermTest(LRT),1.161259180323995,"2, 94",0.981902304707396,ns,0.9889709240339484,ns,121
Conribuintes_Desocupados,Responsáveis ou Cônjuges Desocupados,Agreg_Centro-Leste do Piauí,Centro-Leste do Piauí,Raca,Cor ou Raça,Raca,svyglm+regTermTest(LRT),0.17252151348773737,"2, 71",0.9819437926956482,ns,0.9987236881883887,ns,81
Desalentados_Fora_Forca,Desalentados Fora da Força de Trabalho,Micro_2253022,Micro 2253022,Instrucao_agregado,Grau de Instrução (dicotomizado),Instrucao,svyglm+regTermTest(LRT),0.02982552503024749,"1, 27",0.9821944398285676,ns,0.9821944398285676,ns,43
Taxa_Nem_Nem,Taxa de Nem-Nem (14 a 29 anos),Micro_2220020,Micro 2220020,Instrucao,Grau de Instrução (detalhado),VD3004,svyglm+regTermTest(LRT),11.154205563562243,"4, 87",0.9822726873265644,ns,0.9996492885327808,ns,111
Taxa_Subocupacao,Subocupação por Insuficiência de Horas,Agreg_Alto Parnaíba e Chapadas Sul do Piauí,Alto Parnaíba e Chapadas Sul do Piauí,Faixa_Etaria_trabalho,Faixa Etária,Faixa_Etaria_trabalho,svyglm+regTermTest(LRT),0.5267542935366691,"2, 199",0.9824502942324708,ns,0.9889709240339484,ns,743
Taxa_Informalidade,Taxa de Informalidade,Micro_2220020,Micro 2220020,Faixa_Etaria_trabalho,Faixa Etária,Faixa_Etaria_trabalho,svyglm+regTermTest(LRT),0.14209067074887116,"2, 108",0.9826585667867912,ns,0.9975638230714124,ns,155
Proporcao_Ocupados_Escolarizados,Ocupados com Ensino Médio Completo ou Mais,Micro_2253021,Micro 2253021,Faixa_Etaria_trabalho,Faixa Etária,Faixa_Etaria_trabalho,svyglm+regTermTest(LRT),1.706295422670756,"2, 20",0.9827335230648364,ns,0.9834775666908204,ns,30
Desalentados_Forca_Ampliada,Desalentados na Força de Trabalho Ampliada,Micro_2253011,Micro 2253011,Instrucao_agregado,Grau de Instrução (dicotomizado),Instrucao,svyglm+regTermTest(LRT),0.074642090558199925,"1, 169",0.9829411618755995,ns,0.9992325195593166,ns,465
Proporcao_Ocupados_Escolarizados,Ocupados com Ensino Médio Completo ou Mais,Micro_2253010,Micro 2253010,Raca,Cor ou Raça,Raca,svyglm+regTermTest(LRT),4.395189439173592,"2, 38",0.9831896117070806,ns,0.987085342456344,ns,63
Taxa_Subocupacao,Subocupação por Insuficiência de Horas,"Admin_Resto da RIDE (Região Integrada de Desenvolvimento Econômico, excluindo a capital)","Resto da RIDE (Região Integrada de Desenvolvimento Econômico, excluindo a capital)",Raca,Cor ou Raça,Raca,svyglm+regTermTest(LRT),1.0675693583708892,"2, 199",0.9833559884792024,ns,0.9990773092975824,ns,454
Taxa_Subocupacao,Subocupação por Insuficiência de Horas,Agreg_Entorno metropolitano de Teresina (PI),Entorno metropolitano de Teresina (PI),Raca,Cor ou Raça,Raca,svyglm+regTermTest(LRT),1.0675693583708892,"2, 199",0.9833559884792024,ns,0.9990773092975824,ns,454
Proporcao_Ocupados_Escolarizados,Ocupados com Ensino Médio Completo ou Mais,Micro_2253010,Micro 2253010,Faixa_Etaria_trabalho,Faixa Etária,Faixa_Etaria_trabalho,svyglm+regTermTest(LRT),1.7787954501166183,"2, 38",0.9834775666908204,ns,0.9834775666908204,ns,63
Taxa_Subocupacao,Subocupação por Insuficiência de Horas,Micro_2252013,Micro 2252013,Raca,Cor ou Raça,Raca,svyglm+regTermTest(LRT),1.6260135091223304,"2, 107",0.983945239040682,ns,0.9990773092975824,ns,171
Conribuintes_Desocupados,Responsáveis ou Cônjuges Desocupados,Micro_2210030,Micro 2210030,Instrucao,Grau de Instrução (detalhado),VD3004,svyglm+regTermTest(LRT),8.019814986284366,"3, 30",0.985045880595864,ns,0.9995455727694298,ns,37
Desalentados_Forca_Ampliada,Desalentados na Força de Trabalho Ampliada,Micro_2210020,Micro 2210020,Raca,Cor ou Raça,Raca,svyglm+regTermTest(LRT),2.059452137704625,"2, 147",0.9852332551345762,ns,1,ns,475
Taxa_Desocupacao,Taxa de Desocupação,Micro_2251011,Micro 2251011,Raca,Cor ou Raça,Raca,svyglm+regTermTest(LRT),1.1177815395949438,"2, 133",0.9853246083617724,ns,0.9985316607995184,ns,210
Taxa_Subocupacao,Subocupação por Insuficiência de Horas,Micro_2252021,Micro 2252021,Instrucao_agregado,Grau de Instrução (dicotomizado),Instrucao,svyglm+regTermTest(LRT),0.04932585388465327,"1, 34",0.9853541310821398,ns,0.9910093246821124,ns,55
Desalentados_Forca_Ampliada,Desalentados na Força de Trabalho Ampliada,Micro_2252011,Micro 2252011,Raca,Cor ou Raça,Raca,svyglm+regTermTest(LRT),1.285354345535637,"3, 199",0.985500839745335,ns,1,ns,566
Chefes_Familia_Desocupados,Pessoas Responsáveis pelo Domicílio Desocupadas,Micro_2220020,Micro 2220020,Raca,Cor ou Raça,Raca,svyglm+regTermTest(LRT),0.9726208288411584,"2, 32",0.9856860172552072,ns,0.9985484971744664,ns,39
Desalentados_Fora_Forca,Desalentados Fora da Força de Trabalho,"Admin_Resto da RIDE (Região Integrada de Desenvolvimento Econômico, excluindo a capital)","Resto da RIDE (Região Integrada de Desenvolvimento Econômico, excluindo a capital)",Raca,Cor ou Raça,Raca,svyglm+regTermTest(LRT),1.2531039167192262,"3, 199",0.9857670132091204,ns,0.9962100251261198,ns,568
Desalentados_Fora_Forca,Desalentados Fora da Força de Trabalho,Agreg_Entorno metropolitano de Teresina (PI),Entorno metropolitano de Teresina (PI),Raca,Cor ou Raça,Raca,svyglm+regTermTest(LRT),1.2531039167192262,"3, 199",0.9857670132091204,ns,0.9962100251261198,ns,568
Taxa_Nem_Nem,Taxa de Nem-Nem (14 a 29 anos),Micro_2253020,Micro 2253020,Raca,Cor ou Raça,Raca,svyglm+regTermTest(LRT),1.4289679325394644,"2, 62",0.9857750796227378,ns,0.997919623009068,ns,77
Desalentados_Fora_Forca,Desalentados Fora da Força de Trabalho,Micro_2210020,Micro 2210020,Raca,Cor ou Raça,Raca,svyglm+regTermTest(LRT),2.032824118563098,"2, 113",0.98598229623014,ns,0.9962100251261198,ns,196
Percentual_Subremuneracao,Subremuneração (abaixo do salário-mínimo/hora),Micro_2253011,Micro 2253011,Instrucao,Grau de Instrução (detalhado),VD3004,svyglm+regTermTest(LRT),17.47299029662264,"6, 169",0.9859922642635972,ns,0.9978795185745344,ns,465
Conribuintes_Desocupados,Responsáveis ou Cônjuges Desocupados,Micro_2220020,Micro 2220020,Raca,Cor ou Raça,Raca,svyglm+regTermTest(LRT),0.948633782933257,"2, 32",0.9860907977937188,ns,0.9987236881883887,ns,39
Taxa_Desocupacao,Taxa de Desocupação,Agreg_Baixo Parnaíba do Piauí,Baixo Parnaíba do Piauí,Instrucao,Grau de Instrução (detalhado),VD3004,svyglm+regTermTest(LRT),11.570980346128977,"6, 199",0.9864030821420212,ns,1,ns,975
Chefes_Familia_Desocupados,Pessoas Responsáveis pelo Domicílio Desocupadas,Micro_2253012,Micro 2253012,Instrucao,Grau de Instrução (detalhado),VD3004,svyglm+regTermTest(LRT),6.888940877529198,"5, 18",0.9864153471840704,ns,0.9986172915493704,ns,21
Chefes_Familia_Desocupados,Pessoas Responsáveis pelo Domicílio Desocupadas,Micro_2253010,Micro 2253010,Faixa_Etaria_trabalho,Faixa Etária,Faixa_Etaria_trabalho,svyglm+regTermTest(LRT),0.03436968636395399,"1, 5",0.986521815720865,ns,0.9939199126054372,ns,6
Conribuintes_Desocupados,Responsáveis ou Cônjuges Desocupados,Micro_2252020,Micro 2252020,Raca,Cor ou Raça,Raca,svyglm+regTermTest(LRT),1.496540988604618,"2, 18",0.9866793716343336,ns,0.9987236881883887,ns,20
Taxa_Nem_Nem,Taxa de Nem-Nem (14 a 29 anos),Micro_2251012,Micro 2251012,Instrucao_agregado,Grau de Instrução (dicotomizado),Instrucao,svyglm+regTermTest(LRT),0.00163585056775161,"1, 79",0.986859241380938,ns,0.99422357080985,ns,112
Proporcao_Ocupados_Escolarizados,Ocupados com Ensino Médio Completo ou Mais,Micro_2253021,Micro 2253021,Raca,Cor ou Raça,Raca,svyglm+regTermTest(LRT),0.0582858883623345,"2, 20",0.987085342456344,ns,0.987085342456344,ns,30
Motivo_Desistencia_Desalentado,Motivo da Desistência (Desalentados),Admin_Capital,Capital,Sexo,Sexo,Sexo,svychisq,0.03400322203794912,"2.69881234383429, 45.8798098451829",0.9872282132972432,ns,0.9872282132972432,ns,21
Motivo_Desistencia_Desalentado,Motivo da Desistência (Desalentados),Agreg_Teresina,Teresina,Sexo,Sexo,Sexo,svychisq,0.03400322203794912,"2.69881234383429, 45.8798098451829",0.9872282132972432,ns,0.9872282132972432,ns,21
Desalentados_Forca_Ampliada,Desalentados na Força de Trabalho Ampliada,Admin_Capital,Capital,Instrucao,Grau de Instrução (detalhado),VD3004,svyglm+regTermTest(LRT),8.525935378192884,"6, 199",0.9873411496060988,ns,0.9998416465005352,ns,4334
Desalentados_Forca_Ampliada,Desalentados na Força de Trabalho Ampliada,Agreg_Teresina,Teresina,Instrucao,Grau de Instrução (detalhado),VD3004,svyglm+regTermTest(LRT),8.525935378192884,"6, 199",0.9873411496060988,ns,0.9998416465005352,ns,4334
Conribuintes_Desocupados,Responsáveis ou Cônjuges Desocupados,Micro_2210020,Micro 2210020,Sexo,Sexo,Sexo,svyglm+regTermTest(LRT),0.00995775136933119,"1, 16",0.9880235978168486,ns,0.9934099404760612,ns,19
Chefes_Familia_Desocupados,Pessoas Responsáveis pelo Domicílio Desocupadas,Micro_2210011,Micro 2210011,Raca,Cor ou Raça,Raca,svyglm+regTermTest(LRT),0.22176323857738112,"2, 73",0.9880289784960612,ns,0.9985484971744664,ns,82
Chefes_Familia_Desocupados,Pessoas Responsáveis pelo Domicílio Desocupadas,Micro_2210030,Micro 2210030,Instrucao,Grau de Instrução (detalhado),VD3004,svyglm+regTermTest(LRT),7.778903887736639,"3, 30",0.9884759685195056,ns,0.9986172915493704,ns,37
Chefes_Familia_Desocupados,Pessoas Responsáveis pelo Domicílio Desocupadas,Agreg_Alto Parnaíba e Chapadas Sul do Piauí,Alto Parnaíba e Chapadas Sul do Piauí,Raca,Cor ou Raça,Raca,svyglm+regTermTest(LRT),0.4820614979482798,"2, 76",0.9887721053552476,ns,0.9985484971744664,ns,82
Taxa_Subocupacao,Subocupação por Insuficiência de Horas,Micro_2251012,Micro 2251012,Faixa_Etaria_trabalho,Faixa Etária,Faixa_Etaria_trabalho,svyglm+regTermTest(LRT),0.24197006220191497,"2, 136",0.9889709240339484,ns,0.9889709240339484,ns,212
Taxa_Subocupacao,Subocupação por Insuficiência de Horas,Micro_2251021,Micro 2251021,Instrucao,Grau de Instrução (detalhado),VD3004,svyglm+regTermTest(LRT),4.562454510360233,"6, 38",0.9895891310794742,ns,0.9999744227827811,ns,54
Taxa_Desocupacao,Taxa de Desocupação,Micro_2251012,Micro 2251012,Raca,Cor ou Raça,Raca,svyglm+regTermTest(LRT),0.9949809510601996,"3, 144",0.9899135136402388,ns,0.9985316607995184,ns,227
Taxa_Subocupacao,Subocupação por Insuficiência de Horas,"Admin_Resto da RIDE (Região Integrada de Desenvolvimento Econômico, excluindo a capital)","Resto da RIDE (Região Integrada de Desenvolvimento Econômico, excluindo a capital)",Instrucao,Grau de Instrução (detalhado),VD3004,svyglm+regTermTest(LRT),24.635733182963374,"6, 199",0.9899671054067182,ns,0.9999744227827811,ns,454
Taxa_Subocupacao,Subocupação por Insuficiência de Horas,Agreg_Entorno metropolitano de Teresina (PI),Entorno metropolitano de Teresina (PI),Instrucao,Grau de Instrução (detalhado),VD3004,svyglm+regTermTest(LRT),24.635733182963374,"6, 199",0.9899671054067182,ns,0.9999744227827811,ns,454
Conribuintes_Desocupados,Responsáveis ou Cônjuges Desocupados,Micro_2251020,Micro 2251020,Raca,Cor ou Raça,Raca,svyglm+regTermTest(LRT),1.328872682843297,"2, 23",0.9903298748288824,ns,0.9987236881883887,ns,25
Taxa_Subocupacao,Subocupação por Insuficiência de Horas,Micro_2220020,Micro 2220020,Raca,Cor ou Raça,Raca,svyglm+regTermTest(LRT),1.6703908034975117,"2, 108",0.990571956243484,ns,0.9990773092975824,ns,155
Taxa_Subocupacao,Subocupação por Insuficiência de Horas,Micro_2220010,Micro 2220010,Instrucao_agregado,Grau de Instrução (dicotomizado),Instrucao,svyglm+regTermTest(LRT),0.01095456291842822,"1, 179",0.9910093246821124,ns,0.9910093246821124,ns,299
Chefes_Familia_Desocupados,Pessoas Responsáveis pelo Domicílio Desocupadas,Micro_2251020,Micro 2251020,Raca,Cor ou Raça,Raca,svyglm+regTermTest(LRT),1.2522252926878463,"2, 23",0.9911415924976256,ns,0.9985484971744664,ns,25
Desalentados_Fora_Forca,Desalentados Fora da Força de Trabalho,Micro_2210011,Micro 2210011,Raca,Cor ou Raça,Raca,svyglm+regTermTest(LRT),1.1732014863747793,"2, 199",0.9912008184215182,ns,0.9962100251261198,ns,608
Taxa_Desocupacao,Taxa de Desocupação,Micro_2253011,Micro 2253011,Raca,Cor ou Raça,Raca,svyglm+regTermTest(LRT),0.7948555909010082,"2, 131",0.9915642575250144,ns,0.9985316607995184,ns,214
Desalentados_Fora_Forca,Desalentados Fora da Força de Trabalho,Admin_Capital,Capital,Instrucao,Grau de Instrução (detalhado),VD3004,svyglm+regTermTest(LRT),8.196086126004474,"6, 199",0.9915944511167152,ns,0.9987697070157092,ns,1438
Desalentados_Fora_Forca,Desalentados Fora da Força de Trabalho,Agreg_Teresina,Teresina,Instrucao,Grau de Instrução (detalhado),VD3004,svyglm+regTermTest(LRT),8.196086126004474,"6, 199",0.9915944511167152,ns,0.9987697070157092,ns,1438
Chefes_Familia_Desocupados,Pessoas Responsáveis pelo Domicílio Desocupadas,"Admin_Resto da UF  (Unidade da Federação, excluindo a região metropolitana e a RIDE)","Resto da UF  (Unidade da Federação, excluindo a região metropolitana e a RIDE)",Instrucao,Grau de Instrução (detalhado),VD3004,svyglm+regTermTest(LRT),19.003954683636607,"6, 199",0.991723541360103,ns,0.9986172915493704,ns,219
Taxa_Informalidade,Taxa de Informalidade,Micro_2253021,Micro 2253021,Raca,Cor ou Raça,Raca,svyglm+regTermTest(LRT),0.02303266348620525,"2, 20",0.991815280636676,ns,0.9972127901540696,ns,30
Taxa_Nem_Nem,Taxa de Nem-Nem (14 a 29 anos),Micro_2251012,Micro 2251012,Instrucao,Grau de Instrução (detalhado),VD3004,svyglm+regTermTest(LRT),13.233942386985548,"5, 79",0.9918802383145604,ns,0.9996492885327808,ns,112
Taxa_Desocupacao,Taxa de Desocupação,Micro_2252020,Micro 2252020,Raca,Cor ou Raça,Raca,svyglm+regTermTest(LRT),0.24067298810265925,"2, 179",0.9926084124257192,ns,0.9985316607995184,ns,261
Taxa_Nem_Nem,Taxa de Nem-Nem (14 a 29 anos),Micro_2251011,Micro 2251011,Raca,Cor ou Raça,Raca,svyglm+regTermTest(LRT),0.3580234794446113,"2, 79",0.992663816249414,ns,0.997919623009068,ns,111
Desalentados_Forca_Ampliada,Desalentados na Força de Trabalho Ampliada,Micro_2220010,Micro 2220010,Raca,Cor ou Raça,Raca,svyglm+regTermTest(LRT),0.6483546951480577,"3, 199",0.9926648116398588,ns,1,ns,723
Chefes_Familia_Desocupados,Pessoas Responsáveis pelo Domicílio Desocupadas,Micro_2210012,Micro 2210012,Sexo,Sexo,Sexo,svyglm+regTermTest(LRT),0.00492925164017954,"1, 13",0.9934099404760612,ns,0.9934099404760612,ns,15
Conribuintes_Desocupados,Responsáveis ou Cônjuges Desocupados,Micro_2210012,Micro 2210012,Sexo,Sexo,Sexo,svyglm+regTermTest(LRT),0.00492925164017954,"1, 13",0.9934099404760612,ns,0.9934099404760612,ns,15
Taxa_Nem_Nem,Taxa de Nem-Nem (14 a 29 anos),Micro_2252022,Micro 2252022,Sexo,Sexo,Sexo,svyglm+regTermTest(LRT),0.00748191956187227,"1, 16",0.9934815683726366,ns,0.9934815683726366,ns,25
Percentual_Subremuneracao,Subremuneração (abaixo do salário-mínimo/hora),Micro_2253021,Micro 2253021,Faixa_Etaria_trabalho,Faixa Etária,Faixa_Etaria_trabalho,svyglm+regTermTest(LRT),0.6102438082250004,"2, 36",0.9936646474916272,ns,0.9936646474916272,ns,112
Taxa_Subocupacao,Subocupação por Insuficiência de Horas,Micro_2254020,Micro 2254020,Raca,Cor ou Raça,Raca,svyglm+regTermTest(LRT),0.5278414586697693,"2, 75",0.9938575481978018,ns,0.9990773092975824,ns,126
Chefes_Familia_Desocupados,Pessoas Responsáveis pelo Domicílio Desocupadas,Micro_2251012,Micro 2251012,Faixa_Etaria_trabalho,Faixa Etária,Faixa_Etaria_trabalho,svyglm+regTermTest(LRT),0.00264516133363557,"1, 11",0.9939199126054372,ns,0.9939199126054372,ns,15
Desalentados_Fora_Forca,Desalentados Fora da Força de Trabalho,Micro_2252013,Micro 2252013,Faixa_Etaria_trabalho,Faixa Etária,Faixa_Etaria_trabalho,svyglm+regTermTest(LRT),0.6488468741497542,"2, 85",0.993985788596234,ns,0.993985788596234,ns,134
Conribuintes_Desocupados,Responsáveis ou Cônjuges Desocupados,Micro_2220010,Micro 2220010,Instrucao,Grau de Instrução (detalhado),VD3004,svyglm+regTermTest(LRT),9.31864454780279,"5, 37",0.9939944054858988,ns,0.9995455727694298,ns,41
Taxa_Nem_Nem,Taxa de Nem-Nem (14 a 29 anos),Micro_2220010,Micro 2220010,Instrucao_agregado,Grau de Instrução (dicotomizado),Instrucao,svyglm+regTermTest(LRT),7.394443582597887e-5,"1, 121",0.99422357080985,ns,0.99422357080985,ns,176
Taxa_Desocupacao,Taxa de Desocupação,Micro_2220010,Micro 2220010,Instrucao,Grau de Instrução (detalhado),VD3004,svyglm+regTermTest(LRT),20.787308497653218,"6, 195",0.9943139921782352,ns,1,ns,340
Taxa_Desocupacao,Taxa de Desocupação,Micro_2252012,Micro 2252012,Raca,Cor ou Raça,Raca,svyglm+regTermTest(LRT),0.985512122866794,"2, 147",0.9943925324314424,ns,0.9985316607995184,ns,230
Chefes_Familia_Desocupados,Pessoas Responsáveis pelo Domicílio Desocupadas,Micro_2220010,Micro 2220010,Instrucao,Grau de Instrução (detalhado),VD3004,svyglm+regTermTest(LRT),7.956421505987763,"5, 37",0.994403435793822,ns,0.9986172915493704,ns,41
Desalentados_Forca_Ampliada,Desalentados na Força de Trabalho Ampliada,Micro_2251012,Micro 2251012,Instrucao,Grau de Instrução (detalhado),VD3004,svyglm+regTermTest(LRT),8.73468850152608,"6, 189",0.994539368455124,ns,0.9998416465005352,ns,482
Desalentados_Forca_Ampliada,Desalentados na Força de Trabalho Ampliada,Micro_2252011,Micro 2252011,Faixa_Etaria_trabalho,Faixa Etária,Faixa_Etaria_trabalho,svyglm+regTermTest(LRT),0.35695987336234225,"2, 199",0.9948156818199404,ns,0.9989643649973602,ns,566
Desalentados_Fora_Forca,Desalentados Fora da Força de Trabalho,Micro_2253010,Micro 2253010,Raca,Cor ou Raça,Raca,svyglm+regTermTest(LRT),0.6595771249900295,"2, 29",0.9949349120716998,ns,0.9962100251261198,ns,47
Chefes_Familia_Desocupados,Pessoas Responsáveis pelo Domicílio Desocupadas,Micro_2252012,Micro 2252012,Instrucao,Grau de Instrução (detalhado),VD3004,svyglm+regTermTest(LRT),0.5745566755040876,"2, 6",0.9953612352923504,ns,0.9986172915493704,ns,8
Chefes_Familia_Desocupados,Pessoas Responsáveis pelo Domicílio Desocupadas,Micro_2252020,Micro 2252020,Raca,Cor ou Raça,Raca,svyglm+regTermTest(LRT),0.6699573504703231,"2, 18",0.9954321287727602,ns,0.9985484971744664,ns,20
Chefes_Familia_Desocupados,Pessoas Responsáveis pelo Domicílio Desocupadas,Agreg_Alto Parnaíba e Chapadas Sul do Piauí,Alto Parnaíba e Chapadas Sul do Piauí,Instrucao,Grau de Instrução (detalhado),VD3004,svyglm+regTermTest(LRT),14.1180978630492,"6, 76",0.995601342361682,ns,0.9986172915493704,ns,82
Percentual_Subremuneracao,Subremuneração (abaixo do salário-mínimo/hora),Micro_2253010,Micro 2253010,Raca,Cor ou Raça,Raca,svyglm+regTermTest(LRT),0.4593939524201147,"2, 48",0.995719181577066,ns,0.995719181577066,ns,152
Taxa_Subocupacao,Subocupação por Insuficiência de Horas,Micro_2253010,Micro 2253010,Raca,Cor ou Raça,Raca,svyglm+regTermTest(LRT),0.551598654888231,"2, 38",0.995963207999069,ns,0.9990773092975824,ns,63
Desalentados_Forca_Ampliada,Desalentados na Força de Trabalho Ampliada,Micro_2253010,Micro 2253010,Raca,Cor ou Raça,Raca,svyglm+regTermTest(LRT),0.79446540472847,"2, 48",0.9959944503548636,ns,1,ns,152
Desalentados_Fora_Forca,Desalentados Fora da Força de Trabalho,Micro_2253011,Micro 2253011,Raca,Cor ou Raça,Raca,svyglm+regTermTest(LRT),0.5510211266290668,"2, 112",0.9962100251261198,ns,0.9962100251261198,ns,166
Taxa_Nem_Nem,Taxa de Nem-Nem (14 a 29 anos),Micro_2252022,Micro 2252022,Raca,Cor ou Raça,Raca,svyglm+regTermTest(LRT),0.7491041604706439,"2, 16",0.9963251730856968,ns,0.997919623009068,ns,25
Taxa_Informalidade,Taxa de Informalidade,Micro_2210020,Micro 2210020,Raca,Cor ou Raça,Raca,svyglm+regTermTest(LRT),0.0396018482317686,"2, 107",0.9968567389631868,ns,0.9972127901540696,ns,163
Taxa_Subocupacao,Subocupação por Insuficiência de Horas,Micro_2252020,Micro 2252020,Instrucao,Grau de Instrução (detalhado),VD3004,svyglm+regTermTest(LRT),6.1648329487459534,"6, 166",0.9970639157516584,ns,0.9999744227827811,ns,241
Taxa_Informalidade,Taxa de Informalidade,Micro_2254020,Micro 2254020,Raca,Cor ou Raça,Raca,svyglm+regTermTest(LRT),0.2455269992959188,"2, 75",0.9972127901540696,ns,0.9972127901540696,ns,126
Taxa_Subocupacao,Subocupação por Insuficiência de Horas,Micro_2251020,Micro 2251020,Instrucao,Grau de Instrução (detalhado),VD3004,svyglm+regTermTest(LRT),4.6948068764643835,"6, 162",0.9973178743340588,ns,0.9999744227827811,ns,231
Taxa_Desocupacao,Taxa de Desocupação,Micro_2252020,Micro 2252020,Instrucao,Grau de Instrução (detalhado),VD3004,svyglm+regTermTest(LRT),9.053479259736008,"6, 179",0.9973446489433208,ns,1,ns,261
Conribuintes_Desocupados,Responsáveis ou Cônjuges Desocupados,Agreg_Alto Parnaíba e Chapadas Sul do Piauí,Alto Parnaíba e Chapadas Sul do Piauí,Instrucao,Grau de Instrução (detalhado),VD3004,svyglm+regTermTest(LRT),22.02404665263387,"6, 76",0.9973483707134756,ns,0.9995455727694298,ns,82
Taxa_Subocupacao,Subocupação por Insuficiência de Horas,Micro_2253011,Micro 2253011,Instrucao,Grau de Instrução (detalhado),VD3004,svyglm+regTermTest(LRT),8.38763842719652,"6, 123",0.9974208994685178,ns,0.9999744227827811,ns,199
Taxa_Informalidade,Taxa de Informalidade,Micro_2253022,Micro 2253022,Faixa_Etaria_trabalho,Faixa Etária,Faixa_Etaria_trabalho,svyglm+regTermTest(LRT),5.599758926493337e-4,"1, 21",0.9975638230714124,ns,0.9975638230714124,ns,31
Taxa_Desocupacao,Taxa de Desocupação,Micro_2253012,Micro 2253012,Instrucao,Grau de Instrução (detalhado),VD3004,svyglm+regTermTest(LRT),8.143322203463853,"6, 124",0.9975745058375134,ns,1,ns,194
Percentual_Subremuneracao,Subremuneração (abaixo do salário-mínimo/hora),Micro_2254020,Micro 2254020,Instrucao,Grau de Instrução (detalhado),VD3004,svyglm+regTermTest(LRT),12.881252200446111,"6, 104",0.9978795185745344,ns,0.9978795185745344,ns,320
Taxa_Nem_Nem,Taxa de Nem-Nem (14 a 29 anos),Micro_2210020,Micro 2210020,Raca,Cor ou Raça,Raca,svyglm+regTermTest(LRT),0.12103242598712428,"2, 63",0.997919623009068,ns,0.997919623009068,ns,94
Desalentados_Forca_Ampliada,Desalentados na Força de Trabalho Ampliada,Micro_2253022,Micro 2253022,Instrucao_agregado,Grau de Instrução (dicotomizado),Instrucao,svyglm+regTermTest(LRT),3.67913070000725e-4,"1, 36",0.9980014460504312,ns,0.9992325195593166,ns,97
Taxa_Subocupacao,Subocupação por Insuficiência de Horas,Micro_2253021,Micro 2253021,Raca,Cor ou Raça,Raca,svyglm+regTermTest(LRT),0.195843220929369,"2, 20",0.9980632497562104,ns,0.9990773092975824,ns,30
Desalentados_Forca_Ampliada,Desalentados na Força de Trabalho Ampliada,Micro_2252013,Micro 2252013,Faixa_Etaria_trabalho,Faixa Etária,Faixa_Etaria_trabalho,svyglm+regTermTest(LRT),0.18792526630514317,"2, 134",0.9981863285144524,ns,0.9989643649973602,ns,388
Taxa_Desocupacao,Taxa de Desocupação,Micro_2252011,Micro 2252011,Raca,Cor ou Raça,Raca,svyglm+regTermTest(LRT),0.16580235619396433,"3, 136",0.9983273822548429,ns,0.9985316607995184,ns,222
Taxa_Subocupacao,Subocupação por Insuficiência de Horas,Micro_2253022,Micro 2253022,Raca,Cor ou Raça,Raca,svyglm+regTermTest(LRT),0.15002177316217669,"2, 21",0.9984332343500804,ns,0.9990773092975824,ns,31
Taxa_Desocupacao,Taxa de Desocupação,Micro_2220020,Micro 2220020,Raca,Cor ou Raça,Raca,svyglm+regTermTest(LRT),0.11830673209377096,"2, 127",0.9985316607995184,ns,0.9985316607995184,ns,194
Chefes_Familia_Desocupados,Pessoas Responsáveis pelo Domicílio Desocupadas,Micro_2253011,Micro 2253011,Raca,Cor ou Raça,Raca,svyglm+regTermTest(LRT),0.17060046684499497,"2, 14",0.9985484971744664,ns,0.9985484971744664,ns,15
Chefes_Familia_Desocupados,Pessoas Responsáveis pelo Domicílio Desocupadas,Micro_2210011,Micro 2210011,Instrucao,Grau de Instrução (detalhado),VD3004,svyglm+regTermTest(LRT),6.680821146747519,"5, 73",0.9986172915493704,ns,0.9986172915493704,ns,82
Conribuintes_Desocupados,Responsáveis ou Cônjuges Desocupados,Micro_2210030,Micro 2210030,Raca,Cor ou Raça,Raca,svyglm+regTermTest(LRT),0.1232051454495604,"2, 30",0.9986382221583832,ns,0.9987236881883887,ns,37
Taxa_Subocupacao,Subocupação por Insuficiência de Horas,Micro_2252012,Micro 2252012,Instrucao,Grau de Instrução (detalhado),VD3004,svyglm+regTermTest(LRT),3.8008718791829494,"6, 145",0.9986954864319592,ns,0.9999744227827811,ns,222
Conribuintes_Desocupados,Responsáveis ou Cônjuges Desocupados,"Admin_Resto da RIDE (Região Integrada de Desenvolvimento Econômico, excluindo a capital)","Resto da RIDE (Região Integrada de Desenvolvimento Econômico, excluindo a capital)",Raca,Cor ou Raça,Raca,svyglm+regTermTest(LRT),0.04442347003607949,"2, 70",0.9987236881883887,ns,0.9987236881883887,ns,80
Conribuintes_Desocupados,Responsáveis ou Cônjuges Desocupados,Agreg_Entorno metropolitano de Teresina (PI),Entorno metropolitano de Teresina (PI),Raca,Cor ou Raça,Raca,svyglm+regTermTest(LRT),0.04442347003607949,"2, 70",0.9987236881883887,ns,0.9987236881883887,ns,80
Desalentados_Fora_Forca,Desalentados Fora da Força de Trabalho,Micro_2251011,Micro 2251011,Instrucao,Grau de Instrução (detalhado),VD3004,svyglm+regTermTest(LRT),15.61262563092076,"6, 134",0.9987697070157092,ns,0.9987697070157092,ns,222
Taxa_Subocupacao,Subocupação por Insuficiência de Horas,Micro_2251021,Micro 2251021,Raca,Cor ou Raça,Raca,svyglm+regTermTest(LRT),0.27004783678040667,"2, 38",0.9987947954057778,ns,0.9990773092975824,ns,54
Desalentados_Forca_Ampliada,Desalentados na Força de Trabalho Ampliada,Micro_2251012,Micro 2251012,Faixa_Etaria_trabalho,Faixa Etária,Faixa_Etaria_trabalho,svyglm+regTermTest(LRT),0.15259734436196482,"2, 189",0.9989643649973602,ns,0.9989643649973602,ns,482
Taxa_Subocupacao,Subocupação por Insuficiência de Horas,Micro_2220010,Micro 2220010,Raca,Cor ou Raça,Raca,svyglm+regTermTest(LRT),0.13174106280004594,"2, 179",0.9990773092975824,ns,0.9990773092975824,ns,299
Taxa_Desocupacao,Taxa de Desocupação,Micro_2252020,Micro 2252020,Faixa_Etaria_trabalho,Faixa Etária,Faixa_Etaria_trabalho,svyglm+regTermTest(LRT),0.09351840730070649,"2, 179",0.9991923840458136,ns,0.9991923840458136,ns,261
Desalentados_Forca_Ampliada,Desalentados na Força de Trabalho Ampliada,Micro_2251012,Micro 2251012,Instrucao_agregado,Grau de Instrução (dicotomizado),Instrucao,svyglm+regTermTest(LRT),9.58040487830658e-7,"1, 189",0.9992325195593166,ns,0.9992325195593166,ns,482
Taxa_Desocupacao,Taxa de Desocupação,Micro_2253020,Micro 2253020,Instrucao,Grau de Instrução (detalhado),VD3004,svyglm+regTermTest(LRT),4.964551027303287,"6, 104",0.9994764791417222,ns,1,ns,142
Conribuintes_Desocupados,Responsáveis ou Cônjuges Desocupados,Micro_2210011,Micro 2210011,Instrucao,Grau de Instrução (detalhado),VD3004,svyglm+regTermTest(LRT),7.401134462467184,"5, 73",0.9995455727694298,ns,0.9995455727694298,ns,82
Taxa_Subocupacao,Subocupação por Insuficiência de Horas,Admin_Capital,Capital,Instrucao,Grau de Instrução (detalhado),VD3004,svyglm+regTermTest(LRT),5.02933304314638,"6, 199",0.9995661748677168,ns,0.9999744227827811,ns,1964
Taxa_Subocupacao,Subocupação por Insuficiência de Horas,Agreg_Teresina,Teresina,Instrucao,Grau de Instrução (detalhado),VD3004,svyglm+regTermTest(LRT),5.02933304314638,"6, 199",0.9995661748677168,ns,0.9999744227827811,ns,1964
Taxa_Nem_Nem,Taxa de Nem-Nem (14 a 29 anos),Micro_2253011,Micro 2253011,Instrucao,Grau de Instrução (detalhado),VD3004,svyglm+regTermTest(LRT),4.99969086441763,"5, 75",0.9996260549949838,ns,0.9996492885327808,ns,97
Taxa_Desocupacao,Taxa de Desocupação,Micro_2253011,Micro 2253011,Instrucao,Grau de Instrução (detalhado),VD3004,svyglm+regTermTest(LRT),7.651814231442714,"6, 131",0.9996418153426126,ns,1,ns,214
Taxa_Nem_Nem,Taxa de Nem-Nem (14 a 29 anos),Micro_2251013,Micro 2251013,Instrucao,Grau de Instrução (detalhado),VD3004,svyglm+regTermTest(LRT),5.4078171865049,"6, 72",0.9996492885327808,ns,0.9996492885327808,ns,97
Desalentados_Forca_Ampliada,Desalentados na Força de Trabalho Ampliada,Micro_2251011,Micro 2251011,Instrucao,Grau de Instrução (detalhado),VD3004,svyglm+regTermTest(LRT),6.577529748640842,"6, 188",0.9998416465005352,ns,0.9998416465005352,ns,523
Taxa_Subocupacao,Subocupação por Insuficiência de Horas,Micro_2210011,Micro 2210011,Instrucao,Grau de Instrução (detalhado),VD3004,svyglm+regTermTest(LRT),2.0016882599021244,"6, 199",0.9999744227827811,ns,0.9999744227827811,ns,912
Desalentados_Forca_Ampliada,Desalentados na Força de Trabalho Ampliada,Micro_2252022,Micro 2252022,Raca,Cor ou Raça,Raca,svyglm+regTermTest(LRT),0.7770900580135525,"2, 39",1,ns,1,ns,110
Taxa_Desocupacao,Taxa de Desocupação,Micro_2253010,Micro 2253010,Instrucao,Grau de Instrução (detalhado),VD3004,svyglm+regTermTest(LRT),10.59982274503885,"6, 40",1,ns,1,ns,69
