territorio,periodo,Indicador,Subcategoria_Indicador,tabela,variavel_cv,categoria,Estimativa,SE,cv_projeto,cv_oficial,dif,ok
Brasil,201602,Distribuicao_PIT_por_Faixa_Etaria_SIDRA,Faixa_Etaria_sidra14 a 17 anos,4094,4105,114535,0.0838884556850909,3.5524221292323414e-4,0.42346972538960403,0.4,0.023469725389604013,TRUE
Brasil,201603,Distribuicao_PIT_por_Faixa_Etaria_SIDRA,Faixa_Etaria_sidra14 a 17 anos,4094,4105,114535,0.08317738042206513,3.271709312312811e-4,0.39334122999681514,0.4,-0.006658770003184877,TRUE
Brasil,202602,Distribuicao_PIT_por_Faixa_Etaria_SIDRA,Faixa_Etaria_sidra14 a 17 anos,4094,4105,114535,0.0670474663085679,3.1667946399247193e-4,0.47232129926437494,0.5,-0.02767870073562506,TRUE
Brasil,201602,Distribuicao_PIT_por_Faixa_Etaria_SIDRA,Faixa_Etaria_sidra18 a 24 anos,4094,4105,100052,0.14532624548854164,3.5524221280270745e-4,0.24444463669208105,0.2,0.04444463669208104,TRUE
Brasil,201603,Distribuicao_PIT_por_Faixa_Etaria_SIDRA,Faixa_Etaria_sidra18 a 24 anos,4094,4105,100052,0.14500299168497716,3.2717093127877355e-4,0.22563046974200443,0.2,0.02563046974200442,TRUE
Brasil,202602,Distribuicao_PIT_por_Faixa_Etaria_SIDRA,Faixa_Etaria_sidra18 a 24 anos,4094,4105,100052,0.12020623542386732,3.1667946398055677e-4,0.26344678615372313,0.3,-0.036553213846276855,TRUE
Brasil,201602,Distribuicao_PIT_por_Faixa_Etaria_SIDRA,Faixa_Etaria_sidra25 a 39 anos,4094,4105,108875,0.3091146332395039,3.6353690651299468e-12,1.1760585472876145e-9,NA,NA,NA
Brasil,201603,Distribuicao_PIT_por_Faixa_Etaria_SIDRA,Faixa_Etaria_sidra25 a 39 anos,4094,4105,108875,0.3084957237685225,1.1856080150488378e-12,3.8431910840308765e-10,NA,NA,NA
Brasil,202602,Distribuicao_PIT_por_Faixa_Etaria_SIDRA,Faixa_Etaria_sidra25 a 39 anos,4094,4105,108875,0.27673503644221176,5.042225311466338e-13,1.822040814307683e-10,NA,NA,NA
Brasil,201602,Distribuicao_PIT_por_Faixa_Etaria_SIDRA,Faixa_Etaria_sidra40 a 59 anos,4094,4105,99127,0.30251246624793365,4.780640658987877e-12,1.580311951531198e-9,NA,NA,NA
Brasil,201603,Distribuicao_PIT_por_Faixa_Etaria_SIDRA,Faixa_Etaria_sidra40 a 59 anos,4094,4105,99127,0.3030871714439413,1.1188847790709572e-12,3.6916269789330393e-10,NA,NA,NA
Brasil,202602,Distribuicao_PIT_por_Faixa_Etaria_SIDRA,Faixa_Etaria_sidra40 a 59 anos,4094,4105,99127,0.328972096463372,9.630161476113581e-13,2.9273490304019785e-10,NA,NA,NA
Brasil,201602,Distribuicao_PIT_por_Faixa_Etaria_SIDRA,Faixa_Etaria_sidra60 anos ou mais,4094,4105,3302,0.15915819933892997,2.5481063762154685e-12,1.600989698802281e-9,NA,NA,NA
Brasil,201603,Distribuicao_PIT_por_Faixa_Etaria_SIDRA,Faixa_Etaria_sidra60 anos ou mais,4094,4105,3302,0.16023673268049388,1.3774217153768344e-12,8.596167010740056e-10,NA,NA,NA
Brasil,202602,Distribuicao_PIT_por_Faixa_Etaria_SIDRA,Faixa_Etaria_sidra60 anos ou mais,4094,4105,3302,0.20703916536198108,1.2009367226083931e-12,5.800529192187919e-10,NA,NA,NA
Brasil,201602,Distribuicao_PIT_por_Sexo,Sexo_pitFeminino,4093,4105,5,0.5172513352049156,3.62921371144056e-12,7.016344791072992e-10,NA,NA,NA
Brasil,201603,Distribuicao_PIT_por_Sexo,Sexo_pitFeminino,4093,4105,5,0.5172569092380315,8.613108273682617e-13,1.665150937542921e-10,NA,NA,NA
Brasil,202602,Distribuicao_PIT_por_Sexo,Sexo_pitFeminino,4093,4105,5,0.5179001859924082,1.0420221129833001e-12,2.0120133978839214e-10,NA,NA,NA
Brasil,201602,Distribuicao_PIT_por_Sexo,Sexo_pitMasculino,4093,4105,4,0.48274866479508444,3.629213677330211e-12,7.517811942309003e-10,NA,NA,NA
Brasil,201603,Distribuicao_PIT_por_Sexo,Sexo_pitMasculino,4093,4105,4,0.48274309076196853,8.613072725928945e-13,1.7841938892038722e-10,NA,NA,NA
Brasil,202602,Distribuicao_PIT_por_Sexo,Sexo_pitMasculino,4093,4105,4,0.48209981400759194,1.0419856597732254e-12,2.161348396116196e-10,NA,NA,NA
Brasil,201602,Empregados_Setor_Privado,emp_privado,4097,4091,31721,44984311.4288025,174317.99743789664,0.38750842660733614,0.4,-0.01249157339266388,TRUE
Brasil,201603,Empregados_Setor_Privado,emp_privado,4097,4091,31721,44828645.52858057,157269.0360379705,0.35082263624874277,0.3,0.05082263624874278,FALSE
Brasil,202602,Empregados_Setor_Privado,emp_privado,4097,4091,31721,52986718.9897,200931.7270986489,0.3792114909732526,0.4,-0.020788509026747448,TRUE
Brasil,201602,Empregados_Setor_Publico,emp_publico,4097,4091,31727,10909981.52106068,114425.36517360935,1.0488135562165901,1,0.048813556216590115,TRUE
Brasil,201603,Empregados_Setor_Publico,emp_publico,4097,4091,31727,10968177.02551439,111366.78898630281,1.0153627966364802,1,0.015362796636480214,TRUE
Brasil,202602,Empregados_Setor_Publico,emp_publico,4097,4091,31727,13018195.63882171,114438.34822912415,0.879064590855097,0.9,-0.020935409144902994,TRUE
Brasil,201602,Nivel_Ocupacao,ocup/pit,4093,4101,6794,0.5570074475712306,0.0011538306943410814,0.20714816280684087,0.2,0.007148162806840858,TRUE
Brasil,201603,Nivel_Ocupacao,ocup/pit,4093,4101,6794,0.5500519040104788,0.0011029118690972246,0.2005105083821714,0.2,5.105083821713985e-4,TRUE
Brasil,202602,Nivel_Ocupacao,ocup/pit,4093,4101,6794,0.5875568143807174,9.998986544299386e-4,0.17017905842583544,0.2,-0.029820941574164567,TRUE
Brasil,201602,Ocupados_Agropecuaria,ocup_agro,5434,4091,47947,9168746.64576095,118091.73413055467,1.2879812115339977,1.3,-0.01201878846600235,TRUE
Brasil,201603,Ocupados_Agropecuaria,ocup_agro,5434,4091,47947,8800423.05348221,107840.89128343262,1.2254057632009112,1.2,0.025405763200911258,TRUE
Brasil,202602,Ocupados_Agropecuaria,ocup_agro,5434,4091,47947,7918182.71261535,109093.41221242117,1.3777582075570465,1.4,-0.022241792442953434,TRUE
Brasil,201602,PIT_por_Faixa_Etaria_SIDRA,Faixa_Etaria_sidra14 a 17 anos,4094,4087,114535,13528393.02488201,57288.648785216435,0.42346972533876465,0.4,0.023469725338764624,TRUE
Brasil,201603,PIT_por_Faixa_Etaria_SIDRA,Faixa_Etaria_sidra14 a 17 anos,4094,4087,114535,13449137.87273205,52901.004333093355,0.3933412300006935,0.4,-0.006658769999306535,TRUE
Brasil,202602,PIT_por_Faixa_Etaria_SIDRA,Faixa_Etaria_sidra14 a 17 anos,4094,4087,114535,11760100.78296067,55545.46081703982,0.47232129929974925,0.5,-0.027678700700250747,TRUE
Brasil,201602,PIT_por_Faixa_Etaria_SIDRA,Faixa_Etaria_sidra18 a 24 anos,4094,4087,100052,23436246.97514715,57288.648784794044,0.24444463674386732,0.2,0.04444463674386731,TRUE
Brasil,201603,PIT_por_Faixa_Etaria_SIDRA,Faixa_Etaria_sidra18 a 24 anos,4094,4087,100052,23445860.12728697,52901.00433941677,0.22563046973844672,0.2,0.02563046973844671,TRUE
Brasil,202602,PIT_por_Faixa_Etaria_SIDRA,Faixa_Etaria_sidra18 a 24 anos,4094,4087,100052,21084129.21703993,55545.46080426996,0.2634467861228,0.3,-0.03655321387720001,TRUE
Brasil,201602,PIT_por_Faixa_Etaria_SIDRA,Faixa_Etaria_sidra25 a 39 anos,4094,4087,108875,49849818.00004075,1.8772769415594995e-4,3.765865186424482e-10,0,3.765865186424482e-10,TRUE
Brasil,201603,PIT_por_Faixa_Etaria_SIDRA,Faixa_Etaria_sidra25 a 39 anos,4094,4087,108875,49881368.00002519,1.1776922403080846e-4,2.360986251033632e-10,0,2.360986251033632e-10,TRUE
Brasil,202602,PIT_por_Faixa_Etaria_SIDRA,Faixa_Etaria_sidra25 a 39 anos,4094,4087,108875,48539223.00000209,8.920801192008835e-4,1.8378541395292729e-9,0,1.8378541395292729e-9,TRUE
Brasil,201602,PIT_por_Faixa_Etaria_SIDRA,Faixa_Etaria_sidra40 a 59 anos,4094,4087,99127,48785110.00001329,0.001360659953251464,2.7890886240721675e-9,0,2.7890886240721675e-9,TRUE
Brasil,201603,PIT_por_Faixa_Etaria_SIDRA,Faixa_Etaria_sidra40 a 59 anos,4094,4087,99127,49006847.00001205,3.6126588195348446e-4,7.371743012836465e-10,0,7.371743012836465e-10,TRUE
Brasil,202602,PIT_por_Faixa_Etaria_SIDRA,Faixa_Etaria_sidra40 a 59 anos,4094,4087,99127,57701584.0000017,8.287414813487958e-4,1.4362542999664816e-9,0,1.4362542999664816e-9,TRUE
Brasil,201602,PIT_por_Faixa_Etaria_SIDRA,Faixa_Etaria_sidra60 anos ou mais,4094,4087,3302,25666877.00000455,6.780819264920436e-4,2.641855986187659e-9,0,2.641855986187659e-9,TRUE
Brasil,201603,PIT_por_Faixa_Etaria_SIDRA,Faixa_Etaria_sidra60 anos ou mais,4094,4087,3302,25909038.00000397,3.126616693741673e-4,1.206766802280036e-9,0,1.206766802280036e-9,TRUE
Brasil,202602,PIT_por_Faixa_Etaria_SIDRA,Faixa_Etaria_sidra60 anos ou mais,4094,4087,3302,36314593.00000152,4.183842582836903e-4,1.152110553142294e-9,0,1.152110553142294e-9,TRUE
Brasil,201602,PIT_por_Instrucao_SIDRA,Instrucao_sidraFundamental completo ou equivalente,4095,4087,11628,16902513.57790615,124166.92210809143,0.734606255665987,0.7,0.034606255665987073,TRUE
Brasil,201603,PIT_por_Instrucao_SIDRA,Instrucao_sidraFundamental completo ou equivalente,4095,4087,11628,16454545.85214538,127340.23981810745,0.7738909415206044,0.8,-0.026109058479395597,TRUE
Brasil,202602,PIT_por_Instrucao_SIDRA,Instrucao_sidraFundamental completo ou equivalente,4095,4087,11628,13944815.48883489,115275.04550359529,0.826651636917619,0.8,0.02665163691761896,TRUE
Brasil,201602,PIT_por_Instrucao_SIDRA,Instrucao_sidraFundamental incompleto ou equivalente,4095,4087,11779,49891663.61410765,242721.4336314893,0.48649697374063106,0.5,-0.013503026259368944,TRUE
Brasil,201603,PIT_por_Instrucao_SIDRA,Instrucao_sidraFundamental incompleto ou equivalente,4095,4087,11779,50139931.93353108,249135.9322779669,0.4968812734094623,0.5,-0.0031187265905376904,TRUE
Brasil,202602,PIT_por_Instrucao_SIDRA,Instrucao_sidraFundamental incompleto ou equivalente,4095,4087,11779,41182137.09685828,198294.70334914394,0.481506588360786,0.5,-0.018493411639213975,TRUE
Brasil,201602,PIT_por_Instrucao_SIDRA,Instrucao_sidraMédio completo ou equivalente,4095,4087,11630,44114690.14131933,206573.25378391577,0.46826409325820517,0.5,-0.03173590674179483,TRUE
Brasil,201603,PIT_por_Instrucao_SIDRA,Instrucao_sidraMédio completo ou equivalente,4095,4087,11630,44600691.59932122,221924.27710004838,0.4975803494119492,0.5,-0.0024196505880508257,TRUE
Brasil,202602,PIT_por_Instrucao_SIDRA,Instrucao_sidraMédio completo ou equivalente,4095,4087,11630,56456065.68528676,230039.37907822742,0.40746618859446826,0.4,0.007466188594468237,TRUE
Brasil,201602,PIT_por_Instrucao_SIDRA,Instrucao_sidraMédio incompleto ou equivalente,4095,4087,11629,12844745.26849596,102249.4560572548,0.7960411352651727,0.8,-0.0039588647348273165,TRUE
Brasil,201603,PIT_por_Instrucao_SIDRA,Instrucao_sidraMédio incompleto ou equivalente,4095,4087,11629,13023389.94644534,101000.23283316365,0.7755295145772018,0.8,-0.024470485422798283,TRUE
Brasil,202602,PIT_por_Instrucao_SIDRA,Instrucao_sidraMédio incompleto ou equivalente,4095,4087,11629,14256595.66410459,107949.11608142401,0.7571871898788535,0.8,-0.04281281012114657,TRUE
Brasil,201602,PIT_por_Instrucao_SIDRA,Instrucao_sidraSem instrução e menos de 1 ano de estudo,4095,4087,120706,9546713.29277031,102912.44929554284,1.0779882682082644,1.1,-0.022011731791735656,TRUE
Brasil,201603,PIT_por_Instrucao_SIDRA,Instrucao_sidraSem instrução e menos de 1 ano de estudo,4095,4087,120706,9364903.46093599,95237.44459030703,1.0169613065161098,1,0.01696130651610983,TRUE
Brasil,202602,PIT_por_Instrucao_SIDRA,Instrucao_sidraSem instrução e menos de 1 ano de estudo,4095,4087,120706,7028269.90962571,77454.63902569895,1.1020441733408584,1.1,0.0020441733408582685,TRUE
Brasil,201602,PIT_por_Instrucao_SIDRA,Instrucao_sidraSuperior completo,4095,4087,11632,20072720.50832551,322958.9405415112,1.6089445394686703,1.6,0.008944539468670243,TRUE
Brasil,201603,PIT_por_Instrucao_SIDRA,Instrucao_sidraSuperior completo,4095,4087,11632,20337831.65886024,310100.97460720496,1.5247494413796492,1.5,0.024749441379649184,TRUE
Brasil,202602,PIT_por_Instrucao_SIDRA,Instrucao_sidraSuperior completo,4095,4087,11632,32187175.90217072,292304.67018224846,0.9081401582750702,0.9,0.008140158275070197,TRUE
Brasil,201602,PIT_por_Instrucao_SIDRA,Instrucao_sidraSuperior incompleto ou equivalente,4095,4087,11631,7893398.59716284,91766.52023548477,1.1625729919235146,1.2,-0.03742700807648536,TRUE
Brasil,201603,PIT_por_Instrucao_SIDRA,Instrucao_sidraSuperior incompleto ou equivalente,4095,4087,11631,7770956.54882098,98058.43228787168,1.2618579408058745,1.3,-0.0381420591941255,TRUE
Brasil,202602,PIT_por_Instrucao_SIDRA,Instrucao_sidraSuperior incompleto ou equivalente,4095,4087,11631,10344570.25312496,109612.69020174337,1.0596156971202435,1.1,-0.040384302879756584,TRUE
Brasil,201602,PIT_por_Raca,Raca_pitBranca,6402,4087,2776,72949273.61537006,334846.86039793683,0.4590132893761758,0.5,-0.040986710623824196,TRUE
Brasil,201603,PIT_por_Raca,Raca_pitBranca,6402,4087,2776,72563272.54496157,328096.20859514864,0.452151890464772,0.5,-0.047848109535228,TRUE
Brasil,202602,PIT_por_Raca,Raca_pitBranca,6402,4087,2776,74369570.20330235,326084.4447234301,0.4384648772771184,0.4,0.03846487727711839,TRUE
Brasil,201602,PIT_por_Raca,Raca_pitParda,6402,4087,2779,73673240.03283317,327272.5323557498,0.44422171769545865,0.4,0.04422171769545863,TRUE
Brasil,201603,PIT_por_Raca,Raca_pitParda,6402,4087,2779,74246770.38514072,312032.295328036,0.42026379559599564,0.4,0.020263795595995615,TRUE
Brasil,202602,PIT_por_Raca,Raca_pitParda,6402,4087,2779,80006579.7765161,296466.43034116516,0.3705525610134698,0.4,-0.02944743898653024,TRUE
Brasil,201602,PIT_por_Raca,Raca_pitPreta,6402,4087,2777,13264713.94767529,164675.4544265083,1.2414549991511015,1.2,0.04145499915110151,TRUE
Brasil,201603,PIT_por_Raca,Raca_pitPreta,6402,4087,2777,13402458.29547383,170143.92199880639,1.2694978655987759,1.3,-0.03050213440122418,TRUE
Brasil,202602,PIT_por_Raca,Raca_pitPreta,6402,4087,2777,19235101.12150483,178028.42260431623,0.9255393121135226,0.9,0.02553931211352256,TRUE
Brasil,201602,PIT_por_Sexo,Sexo_pitFeminino,4093,4087,5,83415284.00004546,0.0015514466492027499,1.8599069316864093e-9,0,1.8599069316864093e-9,TRUE
Brasil,201603,PIT_por_Sexo,Sexo_pitFeminino,4093,4087,5,83636434.00003116,4.7581833542800886e-4,5.689127485132036e-10,0,5.689127485132036e-10,TRUE
Brasil,202602,PIT_por_Sexo,Sexo_pitFeminino,4093,4087,5,90839501.00000262,0.001380531958353459,1.5197485049520683e-9,0,1.5197485049520683e-9,TRUE
Brasil,201602,PIT_por_Sexo,Sexo_pitMasculino,4093,4087,4,77851161.00004227,6.724778570167609e-4,8.637993940981764e-10,0,8.637993940981764e-10,TRUE
Brasil,201603,PIT_por_Sexo,Sexo_pitMasculino,4093,4087,4,78055817.00002907,2.570464546986014e-4,3.293110809390486e-10,0,3.293110809390486e-10,TRUE
Brasil,202602,PIT_por_Sexo,Sexo_pitMasculino,4093,4087,4,84560129.0000033,0.0016198954320331262,1.9156728486460364e-9,0,1.9156728486460364e-9,TRUE
Brasil,201602,Pessoas_Desocupadas,desocup,4093,4093,6794,11582772.47534467,117029.29455108188,1.010373766731522,1,0.010373766731522016,TRUE
Brasil,201603,Pessoas_Desocupadas,desocup,4093,4093,6794,12009523.45862638,124102.43572287934,1.0333668621442027,1,0.0333668621442027,TRUE
Brasil,202602,Pessoas_Desocupadas,desocup,4093,4093,6794,5861466.15739246,83967.47847614675,1.4325337078035887,1.4,0.032533707803588774,TRUE
Brasil,201602,Pessoas_Fora_Forca,fora_ft,4093,4095,6794,59857061.61635798,176121.28185431246,0.2942364310883268,0.3,-0.005763568911673178,TRUE
Brasil,201603,Pessoas_Fora_Forca,fora_ft,4093,4095,6794,60743597.01511048,151446.45066079134,0.24932084713902894,0.2,0.04932084713902893,TRUE
Brasil,202602,Pessoas_Fora_Forca,fora_ft,4093,4095,6794,66480915.99625346,174843.4356073198,0.2629979340494844,0.3,-0.037002065950515584,TRUE
Brasil,201602,Pessoas_Forca_Trabalho,ft,4093,4089,6794,101409383.38372977,176121.28182009948,0.17367355558574135,0.2,-0.02632644441425866,TRUE
Brasil,201603,Pessoas_Forca_Trabalho,ft,4093,4089,6794,100948653.98494975,151446.45076321185,0.15002324923103058,0.1,0.050023249231030575,FALSE
Brasil,202602,Pessoas_Forca_Trabalho,ft,4093,4089,6794,108918714.00375246,174843.4356480711,0.16052653324758076,0.2,-0.03947346675241925,TRUE
Brasil,201602,Pessoas_Idade_Trabalhar,pit,4093,4087,6794,161266445.00008774,0.0020538728470207053,1.2735897086462022e-9,0,1.2735897086462022e-9,TRUE
Brasil,201603,Pessoas_Idade_Trabalhar,pit,4093,4087,6794,161692251.00006023,7.049082912498092e-4,4.3595675543508054e-10,0,4.3595675543508054e-10,TRUE
Brasil,202602,Pessoas_Idade_Trabalhar,pit,4093,4087,6794,175399630.0000059,0.0029982029817797354,1.709355362824673e-9,0,1.709355362824673e-9,TRUE
Brasil,201602,Pessoas_Ocupadas,ocup,4093,4091,6794,89826610.9083851,186074.17420761494,0.20714816280600135,0.2,0.007148162806001335,TRUE
Brasil,201603,Pessoas_Ocupadas,ocup,4093,4091,6794,88939130.52632336,178332.30279513897,0.2005105084115454,0.2,5.105084115454017e-4,TRUE
Brasil,202602,Pessoas_Ocupadas,ocup,4093,4091,6794,103057247.84635998,175381.8540639561,0.17017905846410653,0.2,-0.029820941535893486,TRUE
Brasil,201602,Pessoas_Subutilizadas,subutil,4100,4087,40286,22466022.86455357,171092.98895181675,0.7615633171181524,0.8,-0.03843668288184765,TRUE
Brasil,201603,Pessoas_Subutilizadas,subutil,4100,4087,40286,22735028.78346472,167377.26139879125,0.7362087068063244,0.7,0.03620870680632449,TRUE
Brasil,202602,Pessoas_Subutilizadas,subutil,4100,4087,40286,14658722.92582126,137304.2103450844,0.9366723898111465,0.9,0.03667238981114651,TRUE
Brasil,201602,Taxa_Composta_Subutilizacao,subutil/ft_ampliada,4099,4119,NA,0.2089276048731333,0.0015141789409180777,0.724738572405274,0.7,0.024738572405273995,TRUE
Brasil,201603,Taxa_Composta_Subutilizacao,subutil/ft_ampliada,4099,4119,NA,0.21260723248917235,0.0014799896878932922,0.6961144597790976,0.7,-0.0038855402209023726,TRUE
Brasil,202602,Taxa_Composta_Subutilizacao,subutil/ft_ampliada,4099,4119,NA,0.12899123670409937,0.0011566376947179469,0.8966792816873494,0.9,-0.0033207183126505724,TRUE
Brasil,201602,Taxa_Desocupacao,desocup/ft,4093,4103,6794,0.1142179558622878,0.0011224119796587508,0.9826931073885082,1,-0.017306892611491764,TRUE
Brasil,201603,Taxa_Desocupacao,desocup/ft,4093,4103,6794,0.11896665269471407,0.0012111624261958386,1.0180688443036718,1,0.018068844303671838,TRUE
Brasil,202602,Taxa_Desocupacao,desocup/ft,4093,4103,6794,0.05381505107736143,7.554165418845942e-4,1.4037272598675987,1.4,0.003727259867598809,TRUE
Brasil,201602,Taxa_Participacao,ft/pit,4093,4100,6794,0.6288312697887933,0.0010921136250080195,0.1736735556065508,0.2,-0.026326444393449222,TRUE
Brasil,201603,Taxa_Participacao,ft/pit,4093,4100,6794,0.6243258620038146,9.366339435712401e-4,0.15002324916751844,0.1,0.050023249167518435,FALSE
Brasil,202602,Taxa_Participacao,ft/pit,4093,4100,6794,0.6209745938674374,9.968289877362658e-4,0.1605265332238478,0.2,-0.03947346677615221,TRUE
Nordeste,201602,Distribuicao_PIT_por_Faixa_Etaria_SIDRA,Faixa_Etaria_sidra14 a 17 anos,4094,4105,114535,0.09400035689285556,0.001024614927128995,1.090011741441452,1.1,-0.009988258558548013,TRUE
Nordeste,201603,Distribuicao_PIT_por_Faixa_Etaria_SIDRA,Faixa_Etaria_sidra14 a 17 anos,4094,4105,114535,0.09466281520713243,0.0010428987588866026,1.1016984405171426,1.1,0.0016984405171425188,TRUE
Nordeste,202602,Distribuicao_PIT_por_Faixa_Etaria_SIDRA,Faixa_Etaria_sidra14 a 17 anos,4094,4105,114535,0.07431778783852326,8.974728247006014e-4,1.2076150956627218,1.2,0.0076150956627218935,TRUE
Nordeste,201602,Distribuicao_PIT_por_Faixa_Etaria_SIDRA,Faixa_Etaria_sidra18 a 24 anos,4094,4105,100052,0.1547858883590974,0.001220710123044958,0.7886443240955898,0.8,-0.011355675904410223,TRUE
Nordeste,201603,Distribuicao_PIT_por_Faixa_Etaria_SIDRA,Faixa_Etaria_sidra18 a 24 anos,4094,4105,100052,0.1555024919533489,0.0012231433025525183,0.7865747276381038,0.8,-0.013425272361896279,TRUE
Nordeste,202602,Distribuicao_PIT_por_Faixa_Etaria_SIDRA,Faixa_Etaria_sidra18 a 24 anos,4094,4105,100052,0.12601947480955294,0.0012662351804068148,1.0047932530431618,1,0.004793253043161805,TRUE
Nordeste,201602,Distribuicao_PIT_por_Faixa_Etaria_SIDRA,Faixa_Etaria_sidra25 a 39 anos,4094,4105,108875,0.3155137275760389,0.002104834904820793,0.6671135741038484,0.7,-0.03288642589615154,TRUE
Nordeste,201603,Distribuicao_PIT_por_Faixa_Etaria_SIDRA,Faixa_Etaria_sidra25 a 39 anos,4094,4105,108875,0.3114390149814303,0.0018339482117119734,0.5888627061774273,0.6,-0.01113729382257267,TRUE
Nordeste,202602,Distribuicao_PIT_por_Faixa_Etaria_SIDRA,Faixa_Etaria_sidra25 a 39 anos,4094,4105,108875,0.2737288924919648,0.0019506374447788586,0.7126165700013266,0.7,0.012616570001326655,TRUE
Nordeste,201602,Distribuicao_PIT_por_Faixa_Etaria_SIDRA,Faixa_Etaria_sidra40 a 59 anos,4094,4105,99127,0.2835929176860021,0.0014162621015438772,0.4993996722837704,0.5,-6.003277162295872e-4,TRUE
Nordeste,201603,Distribuicao_PIT_por_Faixa_Etaria_SIDRA,Faixa_Etaria_sidra40 a 59 anos,4094,4105,99127,0.2857012884794048,0.001485724677440388,0.5200272933132006,0.5,0.020027293313200634,TRUE
Nordeste,202602,Distribuicao_PIT_por_Faixa_Etaria_SIDRA,Faixa_Etaria_sidra40 a 59 anos,4094,4105,99127,0.3283328803348305,0.001634315292791012,0.49776168963777073,0.5,-0.0022383103622292677,TRUE
Nordeste,201602,Distribuicao_PIT_por_Faixa_Etaria_SIDRA,Faixa_Etaria_sidra60 anos ou mais,4094,4105,3302,0.152107109486006,0.0016517133852687461,1.0858883525235257,1.1,-0.01411164747647442,TRUE
Nordeste,201603,Distribuicao_PIT_por_Faixa_Etaria_SIDRA,Faixa_Etaria_sidra60 anos ou mais,4094,4105,3302,0.15269438937868357,0.0015940740267789276,1.043963719469488,1,0.04396371946948796,TRUE
Nordeste,202602,Distribuicao_PIT_por_Faixa_Etaria_SIDRA,Faixa_Etaria_sidra60 anos ou mais,4094,4105,3302,0.1976009645251286,0.0017804157032804643,0.9010156947154232,0.9,0.0010156947154231766,TRUE
Nordeste,201602,Distribuicao_PIT_por_Sexo,Sexo_pitFeminino,4093,4105,5,0.5221043774974464,0.001177318004612297,0.2254947583959024,0.2,0.0254947583959024,TRUE
Nordeste,201603,Distribuicao_PIT_por_Sexo,Sexo_pitFeminino,4093,4105,5,0.5222492194125253,0.001097193704360949,0.21009006113885145,0.2,0.010090061138851442,TRUE
Nordeste,202602,Distribuicao_PIT_por_Sexo,Sexo_pitFeminino,4093,4105,5,0.5249611791807464,0.0012503564702695416,0.2381807493309974,0.2,0.03818074933099738,TRUE
Nordeste,201602,Distribuicao_PIT_por_Sexo,Sexo_pitMasculino,4093,4105,4,0.4778956225025535,0.0011773180046122927,0.24635463251308645,0.2,0.04635463251308644,TRUE
Nordeste,201603,Distribuicao_PIT_por_Sexo,Sexo_pitMasculino,4093,4105,4,0.4777507805874747,0.0010971937043609446,0.22965817094254895,0.2,0.02965817094254894,TRUE
Nordeste,202602,Distribuicao_PIT_por_Sexo,Sexo_pitMasculino,4093,4105,4,0.47503882081925364,0.0012503564702695423,0.26321142935500996,0.3,-0.036788570644990026,TRUE
Nordeste,201602,Empregados_Setor_Privado,emp_privado,4097,4091,31721,8976221.53039782,87919.35980426047,0.9794695853541836,1,-0.020530414645816397,TRUE
Nordeste,201603,Empregados_Setor_Privado,emp_privado,4097,4091,31721,8981821.60386405,68766.1692032312,0.7656149524685222,0.8,-0.034385047531477864,TRUE
Nordeste,202602,Empregados_Setor_Privado,emp_privado,4097,4091,31721,10570519.90027297,92127.57429226562,0.8715519686963227,0.9,-0.028448031303677346,TRUE
Nordeste,201602,Empregados_Setor_Publico,emp_publico,4097,4091,31727,2913533.85148249,50187.76090650143,1.7225734611240042,1.7,0.022573461124004268,TRUE
Nordeste,201603,Empregados_Setor_Publico,emp_publico,4097,4091,31727,2848881.46970909,52946.77297461195,1.8585109116532863,1.9,-0.04148908834671361,TRUE
Nordeste,202602,Empregados_Setor_Publico,emp_publico,4097,4091,31727,3829408.1782075,56838.26775294471,1.4842572300440957,1.5,-0.01574276995590429,TRUE
Nordeste,201602,Nivel_Ocupacao,ocup/pit,4093,4101,6794,0.4945616292473795,0.0023810962119485894,0.48145591391150283,0.5,-0.01854408608849717,TRUE
Nordeste,201603,Nivel_Ocupacao,ocup/pit,4093,4101,6794,0.48062616862831065,0.002114337767115006,0.4399131601904341,0.4,0.03991316019043406,TRUE
Nordeste,202602,Nivel_Ocupacao,ocup/pit,4093,4101,6794,0.5007136837494235,0.002323156510698603,0.4639690478004193,0.5,-0.03603095219958069,TRUE
Nordeste,201602,Ocupados_Agropecuaria,ocup_agro,5434,4091,47947,3360230.63962781,62414.17958804169,1.8574373690894885,1.9,-0.04256263091051138,TRUE
Nordeste,201603,Ocupados_Agropecuaria,ocup_agro,5434,4091,47947,3105350.80587818,63986.735283013855,2.060531620514246,2.1,-0.03946837948575421,TRUE
Nordeste,202602,Ocupados_Agropecuaria,ocup_agro,5434,4091,47947,2511856.77877767,54239.76493948921,2.1593494261995136,2.2,-0.040650573800486534,TRUE
Nordeste,201602,PIT_por_Faixa_Etaria_SIDRA,Faixa_Etaria_sidra14 a 17 anos,4094,4087,114535,4022097.54368776,43702.89585139378,1.086569765568731,1.1,-0.013430234431269117,TRUE
Nordeste,201603,PIT_por_Faixa_Etaria_SIDRA,Faixa_Etaria_sidra14 a 17 anos,4094,4087,114535,4077006.8339386,44182.860462904755,1.083708275765185,1.1,-0.016291724234815064,TRUE
Nordeste,202602,PIT_por_Faixa_Etaria_SIDRA,Faixa_Etaria_sidra14 a 17 anos,4094,4087,114535,3450650.11506179,42068.13900018288,1.219136614765985,1.2,0.01913661476598505,TRUE
Nordeste,201602,PIT_por_Faixa_Etaria_SIDRA,Faixa_Etaria_sidra18 a 24 anos,4094,4087,100052,6622995.50709441,53495.40789120268,0.8077222434153783,0.8,0.007722243415378305,TRUE
Nordeste,201603,PIT_por_Faixa_Etaria_SIDRA,Faixa_Etaria_sidra18 a 24 anos,4094,4087,100052,6697294.1909773,53763.476814437585,0.8027641504365836,0.8,0.0027641504365835123,TRUE
Nordeste,202602,PIT_por_Faixa_Etaria_SIDRA,Faixa_Etaria_sidra18 a 24 anos,4094,4087,100052,5851211.77444685,59541.48120442983,1.017592312492546,1,0.017592312492545892,TRUE
Nordeste,201602,PIT_por_Faixa_Etaria_SIDRA,Faixa_Etaria_sidra25 a 39 anos,4094,4087,108875,13500235.8568684,81959.10423317325,0.6070938693376651,0.6,0.007093869337665093,TRUE
Nordeste,201603,PIT_por_Faixa_Etaria_SIDRA,Faixa_Etaria_sidra25 a 39 anos,4094,4087,108875,13413281.5473116,73269.95052398698,0.5462492550055533,0.5,0.046249255005553325,TRUE
Nordeste,202602,PIT_por_Faixa_Etaria_SIDRA,Faixa_Etaria_sidra25 a 39 anos,4094,4087,108875,12709509.55140679,86651.27582141892,0.681783002490664,0.7,-0.01821699750933592,TRUE
Nordeste,201602,PIT_por_Faixa_Etaria_SIDRA,Faixa_Etaria_sidra40 a 59 anos,4094,4087,99127,12134404.75478458,69871.65254005013,0.5758144214902657,0.6,-0.02418557850973424,TRUE
Nordeste,201603,PIT_por_Faixa_Etaria_SIDRA,Faixa_Etaria_sidra40 a 59 anos,4094,4087,99127,12304790.46124791,70775.7947012562,0.5751889471352962,0.6,-0.024811052864703753,TRUE
Nordeste,202602,PIT_por_Faixa_Etaria_SIDRA,Faixa_Etaria_sidra40 a 59 anos,4094,4087,99127,15244827.97802912,81211.20757143527,0.5327131777969357,0.5,0.03271317779693572,TRUE
Nordeste,201602,PIT_por_Faixa_Etaria_SIDRA,Faixa_Etaria_sidra60 anos ou mais,4094,4087,3302,6508375.6239186,76801.02125225874,1.1800336318944347,1.2,-0.01996636810556529,TRUE
Nordeste,201603,PIT_por_Faixa_Etaria_SIDRA,Faixa_Etaria_sidra60 anos ou mais,4094,4087,3302,6576352.79110175,74480.68534970653,1.1325530687843257,1.1,0.03255306878432562,TRUE
Nordeste,202602,PIT_por_Faixa_Etaria_SIDRA,Faixa_Etaria_sidra60 anos ou mais,4094,4087,3302,9174812.79793304,87254.11480201648,0.9510179305421211,0.9,0.051017930542121115,FALSE
Nordeste,201602,PIT_por_Instrucao_SIDRA,Instrucao_sidraFundamental completo ou equivalente,4095,4087,11628,3733629.86036873,47542.78655880321,1.2733663575882137,1.3,-0.02663364241178634,TRUE
Nordeste,201603,PIT_por_Instrucao_SIDRA,Instrucao_sidraFundamental completo ou equivalente,4095,4087,11628,3701300.17136746,42657.23300128548,1.1524932058003174,1.1,0.052493205800317355,FALSE
Nordeste,202602,PIT_por_Instrucao_SIDRA,Instrucao_sidraFundamental completo ou equivalente,4095,4087,11628,3393067.77787272,45907.445864521156,1.3529775669056272,1.3,0.05297756690562716,FALSE
Nordeste,201602,PIT_por_Instrucao_SIDRA,Instrucao_sidraFundamental incompleto ou equivalente,4095,4087,11779,15281140.71958721,113212.19956896327,0.7408622278037728,0.7,0.0408622278037728,TRUE
Nordeste,201603,PIT_por_Instrucao_SIDRA,Instrucao_sidraFundamental incompleto ou equivalente,4095,4087,11779,15480941.53319671,119542.20134423337,0.7721894762530552,0.8,-0.027810523746944815,TRUE
Nordeste,202602,PIT_por_Instrucao_SIDRA,Instrucao_sidraFundamental incompleto ou equivalente,4095,4087,11779,13066428.357949119,103202.31783955923,0.7898280617501328,0.8,-0.010171938249867285,TRUE
Nordeste,201602,PIT_por_Instrucao_SIDRA,Instrucao_sidraMédio completo ou equivalente,4095,4087,11630,10518630.91935261,92095.2366583689,0.8755439502010504,0.9,-0.024456049798949664,TRUE
Nordeste,201603,PIT_por_Instrucao_SIDRA,Instrucao_sidraMédio completo ou equivalente,4095,4087,11630,10592915.64515069,86387.21915051297,0.8155188056279861,0.8,0.015518805627986021,TRUE
Nordeste,202602,PIT_por_Instrucao_SIDRA,Instrucao_sidraMédio completo ou equivalente,4095,4087,11630,14495177.35546585,104423.85141796859,0.7204040961843933,0.7,0.020404096184393317,TRUE
Nordeste,201602,PIT_por_Instrucao_SIDRA,Instrucao_sidraMédio incompleto ou equivalente,4095,4087,11629,3586148.25160932,53836.371953279995,1.5012310751269242,1.5,0.0012310751269242193,TRUE
Nordeste,201603,PIT_por_Instrucao_SIDRA,Instrucao_sidraMédio incompleto ou equivalente,4095,4087,11629,3588871.20100621,51270.91964192882,1.4286085170054033,1.4,0.028608517005403344,TRUE
Nordeste,202602,PIT_por_Instrucao_SIDRA,Instrucao_sidraMédio incompleto ou equivalente,4095,4087,11629,3963307.53543595,54103.185870062654,1.3651018848859402,1.4,-0.03489811511405971,TRUE
Nordeste,201602,PIT_por_Instrucao_SIDRA,Instrucao_sidraSem instrução e menos de 1 ano de estudo,4095,4087,120706,4732118.56465752,72251.29935311018,1.5268277488380992,1.5,0.02682774883809924,TRUE
Nordeste,201603,PIT_por_Instrucao_SIDRA,Instrucao_sidraSem instrução e menos de 1 ano de estudo,4095,4087,120706,4828057.87618933,67241.37023482737,1.3927208819604988,1.4,-0.007279118039501098,TRUE
Nordeste,202602,PIT_por_Instrucao_SIDRA,Instrucao_sidraSem instrução e menos de 1 ano de estudo,4095,4087,120706,3400620.56668762,50447.689506593306,1.4834848086486745,1.5,-0.01651519135132551,TRUE
Nordeste,201602,PIT_por_Instrucao_SIDRA,Instrucao_sidraSuperior completo,4095,4087,11632,3309091.08866728,92128.47578269432,2.784102139049869,2.8,-0.015897860950131015,TRUE
Nordeste,201603,PIT_por_Instrucao_SIDRA,Instrucao_sidraSuperior completo,4095,4087,11632,3278564.25864799,87641.17297662151,2.673157091414242,2.7,-0.026842908585757996,TRUE
Nordeste,202602,PIT_por_Instrucao_SIDRA,Instrucao_sidraSuperior completo,4095,4087,11632,5859768.30815226,107922.25713819967,1.8417495618052928,1.8,0.04174956180529277,TRUE
Nordeste,201602,PIT_por_Instrucao_SIDRA,Instrucao_sidraSuperior incompleto ou equivalente,4095,4087,11631,1627349.88211108,41246.99372397463,2.5346112828832457,2.5,0.034611282883245664,TRUE
Nordeste,201603,PIT_por_Instrucao_SIDRA,Instrucao_sidraSuperior incompleto ou equivalente,4095,4087,11631,1598075.13901877,37866.0323655232,2.3694775947001605,2.4,-0.030522405299839406,TRUE
Nordeste,202602,PIT_por_Instrucao_SIDRA,Instrucao_sidraSuperior incompleto ou equivalente,4095,4087,11631,2252642.31531407,50898.391495824144,2.259497264603579,2.3,-0.040502735396420686,TRUE
Nordeste,201602,PIT_por_Raca,Raca_pitBranca,6402,4087,2776,10361985.72743006,116170.6555486212,1.1211234854444583,1.1,0.02112348544445819,TRUE
Nordeste,201603,PIT_por_Raca,Raca_pitBranca,6402,4087,2776,10402728.69770992,120345.10191055336,1.156860910321024,1.2,-0.04313908967897606,TRUE
Nordeste,202602,PIT_por_Raca,Raca_pitBranca,6402,4087,2776,11431553.45780319,119956.67499618184,1.0493471026398367,1,0.04934710263983666,TRUE
Nordeste,201602,PIT_por_Raca,Raca_pitParda,6402,4087,2779,27879918.09799412,123299.57122078635,0.4422522720023966,0.4,0.04225227200239656,TRUE
Nordeste,201603,PIT_por_Raca,Raca_pitParda,6402,4087,2779,28227750.24083121,126204.60834231942,0.4470941086894183,0.4,0.04709410868941827,TRUE
Nordeste,202602,PIT_por_Raca,Raca_pitParda,6402,4087,2779,28098380.25716648,118630.05676397774,0.42219535673669734,0.4,0.022195356736697314,TRUE
Nordeste,201602,PIT_por_Raca,Raca_pitPreta,6402,4087,2777,4317618.68038817,86448.80299750745,2.0022333929159157,2,0.002233392915915733,TRUE
Nordeste,201603,PIT_por_Raca,Raca_pitPreta,6402,4087,2777,4215294.10554257,78504.067991930875,1.8623627682041952,1.9,-0.03763723179580469,TRUE
Nordeste,202602,PIT_por_Raca,Raca_pitPreta,6402,4087,2777,6550635.4369786,98427.53819882909,1.5025647381199339,1.5,0.0025647381199338515,TRUE
Nordeste,201602,PIT_por_Sexo,Sexo_pitFeminino,4093,4087,5,22339859.16324443,60041.67768049277,0.2687647994633682,0.3,-0.031235200536631813,TRUE
Nordeste,201603,PIT_por_Sexo,Sexo_pitFeminino,4093,4087,5,22492608.44297749,60274.53554258703,0.2679748580312195,0.3,-0.03202514196878048,TRUE
Nordeste,202602,PIT_por_Sexo,Sexo_pitFeminino,4093,4087,5,24374478.9239277,66684.43113568153,0.273583001892276,0.3,-0.026416998107723966,TRUE
Nordeste,201602,PIT_por_Sexo,Sexo_pitMasculino,4093,4087,4,20448250.12310932,68385.0856291116,0.3344300134114024,0.3,0.034430013411402394,TRUE
Nordeste,201603,PIT_por_Sexo,Sexo_pitMasculino,4093,4087,4,20576117.38159967,61307.87712876935,0.2979564900013369,0.3,-0.0020435099986630956,TRUE
Nordeste,202602,PIT_por_Sexo,Sexo_pitMasculino,4093,4087,4,22056533.29294989,69139.60178546078,0.3134654066763993,0.3,0.013465406676399339,TRUE
Nordeste,201602,Pessoas_Desocupadas,desocup,4093,4093,6794,3266976.22200923,47547.59878650598,1.455400821903247,1.5,-0.044599178096752956,TRUE
Nordeste,201603,Pessoas_Desocupadas,desocup,4093,4093,6794,3435546.89806248,52507.7211588024,1.5283657221624536,1.5,0.028365722162453588,TRUE
Nordeste,202602,Pessoas_Desocupadas,desocup,4093,4093,6794,1912370.22061737,40248.07306834096,2.104617224971621,2.1,0.004617224971620981,TRUE
Nordeste,201602,Pessoas_Fora_Forca,fora_ft,4093,4095,6794,18359776.02327048,106913.93159473856,0.5823269927652074,0.6,-0.017673007234792593,TRUE
Nordeste,201603,Pessoas_Fora_Forca,fora_ft,4093,4095,6794,18933222.24574498,95052.74136769501,0.5020420725746089,0.5,0.0020420725746088664,TRUE
Nordeste,202602,Pessoas_Fora_Forca,fora_ft,4093,4095,6794,21269998.82893296,112126.9337029792,0.5271600370304497,0.5,0.02716003703044967,TRUE
Nordeste,201602,Pessoas_Forca_Trabalho,ft,4093,4089,6794,24428333.26308327,98494.01315400552,0.4031957976553898,0.4,0.003195797655389798,TRUE
Nordeste,201603,Pessoas_Forca_Trabalho,ft,4093,4089,6794,24135503.57883218,92674.37810350668,0.38397532415601177,0.4,-0.016024675843988256,TRUE
Nordeste,202602,Pessoas_Forca_Trabalho,ft,4093,4089,6794,25161013.38794463,109697.08566563408,0.43598039544064277,0.4,0.03598039544064274,TRUE
Nordeste,201602,Pessoas_Idade_Trabalhar,pit,4093,4087,6794,42788109.28635375,80723.41582434319,0.18865852492829824,0.2,-0.011341475071701773,TRUE
Nordeste,201603,Pessoas_Idade_Trabalhar,pit,4093,4087,6794,43068725.82457716,76641.70406439865,0.17795210468163672,0.2,-0.022047895318363292,TRUE
Nordeste,202602,Pessoas_Idade_Trabalhar,pit,4093,4087,6794,46431012.21687759,70832.0780904815,0.1525533791071093,0.2,-0.0474466208928907,TRUE
Nordeste,201602,Pessoas_Ocupadas,ocup,4093,4091,6794,21161357.04107404,105049.91186472995,0.4964233232340858,0.5,-0.003576676765914222,TRUE
Nordeste,201603,Pessoas_Ocupadas,ocup,4093,4091,6794,20699956.6807697,97933.03325788745,0.4731074309390581,0.5,-0.026892569060941895,TRUE
Nordeste,202602,Pessoas_Ocupadas,ocup,4093,4091,6794,23248643.16732726,113270.6541562106,0.4872140423033237,0.5,-0.012785957696676287,TRUE
Nordeste,201602,Pessoas_Subutilizadas,subutil,4100,4087,40286,8274985.51262432,95166.57347394378,1.1500512397122342,1.1,0.05005123971223413,FALSE
Nordeste,201603,Pessoas_Subutilizadas,subutil,4100,4087,40286,8580811.43612031,84243.90084063305,0.981770797176761,1,-0.018229202823239032,TRUE
Nordeste,202602,Pessoas_Subutilizadas,subutil,4100,4087,40286,5864109.07571649,79191.31903658467,1.3504407577362276,1.3,0.05044075773622758,FALSE
Nordeste,201602,Taxa_Composta_Subutilizacao,subutil/ft_ampliada,4099,4119,NA,0.30276139734775015,0.0032645756577976514,1.0782668089115657,1.1,-0.02173319108843441,TRUE
Nordeste,201603,Taxa_Composta_Subutilizacao,subutil/ft_ampliada,4099,4119,NA,0.3161467487395024,0.0029789381214427534,0.9422643545505286,0.9,0.04226435455052857,TRUE
Nordeste,202602,Taxa_Composta_Subutilizacao,subutil/ft_ampliada,4099,4119,NA,0.21393296446840426,0.0027887880523969322,1.3035803338334089,1.3,0.003580333833408833,TRUE
Nordeste,201602,Taxa_Desocupacao,desocup/ft,4093,4103,6794,0.13373717260302687,0.0019689423362557086,1.4722476166743377,1.5,-0.027752383325662322,TRUE
Nordeste,201603,Taxa_Desocupacao,desocup/ft,4093,4103,6794,0.14234411504368175,0.002144603600669489,1.5066331333833967,1.5,0.006633133383396661,TRUE
Nordeste,202602,Taxa_Desocupacao,desocup/ft,4093,4103,6794,0.07600529402896156,0.0016036474806809932,2.109915501504315,2.1,0.009915501504314861,TRUE
Nordeste,201602,Taxa_Participacao,ft/pit,4093,4100,6794,0.5709140616520325,0.002228089961811074,0.390267136767263,0.4,-0.009732863232737032,TRUE
Nordeste,201603,Taxa_Participacao,ft/pit,4093,4100,6794,0.5603951154055098,0.0019959343507426736,0.35616555103239744,0.4,-0.04383444896760258,TRUE
Nordeste,202602,Taxa_Participacao,ft/pit,4093,4100,6794,0.5419010309406662,0.0022666111287602845,0.4182703112459035,0.4,0.018270311245903503,TRUE
Piauí,201602,Distribuicao_PIT_por_Faixa_Etaria_SIDRA,Faixa_Etaria_sidra14 a 17 anos,4094,4105,114535,0.08820654395292542,0.003217875244265684,3.648113960777126,3.6,0.04811396077712571,TRUE
Piauí,201603,Distribuicao_PIT_por_Faixa_Etaria_SIDRA,Faixa_Etaria_sidra14 a 17 anos,4094,4105,114535,0.09303935967605774,0.005020159753495516,5.395737643696807,5.4,-0.004262356303192938,TRUE
Piauí,201604,Distribuicao_PIT_por_Faixa_Etaria_SIDRA,Faixa_Etaria_sidra14 a 17 anos,4094,4105,114535,0.09202911009436486,0.004725384820728313,5.134663168950558,5.1,0.03466316895055854,TRUE
Piauí,201701,Distribuicao_PIT_por_Faixa_Etaria_SIDRA,Faixa_Etaria_sidra14 a 17 anos,4094,4105,114535,0.09091402849404659,0.004453483672927792,4.898565982277888,4.9,-0.0014340177221123795,TRUE
Piauí,201702,Distribuicao_PIT_por_Faixa_Etaria_SIDRA,Faixa_Etaria_sidra14 a 17 anos,4094,4105,114535,0.0916515890044215,0.004479113208711455,4.8871091678458205,4.9,-0.012890832154179854,TRUE
Piauí,201703,Distribuicao_PIT_por_Faixa_Etaria_SIDRA,Faixa_Etaria_sidra14 a 17 anos,4094,4105,114535,0.09044213624585677,0.0039168117614968665,4.330737777853295,4.3,0.0307377778532949,TRUE
Piauí,201704,Distribuicao_PIT_por_Faixa_Etaria_SIDRA,Faixa_Etaria_sidra14 a 17 anos,4094,4105,114535,0.08804630113369506,0.003988193292926988,4.52965455853854,4.5,0.02965455853853971,TRUE
Piauí,201801,Distribuicao_PIT_por_Faixa_Etaria_SIDRA,Faixa_Etaria_sidra14 a 17 anos,4094,4105,114535,0.08661493301508744,0.0034413174142178663,3.9731225256716693,4,-0.026877474328330653,TRUE
Piauí,201802,Distribuicao_PIT_por_Faixa_Etaria_SIDRA,Faixa_Etaria_sidra14 a 17 anos,4094,4105,114535,0.08943182253328107,0.003189724130127104,3.5666545081758603,3.6,-0.03334549182413982,TRUE
Piauí,201803,Distribuicao_PIT_por_Faixa_Etaria_SIDRA,Faixa_Etaria_sidra14 a 17 anos,4094,4105,114535,0.08423085012825454,0.0032787592463278488,3.8925871475064406,3.9,-0.007412852493559274,TRUE
Piauí,201804,Distribuicao_PIT_por_Faixa_Etaria_SIDRA,Faixa_Etaria_sidra14 a 17 anos,4094,4105,114535,0.08320696161144103,0.0032282008557336463,3.879724476431027,3.9,-0.020275523568972886,TRUE
Piauí,201901,Distribuicao_PIT_por_Faixa_Etaria_SIDRA,Faixa_Etaria_sidra14 a 17 anos,4094,4105,114535,0.08198467109803802,0.0034793431114852054,4.243894699930643,4.2,0.0438946999306431,TRUE
Piauí,201902,Distribuicao_PIT_por_Faixa_Etaria_SIDRA,Faixa_Etaria_sidra14 a 17 anos,4094,4105,114535,0.07694670237669697,0.0031390405334368048,4.0794997530491335,4.1,-0.020500246950866163,TRUE
Piauí,201903,Distribuicao_PIT_por_Faixa_Etaria_SIDRA,Faixa_Etaria_sidra14 a 17 anos,4094,4105,114535,0.08045339894562412,0.003635913028648361,4.5192783354072565,4.5,0.01927833540725654,TRUE
Piauí,201904,Distribuicao_PIT_por_Faixa_Etaria_SIDRA,Faixa_Etaria_sidra14 a 17 anos,4094,4105,114535,0.0802169098686409,0.004058206120928653,5.059040702981658,5,0.0590407029816582,FALSE
Piauí,202001,Distribuicao_PIT_por_Faixa_Etaria_SIDRA,Faixa_Etaria_sidra14 a 17 anos,4094,4105,114535,0.08072547473498966,0.004925067459799955,6.101007737604835,6.1,0.0010077376048354125,TRUE
Piauí,202002,Distribuicao_PIT_por_Faixa_Etaria_SIDRA,Faixa_Etaria_sidra14 a 17 anos,4094,4105,114535,0.08031780801283246,0.004611705602259514,5.741822039668583,NA,NA,NA
Piauí,202003,Distribuicao_PIT_por_Faixa_Etaria_SIDRA,Faixa_Etaria_sidra14 a 17 anos,4094,4105,114535,0.08280043514997129,0.004272220025349806,5.159658904704786,NA,NA,NA
Piauí,202004,Distribuicao_PIT_por_Faixa_Etaria_SIDRA,Faixa_Etaria_sidra14 a 17 anos,4094,4105,114535,0.0853181859771593,0.005065122738241851,5.93674452900094,NA,NA,NA
Piauí,202101,Distribuicao_PIT_por_Faixa_Etaria_SIDRA,Faixa_Etaria_sidra14 a 17 anos,4094,4105,114535,0.08676072797444806,0.005237410129585981,6.03661385958916,NA,NA,NA
Piauí,202102,Distribuicao_PIT_por_Faixa_Etaria_SIDRA,Faixa_Etaria_sidra14 a 17 anos,4094,4105,114535,0.08126352450760456,0.0043493293837745094,5.352129888690102,NA,NA,NA
Piauí,202103,Distribuicao_PIT_por_Faixa_Etaria_SIDRA,Faixa_Etaria_sidra14 a 17 anos,4094,4105,114535,0.0781884094621286,0.0037813534631253843,4.836207168220916,NA,NA,NA
Piauí,202104,Distribuicao_PIT_por_Faixa_Etaria_SIDRA,Faixa_Etaria_sidra14 a 17 anos,4094,4105,114535,0.08177372823800289,0.0029940970255402464,3.6614412599923423,NA,NA,NA
Piauí,202201,Distribuicao_PIT_por_Faixa_Etaria_SIDRA,Faixa_Etaria_sidra14 a 17 anos,4094,4105,114535,0.08019075100913714,0.003285625791102494,4.097262776262217,NA,NA,NA
Piauí,202202,Distribuicao_PIT_por_Faixa_Etaria_SIDRA,Faixa_Etaria_sidra14 a 17 anos,4094,4105,114535,0.08126333687358415,0.0036196171538731775,4.454182283338881,4.4,0.05418228333888031,FALSE
Piauí,202203,Distribuicao_PIT_por_Faixa_Etaria_SIDRA,Faixa_Etaria_sidra14 a 17 anos,4094,4105,114535,0.08015516844062473,0.0035689836755254264,4.452593319879511,4.4,0.052593319879510325,FALSE
Piauí,202204,Distribuicao_PIT_por_Faixa_Etaria_SIDRA,Faixa_Etaria_sidra14 a 17 anos,4094,4105,114535,0.0814896772874905,0.0037164951845327678,4.5606944440597115,4.5,0.06069444405971147,FALSE
Piauí,202301,Distribuicao_PIT_por_Faixa_Etaria_SIDRA,Faixa_Etaria_sidra14 a 17 anos,4094,4105,114535,0.0810365343339707,0.003980060212306812,4.911439321805204,4.9,0.011439321805204017,TRUE
Piauí,202302,Distribuicao_PIT_por_Faixa_Etaria_SIDRA,Faixa_Etaria_sidra14 a 17 anos,4094,4105,114535,0.07987602529317588,0.0040862646280865325,5.115758593505826,5.1,0.015758593505826646,TRUE
Piauí,202303,Distribuicao_PIT_por_Faixa_Etaria_SIDRA,Faixa_Etaria_sidra14 a 17 anos,4094,4105,114535,0.07501083407456294,0.0032603653121191863,4.346525875019985,4.3,0.046525875019985286,TRUE
Piauí,202304,Distribuicao_PIT_por_Faixa_Etaria_SIDRA,Faixa_Etaria_sidra14 a 17 anos,4094,4105,114535,0.0703378684730238,0.0030829265543191103,4.383025276777451,4.4,-0.01697472322254967,TRUE
Piauí,202401,Distribuicao_PIT_por_Faixa_Etaria_SIDRA,Faixa_Etaria_sidra14 a 17 anos,4094,4105,114535,0.07366842868439079,0.003199169036904095,4.342659527339627,4.3,0.04265952733962752,TRUE
Piauí,202402,Distribuicao_PIT_por_Faixa_Etaria_SIDRA,Faixa_Etaria_sidra14 a 17 anos,4094,4105,114535,0.0746858916666014,0.0032357297862266646,4.332451168516534,4.3,0.03245116851653407,TRUE
Piauí,202403,Distribuicao_PIT_por_Faixa_Etaria_SIDRA,Faixa_Etaria_sidra14 a 17 anos,4094,4105,114535,0.06977475069429097,0.003161026250687456,4.53032969553282,4.5,0.030329695532819834,TRUE
Piauí,202404,Distribuicao_PIT_por_Faixa_Etaria_SIDRA,Faixa_Etaria_sidra14 a 17 anos,4094,4105,114535,0.07532600252812631,0.0036373050769132774,4.828750968903638,4.8,0.02875096890363782,TRUE
Piauí,202501,Distribuicao_PIT_por_Faixa_Etaria_SIDRA,Faixa_Etaria_sidra14 a 17 anos,4094,4105,114535,0.0751548153539185,0.003047459535450571,4.054909217858492,4,0.054909217858491566,FALSE
Piauí,202502,Distribuicao_PIT_por_Faixa_Etaria_SIDRA,Faixa_Etaria_sidra14 a 17 anos,4094,4105,114535,0.07175146342146356,0.003235775731596518,4.509699980040513,4.5,0.00969998004051309,TRUE
Piauí,202503,Distribuicao_PIT_por_Faixa_Etaria_SIDRA,Faixa_Etaria_sidra14 a 17 anos,4094,4105,114535,0.075115751747389,0.0038082382825385557,5.069826493044355,5.1,-0.030173506955645024,TRUE
Piauí,202504,Distribuicao_PIT_por_Faixa_Etaria_SIDRA,Faixa_Etaria_sidra14 a 17 anos,4094,4105,114535,0.07412762162817152,0.0033658931092006242,4.540673281120688,4.5,0.04067328112068758,TRUE
Piauí,202601,Distribuicao_PIT_por_Faixa_Etaria_SIDRA,Faixa_Etaria_sidra14 a 17 anos,4094,4105,114535,0.06876275512738042,0.0029153414720747353,4.239710096947358,4.2,0.03971009694735805,TRUE
Piauí,202602,Distribuicao_PIT_por_Faixa_Etaria_SIDRA,Faixa_Etaria_sidra14 a 17 anos,4094,4105,114535,0.0706033060803159,0.003266575954085042,4.626661463089416,4.6,0.026661463089416415,TRUE
Piauí,201602,Distribuicao_PIT_por_Faixa_Etaria_SIDRA,Faixa_Etaria_sidra18 a 24 anos,4094,4105,100052,0.14627088977003874,0.004209737088049204,2.878041621724996,2.9,-0.02195837827500391,TRUE
Piauí,201603,Distribuicao_PIT_por_Faixa_Etaria_SIDRA,Faixa_Etaria_sidra18 a 24 anos,4094,4105,100052,0.14798552088881795,0.003903019820603245,2.6374335794213257,2.6,0.037433579421325636,TRUE
Piauí,201604,Distribuicao_PIT_por_Faixa_Etaria_SIDRA,Faixa_Etaria_sidra18 a 24 anos,4094,4105,100052,0.15456070802042585,0.003914142116631417,2.532430244893901,2.5,0.032430244893900895,TRUE
Piauí,201701,Distribuicao_PIT_por_Faixa_Etaria_SIDRA,Faixa_Etaria_sidra18 a 24 anos,4094,4105,100052,0.15138221897755563,0.00453592278669809,2.9963378904959765,3,-0.0036621095040234586,TRUE
Piauí,201702,Distribuicao_PIT_por_Faixa_Etaria_SIDRA,Faixa_Etaria_sidra18 a 24 anos,4094,4105,100052,0.14731699906437495,0.004070404109097748,2.7630240467490466,2.8,-0.036975953250953264,TRUE
Piauí,201703,Distribuicao_PIT_por_Faixa_Etaria_SIDRA,Faixa_Etaria_sidra18 a 24 anos,4094,4105,100052,0.1524197253549894,0.004785466143516923,3.1396632767651633,3.1,0.039663276765163236,TRUE
Piauí,201704,Distribuicao_PIT_por_Faixa_Etaria_SIDRA,Faixa_Etaria_sidra18 a 24 anos,4094,4105,100052,0.154837904322929,0.004890295072288151,3.158331994786614,3.2,-0.041668005213386206,TRUE
Piauí,201801,Distribuicao_PIT_por_Faixa_Etaria_SIDRA,Faixa_Etaria_sidra18 a 24 anos,4094,4105,100052,0.1480948636302438,0.004391380383133141,2.9652482709308075,3,-0.03475172906919255,TRUE
Piauí,201802,Distribuicao_PIT_por_Faixa_Etaria_SIDRA,Faixa_Etaria_sidra18 a 24 anos,4094,4105,100052,0.1474149736586763,0.004661457861366287,3.1621332254614765,3.2,-0.03786677453852372,TRUE
Piauí,201803,Distribuicao_PIT_por_Faixa_Etaria_SIDRA,Faixa_Etaria_sidra18 a 24 anos,4094,4105,100052,0.14784400330736594,0.004741961254821831,3.207408585225705,3.2,0.007408585225704645,TRUE
Piauí,201804,Distribuicao_PIT_por_Faixa_Etaria_SIDRA,Faixa_Etaria_sidra18 a 24 anos,4094,4105,100052,0.15001109951658595,0.005036612986623731,3.357493547380378,3.3,0.057493547380378374,FALSE
Piauí,201901,Distribuicao_PIT_por_Faixa_Etaria_SIDRA,Faixa_Etaria_sidra18 a 24 anos,4094,4105,100052,0.14934401729187607,0.005369824307275543,3.595607246041083,3.6,-0.00439275395891725,TRUE
Piauí,201902,Distribuicao_PIT_por_Faixa_Etaria_SIDRA,Faixa_Etaria_sidra18 a 24 anos,4094,4105,100052,0.15111687170027444,0.004554826739706341,3.01410867526453,3,0.014108675264529857,TRUE
Piauí,201903,Distribuicao_PIT_por_Faixa_Etaria_SIDRA,Faixa_Etaria_sidra18 a 24 anos,4094,4105,100052,0.1496352790270595,0.005597839523105232,3.740989130038605,3.7,0.04098913003860494,TRUE
Piauí,201904,Distribuicao_PIT_por_Faixa_Etaria_SIDRA,Faixa_Etaria_sidra18 a 24 anos,4094,4105,100052,0.14918086932845032,0.006383150751932893,4.278799809028571,4.3,-0.021200190971429222,TRUE
Piauí,202001,Distribuicao_PIT_por_Faixa_Etaria_SIDRA,Faixa_Etaria_sidra18 a 24 anos,4094,4105,100052,0.14568507319825258,0.0070340753241580935,4.828274558084557,4.8,0.028274558084556922,TRUE
Piauí,202002,Distribuicao_PIT_por_Faixa_Etaria_SIDRA,Faixa_Etaria_sidra18 a 24 anos,4094,4105,100052,0.15103165408994995,0.006503697276611647,4.306181585443167,NA,NA,NA
Piauí,202003,Distribuicao_PIT_por_Faixa_Etaria_SIDRA,Faixa_Etaria_sidra18 a 24 anos,4094,4105,100052,0.15436117027561633,0.007987828867733656,5.174765683281072,NA,NA,NA
Piauí,202004,Distribuicao_PIT_por_Faixa_Etaria_SIDRA,Faixa_Etaria_sidra18 a 24 anos,4094,4105,100052,0.1478012594460642,0.007372890032035839,4.988381059585194,NA,NA,NA
Piauí,202101,Distribuicao_PIT_por_Faixa_Etaria_SIDRA,Faixa_Etaria_sidra18 a 24 anos,4094,4105,100052,0.15381405762827927,0.007418457835514325,4.823003794258149,NA,NA,NA
Piauí,202102,Distribuicao_PIT_por_Faixa_Etaria_SIDRA,Faixa_Etaria_sidra18 a 24 anos,4094,4105,100052,0.14809707425528523,0.006152703675072868,4.154507241964162,NA,NA,NA
Piauí,202103,Distribuicao_PIT_por_Faixa_Etaria_SIDRA,Faixa_Etaria_sidra18 a 24 anos,4094,4105,100052,0.14643790193815787,0.005086304533970761,3.473352504134316,NA,NA,NA
Piauí,202104,Distribuicao_PIT_por_Faixa_Etaria_SIDRA,Faixa_Etaria_sidra18 a 24 anos,4094,4105,100052,0.1485391928203127,0.005170501278046279,3.4809003468202597,NA,NA,NA
Piauí,202201,Distribuicao_PIT_por_Faixa_Etaria_SIDRA,Faixa_Etaria_sidra18 a 24 anos,4094,4105,100052,0.14113260793711718,0.004168891059202285,2.9538822531074955,NA,NA,NA
Piauí,202202,Distribuicao_PIT_por_Faixa_Etaria_SIDRA,Faixa_Etaria_sidra18 a 24 anos,4094,4105,100052,0.14499444327227903,0.005303483467706411,3.6577149772196584,3.6,0.05771497721965835,FALSE
Piauí,202203,Distribuicao_PIT_por_Faixa_Etaria_SIDRA,Faixa_Etaria_sidra18 a 24 anos,4094,4105,100052,0.14023351599146233,0.0045742002385851495,3.2618452202707626,3.3,-0.0381547797292372,TRUE
Piauí,202204,Distribuicao_PIT_por_Faixa_Etaria_SIDRA,Faixa_Etaria_sidra18 a 24 anos,4094,4105,100052,0.14201482537076218,0.004652519989718302,3.2760804919992226,3.3,-0.023919508000777245,TRUE
Piauí,202301,Distribuicao_PIT_por_Faixa_Etaria_SIDRA,Faixa_Etaria_sidra18 a 24 anos,4094,4105,100052,0.14071709477682467,0.004887058220892619,3.4729669686852365,3.5,-0.027033031314763534,TRUE
Piauí,202302,Distribuicao_PIT_por_Faixa_Etaria_SIDRA,Faixa_Etaria_sidra18 a 24 anos,4094,4105,100052,0.1405412377052279,0.005401505572311011,3.8433598995621225,3.8,0.04335989956212272,TRUE
Piauí,202303,Distribuicao_PIT_por_Faixa_Etaria_SIDRA,Faixa_Etaria_sidra18 a 24 anos,4094,4105,100052,0.141874027804895,0.005005297516602029,3.527987182745885,3.5,0.027987182745885075,TRUE
Piauí,202304,Distribuicao_PIT_por_Faixa_Etaria_SIDRA,Faixa_Etaria_sidra18 a 24 anos,4094,4105,100052,0.14248321289174318,0.005146907317486247,3.612290327420395,3.6,0.012290327420394931,TRUE
Piauí,202401,Distribuicao_PIT_por_Faixa_Etaria_SIDRA,Faixa_Etaria_sidra18 a 24 anos,4094,4105,100052,0.1391402340817061,0.0050320860700733775,3.616557139840968,3.6,0.01655713984096785,TRUE
Piauí,202402,Distribuicao_PIT_por_Faixa_Etaria_SIDRA,Faixa_Etaria_sidra18 a 24 anos,4094,4105,100052,0.13258757450207628,0.004513524872429162,3.404183905904759,3.4,0.004183905904759033,TRUE
Piauí,202403,Distribuicao_PIT_por_Faixa_Etaria_SIDRA,Faixa_Etaria_sidra18 a 24 anos,4094,4105,100052,0.1354890489851029,0.004239046636197451,3.1287005613741794,3.1,0.028700561374179312,TRUE
Piauí,202404,Distribuicao_PIT_por_Faixa_Etaria_SIDRA,Faixa_Etaria_sidra18 a 24 anos,4094,4105,100052,0.12434887346347058,0.004419642987775399,3.5542284096958374,3.5,0.05422840969583742,FALSE
Piauí,202501,Distribuicao_PIT_por_Faixa_Etaria_SIDRA,Faixa_Etaria_sidra18 a 24 anos,4094,4105,100052,0.12502554787800146,0.004626232643829269,3.7002298508969504,3.7,2.2985089695026772e-4,TRUE
Piauí,202502,Distribuicao_PIT_por_Faixa_Etaria_SIDRA,Faixa_Etaria_sidra18 a 24 anos,4094,4105,100052,0.12919266355919934,0.005052771145909531,3.9110356631003462,3.9,0.011035663100346316,TRUE
Piauí,202503,Distribuicao_PIT_por_Faixa_Etaria_SIDRA,Faixa_Etaria_sidra18 a 24 anos,4094,4105,100052,0.13211089048366614,0.005531220156230743,4.18680105476589,4.2,-0.013198945234110582,TRUE
Piauí,202504,Distribuicao_PIT_por_Faixa_Etaria_SIDRA,Faixa_Etaria_sidra18 a 24 anos,4094,4105,100052,0.1322083212066975,0.004941219366880551,3.7374495960472385,3.7,0.0374495960472383,TRUE
Piauí,202601,Distribuicao_PIT_por_Faixa_Etaria_SIDRA,Faixa_Etaria_sidra18 a 24 anos,4094,4105,100052,0.13157688159779157,0.004524181105904061,3.438431623371135,3.4,0.03843162337113526,TRUE
Piauí,202602,Distribuicao_PIT_por_Faixa_Etaria_SIDRA,Faixa_Etaria_sidra18 a 24 anos,4094,4105,100052,0.12987092271794748,0.0043101552149043525,3.3187992544452074,3.3,0.01879925444520758,TRUE
Piauí,201602,Distribuicao_PIT_por_Faixa_Etaria_SIDRA,Faixa_Etaria_sidra25 a 39 anos,4094,4105,108875,0.3207203772353808,0.009191194973689091,2.8657970076355808,2.9,-0.03420299236441915,TRUE
Piauí,201603,Distribuicao_PIT_por_Faixa_Etaria_SIDRA,Faixa_Etaria_sidra25 a 39 anos,4094,4105,108875,0.3095068940458454,0.00780038807800423,2.520263111441002,2.5,0.020263111441002124,TRUE
Piauí,201604,Distribuicao_PIT_por_Faixa_Etaria_SIDRA,Faixa_Etaria_sidra25 a 39 anos,4094,4105,108875,0.3046804324608604,0.007497955846982974,2.4609246437071963,2.5,-0.039075356292803676,TRUE
Piauí,201701,Distribuicao_PIT_por_Faixa_Etaria_SIDRA,Faixa_Etaria_sidra25 a 39 anos,4094,4105,108875,0.31027054242241364,0.006959858890297637,2.2431581277291324,2.2,0.04315812772913219,TRUE
Piauí,201702,Distribuicao_PIT_por_Faixa_Etaria_SIDRA,Faixa_Etaria_sidra25 a 39 anos,4094,4105,108875,0.31264517927210683,0.006680114729338813,2.1366440848028745,2.1,0.0366440848028744,TRUE
Piauí,201703,Distribuicao_PIT_por_Faixa_Etaria_SIDRA,Faixa_Etaria_sidra25 a 39 anos,4094,4105,108875,0.30778779400599865,0.006907989036378672,2.244399931026517,2.2,0.044399931026516626,TRUE
Piauí,201704,Distribuicao_PIT_por_Faixa_Etaria_SIDRA,Faixa_Etaria_sidra25 a 39 anos,4094,4105,108875,0.3034949404793886,0.006637472633008608,2.187012614617008,2.2,-0.012987385382992045,TRUE
Piauí,201801,Distribuicao_PIT_por_Faixa_Etaria_SIDRA,Faixa_Etaria_sidra25 a 39 anos,4094,4105,108875,0.2986195331180688,0.006188183672844969,2.072263528185972,2.1,-0.027736471814028274,TRUE
Piauí,201802,Distribuicao_PIT_por_Faixa_Etaria_SIDRA,Faixa_Etaria_sidra25 a 39 anos,4094,4105,108875,0.29953027180832675,0.005800994199789028,1.9366971374102575,1.9,0.036697137410257596,TRUE
Piauí,201803,Distribuicao_PIT_por_Faixa_Etaria_SIDRA,Faixa_Etaria_sidra25 a 39 anos,4094,4105,108875,0.3020160025878511,0.006372658848227023,2.1100401282125207,2.1,0.01004012821252065,TRUE
Piauí,201804,Distribuicao_PIT_por_Faixa_Etaria_SIDRA,Faixa_Etaria_sidra25 a 39 anos,4094,4105,108875,0.30021579322138015,0.006359495024105668,2.1183079530450133,2.1,0.018307953045013203,TRUE
Piauí,201901,Distribuicao_PIT_por_Faixa_Etaria_SIDRA,Faixa_Etaria_sidra25 a 39 anos,4094,4105,108875,0.30087776348439804,0.0067827982581100356,2.2543368375116746,2.2,0.054336837511674396,FALSE
Piauí,201902,Distribuicao_PIT_por_Faixa_Etaria_SIDRA,Faixa_Etaria_sidra25 a 39 anos,4094,4105,108875,0.297647245109818,0.006501916209917308,2.184436885185483,2.2,-0.01556311481451722,TRUE
Piauí,201903,Distribuicao_PIT_por_Faixa_Etaria_SIDRA,Faixa_Etaria_sidra25 a 39 anos,4094,4105,108875,0.2935072233584856,0.006548813164461957,2.2312272555089137,2.2,0.031227255508913476,TRUE
Piauí,201904,Distribuicao_PIT_por_Faixa_Etaria_SIDRA,Faixa_Etaria_sidra25 a 39 anos,4094,4105,108875,0.2889236224262883,0.006993105317958342,2.4203992941914816,2.4,0.020399294191481676,TRUE
Piauí,202001,Distribuicao_PIT_por_Faixa_Etaria_SIDRA,Faixa_Etaria_sidra25 a 39 anos,4094,4105,108875,0.28423175186125527,0.007740982354814893,2.723475580797733,2.7,0.02347558079773293,TRUE
Piauí,202002,Distribuicao_PIT_por_Faixa_Etaria_SIDRA,Faixa_Etaria_sidra25 a 39 anos,4094,4105,108875,0.296864169384996,0.008990191195660696,3.0283854108380233,NA,NA,NA
Piauí,202003,Distribuicao_PIT_por_Faixa_Etaria_SIDRA,Faixa_Etaria_sidra25 a 39 anos,4094,4105,108875,0.2990292091747485,0.010280825256734218,3.4380672326649693,NA,NA,NA
Piauí,202004,Distribuicao_PIT_por_Faixa_Etaria_SIDRA,Faixa_Etaria_sidra25 a 39 anos,4094,4105,108875,0.2975949757802307,0.009669537233304708,3.2492273123742224,NA,NA,NA
Piauí,202101,Distribuicao_PIT_por_Faixa_Etaria_SIDRA,Faixa_Etaria_sidra25 a 39 anos,4094,4105,108875,0.28649672370755913,0.00868523771012805,3.0315312502468568,NA,NA,NA
Piauí,202102,Distribuicao_PIT_por_Faixa_Etaria_SIDRA,Faixa_Etaria_sidra25 a 39 anos,4094,4105,108875,0.2928189482313632,0.0076593393182121106,2.6157253020935944,NA,NA,NA
Piauí,202103,Distribuicao_PIT_por_Faixa_Etaria_SIDRA,Faixa_Etaria_sidra25 a 39 anos,4094,4105,108875,0.2878934938936428,0.006981911130342651,2.4251715576879254,NA,NA,NA
Piauí,202104,Distribuicao_PIT_por_Faixa_Etaria_SIDRA,Faixa_Etaria_sidra25 a 39 anos,4094,4105,108875,0.28637819330942893,0.007513120653622579,2.62349607237892,NA,NA,NA
Piauí,202201,Distribuicao_PIT_por_Faixa_Etaria_SIDRA,Faixa_Etaria_sidra25 a 39 anos,4094,4105,108875,0.2951787433392482,0.0062979494964179455,2.133605362354879,NA,NA,NA
Piauí,202202,Distribuicao_PIT_por_Faixa_Etaria_SIDRA,Faixa_Etaria_sidra25 a 39 anos,4094,4105,108875,0.28345297963246674,0.006498876809610804,2.2927530407468053,2.3,-0.007246959253194518,TRUE
Piauí,202203,Distribuicao_PIT_por_Faixa_Etaria_SIDRA,Faixa_Etaria_sidra25 a 39 anos,4094,4105,108875,0.28677327219448745,0.00652379841842072,2.274897645969018,2.3,-0.02510235403098182,TRUE
Piauí,202204,Distribuicao_PIT_por_Faixa_Etaria_SIDRA,Faixa_Etaria_sidra25 a 39 anos,4094,4105,108875,0.2823011764054798,0.006166083343902401,2.184221625433761,2.2,-0.015778374566238984,TRUE
Piauí,202301,Distribuicao_PIT_por_Faixa_Etaria_SIDRA,Faixa_Etaria_sidra25 a 39 anos,4094,4105,108875,0.2827678102292432,0.006899813333266525,2.440098583948705,2.4,0.04009858394870491,TRUE
Piauí,202302,Distribuicao_PIT_por_Faixa_Etaria_SIDRA,Faixa_Etaria_sidra25 a 39 anos,4094,4105,108875,0.2769889216691431,0.007035123785877037,2.5398574583716855,2.5,0.03985745837168553,TRUE
Piauí,202303,Distribuicao_PIT_por_Faixa_Etaria_SIDRA,Faixa_Etaria_sidra25 a 39 anos,4094,4105,108875,0.28449154395925724,0.007268665566759557,2.5549671760368815,2.5,0.054967176036881504,FALSE
Piauí,202304,Distribuicao_PIT_por_Faixa_Etaria_SIDRA,Faixa_Etaria_sidra25 a 39 anos,4094,4105,108875,0.2767353891081325,0.007056056150274826,2.5497483979245312,2.5,0.04974839792453123,TRUE
Piauí,202401,Distribuicao_PIT_por_Faixa_Etaria_SIDRA,Faixa_Etaria_sidra25 a 39 anos,4094,4105,108875,0.28902314828850134,0.010515169428686806,3.6381755201803494,3.6,0.03817552018034931,TRUE
Piauí,202402,Distribuicao_PIT_por_Faixa_Etaria_SIDRA,Faixa_Etaria_sidra25 a 39 anos,4094,4105,108875,0.2924926299790274,0.011622347098691001,3.973552119766012,4,-0.02644788023398803,TRUE
Piauí,202403,Distribuicao_PIT_por_Faixa_Etaria_SIDRA,Faixa_Etaria_sidra25 a 39 anos,4094,4105,108875,0.2940783854132989,0.009633103359462313,3.2756924130700433,3.3,-0.024307586929956493,TRUE
Piauí,202404,Distribuicao_PIT_por_Faixa_Etaria_SIDRA,Faixa_Etaria_sidra25 a 39 anos,4094,4105,108875,0.2915127786152624,0.008490861281781585,2.9126892214175606,2.9,0.012689221417560681,TRUE
Piauí,202501,Distribuicao_PIT_por_Faixa_Etaria_SIDRA,Faixa_Etaria_sidra25 a 39 anos,4094,4105,108875,0.29091402201582833,0.008413255197651216,2.892007452701424,2.9,-0.007992547298576014,TRUE
Piauí,202502,Distribuicao_PIT_por_Faixa_Etaria_SIDRA,Faixa_Etaria_sidra25 a 39 anos,4094,4105,108875,0.2755752189656518,0.0066764633438238,2.4227371999860288,2.4,0.022737199986028855,TRUE
Piauí,202503,Distribuicao_PIT_por_Faixa_Etaria_SIDRA,Faixa_Etaria_sidra25 a 39 anos,4094,4105,108875,0.2676377016620634,0.006543397918942252,2.4448715103690315,2.4,0.044871510369031586,TRUE
Piauí,202504,Distribuicao_PIT_por_Faixa_Etaria_SIDRA,Faixa_Etaria_sidra25 a 39 anos,4094,4105,108875,0.26369015936324525,0.006026254266288878,2.28535425092881,2.3,-0.014645749071189762,TRUE
Piauí,202601,Distribuicao_PIT_por_Faixa_Etaria_SIDRA,Faixa_Etaria_sidra25 a 39 anos,4094,4105,108875,0.26595746360757744,0.006679038951367909,2.5113184870881797,2.5,0.01131848708817973,TRUE
Piauí,202602,Distribuicao_PIT_por_Faixa_Etaria_SIDRA,Faixa_Etaria_sidra25 a 39 anos,4094,4105,108875,0.2657093037512698,0.0058833143951156006,2.2141920934100847,2.2,0.014192093410084539,TRUE
Piauí,201602,Distribuicao_PIT_por_Faixa_Etaria_SIDRA,Faixa_Etaria_sidra40 a 59 anos,4094,4105,99127,0.2826969433287471,0.00629455455422504,2.2266086361270374,2.2,0.026608636127037233,TRUE
Piauí,201603,Distribuicao_PIT_por_Faixa_Etaria_SIDRA,Faixa_Etaria_sidra40 a 59 anos,4094,4105,99127,0.28508938623477864,0.005779283655045035,2.0271830289345263,2,0.027183028934526288,TRUE
Piauí,201604,Distribuicao_PIT_por_Faixa_Etaria_SIDRA,Faixa_Etaria_sidra40 a 59 anos,4094,4105,99127,0.28820579916280004,0.005199637369888128,1.8041404388781874,1.8,0.00414043887818738,TRUE
Piauí,201701,Distribuicao_PIT_por_Faixa_Etaria_SIDRA,Faixa_Etaria_sidra40 a 59 anos,4094,4105,99127,0.2871374099140599,0.005292465996679179,1.8431823280230923,1.8,0.0431823280230923,TRUE
Piauí,201702,Distribuicao_PIT_por_Faixa_Etaria_SIDRA,Faixa_Etaria_sidra40 a 59 anos,4094,4105,99127,0.2886794930722257,0.004144262525838962,1.43559297604908,1.4,0.03559297604908007,TRUE
Piauí,201703,Distribuicao_PIT_por_Faixa_Etaria_SIDRA,Faixa_Etaria_sidra40 a 59 anos,4094,4105,99127,0.29107285818489936,0.005137820814314702,1.765132223716642,1.8,-0.03486777628335802,TRUE
Piauí,201704,Distribuicao_PIT_por_Faixa_Etaria_SIDRA,Faixa_Etaria_sidra40 a 59 anos,4094,4105,99127,0.2977421850649496,0.005518453586353238,1.8534335620427587,1.8,0.05343356204275862,FALSE
Piauí,201801,Distribuicao_PIT_por_Faixa_Etaria_SIDRA,Faixa_Etaria_sidra40 a 59 anos,4094,4105,99127,0.29977884881547107,0.005146625009173497,1.7168072495806748,1.7,0.01680724958067481,TRUE
Piauí,201802,Distribuicao_PIT_por_Faixa_Etaria_SIDRA,Faixa_Etaria_sidra40 a 59 anos,4094,4105,99127,0.29831757675214843,0.005124278208503746,1.7177258759919323,1.7,0.017725875991932316,TRUE
Piauí,201803,Distribuicao_PIT_por_Faixa_Etaria_SIDRA,Faixa_Etaria_sidra40 a 59 anos,4094,4105,99127,0.2963582317122663,0.00556675560544423,1.8783873737136427,1.9,-0.021612626286357184,TRUE
Piauí,201804,Distribuicao_PIT_por_Faixa_Etaria_SIDRA,Faixa_Etaria_sidra40 a 59 anos,4094,4105,99127,0.2978398569917838,0.005830055799100693,1.9574464807984113,2,-0.042553519201588674,TRUE
Piauí,201901,Distribuicao_PIT_por_Faixa_Etaria_SIDRA,Faixa_Etaria_sidra40 a 59 anos,4094,4105,99127,0.2933581244640496,0.005535992234799532,1.8871105904816885,1.9,-0.012889409518311412,TRUE
Piauí,201902,Distribuicao_PIT_por_Faixa_Etaria_SIDRA,Faixa_Etaria_sidra40 a 59 anos,4094,4105,99127,0.295548397917632,0.006259289999334619,2.1178561763271864,2.1,0.01785617632718628,TRUE
Piauí,201903,Distribuicao_PIT_por_Faixa_Etaria_SIDRA,Faixa_Etaria_sidra40 a 59 anos,4094,4105,99127,0.3004367483947269,0.006453546128400777,2.1480548444499297,2.1,0.04805484444992958,TRUE
Piauí,201904,Distribuicao_PIT_por_Faixa_Etaria_SIDRA,Faixa_Etaria_sidra40 a 59 anos,4094,4105,99127,0.30361587995740646,0.005311115656390485,1.7492878360432162,1.7,0.04928783604321629,TRUE
Piauí,202001,Distribuicao_PIT_por_Faixa_Etaria_SIDRA,Faixa_Etaria_sidra40 a 59 anos,4094,4105,99127,0.30512539684653833,0.009908873112248993,3.247475698403638,3.2,0.04747569840363797,TRUE
Piauí,202002,Distribuicao_PIT_por_Faixa_Etaria_SIDRA,Faixa_Etaria_sidra40 a 59 anos,4094,4105,99127,0.29165905828075117,0.00685827538439214,2.3514700434197935,NA,NA,NA
Piauí,202003,Distribuicao_PIT_por_Faixa_Etaria_SIDRA,Faixa_Etaria_sidra40 a 59 anos,4094,4105,99127,0.28813681131511104,0.006384910931161577,2.215930308251706,NA,NA,NA
Piauí,202004,Distribuicao_PIT_por_Faixa_Etaria_SIDRA,Faixa_Etaria_sidra40 a 59 anos,4094,4105,99127,0.2936504620957165,0.008124284423670849,2.7666513329111355,NA,NA,NA
Piauí,202101,Distribuicao_PIT_por_Faixa_Etaria_SIDRA,Faixa_Etaria_sidra40 a 59 anos,4094,4105,99127,0.2947254753981039,0.0074931520176824366,2.5424174844610814,NA,NA,NA
Piauí,202102,Distribuicao_PIT_por_Faixa_Etaria_SIDRA,Faixa_Etaria_sidra40 a 59 anos,4094,4105,99127,0.29738885284835376,0.007243827535861357,2.4358100401144394,NA,NA,NA
Piauí,202103,Distribuicao_PIT_por_Faixa_Etaria_SIDRA,Faixa_Etaria_sidra40 a 59 anos,4094,4105,99127,0.30239811651524184,0.005636852436866518,1.8640501144068478,NA,NA,NA
Piauí,202104,Distribuicao_PIT_por_Faixa_Etaria_SIDRA,Faixa_Etaria_sidra40 a 59 anos,4094,4105,99127,0.30181866669531615,0.00537348094636225,1.780367332874988,NA,NA,NA
Piauí,202201,Distribuicao_PIT_por_Faixa_Etaria_SIDRA,Faixa_Etaria_sidra40 a 59 anos,4094,4105,99127,0.3043547581205668,0.005774437115209974,1.8972718385833462,NA,NA,NA
Piauí,202202,Distribuicao_PIT_por_Faixa_Etaria_SIDRA,Faixa_Etaria_sidra40 a 59 anos,4094,4105,99127,0.3122390262119719,0.005456620746522012,1.7475780695068006,1.7,0.04757806950680066,TRUE
Piauí,202203,Distribuicao_PIT_por_Faixa_Etaria_SIDRA,Faixa_Etaria_sidra40 a 59 anos,4094,4105,99127,0.31896795412745405,0.005637611647831209,1.7674539322462837,1.8,-0.03254606775371638,TRUE
Piauí,202204,Distribuicao_PIT_por_Faixa_Etaria_SIDRA,Faixa_Etaria_sidra40 a 59 anos,4094,4105,99127,0.3186332716017837,0.005262004995243771,1.6514298612920857,1.6,0.0514298612920856,FALSE
Piauí,202301,Distribuicao_PIT_por_Faixa_Etaria_SIDRA,Faixa_Etaria_sidra40 a 59 anos,4094,4105,99127,0.32549186793570684,0.005554363913071015,1.706452437136816,1.7,0.0064524371368159805,TRUE
Piauí,202302,Distribuicao_PIT_por_Faixa_Etaria_SIDRA,Faixa_Etaria_sidra40 a 59 anos,4094,4105,99127,0.3282883669007435,0.006160671434105138,1.8766036373039647,1.9,-0.023396362696035178,TRUE
Piauí,202303,Distribuicao_PIT_por_Faixa_Etaria_SIDRA,Faixa_Etaria_sidra40 a 59 anos,4094,4105,99127,0.3169863181450117,0.005424737808591936,1.711347619145594,1.7,0.011347619145594123,TRUE
Piauí,202304,Distribuicao_PIT_por_Faixa_Etaria_SIDRA,Faixa_Etaria_sidra40 a 59 anos,4094,4105,99127,0.32044147972435777,0.005320382899546814,1.6603290261059154,1.7,-0.03967097389408458,TRUE
Piauí,202401,Distribuicao_PIT_por_Faixa_Etaria_SIDRA,Faixa_Etaria_sidra40 a 59 anos,4094,4105,99127,0.31237057664094736,0.008849005894632367,2.8328551266862143,2.8,0.032855126686214486,TRUE
Piauí,202402,Distribuicao_PIT_por_Faixa_Etaria_SIDRA,Faixa_Etaria_sidra40 a 59 anos,4094,4105,99127,0.3069561058845171,0.008452253113387365,2.753570608746017,2.7,0.05357060874601682,FALSE
Piauí,202403,Distribuicao_PIT_por_Faixa_Etaria_SIDRA,Faixa_Etaria_sidra40 a 59 anos,4094,4105,99127,0.3084267392050763,0.0075891003399187395,2.4605844355384066,2.5,-0.039415564461593444,TRUE
Piauí,202404,Distribuicao_PIT_por_Faixa_Etaria_SIDRA,Faixa_Etaria_sidra40 a 59 anos,4094,4105,99127,0.3147002617598441,0.006739009142367757,2.141405636170226,2.1,0.04140563617022597,TRUE
Piauí,202501,Distribuicao_PIT_por_Faixa_Etaria_SIDRA,Faixa_Etaria_sidra40 a 59 anos,4094,4105,99127,0.31504936547399753,0.00691270672178641,2.194166209916378,2.2,-0.005833790083622059,TRUE
Piauí,202502,Distribuicao_PIT_por_Faixa_Etaria_SIDRA,Faixa_Etaria_sidra40 a 59 anos,4094,4105,99127,0.3246102535778806,0.0055002109950197855,1.6944045773034009,1.7,-0.005595422696599073,TRUE
Piauí,202503,Distribuicao_PIT_por_Faixa_Etaria_SIDRA,Faixa_Etaria_sidra40 a 59 anos,4094,4105,99127,0.3299471707843474,0.005980523499012655,1.812570019859788,1.8,0.012570019859788006,TRUE
Piauí,202504,Distribuicao_PIT_por_Faixa_Etaria_SIDRA,Faixa_Etaria_sidra40 a 59 anos,4094,4105,99127,0.3291474128737796,0.005742164049619761,1.744556944709071,1.7,0.04455694470907101,TRUE
Piauí,202601,Distribuicao_PIT_por_Faixa_Etaria_SIDRA,Faixa_Etaria_sidra40 a 59 anos,4094,4105,99127,0.3305857955848707,0.005220149058301742,1.5790603008415047,1.6,-0.020939699158495362,TRUE
Piauí,202602,Distribuicao_PIT_por_Faixa_Etaria_SIDRA,Faixa_Etaria_sidra40 a 59 anos,4094,4105,99127,0.3340960158770408,0.004851053006248506,1.45199367119477,1.4,0.051993671194770164,FALSE
Piauí,201602,Distribuicao_PIT_por_Faixa_Etaria_SIDRA,Faixa_Etaria_sidra60 anos ou mais,4094,4105,3302,0.16210524571290783,0.006113961155614754,3.771599820059323,3.8,-0.028400179940677006,TRUE
Piauí,201603,Distribuicao_PIT_por_Faixa_Etaria_SIDRA,Faixa_Etaria_sidra60 anos ou mais,4094,4105,3302,0.16437883915450024,0.007224339753188868,4.394932942918939,4.4,-0.005067057081061144,TRUE
Piauí,201604,Distribuicao_PIT_por_Faixa_Etaria_SIDRA,Faixa_Etaria_sidra60 anos ou mais,4094,4105,3302,0.1605239502615488,0.006961495606023546,4.336733300346069,4.3,0.03673330034606881,TRUE
Piauí,201701,Distribuicao_PIT_por_Faixa_Etaria_SIDRA,Faixa_Etaria_sidra60 anos ou mais,4094,4105,3302,0.16029580019192416,0.006723569746831781,4.194476548219958,4.2,-0.005523451780041988,TRUE
Piauí,201702,Distribuicao_PIT_por_Faixa_Etaria_SIDRA,Faixa_Etaria_sidra60 anos ou mais,4094,4105,3302,0.15970673958687112,0.007150397690375999,4.477204724655093,4.5,-0.022795275344907218,TRUE
Piauí,201703,Distribuicao_PIT_por_Faixa_Etaria_SIDRA,Faixa_Etaria_sidra60 anos ou mais,4094,4105,3302,0.15827748620825582,0.007078315613467711,4.472092514885103,4.5,-0.027907485114896602,TRUE
Piauí,201704,Distribuicao_PIT_por_Faixa_Etaria_SIDRA,Faixa_Etaria_sidra60 anos ou mais,4094,4105,3302,0.1558786689990378,0.0057329860595787645,3.677851560058004,3.7,-0.022148439941996223,TRUE
Piauí,201801,Distribuicao_PIT_por_Faixa_Etaria_SIDRA,Faixa_Etaria_sidra60 anos ou mais,4094,4105,3302,0.16689182142112877,0.005055431423009638,3.02916666614414,3,0.029166666144139874,TRUE
Piauí,201802,Distribuicao_PIT_por_Faixa_Etaria_SIDRA,Faixa_Etaria_sidra60 anos ou mais,4094,4105,3302,0.16530535524756737,0.005480922262492837,3.3156350284504743,3.3,0.015635028450474486,TRUE
Piauí,201803,Distribuicao_PIT_por_Faixa_Etaria_SIDRA,Faixa_Etaria_sidra60 anos ou mais,4094,4105,3302,0.16955091226426214,0.00622707855162868,3.6726894998495507,3.7,-0.027310500150449446,TRUE
Piauí,201804,Distribuicao_PIT_por_Faixa_Etaria_SIDRA,Faixa_Etaria_sidra60 anos ou mais,4094,4105,3302,0.16872628865880918,0.00592350085584482,3.510716025896273,3.5,0.010716025896273074,TRUE
Piauí,201901,Distribuicao_PIT_por_Faixa_Etaria_SIDRA,Faixa_Etaria_sidra60 anos ou mais,4094,4105,3302,0.1744354236616384,0.005872207569526765,3.366407720554167,3.4,-0.03359227944583276,TRUE
Piauí,201902,Distribuicao_PIT_por_Faixa_Etaria_SIDRA,Faixa_Etaria_sidra60 anos ou mais,4094,4105,3302,0.1787407828955787,0.0062755637804540005,3.5109859533961076,3.5,0.01098595339610764,TRUE
Piauí,201903,Distribuicao_PIT_por_Faixa_Etaria_SIDRA,Faixa_Etaria_sidra60 anos ou mais,4094,4105,3302,0.17596735027410385,0.0070078170633301575,3.982453024617408,4,-0.017546975382591867,TRUE
Piauí,201904,Distribuicao_PIT_por_Faixa_Etaria_SIDRA,Faixa_Etaria_sidra60 anos ou mais,4094,4105,3302,0.17806271841921412,0.007198046922250605,4.04242223535204,4,0.04242223535204026,TRUE
Piauí,202001,Distribuicao_PIT_por_Faixa_Etaria_SIDRA,Faixa_Etaria_sidra60 anos ou mais,4094,4105,3302,0.18423230335896423,0.008153008356558952,4.425395659670696,4.4,0.02539565967069546,TRUE
Piauí,202002,Distribuicao_PIT_por_Faixa_Etaria_SIDRA,Faixa_Etaria_sidra60 anos ou mais,4094,4105,3302,0.18012731023147044,0.007785906465241572,4.322446415946803,NA,NA,NA
Piauí,202003,Distribuicao_PIT_por_Faixa_Etaria_SIDRA,Faixa_Etaria_sidra60 anos ou mais,4094,4105,3302,0.17567237408455272,0.007858776234985012,4.473541315723616,NA,NA,NA
Piauí,202004,Distribuicao_PIT_por_Faixa_Etaria_SIDRA,Faixa_Etaria_sidra60 anos ou mais,4094,4105,3302,0.17563511670082937,0.00780339085102863,4.442955940480085,NA,NA,NA
Piauí,202101,Distribuicao_PIT_por_Faixa_Etaria_SIDRA,Faixa_Etaria_sidra60 anos ou mais,4094,4105,3302,0.17820301529160956,0.0073595291113214166,4.129856668967335,NA,NA,NA
Piauí,202102,Distribuicao_PIT_por_Faixa_Etaria_SIDRA,Faixa_Etaria_sidra60 anos ou mais,4094,4105,3302,0.18043160015739332,0.006937944749414757,3.8451938260053558,NA,NA,NA
Piauí,202103,Distribuicao_PIT_por_Faixa_Etaria_SIDRA,Faixa_Etaria_sidra60 anos ou mais,4094,4105,3302,0.18508207819082897,0.0057853922747731715,3.1258522334118917,NA,NA,NA
Piauí,202104,Distribuicao_PIT_por_Faixa_Etaria_SIDRA,Faixa_Etaria_sidra60 anos ou mais,4094,4105,3302,0.18149021893693937,0.006361543025106478,3.505171277200818,NA,NA,NA
Piauí,202201,Distribuicao_PIT_por_Faixa_Etaria_SIDRA,Faixa_Etaria_sidra60 anos ou mais,4094,4105,3302,0.17914313959393072,0.005384037838351277,3.0054390307970715,NA,NA,NA
Piauí,202202,Distribuicao_PIT_por_Faixa_Etaria_SIDRA,Faixa_Etaria_sidra60 anos ou mais,4094,4105,3302,0.1780502140096982,0.0064969508637737925,3.6489430242526475,3.6,0.048943024252647405,TRUE
Piauí,202203,Distribuicao_PIT_por_Faixa_Etaria_SIDRA,Faixa_Etaria_sidra60 anos ou mais,4094,4105,3302,0.17387008924597136,0.005324162339166872,3.0621496556747383,3.1,-0.0378503443252618,TRUE
Piauí,202204,Distribuicao_PIT_por_Faixa_Etaria_SIDRA,Faixa_Etaria_sidra60 anos ou mais,4094,4105,3302,0.17556104933448383,0.005636159299576592,3.210370022816635,3.2,0.010370022816634794,TRUE
Piauí,202301,Distribuicao_PIT_por_Faixa_Etaria_SIDRA,Faixa_Etaria_sidra60 anos ou mais,4094,4105,3302,0.1699866927242545,0.006408294600553002,3.7698801581770147,3.8,-0.030119841822985105,TRUE
Piauí,202302,Distribuicao_PIT_por_Faixa_Etaria_SIDRA,Faixa_Etaria_sidra60 anos ou mais,4094,4105,3302,0.1743054484317097,0.005989837661306208,3.4364030012825086,3.4,0.03640300128250873,TRUE
Piauí,202303,Distribuicao_PIT_por_Faixa_Etaria_SIDRA,Faixa_Etaria_sidra60 anos ou mais,4094,4105,3302,0.18163727601627316,0.005865393756624732,3.2291795413730173,3.2,0.029179541373017148,TRUE
Piauí,202304,Distribuicao_PIT_por_Faixa_Etaria_SIDRA,Faixa_Etaria_sidra60 anos ou mais,4094,4105,3302,0.19000204980274282,0.006523611876648109,3.433442893600791,3.4,0.03344289360079111,TRUE
Piauí,202401,Distribuicao_PIT_por_Faixa_Etaria_SIDRA,Faixa_Etaria_sidra60 anos ou mais,4094,4105,3302,0.18579761230445443,0.005986597138122712,3.2221066050692113,3.2,0.022106605069211138,TRUE
Piauí,202402,Distribuicao_PIT_por_Faixa_Etaria_SIDRA,Faixa_Etaria_sidra60 anos ou mais,4094,4105,3302,0.1932777979677778,0.00674998459241312,3.492374532091078,3.5,-0.007625467908921824,TRUE
Piauí,202403,Distribuicao_PIT_por_Faixa_Etaria_SIDRA,Faixa_Etaria_sidra60 anos ou mais,4094,4105,3302,0.192231075702231,0.0065490863835144875,3.4068822429413683,3.4,0.0068822429413684105,TRUE
Piauí,202404,Distribuicao_PIT_por_Faixa_Etaria_SIDRA,Faixa_Etaria_sidra60 anos ou mais,4094,4105,3302,0.19411208363329657,0.0061468216600947785,3.1666352475546753,3.2,-0.033364752445324886,TRUE
Piauí,202501,Distribuicao_PIT_por_Faixa_Etaria_SIDRA,Faixa_Etaria_sidra60 anos ou mais,4094,4105,3302,0.19385624927825423,0.006556511887162586,3.3821514197108016,3.4,-0.017848580289198335,TRUE
Piauí,202502,Distribuicao_PIT_por_Faixa_Etaria_SIDRA,Faixa_Etaria_sidra60 anos ou mais,4094,4105,3302,0.19887040047580476,0.006040849116999877,3.037580807675211,3,0.03758080767521088,TRUE
Piauí,202503,Distribuicao_PIT_por_Faixa_Etaria_SIDRA,Faixa_Etaria_sidra60 anos ou mais,4094,4105,3302,0.195188485322534,0.006651670654462126,3.4078191874232493,3.4,0.007819187423249385,TRUE
Piauí,202504,Distribuicao_PIT_por_Faixa_Etaria_SIDRA,Faixa_Etaria_sidra60 anos ou mais,4094,4105,3302,0.20082648492810617,0.005691186422500349,2.833882405768211,2.8,0.03388240576821122,TRUE
Piauí,202601,Distribuicao_PIT_por_Faixa_Etaria_SIDRA,Faixa_Etaria_sidra60 anos ou mais,4094,4105,3302,0.20311710408237985,0.0061805983222118985,3.04287438034031,3,0.042874380340310214,TRUE
Piauí,202602,Distribuicao_PIT_por_Faixa_Etaria_SIDRA,Faixa_Etaria_sidra60 anos ou mais,4094,4105,3302,0.19972045157342605,0.00549486481963035,2.751277986976809,2.7,0.051277986976808965,FALSE
Piauí,201602,Distribuicao_PIT_por_Sexo,Sexo_pitFeminino,4093,4105,5,0.5141482576609774,0.003407669307788756,0.6627795109704968,0.7,-0.037220489029503145,TRUE
Piauí,201603,Distribuicao_PIT_por_Sexo,Sexo_pitFeminino,4093,4105,5,0.5139358430677577,0.00474308445018421,0.9228942705906733,0.9,0.022894270590673282,TRUE
Piauí,201604,Distribuicao_PIT_por_Sexo,Sexo_pitFeminino,4093,4105,5,0.5175899767180889,0.004311337177105299,0.8329638074605754,0.8,0.03296380746057537,TRUE
Piauí,201701,Distribuicao_PIT_por_Sexo,Sexo_pitFeminino,4093,4105,5,0.5174092833508631,0.004241353364217704,0.8197288878834394,0.8,0.019728887883439405,TRUE
Piauí,201702,Distribuicao_PIT_por_Sexo,Sexo_pitFeminino,4093,4105,5,0.519895391251315,0.003692265875287442,0.7101940000661822,0.7,0.010194000066182207,TRUE
Piauí,201703,Distribuicao_PIT_por_Sexo,Sexo_pitFeminino,4093,4105,5,0.5173829256656749,0.00364304751906255,0.7041298307970513,0.7,0.004129830797051315,TRUE
Piauí,201704,Distribuicao_PIT_por_Sexo,Sexo_pitFeminino,4093,4105,5,0.5200848452308053,0.00342000898856118,0.6575867418408308,0.7,-0.04241325815916919,TRUE
Piauí,201801,Distribuicao_PIT_por_Sexo,Sexo_pitFeminino,4093,4105,5,0.5155463116637691,0.0028678987486960676,0.5562834383279353,0.6,-0.043716561672064724,TRUE
Piauí,201802,Distribuicao_PIT_por_Sexo,Sexo_pitFeminino,4093,4105,5,0.5131503081586014,0.0033229183869476096,0.6475526437607794,0.6,0.04755264376077939,TRUE
Piauí,201803,Distribuicao_PIT_por_Sexo,Sexo_pitFeminino,4093,4105,5,0.510651052707612,0.003437063827642581,0.673074854035515,0.7,-0.02692514596448492,TRUE
Piauí,201804,Distribuicao_PIT_por_Sexo,Sexo_pitFeminino,4093,4105,5,0.5117379656922584,0.003932058616532652,0.768373441124995,0.8,-0.031626558875005095,TRUE
Piauí,201901,Distribuicao_PIT_por_Sexo,Sexo_pitFeminino,4093,4105,5,0.510456794036564,0.003919323071538518,0.767807014682966,0.8,-0.03219298531703407,TRUE
Piauí,201902,Distribuicao_PIT_por_Sexo,Sexo_pitFeminino,4093,4105,5,0.5135073016682921,0.00408113121960972,0.7947562198922713,0.8,-0.005243780107728746,TRUE
Piauí,201903,Distribuicao_PIT_por_Sexo,Sexo_pitFeminino,4093,4105,5,0.5162621019790625,0.003926546601430357,0.7605723113081816,0.8,-0.03942768869181845,TRUE
Piauí,201904,Distribuicao_PIT_por_Sexo,Sexo_pitFeminino,4093,4105,5,0.5137227302205135,0.003990202516244257,0.7767229833360649,0.8,-0.023277016663935113,TRUE
Piauí,202001,Distribuicao_PIT_por_Sexo,Sexo_pitFeminino,4093,4105,5,0.5186263066238443,0.005727377084839863,1.104336014523437,1.1,0.004336014523437015,TRUE
Piauí,202002,Distribuicao_PIT_por_Sexo,Sexo_pitFeminino,4093,4105,5,0.515331596745521,0.0057050417089253664,1.1070622769794198,NA,NA,NA
Piauí,202003,Distribuicao_PIT_por_Sexo,Sexo_pitFeminino,4093,4105,5,0.5119625922227236,0.00607046622932125,1.1857245668996774,NA,NA,NA
Piauí,202004,Distribuicao_PIT_por_Sexo,Sexo_pitFeminino,4093,4105,5,0.5191444325871807,0.007482813150640416,1.4413740533341493,NA,NA,NA
Piauí,202101,Distribuicao_PIT_por_Sexo,Sexo_pitFeminino,4093,4105,5,0.5127315752328317,0.006851902073848996,1.336352665766204,NA,NA,NA
Piauí,202102,Distribuicao_PIT_por_Sexo,Sexo_pitFeminino,4093,4105,5,0.5161717843635817,0.006489277048897413,1.2571932921320799,NA,NA,NA
Piauí,202103,Distribuicao_PIT_por_Sexo,Sexo_pitFeminino,4093,4105,5,0.5074322365381473,0.005841821057282794,1.151251465050274,NA,NA,NA
Piauí,202104,Distribuicao_PIT_por_Sexo,Sexo_pitFeminino,4093,4105,5,0.5126617063770527,0.004856443447368096,0.9472998250031721,NA,NA,NA
Piauí,202201,Distribuicao_PIT_por_Sexo,Sexo_pitFeminino,4093,4105,5,0.5182630820830283,0.004732124416418817,0.9130737997773701,NA,NA,NA
Piauí,202202,Distribuicao_PIT_por_Sexo,Sexo_pitFeminino,4093,4105,5,0.5128333377592709,0.0049033009064528305,0.9561197655122977,1,-0.043880234487702285,TRUE
Piauí,202203,Distribuicao_PIT_por_Sexo,Sexo_pitFeminino,4093,4105,5,0.5163314654243155,0.004020069156129267,0.7785830276343159,0.8,-0.021416972365684184,TRUE
Piauí,202204,Distribuicao_PIT_por_Sexo,Sexo_pitFeminino,4093,4105,5,0.5138873408223217,0.004829906602609503,0.9398765485992893,0.9,0.03987654859928924,TRUE
Piauí,202301,Distribuicao_PIT_por_Sexo,Sexo_pitFeminino,4093,4105,5,0.5117704243662683,0.00396582690413484,0.7749230348834193,0.8,-0.02507696511658075,TRUE
Piauí,202302,Distribuicao_PIT_por_Sexo,Sexo_pitFeminino,4093,4105,5,0.512411297176183,0.00435435958966304,0.8497782179392263,0.8,0.04977821793922621,TRUE
Piauí,202303,Distribuicao_PIT_por_Sexo,Sexo_pitFeminino,4093,4105,5,0.5154593619240967,0.0042159421703402405,0.8179000095377167,0.8,0.017900009537716643,TRUE
Piauí,202304,Distribuicao_PIT_por_Sexo,Sexo_pitFeminino,4093,4105,5,0.5149552420302237,0.004772757288084801,0.9268295375085586,0.9,0.026829537508558543,TRUE
Piauí,202401,Distribuicao_PIT_por_Sexo,Sexo_pitFeminino,4093,4105,5,0.5147458834266145,0.003967396946082214,0.7707486497359879,0.8,-0.029251350264012155,TRUE
Piauí,202402,Distribuicao_PIT_por_Sexo,Sexo_pitFeminino,4093,4105,5,0.517787529120621,0.0037474925515915856,0.7237510254362635,0.7,0.023751025436263506,TRUE
Piauí,202403,Distribuicao_PIT_por_Sexo,Sexo_pitFeminino,4093,4105,5,0.5180788617358628,0.004275181800500695,0.8251990413537375,0.8,0.025199041353737406,TRUE
Piauí,202404,Distribuicao_PIT_por_Sexo,Sexo_pitFeminino,4093,4105,5,0.516643667012714,0.0043352780757553565,0.8391234331434609,0.8,0.039123433143460895,TRUE
Piauí,202501,Distribuicao_PIT_por_Sexo,Sexo_pitFeminino,4093,4105,5,0.5152301524980186,0.004144436740182704,0.8043855197699521,0.8,0.004385519769952051,TRUE
Piauí,202502,Distribuicao_PIT_por_Sexo,Sexo_pitFeminino,4093,4105,5,0.5161199722811847,0.004457457930416864,0.8636476342342394,0.9,-0.03635236576576062,TRUE
Piauí,202503,Distribuicao_PIT_por_Sexo,Sexo_pitFeminino,4093,4105,5,0.5140840914529237,0.004287097031903567,0.8339291378939996,0.8,0.03392913789399954,TRUE
Piauí,202504,Distribuicao_PIT_por_Sexo,Sexo_pitFeminino,4093,4105,5,0.5101585420449205,0.003910530750302416,0.7665324458995506,0.8,-0.03346755410044944,TRUE
Piauí,202601,Distribuicao_PIT_por_Sexo,Sexo_pitFeminino,4093,4105,5,0.5135507115564921,0.0035447317974284646,0.6902398765420722,0.7,-0.00976012345792776,TRUE
Piauí,202602,Distribuicao_PIT_por_Sexo,Sexo_pitFeminino,4093,4105,5,0.5219732239421188,0.003632006480399076,0.6958223743679669,0.7,-0.004177625632033055,TRUE
Piauí,201602,Distribuicao_PIT_por_Sexo,Sexo_pitMasculino,4093,4105,4,0.4858517423390226,0.0034076693077887544,0.7013804852038414,0.7,0.001380485203841486,TRUE
Piauí,201603,Distribuicao_PIT_por_Sexo,Sexo_pitMasculino,4093,4105,4,0.4860641569322422,0.004743084450184211,0.9758144850918109,1,-0.0241855149081891,TRUE
Piauí,201604,Distribuicao_PIT_por_Sexo,Sexo_pitMasculino,4093,4105,4,0.48241002328191096,0.004311337177105288,0.8937080427505603,0.9,-0.006291957249439761,TRUE
Piauí,201701,Distribuicao_PIT_por_Sexo,Sexo_pitMasculino,4093,4105,4,0.48259071664913683,0.004241353364217702,0.878871726681253,0.9,-0.021128273318747004,TRUE
Piauí,201702,Distribuicao_PIT_por_Sexo,Sexo_pitMasculino,4093,4105,4,0.48010460874868505,0.003692265875287435,0.7690544535514309,0.8,-0.030945546448569172,TRUE
Piauí,201703,Distribuicao_PIT_por_Sexo,Sexo_pitMasculino,4093,4105,4,0.4826170743343252,0.00364304751906255,0.7548525969760629,0.8,-0.04514740302393716,TRUE
Piauí,201704,Distribuicao_PIT_por_Sexo,Sexo_pitMasculino,4093,4105,4,0.4799151547691946,0.003420008988561177,0.7126278373530338,0.7,0.012627837353033855,TRUE
Piauí,201801,Distribuicao_PIT_por_Sexo,Sexo_pitMasculino,4093,4105,4,0.48445368833623087,0.0028678987486960715,0.5919861521841963,0.6,-0.00801384781580372,TRUE
Piauí,201802,Distribuicao_PIT_por_Sexo,Sexo_pitMasculino,4093,4105,4,0.48684969184139865,0.0033229183869476057,0.6825347622958166,0.7,-0.0174652377041834,TRUE
Piauí,201803,Distribuicao_PIT_por_Sexo,Sexo_pitMasculino,4093,4105,4,0.489348947292388,0.0034370638276425823,0.7023748281589585,0.7,0.0023748281589585085,TRUE
Piauí,201804,Distribuicao_PIT_por_Sexo,Sexo_pitMasculino,4093,4105,4,0.4882620343077417,0.003932058616532644,0.8053172969115896,0.8,0.005317296911589553,TRUE
Piauí,201901,Distribuicao_PIT_por_Sexo,Sexo_pitMasculino,4093,4105,4,0.48954320596343603,0.0039193230715385136,0.8006082045046802,0.8,6.082045046801321e-4,TRUE
Piauí,201902,Distribuicao_PIT_por_Sexo,Sexo_pitMasculino,4093,4105,4,0.48649269833170805,0.004081131219609741,0.8388884835486432,0.8,0.03888848354864316,TRUE
Piauí,201903,Distribuicao_PIT_por_Sexo,Sexo_pitMasculino,4093,4105,4,0.48373789802093736,0.003926546601430356,0.8117095264800621,0.8,0.011709526480062071,TRUE
Piauí,201904,Distribuicao_PIT_por_Sexo,Sexo_pitMasculino,4093,4105,4,0.4862772697794866,0.003990202516244251,0.8205611827288778,0.8,0.020561182728877747,TRUE
Piauí,202001,Distribuicao_PIT_por_Sexo,Sexo_pitMasculino,4093,4105,4,0.48137369337615565,0.005727377084839874,1.1897985211178501,1.2,-0.01020147888214984,TRUE
Piauí,202002,Distribuicao_PIT_por_Sexo,Sexo_pitMasculino,4093,4105,4,0.48466840325447896,0.005705041708925358,1.1771020496935265,NA,NA,NA
Piauí,202003,Distribuicao_PIT_por_Sexo,Sexo_pitMasculino,4093,4105,4,0.4880374077772764,0.006070466229321235,1.2438526499369469,NA,NA,NA
Piauí,202004,Distribuicao_PIT_por_Sexo,Sexo_pitMasculino,4093,4105,4,0.4808555674128194,0.007482813150640427,1.5561456823512987,NA,NA,NA
Piauí,202101,Distribuicao_PIT_por_Sexo,Sexo_pitMasculino,4093,4105,4,0.4872684247671682,0.006851902073848987,1.4061863493664781,NA,NA,NA
Piauí,202102,Distribuicao_PIT_por_Sexo,Sexo_pitMasculino,4093,4105,4,0.4838282156364183,0.00648927704889741,1.3412357607878533,NA,NA,NA
Piauí,202103,Distribuicao_PIT_por_Sexo,Sexo_pitMasculino,4093,4105,4,0.49256776346185277,0.005841821057282807,1.1859933780939016,NA,NA,NA
Piauí,202104,Distribuicao_PIT_por_Sexo,Sexo_pitMasculino,4093,4105,4,0.4873382936229473,0.004856443447368094,0.9965240800727051,NA,NA,NA
Piauí,202201,Distribuicao_PIT_por_Sexo,Sexo_pitMasculino,4093,4105,4,0.48173691791697165,0.004732124416418817,0.9823047062451644,NA,NA,NA
Piauí,202202,Distribuicao_PIT_por_Sexo,Sexo_pitMasculino,4093,4105,4,0.48716666224072924,0.0049033009064528505,1.0064935239821329,1,0.006493523982132876,TRUE
Piauí,202203,Distribuicao_PIT_por_Sexo,Sexo_pitMasculino,4093,4105,4,0.4836685345756845,0.004020069156129265,0.8311620187689105,0.8,0.03116201876891045,TRUE
Piauí,202204,Distribuicao_PIT_por_Sexo,Sexo_pitMasculino,4093,4105,4,0.4861126591776783,0.0048299066026095,0.9935776226811094,1,-0.006422377318890615,TRUE
Piauí,202301,Distribuicao_PIT_por_Sexo,Sexo_pitMasculino,4093,4105,4,0.4882295756337316,0.003965826904134835,0.8122873136038745,0.8,0.012287313603874472,TRUE
Piauí,202302,Distribuicao_PIT_por_Sexo,Sexo_pitMasculino,4093,4105,4,0.4875887028238171,0.004354359589663036,0.8930394745500121,0.9,-0.006960525449987931,TRUE
Piauí,202303,Distribuicao_PIT_por_Sexo,Sexo_pitMasculino,4093,4105,4,0.4845406380759033,0.0042159421703402465,0.8700905226611394,0.9,-0.029909477338860624,TRUE
Piauí,202304,Distribuicao_PIT_por_Sexo,Sexo_pitMasculino,4093,4105,4,0.4850447579697764,0.004772757288084813,0.983982861305803,1,-0.016017138694196964,TRUE
Piauí,202401,Distribuicao_PIT_por_Sexo,Sexo_pitMasculino,4093,4105,4,0.48525411657338546,0.003967396946082204,0.817591610370648,0.8,0.017591610370647937,TRUE
Piauí,202402,Distribuicao_PIT_por_Sexo,Sexo_pitMasculino,4093,4105,4,0.482212470879379,0.003747492551591582,0.777145506991457,0.8,-0.02285449300854303,TRUE
Piauí,202403,Distribuicao_PIT_por_Sexo,Sexo_pitMasculino,4093,4105,4,0.4819211382641373,0.0042751818005007085,0.8871123221321564,0.9,-0.012887677867843617,TRUE
Piauí,202404,Distribuicao_PIT_por_Sexo,Sexo_pitMasculino,4093,4105,4,0.483356332987286,0.004335278075755364,0.8969114046695231,0.9,-0.0030885953304768954,TRUE
Piauí,202501,Distribuicao_PIT_por_Sexo,Sexo_pitMasculino,4093,4105,4,0.4847698475019814,0.0041444367401827055,0.854928738150482,0.9,-0.04507126184951804,TRUE
Piauí,202502,Distribuicao_PIT_por_Sexo,Sexo_pitMasculino,4093,4105,4,0.4838800277188154,0.004457457930416868,0.9211907239550533,0.9,0.02119072395505328,TRUE
Piauí,202503,Distribuicao_PIT_por_Sexo,Sexo_pitMasculino,4093,4105,4,0.4859159085470762,0.004287097031903568,0.8822713882165947,0.9,-0.017728611783405346,TRUE
Piauí,202504,Distribuicao_PIT_por_Sexo,Sexo_pitMasculino,4093,4105,4,0.4898414579550796,0.003910530750302426,0.7983258025214021,0.8,-0.001674197478597983,TRUE
Piauí,202601,Distribuicao_PIT_por_Sexo,Sexo_pitMasculino,4093,4105,4,0.48644928844350777,0.0035447317974284594,0.7286950318645836,0.7,0.028695031864583664,TRUE
Piauí,202602,Distribuicao_PIT_por_Sexo,Sexo_pitMasculino,4093,4105,4,0.4780267760578812,0.00363200648039907,0.7597914305869957,0.8,-0.040208569413004325,TRUE
Piauí,201602,Empregados_Setor_Privado,emp_privado,4097,4091,31721,492378.47676705,14915.0317075311,3.029180277225557,3,0.02918027722555694,TRUE
Piauí,201603,Empregados_Setor_Privado,emp_privado,4097,4091,31721,483374.20139407,15691.350842940126,3.2462118991219766,3.2,0.04621189912197643,TRUE
Piauí,201604,Empregados_Setor_Privado,emp_privado,4097,4091,31721,472218.37260548,14968.769141022587,3.169882835865094,3.2,-0.030117164134906282,TRUE
Piauí,201701,Empregados_Setor_Privado,emp_privado,4097,4091,31721,463522.09440411,14142.677821894968,3.051133482660922,3,0.05113348266092199,FALSE
Piauí,201702,Empregados_Setor_Privado,emp_privado,4097,4091,31721,440084.55579987,12213.736107449391,2.775315776589904,2.8,-0.024684223410095907,TRUE
Piauí,201703,Empregados_Setor_Privado,emp_privado,4097,4091,31721,473862.85658743,13390.624360915821,2.825843843796857,2.8,0.025843843796857335,TRUE
Piauí,201704,Empregados_Setor_Privado,emp_privado,4097,4091,31721,454895.05051925,14123.872661722717,3.104864000081054,3.1,0.00486400008105381,TRUE
Piauí,201801,Empregados_Setor_Privado,emp_privado,4097,4091,31721,449940.99984769,11203.3413957786,2.4899578832715967,2.5,-0.010042116728403272,TRUE
Piauí,201802,Empregados_Setor_Privado,emp_privado,4097,4091,31721,440481.55044107,12102.77554784473,2.7476237167540356,2.7,0.04762371675403543,TRUE
Piauí,201803,Empregados_Setor_Privado,emp_privado,4097,4091,31721,456302.52116917,11780.48450376751,2.5817268056250784,2.6,-0.018273194374921697,TRUE
Piauí,201804,Empregados_Setor_Privado,emp_privado,4097,4091,31721,485668.58354718,14100.044155452611,2.903223439422425,2.9,0.0032234394224248675,TRUE
Piauí,201901,Empregados_Setor_Privado,emp_privado,4097,4091,31721,458131.19778186,13856.087133656358,3.0244801490803424,3,0.02448014908034235,TRUE
Piauí,201902,Empregados_Setor_Privado,emp_privado,4097,4091,31721,448536.76988379,16561.715546163574,3.6923874826258944,3.7,-0.007612517374105732,TRUE
Piauí,201903,Empregados_Setor_Privado,emp_privado,4097,4091,31721,485418.61028132,16433.086915990134,3.3853434062749437,3.4,-0.014656593725056233,TRUE
Piauí,201904,Empregados_Setor_Privado,emp_privado,4097,4091,31721,461664.41785585,15761.164699882536,3.413987322887812,3.4,0.013987322887812237,TRUE
Piauí,202001,Empregados_Setor_Privado,emp_privado,4097,4091,31721,428165.59133017,22745.4468257098,5.312301428764315,5.3,0.012301428764315503,TRUE
Piauí,202002,Empregados_Setor_Privado,emp_privado,4097,4091,31721,388586.66700129,20066.807523552514,5.164049420019317,5.2,-0.03595057998068274,TRUE
Piauí,202003,Empregados_Setor_Privado,emp_privado,4097,4091,31721,425289.19746695,20732.11199287554,4.874826851083296,4.9,-0.025173148916704413,TRUE
Piauí,202004,Empregados_Setor_Privado,emp_privado,4097,4091,31721,446443.80070399,21052.355348541907,4.715566733224829,4.7,0.015566733224829044,TRUE
Piauí,202101,Empregados_Setor_Privado,emp_privado,4097,4091,31721,439801.62600427,23003.468579082,5.230419175134806,5.2,0.03041917513480552,TRUE
Piauí,202102,Empregados_Setor_Privado,emp_privado,4097,4091,31721,438561.36946318,16973.160835323593,3.870190586120148,3.9,-0.02980941387985192,TRUE
Piauí,202103,Empregados_Setor_Privado,emp_privado,4097,4091,31721,469466.33914022,16289.12079727635,3.4697100599604696,3.5,-0.03028994003953045,TRUE
Piauí,202104,Empregados_Setor_Privado,emp_privado,4097,4091,31721,473545.23486198,17685.636737193276,3.734730166242292,3.7,0.03473016624229164,TRUE
Piauí,202201,Empregados_Setor_Privado,emp_privado,4097,4091,31721,477981.72410172,14474.507641209702,3.028255456505563,3,0.028255456505562826,TRUE
Piauí,202202,Empregados_Setor_Privado,emp_privado,4097,4091,31721,504231.47442251,14620.263802215328,2.8995143190852444,2.9,-4.8568091475553743e-4,TRUE
Piauí,202203,Empregados_Setor_Privado,emp_privado,4097,4091,31721,505514.12818985,19129.01675252391,3.7840716383182564,3.8,-0.015928361681743386,TRUE
Piauí,202204,Empregados_Setor_Privado,emp_privado,4097,4091,31721,507684.81340528,16534.259176542433,3.2567960947343306,3.2,0.05679609473433045,FALSE
Piauí,202301,Empregados_Setor_Privado,emp_privado,4097,4091,31721,504030.75739023,17182.75318623032,3.4090683820961964,3.4,0.009068382096196537,TRUE
Piauí,202302,Empregados_Setor_Privado,emp_privado,4097,4091,31721,484037.91787585,15774.302474453034,3.258898092876054,3.3,-0.04110190712394601,TRUE
Piauí,202303,Empregados_Setor_Privado,emp_privado,4097,4091,31721,523041.41374712,15976.192790938983,3.054479506026869,3,0.05447950602686902,FALSE
Piauí,202304,Empregados_Setor_Privado,emp_privado,4097,4091,31721,523342.92391239,16529.931233191684,3.1585277029481476,3.2,-0.041472297051852625,TRUE
Piauí,202401,Empregados_Setor_Privado,emp_privado,4097,4091,31721,528460.12223678,15356.853369666385,2.9059625738014807,2.9,0.005962573801480797,TRUE
Piauí,202402,Empregados_Setor_Privado,emp_privado,4097,4091,31721,535284.76452976,16750.13365093922,3.1292005229504287,3.1,0.02920052295042863,TRUE
Piauí,202403,Empregados_Setor_Privado,emp_privado,4097,4091,31721,541734.59305387,17554.3265377306,3.2403923919226254,3.2,0.040392391922625226,TRUE
Piauí,202404,Empregados_Setor_Privado,emp_privado,4097,4091,31721,534238.89486066,16552.996501281574,3.0984259402526133,3.1,-0.0015740597473867801,TRUE
Piauí,202501,Empregados_Setor_Privado,emp_privado,4097,4091,31721,516721.40463155,15570.735727604646,3.013371536003509,3,0.013371536003508933,TRUE
Piauí,202502,Empregados_Setor_Privado,emp_privado,4097,4091,31721,520503.41445567,14126.968240290902,2.7140971313443827,2.7,0.014097131344382507,TRUE
Piauí,202503,Empregados_Setor_Privado,emp_privado,4097,4091,31721,531733.09973499,16157.804066583914,3.0387057105598254,3,0.03870571055982541,TRUE
Piauí,202504,Empregados_Setor_Privado,emp_privado,4097,4091,31721,562273.94211072,16014.28548330187,2.8481286938508745,2.8,0.048128693850874704,TRUE
Piauí,202601,Empregados_Setor_Privado,emp_privado,4097,4091,31721,541687.93034985,14849.73703008315,2.7413822974590603,2.7,0.04138229745906008,TRUE
Piauí,202602,Empregados_Setor_Privado,emp_privado,4097,4091,31721,540535.79583578,14835.844925168672,2.744655402928384,2.7,0.04465540292838366,TRUE
Piauí,201602,Empregados_Setor_Publico,emp_publico,4097,4091,31727,194422.48311431,10645.211966381721,5.475298841915781,5.5,-0.02470115808421891,TRUE
Piauí,201603,Empregados_Setor_Publico,emp_publico,4097,4091,31727,199320.62923546,12693.949963279552,6.36860821279268,6.4,-0.03139178720731994,TRUE
Piauí,201604,Empregados_Setor_Publico,emp_publico,4097,4091,31727,195848.87283544,11046.85670116001,5.640500525342322,5.6,0.04050052534232229,TRUE
Piauí,201701,Empregados_Setor_Publico,emp_publico,4097,4091,31727,187693.94831104,10393.373585171603,5.537404737177812,5.5,0.037404737177811676,TRUE
Piauí,201702,Empregados_Setor_Publico,emp_publico,4097,4091,31727,212847.54897807,9807.095174919965,4.607567821196947,4.6,0.007567821196947655,TRUE
Piauí,201703,Empregados_Setor_Publico,emp_publico,4097,4091,31727,207862.68029122,9550.545696751378,4.594641848825804,4.6,-0.005358151174196024,TRUE
Piauí,201704,Empregados_Setor_Publico,emp_publico,4097,4091,31727,206258.50860122,9848.35545278092,4.77476324228724,4.8,-0.025236757712759683,TRUE
Piauí,201801,Empregados_Setor_Publico,emp_publico,4097,4091,31727,193241.26888484,10806.438806634751,5.592200293962429,5.6,-0.007799706037570964,TRUE
Piauí,201802,Empregados_Setor_Publico,emp_publico,4097,4091,31727,198517.23677098,10441.092535051812,5.259539526583885,5.2,0.05953952658388495,FALSE
Piauí,201803,Empregados_Setor_Publico,emp_publico,4097,4091,31727,202355.44199985,11299.77195000532,5.584120613871949,5.6,-0.0158793861280504,TRUE
Piauí,201804,Empregados_Setor_Publico,emp_publico,4097,4091,31727,198226.95793502,10628.123346906857,5.361593325964686,5.3,0.061593325964686585,FALSE
Piauí,201901,Empregados_Setor_Publico,emp_publico,4097,4091,31727,201502.7067206,12684.750890435287,6.295077171357174,6.3,-0.004922828642826005,TRUE
Piauí,201902,Empregados_Setor_Publico,emp_publico,4097,4091,31727,219873.47260745,12034.773005273912,5.4734993096507525,5.5,-0.026500690349247513,TRUE
Piauí,201903,Empregados_Setor_Publico,emp_publico,4097,4091,31727,212943.16546748,14272.287557775786,6.70239287860845,6.7,0.0023928786084495,TRUE
Piauí,201904,Empregados_Setor_Publico,emp_publico,4097,4091,31727,207579.82473961,13518.810328176427,6.512583939761267,6.5,0.01258393976126726,TRUE
Piauí,202001,Empregados_Setor_Publico,emp_publico,4097,4091,31727,186110.22699848,14676.25587451007,7.885786886192951,7.9,-0.014213113807048927,TRUE
Piauí,202002,Empregados_Setor_Publico,emp_publico,4097,4091,31727,191108.88976082,15526.758091596837,8.124560877847788,8.1,0.024560877847788376,TRUE
Piauí,202003,Empregados_Setor_Publico,emp_publico,4097,4091,31727,190742.27180469,16021.036457449436,8.399310916173908,8.4,-6.890838260922294e-4,TRUE
Piauí,202004,Empregados_Setor_Publico,emp_publico,4097,4091,31727,191643.6158374,17837.29812800807,9.307535787230254,9.3,0.007535787230253277,TRUE
Piauí,202101,Empregados_Setor_Publico,emp_publico,4097,4091,31727,209993.44245714,17187.27730848238,8.1846733437832615,8.2,-0.015326656216737788,TRUE
Piauí,202102,Empregados_Setor_Publico,emp_publico,4097,4091,31727,206804.05563198,14008.37201832035,6.773741441149042,6.8,-0.026258558850957847,TRUE
Piauí,202103,Empregados_Setor_Publico,emp_publico,4097,4091,31727,211302.59985993,13960.248660467847,6.606756693822949,6.6,0.006756693822949522,TRUE
Piauí,202104,Empregados_Setor_Publico,emp_publico,4097,4091,31727,232784.07279874998,15905.447891299798,6.832704531744583,6.8,0.03270453174458332,TRUE
Piauí,202201,Empregados_Setor_Publico,emp_publico,4097,4091,31727,219051.8691992,14956.67808411903,6.827916209433401,6.8,0.027916209433401562,TRUE
Piauí,202202,Empregados_Setor_Publico,emp_publico,4097,4091,31727,246616.0593892,18477.300930097288,7.4923348365311115,7.5,-0.0076651634688884585,TRUE
Piauí,202203,Empregados_Setor_Publico,emp_publico,4097,4091,31727,263156.23938444,16843.793826237834,6.4006819164302815,6.4,6.819164302811487e-4,TRUE
Piauí,202204,Empregados_Setor_Publico,emp_publico,4097,4091,31727,235212.73815194,12264.195168239232,5.214086305273548,5.2,0.014086305273547595,TRUE
Piauí,202301,Empregados_Setor_Publico,emp_publico,4097,4091,31727,237672.49484232,15950.663021915878,6.711194340135188,6.7,0.011194340135188163,TRUE
Piauí,202302,Empregados_Setor_Publico,emp_publico,4097,4091,31727,241501.75984962,14707.855312902408,6.090164859279203,6.1,-0.009835140720796609,TRUE
Piauí,202303,Empregados_Setor_Publico,emp_publico,4097,4091,31727,230268.31737092,12993.817619132047,5.642902926242082,5.6,0.04290292624208192,TRUE
Piauí,202304,Empregados_Setor_Publico,emp_publico,4097,4091,31727,226019.75532004,12860.162814830506,5.68984016314005,5.7,-0.010159836859950033,TRUE
Piauí,202401,Empregados_Setor_Publico,emp_publico,4097,4091,31727,231013.11245215998,15447.735791478433,6.68695193424463,6.7,-0.01304806575537043,TRUE
Piauí,202402,Empregados_Setor_Publico,emp_publico,4097,4091,31727,242034.98225798,14829.308676164479,6.126927825812481,6.1,0.02692782581248121,TRUE
Piauí,202403,Empregados_Setor_Publico,emp_publico,4097,4091,31727,255228.09101986,13927.36937630564,5.456832482918941,5.4,0.056832482918940386,FALSE
Piauí,202404,Empregados_Setor_Publico,emp_publico,4097,4091,31727,247280.6209204,15381.275941707881,6.22017038151127,6.2,0.02017038151126993,TRUE
Piauí,202501,Empregados_Setor_Publico,emp_publico,4097,4091,31727,228952.5304423,13180.473014425355,5.756858414695296,5.7,0.056858414695295956,FALSE
Piauí,202502,Empregados_Setor_Publico,emp_publico,4097,4091,31727,261632.58137121,15536.744854608989,5.9383830458658045,5.9,0.0383830458658041,TRUE
Piauí,202503,Empregados_Setor_Publico,emp_publico,4097,4091,31727,266349.98469383,16128.94176558958,6.055544468729682,6,0.055544468729681995,FALSE
Piauí,202504,Empregados_Setor_Publico,emp_publico,4097,4091,31727,249008.1644011,15521.152080254324,6.233190031172231,6.2,0.033190031172230405,TRUE
Piauí,202601,Empregados_Setor_Publico,emp_publico,4097,4091,31727,258950.89833463,12766.484360369956,4.9300791935745405,4.9,0.030079193574540142,TRUE
Piauí,202602,Empregados_Setor_Publico,emp_publico,4097,4091,31727,272653.0166432,14563.412754465795,5.341372317741055,5.3,0.041372317741054765,TRUE
Piauí,201602,Nivel_Ocupacao,ocup/pit,4093,4101,6794,0.5160294171788358,0.00745726700121774,1.4451243965871312,1.4,0.0451243965871313,TRUE
Piauí,201603,Nivel_Ocupacao,ocup/pit,4093,4101,6794,0.5116847894960818,0.007277581582352005,1.4222782720430531,1.4,0.022278272043053216,TRUE
Piauí,201604,Nivel_Ocupacao,ocup/pit,4093,4101,6794,0.5031583398039754,0.007188410537059337,1.4286577342352824,1.4,0.028657734235282506,TRUE
Piauí,201701,Nivel_Ocupacao,ocup/pit,4093,4101,6794,0.4842830205955505,0.00691813281902174,1.4285309467414562,1.4,0.028530946741456287,TRUE
Piauí,201702,Nivel_Ocupacao,ocup/pit,4093,4101,6794,0.48890018195761903,0.007158521862459784,1.4642092857883884,1.5,-0.03579071421161162,TRUE
Piauí,201703,Nivel_Ocupacao,ocup/pit,4093,4101,6794,0.49962767186255824,0.007666865926038966,1.5345158720808465,1.5,0.0345158720808465,TRUE
Piauí,201704,Nivel_Ocupacao,ocup/pit,4093,4101,6794,0.4892040938264223,0.007594478145804915,1.552415084347099,1.5,0.05241508434709896,FALSE
Piauí,201801,Nivel_Ocupacao,ocup/pit,4093,4101,6794,0.47577199050144514,0.007399184910432115,1.5551955680774026,1.6,-0.04480443192259753,TRUE
Piauí,201802,Nivel_Ocupacao,ocup/pit,4093,4101,6794,0.4841973078058084,0.007751621594482819,1.6009220765002015,1.6,9.220765002013742e-4,TRUE
Piauí,201803,Nivel_Ocupacao,ocup/pit,4093,4101,6794,0.4985646876202498,0.0070966100609084325,1.4234080826666624,1.4,0.0234080826666625,TRUE
Piauí,201804,Nivel_Ocupacao,ocup/pit,4093,4101,6794,0.49846694418641396,0.0066396277445609385,1.332009639154304,1.3,0.03200963915430388,TRUE
Piauí,201901,Nivel_Ocupacao,ocup/pit,4093,4101,6794,0.49259555695760604,0.008419767159918351,1.709265753820629,1.7,0.009265753820629108,TRUE
Piauí,201902,Nivel_Ocupacao,ocup/pit,4093,4101,6794,0.49830768714218326,0.008815315951494724,1.7690507650104603,1.8,-0.03094923498953972,TRUE
Piauí,201903,Nivel_Ocupacao,ocup/pit,4093,4101,6794,0.517159006035058,0.007610553954888825,1.471608125562239,1.5,-0.028391874437760922,TRUE
Piauí,201904,Nivel_Ocupacao,ocup/pit,4093,4101,6794,0.5014166790019179,0.008918605489813769,1.7786814566213613,1.8,-0.0213185433786387,TRUE
Piauí,202001,Nivel_Ocupacao,ocup/pit,4093,4101,6794,0.480326694920135,0.010315471904628627,2.147594962704249,2.1,0.0475949627042489,TRUE
Piauí,202002,Nivel_Ocupacao,ocup/pit,4093,4101,6794,0.40487226838743773,0.010886921306753424,2.6889767852253375,NA,NA,NA
Piauí,202003,Nivel_Ocupacao,ocup/pit,4093,4101,6794,0.4359810684137388,0.009843147082379688,2.2577005736035094,NA,NA,NA
Piauí,202004,Nivel_Ocupacao,ocup/pit,4093,4101,6794,0.46691409114746163,0.011643284175660658,2.4936673354720953,NA,NA,NA
Piauí,202101,Nivel_Ocupacao,ocup/pit,4093,4101,6794,0.4518842569162075,0.010771194510308654,2.3836180051534632,NA,NA,NA
Piauí,202102,Nivel_Ocupacao,ocup/pit,4093,4101,6794,0.4622856796375379,0.008947887119880343,1.9355752328075726,NA,NA,NA
Piauí,202103,Nivel_Ocupacao,ocup/pit,4093,4101,6794,0.48406390316264264,0.008306386863173877,1.7159690712122733,NA,NA,NA
Piauí,202104,Nivel_Ocupacao,ocup/pit,4093,4101,6794,0.48787789597865366,0.008575782219225028,1.7577722397163589,NA,NA,NA
Piauí,202201,Nivel_Ocupacao,ocup/pit,4093,4101,6794,0.4846187458179471,0.009565185855043179,1.9737548201728987,NA,NA,NA
Piauí,202202,Nivel_Ocupacao,ocup/pit,4093,4101,6794,0.4923237170248414,0.00858920030580145,1.7446245242270262,1.7,0.04462452422702623,TRUE
Piauí,202203,Nivel_Ocupacao,ocup/pit,4093,4101,6794,0.4953865248090107,0.008061189146286209,1.6272524064707021,1.6,0.02725240647070204,TRUE
Piauí,202204,Nivel_Ocupacao,ocup/pit,4093,4101,6794,0.4866036754833234,0.009230002268333181,1.8968213216156662,1.9,-0.003178678384333722,TRUE
Piauí,202301,Nivel_Ocupacao,ocup/pit,4093,4101,6794,0.4736117130025438,0.009153354677271157,1.9326706721930234,1.9,0.03267067219302344,TRUE
Piauí,202302,Nivel_Ocupacao,ocup/pit,4093,4101,6794,0.4686224569077055,0.008949592220460816,1.9097659722746545,1.9,0.009765972274654589,TRUE
Piauí,202303,Nivel_Ocupacao,ocup/pit,4093,4101,6794,0.4891788718310683,0.008378250056109902,1.7127170731534014,1.7,0.012717073153401426,TRUE
Piauí,202304,Nivel_Ocupacao,ocup/pit,4093,4101,6794,0.4656497290672507,0.007087906981581475,1.5221542157405217,1.5,0.022154215740521677,TRUE
Piauí,202401,Nivel_Ocupacao,ocup/pit,4093,4101,6794,0.4816709724978202,0.008172302937083905,1.696656722887923,1.7,-0.0033432771120769367,TRUE
Piauí,202402,Nivel_Ocupacao,ocup/pit,4093,4101,6794,0.49597890785295434,0.008465441569558363,1.7068148333574218,1.7,0.0068148333574218345,TRUE
Piauí,202403,Nivel_Ocupacao,ocup/pit,4093,4101,6794,0.5031976224219359,0.007545389697048834,1.4994883443073892,1.5,-5.116556926108018e-4,TRUE
Piauí,202404,Nivel_Ocupacao,ocup/pit,4093,4101,6794,0.506241988971268,0.008810763517778234,1.7404252728388936,1.7,0.04042527283889363,TRUE
Piauí,202501,Nivel_Ocupacao,ocup/pit,4093,4101,6794,0.48489117174941926,0.008048811351086973,1.6599211988224063,1.7,-0.04007880117759366,TRUE
Piauí,202502,Nivel_Ocupacao,ocup/pit,4093,4101,6794,0.4897805584933285,0.008525164059638124,1.7406089138906171,1.7,0.04060891389061716,TRUE
Piauí,202503,Nivel_Ocupacao,ocup/pit,4093,4101,6794,0.506401452839772,0.007485989409845676,1.478271708713735,1.5,-0.021728291286265078,TRUE
Piauí,202504,Nivel_Ocupacao,ocup/pit,4093,4101,6794,0.49056882022769216,0.007793561204858352,1.5886784653865802,1.6,-0.011321534613419892,TRUE
Piauí,202601,Nivel_Ocupacao,ocup/pit,4093,4101,6794,0.48727267080167697,0.0066069329647304095,1.355900579004455,1.4,-0.04409942099554498,TRUE
Piauí,202602,Nivel_Ocupacao,ocup/pit,4093,4101,6794,0.4849019312690736,0.008294198276342401,1.7104898416541725,1.7,0.01048984165417255,TRUE
Piauí,201602,Ocupados_Agropecuaria,ocup_agro,5434,4091,47947,257562.36161303,12504.657989248235,4.855002070541517,4.8,0.05500207054151751,FALSE
Piauí,201603,Ocupados_Agropecuaria,ocup_agro,5434,4091,47947,244445.21772919,13412.106536382333,5.486753498790478,5.5,-0.013246501209522421,TRUE
Piauí,201604,Ocupados_Agropecuaria,ocup_agro,5434,4091,47947,261455.67319048,16378.83269691352,6.2644778355912525,6.2,0.06447783559125231,FALSE
Piauí,201701,Ocupados_Agropecuaria,ocup_agro,5434,4091,47947,242735.61700668,13245.903800390603,5.456926331509925,5.4,0.05692633150992421,FALSE
Piauí,201702,Ocupados_Agropecuaria,ocup_agro,5434,4091,47947,229516.97096549,14531.506286625034,6.331342830770444,6.3,0.031342830770443975,TRUE
Piauí,201703,Ocupados_Agropecuaria,ocup_agro,5434,4091,47947,239728.30757472,15007.778474449313,6.260328046478865,6.2,0.06032804647886447,FALSE
Piauí,201704,Ocupados_Agropecuaria,ocup_agro,5434,4091,47947,227687.20261897,13224.192193948782,5.808052469281378,5.8,0.008052469281378372,TRUE
Piauí,201801,Ocupados_Agropecuaria,ocup_agro,5434,4091,47947,223358.24542291,13700.477521504336,6.133857962379512,6.1,0.03385796237951233,TRUE
Piauí,201802,Ocupados_Agropecuaria,ocup_agro,5434,4091,47947,223687.88620147,13040.595222949712,5.829817360428887,5.8,0.029817360428887163,TRUE
Piauí,201803,Ocupados_Agropecuaria,ocup_agro,5434,4091,47947,254948.40280316,13456.884790083077,5.27827773860299,5.3,-0.02172226139700939,TRUE
Piauí,201804,Ocupados_Agropecuaria,ocup_agro,5434,4091,47947,241461.43180767001,14239.348099999706,5.8971521842634065,5.9,-0.0028478157365938728,TRUE
Piauí,201901,Ocupados_Agropecuaria,ocup_agro,5434,4091,47947,265957.56349983,14878.11391431243,5.5941683772877315,5.6,-0.005831622712268114,TRUE
Piauí,201902,Ocupados_Agropecuaria,ocup_agro,5434,4091,47947,237896.05068791,14798.211560115664,6.220452805889188,6.2,0.020452805889187964,TRUE
Piauí,201903,Ocupados_Agropecuaria,ocup_agro,5434,4091,47947,254177.25006965,14736.90864984157,5.79788657159653,5.8,-0.0021134284034696194,TRUE
Piauí,201904,Ocupados_Agropecuaria,ocup_agro,5434,4091,47947,222139.11659703,14443.484435273647,6.5019995832047695,6.5,0.0019995832047694506,TRUE
Piauí,202001,Ocupados_Agropecuaria,ocup_agro,5434,4091,47947,203277.62301418,13702.63996036787,6.740850152213762,6.7,0.040850152213761426,TRUE
Piauí,202002,Ocupados_Agropecuaria,ocup_agro,5434,4091,47947,169299.81115177,12306.173844324654,7.268864484020421,7.3,-0.031135515979578976,TRUE
Piauí,202003,Ocupados_Agropecuaria,ocup_agro,5434,4091,47947,185329.16633488,11716.20436728609,6.321835142837435,6.3,0.021835142837435484,TRUE
Piauí,202004,Ocupados_Agropecuaria,ocup_agro,5434,4091,47947,201380.1059174,15509.435888488104,7.701573011809619,7.7,0.001573011809618663,TRUE
Piauí,202101,Ocupados_Agropecuaria,ocup_agro,5434,4091,47947,221515.75345105,18203.063809931125,8.217503056257167,8.2,0.017503056257167415,TRUE
Piauí,202102,Ocupados_Agropecuaria,ocup_agro,5434,4091,47947,242435.50394615,15587.961981578155,6.42973563189019,6.4,0.029735631890189573,TRUE
Piauí,202103,Ocupados_Agropecuaria,ocup_agro,5434,4091,47947,235994.14797419,16508.693210720714,6.995382450130171,7,-0.004617549869829318,TRUE
Piauí,202104,Ocupados_Agropecuaria,ocup_agro,5434,4091,47947,208378.0314065,11917.630414988265,5.7192355329144915,5.7,0.019235532914491316,TRUE
Piauí,202201,Ocupados_Agropecuaria,ocup_agro,5434,4091,47947,206405.86086555,12557.074910358935,6.083681373049017,6.1,-0.01631862695098274,TRUE
Piauí,202202,Ocupados_Agropecuaria,ocup_agro,5434,4091,47947,167931.45121547,10825.094212425245,6.446138667935257,6.4,0.04613866793525645,TRUE
Piauí,202203,Ocupados_Agropecuaria,ocup_agro,5434,4091,47947,156782.09540782,12414.590806057444,7.918372805111921,7.9,0.01837280511192052,TRUE
Piauí,202204,Ocupados_Agropecuaria,ocup_agro,5434,4091,47947,163469.96161392,14132.723304526,8.645455816466377,8.6,0.04545581646637764,TRUE
Piauí,202301,Ocupados_Agropecuaria,ocup_agro,5434,4091,47947,148155.02006332,10571.646474951674,7.135530385965629,7.1,0.03553038596562974,TRUE
Piauí,202302,Ocupados_Agropecuaria,ocup_agro,5434,4091,47947,136132.0963327,11195.82013727063,8.224232520381241,8.2,0.024232520381241685,TRUE
Piauí,202303,Ocupados_Agropecuaria,ocup_agro,5434,4091,47947,177351.1644174,13312.738386749454,7.506428520208427,7.5,0.006428520208427102,TRUE
Piauí,202304,Ocupados_Agropecuaria,ocup_agro,5434,4091,47947,151939.23368784,11233.86440410473,7.393656089634338,7.4,-0.006343910365662175,TRUE
Piauí,202401,Ocupados_Agropecuaria,ocup_agro,5434,4091,47947,169330.18153063,10823.313937373508,6.3918398005235035,6.4,-0.008160199476496821,TRUE
Piauí,202402,Ocupados_Agropecuaria,ocup_agro,5434,4091,47947,172452.23738154,11249.12749703704,6.523039461731676,6.5,0.023039461731675814,TRUE
Piauí,202403,Ocupados_Agropecuaria,ocup_agro,5434,4091,47947,177663.48409371,14448.547992761185,8.132536669797709,8.1,0.032536669797709195,TRUE
Piauí,202404,Ocupados_Agropecuaria,ocup_agro,5434,4091,47947,166433.78629524,14303.163309822816,8.59390609815856,8.6,-0.006093901841438765,TRUE
Piauí,202501,Ocupados_Agropecuaria,ocup_agro,5434,4091,47947,158673.53017409,11099.08912716323,6.994921657686554,7,-0.005078342313446171,TRUE
Piauí,202502,Ocupados_Agropecuaria,ocup_agro,5434,4091,47947,144837.00325459,10950.8947959481,7.560840496471027,7.5,0.06084049647102674,FALSE
Piauí,202503,Ocupados_Agropecuaria,ocup_agro,5434,4091,47947,174881.86160725,11264.683489917146,6.441310371692745,6.4,0.04131037169274432,TRUE
Piauí,202504,Ocupados_Agropecuaria,ocup_agro,5434,4091,47947,160552.30547285,11758.740470204048,7.323931248182851,7.3,0.023931248182851306,TRUE
Piauí,202601,Ocupados_Agropecuaria,ocup_agro,5434,4091,47947,162087.19573961,12202.142854802449,7.528134964099791,7.5,0.02813496409979077,TRUE
Piauí,202602,Ocupados_Agropecuaria,ocup_agro,5434,4091,47947,143448.49964311,8899.831048811975,6.204199465978482,6.2,0.00419946597848142,TRUE
Piauí,201602,PIT_por_Faixa_Etaria_SIDRA,Faixa_Etaria_sidra14 a 17 anos,4094,4087,114535,224046.51203426,7920.414890749719,3.5351654524032807,3.5,0.03516545240328073,TRUE
Piauí,201603,PIT_por_Faixa_Etaria_SIDRA,Faixa_Etaria_sidra14 a 17 anos,4094,4087,114535,237462.8062616,13093.691627656995,5.513996837564692,5.5,0.013996837564691944,TRUE
Piauí,201604,PIT_por_Faixa_Etaria_SIDRA,Faixa_Etaria_sidra14 a 17 anos,4094,4087,114535,235547.31901375,12505.868448953192,5.309280742958983,5.3,0.009280742958982735,TRUE
Piauí,201701,PIT_por_Faixa_Etaria_SIDRA,Faixa_Etaria_sidra14 a 17 anos,4094,4087,114535,231522.79623708,11421.839407647347,4.9333541203222815,4.9,0.03335412032228113,TRUE
Piauí,201702,PIT_por_Faixa_Etaria_SIDRA,Faixa_Etaria_sidra14 a 17 anos,4094,4087,114535,234629.19824481,11807.230446188576,5.032293736037498,5,0.032293736037497744,TRUE
Piauí,201703,PIT_por_Faixa_Etaria_SIDRA,Faixa_Etaria_sidra14 a 17 anos,4094,4087,114535,231409.43867079,10378.672373927677,4.484982303894997,4.5,-0.015017696105003253,TRUE
Piauí,201704,PIT_por_Faixa_Etaria_SIDRA,Faixa_Etaria_sidra14 a 17 anos,4094,4087,114535,225158.33041041,9926.104078849208,4.408499592600586,4.4,0.00849959260058597,TRUE
Piauí,201801,PIT_por_Faixa_Etaria_SIDRA,Faixa_Etaria_sidra14 a 17 anos,4094,4087,114535,222880.08960783,8604.561660540116,3.860623744220636,3.9,-0.03937625577936377,TRUE
Piauí,201802,PIT_por_Faixa_Etaria_SIDRA,Faixa_Etaria_sidra14 a 17 anos,4094,4087,114535,230432.3186393,7924.593733491382,3.439011411370597,3.4,0.03901141137059705,TRUE
Piauí,201803,PIT_por_Faixa_Etaria_SIDRA,Faixa_Etaria_sidra14 a 17 anos,4094,4087,114535,217085.25107268,8178.776189260855,3.767541161293637,3.8,-0.03245883870636268,TRUE
Piauí,201804,PIT_por_Faixa_Etaria_SIDRA,Faixa_Etaria_sidra14 a 17 anos,4094,4087,114535,215649.02245421,8280.141269057844,3.8396377478669135,3.8,0.03963774786691365,TRUE
Piauí,201901,PIT_por_Faixa_Etaria_SIDRA,Faixa_Etaria_sidra14 a 17 anos,4094,4087,114535,212392.44418508,8968.176441088965,4.222455500005473,4.2,0.022455500005472473,TRUE
Piauí,201902,PIT_por_Faixa_Etaria_SIDRA,Faixa_Etaria_sidra14 a 17 anos,4094,4087,114535,199029.01843372,8172.720847746579,4.106296113030489,4.1,0.006296113030489714,TRUE
Piauí,201903,PIT_por_Faixa_Etaria_SIDRA,Faixa_Etaria_sidra14 a 17 anos,4094,4087,114535,210545.81757087,9459.151043382799,4.492680573053339,4.5,-0.00731942694666099,TRUE
Piauí,201904,PIT_por_Faixa_Etaria_SIDRA,Faixa_Etaria_sidra14 a 17 anos,4094,4087,114535,210630.47253794,10194.451210629315,4.8399697763546685,4.8,0.039969776354668696,TRUE
Piauí,202001,PIT_por_Faixa_Etaria_SIDRA,Faixa_Etaria_sidra14 a 17 anos,4094,4087,114535,209363.27459325,11624.890535381955,5.552497475006893,5.5,0.05249747500689317,FALSE
Piauí,202002,PIT_por_Faixa_Etaria_SIDRA,Faixa_Etaria_sidra14 a 17 anos,4094,4087,114535,210874.85902614,12079.363732502072,5.728214253840813,NA,NA,NA
Piauí,202003,PIT_por_Faixa_Etaria_SIDRA,Faixa_Etaria_sidra14 a 17 anos,4094,4087,114535,219593.8803813,10660.949840869873,4.85484833291271,NA,NA,NA
Piauí,202004,PIT_por_Faixa_Etaria_SIDRA,Faixa_Etaria_sidra14 a 17 anos,4094,4087,114535,221663.78492308,13374.441880914284,6.033661243109864,NA,NA,NA
Piauí,202101,PIT_por_Faixa_Etaria_SIDRA,Faixa_Etaria_sidra14 a 17 anos,4094,4087,114535,231011.62634008,13883.758937310506,6.009982768950233,NA,NA,NA
Piauí,202102,PIT_por_Faixa_Etaria_SIDRA,Faixa_Etaria_sidra14 a 17 anos,4094,4087,114535,217291.75589485,11629.739782882521,5.35213116346222,NA,NA,NA
Piauí,202103,PIT_por_Faixa_Etaria_SIDRA,Faixa_Etaria_sidra14 a 17 anos,4094,4087,114535,209466.31202244,10124.419257405634,4.833435581909234,NA,NA,NA
Piauí,202104,PIT_por_Faixa_Etaria_SIDRA,Faixa_Etaria_sidra14 a 17 anos,4094,4087,114535,219087.79104906,8054.281295384145,3.676280296961213,NA,NA,NA
Piauí,202201,PIT_por_Faixa_Etaria_SIDRA,Faixa_Etaria_sidra14 a 17 anos,4094,4087,114535,213408.02201051,8746.444450008761,4.098460951752794,NA,NA,NA
Piauí,202202,PIT_por_Faixa_Etaria_SIDRA,Faixa_Etaria_sidra14 a 17 anos,4094,4087,114535,218393.06042345,9676.89923587182,4.430955460356176,4.4,0.030955460356175912,TRUE
Piauí,202203,PIT_por_Faixa_Etaria_SIDRA,Faixa_Etaria_sidra14 a 17 anos,4094,4087,114535,215223.16334566,9598.911602032067,4.459980725501975,4.4,0.05998072550197442,FALSE
Piauí,202204,PIT_por_Faixa_Etaria_SIDRA,Faixa_Etaria_sidra14 a 17 anos,4094,4087,114535,219250.23172577,10150.725243939158,4.629744362886378,4.6,0.029744362886378717,TRUE
Piauí,202301,PIT_por_Faixa_Etaria_SIDRA,Faixa_Etaria_sidra14 a 17 anos,4094,4087,114535,217515.27004275,10368.20878754126,4.7666578928015095,4.8,-0.03334210719849029,TRUE
Piauí,202302,PIT_por_Faixa_Etaria_SIDRA,Faixa_Etaria_sidra14 a 17 anos,4094,4087,114535,215392.80786888,11031.431113979981,5.121541068676419,5.1,0.02154106867641925,TRUE
Piauí,202303,PIT_por_Faixa_Etaria_SIDRA,Faixa_Etaria_sidra14 a 17 anos,4094,4087,114535,203502.5858585,8693.383475950823,4.271878629589272,4.3,-0.028121370410727486,TRUE
Piauí,202304,PIT_por_Faixa_Etaria_SIDRA,Faixa_Etaria_sidra14 a 17 anos,4094,4087,114535,191584.11137389,8396.584839470415,4.382714609920801,4.4,-0.01728539007919938,TRUE
Piauí,202401,PIT_por_Faixa_Etaria_SIDRA,Faixa_Etaria_sidra14 a 17 anos,4094,4087,114535,199643.81252807,8903.408976154671,4.459646839745083,4.4,0.059646839745082225,FALSE
Piauí,202402,PIT_por_Faixa_Etaria_SIDRA,Faixa_Etaria_sidra14 a 17 anos,4094,4087,114535,202261.52251871,9092.164758075627,4.495251813025666,4.5,-0.00474818697433399,TRUE
Piauí,202403,PIT_por_Faixa_Etaria_SIDRA,Faixa_Etaria_sidra14 a 17 anos,4094,4087,114535,188692.18309348,8653.365840124641,4.585969433528509,4.6,-0.014030566471491035,TRUE
Piauí,202404,PIT_por_Faixa_Etaria_SIDRA,Faixa_Etaria_sidra14 a 17 anos,4094,4087,114535,203133.74572858,9788.737263156414,4.81886317216627,4.8,0.018863172166270203,TRUE
Piauí,202501,PIT_por_Faixa_Etaria_SIDRA,Faixa_Etaria_sidra14 a 17 anos,4094,4087,114535,203278.26482667,8222.462802986096,4.044929648527438,4,0.04492964852743775,TRUE
Piauí,202502,PIT_por_Faixa_Etaria_SIDRA,Faixa_Etaria_sidra14 a 17 anos,4094,4087,114535,194728.79282366,8787.34635436244,4.512607625683775,4.5,0.012607625683775048,TRUE
Piauí,202503,PIT_por_Faixa_Etaria_SIDRA,Faixa_Etaria_sidra14 a 17 anos,4094,4087,114535,203545.80019378001,10006.864616940615,4.916271722341539,4.9,0.016271722341538286,TRUE
Piauí,202504,PIT_por_Faixa_Etaria_SIDRA,Faixa_Etaria_sidra14 a 17 anos,4094,4087,114535,202821.66804325,8989.004753690426,4.431974571757094,4.4,0.03197457175709406,TRUE
Piauí,202601,PIT_por_Faixa_Etaria_SIDRA,Faixa_Etaria_sidra14 a 17 anos,4094,4087,114535,188626.43611193,7970.439788431079,4.225515761587872,4.2,0.02551576158787139,TRUE
Piauí,202602,PIT_por_Faixa_Etaria_SIDRA,Faixa_Etaria_sidra14 a 17 anos,4094,4087,114535,193690.61300197,9030.129454927679,4.662140986066183,4.7,-0.037859013933816854,TRUE
Piauí,201602,PIT_por_Faixa_Etaria_SIDRA,Faixa_Etaria_sidra18 a 24 anos,4094,4087,100052,371531.19481265,10883.284413533213,2.9293056856292425,2.9,0.029305685629242628,TRUE
Piauí,201603,PIT_por_Faixa_Etaria_SIDRA,Faixa_Etaria_sidra18 a 24 anos,4094,4087,100052,377700.9772928,10034.548566095604,2.656744136067368,2.7,-0.043255863932632366,TRUE
Piauí,201604,PIT_por_Faixa_Etaria_SIDRA,Faixa_Etaria_sidra18 a 24 anos,4094,4087,100052,395596.13650233,10287.352118369308,2.6004682981297815,2.6,4.682981297814415e-4,TRUE
Piauí,201701,PIT_por_Faixa_Etaria_SIDRA,Faixa_Etaria_sidra18 a 24 anos,4094,4087,100052,385511.84254862,12114.742544151408,3.1425085320494452,3.1,0.04250853204944516,TRUE
Piauí,201702,PIT_por_Faixa_Etaria_SIDRA,Faixa_Etaria_sidra18 a 24 anos,4094,4087,100052,377133.33455286,10847.391215811018,2.8762748402158596,2.9,-0.02372515978414036,TRUE
Piauí,201703,PIT_por_Faixa_Etaria_SIDRA,Faixa_Etaria_sidra18 a 24 anos,4094,4087,100052,389988.16868801997,12972.522440166545,3.326388716818795,3.3,0.026388716818795288,TRUE
Piauí,201704,PIT_por_Faixa_Etaria_SIDRA,Faixa_Etaria_sidra18 a 24 anos,4094,4087,100052,395962.61935705,12884.33766295757,3.2539277783035936,3.2,0.05392777830359341,FALSE
Piauí,201801,PIT_por_Faixa_Etaria_SIDRA,Faixa_Etaria_sidra18 a 24 anos,4094,4087,100052,381082.0527982,12017.282179412809,3.153463169197448,3.1,0.05346316919744787,FALSE
Piauí,201802,PIT_por_Faixa_Etaria_SIDRA,Faixa_Etaria_sidra18 a 24 anos,4094,4087,100052,379833.18711501,11782.967816828988,3.102142787028563,3.1,0.0021427870285628536,TRUE
Piauí,201803,PIT_por_Faixa_Etaria_SIDRA,Faixa_Etaria_sidra18 a 24 anos,4094,4087,100052,381033.22629061,12152.348866531654,3.189314744237865,3.2,-0.010685255762135082,TRUE
Piauí,201804,PIT_por_Faixa_Etaria_SIDRA,Faixa_Etaria_sidra18 a 24 anos,4094,4087,100052,388786.54311522,12734.46666133426,3.275439154682959,3.3,-0.024560845317040947,TRUE
Piauí,201901,PIT_por_Faixa_Etaria_SIDRA,Faixa_Etaria_sidra18 a 24 anos,4094,4087,100052,386895.99448548,13838.892460448453,3.5769024899966544,3.6,-0.0230975100033457,TRUE
Piauí,201902,PIT_por_Faixa_Etaria_SIDRA,Faixa_Etaria_sidra18 a 24 anos,4094,4087,100052,390876.3041727,12379.831874513407,3.167199378001603,3.2,-0.03280062199839717,TRUE
Piauí,201903,PIT_por_Faixa_Etaria_SIDRA,Faixa_Etaria_sidra18 a 24 anos,4094,4087,100052,391594.17219266,14654.422301501005,3.742247291231697,3.7,0.04224729123169668,TRUE
Piauí,201904,PIT_por_Faixa_Etaria_SIDRA,Faixa_Etaria_sidra18 a 24 anos,4094,4087,100052,391713.38127743,17305.35866117154,4.4178625209933955,4.4,0.017862520993395137,TRUE
Piauí,202001,PIT_por_Faixa_Etaria_SIDRA,Faixa_Etaria_sidra18 a 24 anos,4094,4087,100052,377837.40615059,21207.080231823755,5.612752969030152,5.6,0.012752969030151995,TRUE
Piauí,202002,PIT_por_Faixa_Etaria_SIDRA,Faixa_Etaria_sidra18 a 24 anos,4094,4087,100052,396534.46169266,17555.178471240895,4.427150769268398,NA,NA,NA
Piauí,202003,PIT_por_Faixa_Etaria_SIDRA,Faixa_Etaria_sidra18 a 24 anos,4094,4087,100052,409379.10893374,23118.79744157703,5.647283150767452,NA,NA,NA
Piauí,202004,PIT_por_Faixa_Etaria_SIDRA,Faixa_Etaria_sidra18 a 24 anos,4094,4087,100052,384000.03715484,19486.662596858823,5.074651226921947,NA,NA,NA
Piauí,202101,PIT_por_Faixa_Etaria_SIDRA,Faixa_Etaria_sidra18 a 24 anos,4094,4087,100052,409549.76331158,20139.15749915864,4.917389607630425,NA,NA,NA
Piauí,202102,PIT_por_Faixa_Etaria_SIDRA,Faixa_Etaria_sidra18 a 24 anos,4094,4087,100052,395998.98604951,16586.850198436492,4.188609259813284,NA,NA,NA
Piauí,202103,PIT_por_Faixa_Etaria_SIDRA,Faixa_Etaria_sidra18 a 24 anos,4094,4087,100052,392306.32097903,14055.390487511164,3.58275911854667,NA,NA,NA
Piauí,202104,PIT_por_Faixa_Etaria_SIDRA,Faixa_Etaria_sidra18 a 24 anos,4094,4087,100052,397965.51215686003,13940.24747269417,3.502878276346608,NA,NA,NA
Piauí,202201,PIT_por_Faixa_Etaria_SIDRA,Faixa_Etaria_sidra18 a 24 anos,4094,4087,100052,375589.83201957,11187.884138418964,2.9787505370582084,NA,NA,NA
Piauí,202202,PIT_por_Faixa_Etaria_SIDRA,Faixa_Etaria_sidra18 a 24 anos,4094,4087,100052,389668.71690105,13898.917076452151,3.566854734192469,3.6,-0.0331452658075313,TRUE
Piauí,202203,PIT_por_Faixa_Etaria_SIDRA,Faixa_Etaria_sidra18 a 24 anos,4094,4087,100052,376538.42548062,12775.99065967116,3.393011123197764,3.4,-0.0069888768022359216,TRUE
Piauí,202204,PIT_por_Faixa_Etaria_SIDRA,Faixa_Etaria_sidra18 a 24 anos,4094,4087,100052,382094.81749677,12687.496579825369,3.320509988317918,3.3,0.020509988317918282,TRUE
Piauí,202301,PIT_por_Faixa_Etaria_SIDRA,Faixa_Etaria_sidra18 a 24 anos,4094,4087,100052,377707.62436445,13482.256862247326,3.5694955549105623,3.6,-0.030504445089437837,TRUE
Piauí,202302,PIT_por_Faixa_Etaria_SIDRA,Faixa_Etaria_sidra18 a 24 anos,4094,4087,100052,378981.94983524,14962.266566425667,3.948015617348113,3.9,0.04801561734811299,TRUE
Piauí,202303,PIT_por_Faixa_Etaria_SIDRA,Faixa_Etaria_sidra18 a 24 anos,4094,4087,100052,384900.81973702,13809.221269098352,3.587734959497716,3.6,-0.012265040502283941,TRUE
Piauí,202304,PIT_por_Faixa_Etaria_SIDRA,Faixa_Etaria_sidra18 a 24 anos,4094,4087,100052,388091.36984341,14270.56427881378,3.677114563143152,3.7,-0.022885436856848074,TRUE
Piauí,202401,PIT_por_Faixa_Etaria_SIDRA,Faixa_Etaria_sidra18 a 24 anos,4094,4087,100052,377074.51216488,13666.051741541636,3.6242311003948218,3.6,0.02423110039482168,TRUE
Piauí,202402,PIT_por_Faixa_Etaria_SIDRA,Faixa_Etaria_sidra18 a 24 anos,4094,4087,100052,359068.68201514997,12342.362298660022,3.4373263157880385,3.4,0.03732631578803858,TRUE
Piauí,202403,PIT_por_Faixa_Etaria_SIDRA,Faixa_Etaria_sidra18 a 24 anos,4094,4087,100052,366403.66585144,11621.091335829824,3.171663500916404,3.2,-0.028336499083596145,TRUE
Piauí,202404,PIT_por_Faixa_Etaria_SIDRA,Faixa_Etaria_sidra18 a 24 anos,4094,4087,100052,335335.09805372,12046.185729093637,3.5922830025874184,3.6,-0.007716997412581694,TRUE
Piauí,202501,PIT_por_Faixa_Etaria_SIDRA,Faixa_Etaria_sidra18 a 24 anos,4094,4087,100052,338168.3038134,12220.065578162777,3.6136046579060124,3.6,0.013604657906012285,TRUE
Piauí,202502,PIT_por_Faixa_Etaria_SIDRA,Faixa_Etaria_sidra18 a 24 anos,4094,4087,100052,350620.46426541,13895.482496496315,3.963112228947886,4,-0.03688777105211383,TRUE
Piauí,202503,PIT_por_Faixa_Etaria_SIDRA,Faixa_Etaria_sidra18 a 24 anos,4094,4087,100052,357989.05412333,15248.400579127749,4.2594600040130155,4.2,0.05946000401301532,FALSE
Piauí,202504,PIT_por_Faixa_Etaria_SIDRA,Faixa_Etaria_sidra18 a 24 anos,4094,4087,100052,361737.11832877,14194.277207431467,3.9239205733183273,3.9,0.02392057331832742,TRUE
Piauí,202601,PIT_por_Faixa_Etaria_SIDRA,Faixa_Etaria_sidra18 a 24 anos,4094,4087,100052,360934.90152535,13251.761410488103,3.6715101128997842,3.7,-0.028489887100215938,TRUE
Piauí,202602,PIT_por_Faixa_Etaria_SIDRA,Faixa_Etaria_sidra18 a 24 anos,4094,4087,100052,356283.2964756,12538.977256320468,3.5193839790856427,3.5,0.01938397908564271,TRUE
Piauí,201602,PIT_por_Faixa_Etaria_SIDRA,Faixa_Etaria_sidra25 a 39 anos,4094,4087,108875,814636.63167948,21264.36985147761,2.610288934299251,2.6,0.01028893429925093,TRUE
Piauí,201603,PIT_por_Faixa_Etaria_SIDRA,Faixa_Etaria_sidra25 a 39 anos,4094,4087,108875,789949.28461821,16879.26554473418,2.13675306420362,2.1,0.03675306420361979,TRUE
Piauí,201604,PIT_por_Faixa_Etaria_SIDRA,Faixa_Etaria_sidra25 a 39 anos,4094,4087,108875,779825.63287331,16096.307026138807,2.0640905283955706,2.1,-0.03590947160442948,TRUE
Piauí,201701,PIT_por_Faixa_Etaria_SIDRA,Faixa_Etaria_sidra25 a 39 anos,4094,4087,108875,790138.82413468,14481.64061611045,1.8327969938662372,1.8,0.032796993866237134,TRUE
Piauí,201702,PIT_por_Faixa_Etaria_SIDRA,Faixa_Etaria_sidra25 a 39 anos,4094,4087,108875,800375.51497531,13929.692926241172,1.7403946854459782,1.7,0.04039468544597824,TRUE
Piauí,201703,PIT_por_Faixa_Etaria_SIDRA,Faixa_Etaria_sidra25 a 39 anos,4094,4087,108875,787520.10508721,14599.851032716662,1.8539020068700183,1.8,0.053902006870018226,FALSE
Piauí,201704,PIT_por_Faixa_Etaria_SIDRA,Faixa_Etaria_sidra25 a 39 anos,4094,4087,108875,776119.0783311,14647.65173264329,1.8872943780921276,1.9,-0.012705621907872278,TRUE
Piauí,201801,PIT_por_Faixa_Etaria_SIDRA,Faixa_Etaria_sidra25 a 39 anos,4094,4087,108875,768416.55339513,13402.509601027261,1.7441724207801537,1.7,0.04417242078015371,TRUE
Piauí,201802,PIT_por_Faixa_Etaria_SIDRA,Faixa_Etaria_sidra25 a 39 anos,4094,4087,108875,771777.35039188,13034.64550099223,1.6889126759646054,1.7,-0.011087324035394586,TRUE
Piauí,201803,PIT_por_Faixa_Etaria_SIDRA,Faixa_Etaria_sidra25 a 39 anos,4094,4087,108875,778375.37731034,14334.22250316352,1.8415565190018126,1.8,0.041556519001812564,TRUE
Piauí,201804,PIT_por_Faixa_Etaria_SIDRA,Faixa_Etaria_sidra25 a 39 anos,4094,4087,108875,778074.82787118,14595.610219961141,1.8758620247225921,1.9,-0.024137975277407797,TRUE
Piauí,201901,PIT_por_Faixa_Etaria_SIDRA,Faixa_Etaria_sidra25 a 39 anos,4094,4087,108875,779464.77959245,15056.894317975086,1.931696557969908,1.9,0.031696557969908,TRUE
Piauí,201902,PIT_por_Faixa_Etaria_SIDRA,Faixa_Etaria_sidra25 a 39 anos,4094,4087,108875,769889.25066201,14928.534204040237,1.9390495699483443,1.9,0.03904956994834441,TRUE
Piauí,201903,PIT_por_Faixa_Etaria_SIDRA,Faixa_Etaria_sidra25 a 39 anos,4094,4087,108875,768105.74959965,15529.009424917285,2.0217280541138085,2,0.021728054113808515,TRUE
Piauí,201904,PIT_por_Faixa_Etaria_SIDRA,Faixa_Etaria_sidra25 a 39 anos,4094,4087,108875,758644.52044684,15914.424311215302,2.0977445802734778,2.1,-0.002255419726522323,TRUE
Piauí,202001,PIT_por_Faixa_Etaria_SIDRA,Faixa_Etaria_sidra25 a 39 anos,4094,4087,108875,737161.23080606,22363.452818077756,3.033726121709372,3,0.03372612170937206,TRUE
Piauí,202002,PIT_por_Faixa_Etaria_SIDRA,Faixa_Etaria_sidra25 a 39 anos,4094,4087,108875,779418.55508521,21678.704065977,2.7813944028580346,NA,NA,NA
Piauí,202003,PIT_por_Faixa_Etaria_SIDRA,Faixa_Etaria_sidra25 a 39 anos,4094,4087,108875,793051.19920082,24155.736249967194,3.0459239295406917,NA,NA,NA
Piauí,202004,PIT_por_Faixa_Etaria_SIDRA,Faixa_Etaria_sidra25 a 39 anos,4094,4087,108875,773176.64399473,24291.62412333363,3.1417948682240846,NA,NA,NA
Piauí,202101,PIT_por_Faixa_Etaria_SIDRA,Faixa_Etaria_sidra25 a 39 anos,4094,4087,108875,762834.47165496,22761.01772085791,2.983742681617175,NA,NA,NA
Piauí,202102,PIT_por_Faixa_Etaria_SIDRA,Faixa_Etaria_sidra25 a 39 anos,4094,4087,108875,782972.9734959,19747.145381269016,2.5220724149774782,NA,NA,NA
Piauí,202103,PIT_por_Faixa_Etaria_SIDRA,Faixa_Etaria_sidra25 a 39 anos,4094,4087,108875,771265.06135625,16865.787723601774,2.186769318182742,NA,NA,NA
Piauí,202104,PIT_por_Faixa_Etaria_SIDRA,Faixa_Etaria_sidra25 a 39 anos,4094,4087,108875,767263.11895885,19399.285560266566,2.5283745668097195,NA,NA,NA
Piauí,202201,PIT_por_Faixa_Etaria_SIDRA,Faixa_Etaria_sidra25 a 39 anos,4094,4087,108875,785545.85114684,15510.564050771938,1.974495063289767,NA,NA,NA
Piauí,202202,PIT_por_Faixa_Etaria_SIDRA,Faixa_Etaria_sidra25 a 39 anos,4094,4087,108875,761772.35749475,15690.705072621306,2.059762988016987,2.1,-0.040237011983013105,TRUE
Piauí,202203,PIT_por_Faixa_Etaria_SIDRA,Faixa_Etaria_sidra25 a 39 anos,4094,4087,108875,770009.62015822,15962.267237419974,2.072995819732756,2.1,-0.02700418026724405,TRUE
Piauí,202204,PIT_por_Faixa_Etaria_SIDRA,Faixa_Etaria_sidra25 a 39 anos,4094,4087,108875,759539.12696204,16595.908059505775,2.184997121331341,2.2,-0.015002878668659125,TRUE
Piauí,202301,PIT_por_Faixa_Etaria_SIDRA,Faixa_Etaria_sidra25 a 39 anos,4094,4087,108875,758994.90405067,17705.055090057,2.3326974918496983,2.3,0.0326974918496985,TRUE
Piauí,202302,PIT_por_Faixa_Etaria_SIDRA,Faixa_Etaria_sidra25 a 39 anos,4094,4087,108875,746925.26784989,17686.953527433376,2.3679682946524623,2.4,-0.03203170534753763,TRUE
Piauí,202303,PIT_por_Faixa_Etaria_SIDRA,Faixa_Etaria_sidra25 a 39 anos,4094,4087,108875,771818.70545576,18033.980953713715,2.336556606653453,2.3,0.03655660665345328,TRUE
Piauí,202304,PIT_por_Faixa_Etaria_SIDRA,Faixa_Etaria_sidra25 a 39 anos,4094,4087,108875,753763.29648549,17658.142897516023,2.3426641997360695,2.3,0.04266419973606972,TRUE
Piauí,202401,PIT_por_Faixa_Etaria_SIDRA,Faixa_Etaria_sidra25 a 39 anos,4094,4087,108875,783262.0331891,25977.923866304795,3.316632591079905,3.3,0.016632591079905,TRUE
Piauí,202402,PIT_por_Faixa_Etaria_SIDRA,Faixa_Etaria_sidra25 a 39 anos,4094,4087,108875,792117.53846564,27573.427947694476,3.480976825876775,3.5,-0.019023174123224962,TRUE
Piauí,202403,PIT_por_Faixa_Etaria_SIDRA,Faixa_Etaria_sidra25 a 39 anos,4094,4087,108875,795277.54656358,22316.173687883675,2.8060862254080456,2.8,0.00608622540804582,TRUE
Piauí,202404,PIT_por_Faixa_Etaria_SIDRA,Faixa_Etaria_sidra25 a 39 anos,4094,4087,108875,786130.69405553,20290.12922230429,2.5810122128205637,2.6,-0.01898778717943639,TRUE
Piauí,202501,PIT_por_Faixa_Etaria_SIDRA,Faixa_Etaria_sidra25 a 39 anos,4094,4087,108875,786862.38973032,20307.68548397248,2.5808433277555047,2.6,-0.019156672244495354,TRUE
Piauí,202502,PIT_por_Faixa_Etaria_SIDRA,Faixa_Etaria_sidra25 a 39 anos,4094,4087,108875,747893.17405399,16493.06344841651,2.2052699530622917,2.2,0.005269953062291499,TRUE
Piauí,202503,PIT_por_Faixa_Etaria_SIDRA,Faixa_Etaria_sidra25 a 39 anos,4094,4087,108875,725234.43990857,17084.035066528115,2.3556568919537098,2.3,0.05565689195370993,FALSE
Piauí,202504,PIT_por_Faixa_Etaria_SIDRA,Faixa_Etaria_sidra25 a 39 anos,4094,4087,108875,721486.49577499,15748.501017388156,2.18278527867272,2.2,-0.01721472132728019,TRUE
Piauí,202601,PIT_por_Faixa_Etaria_SIDRA,Faixa_Etaria_sidra25 a 39 anos,4094,4087,108875,729560.7691218,16499.578922396595,2.2615770502925705,2.3,-0.03842294970742932,TRUE
Piauí,202602,PIT_por_Faixa_Etaria_SIDRA,Faixa_Etaria_sidra25 a 39 anos,4094,4087,108875,728937.50705335,15182.574608805053,2.082836246165868,2.1,-0.017163753834132045,TRUE
Piauí,201602,PIT_por_Faixa_Etaria_SIDRA,Faixa_Etaria_sidra40 a 59 anos,4094,4087,99127,718056.29465944,18746.635511452816,2.610747325924352,2.6,0.010747325924351792,TRUE
Piauí,201603,PIT_por_Faixa_Etaria_SIDRA,Faixa_Etaria_sidra40 a 59 anos,4094,4087,99127,727628.88659614,17847.02911104432,2.452765336809678,2.4,0.052765336809677876,FALSE
Piauí,201604,PIT_por_Faixa_Etaria_SIDRA,Faixa_Etaria_sidra40 a 59 anos,4094,4087,99127,737659.02166612,16246.372539474492,2.202423079267638,2.2,0.002423079267637629,TRUE
Piauí,201701,PIT_por_Faixa_Etaria_SIDRA,Faixa_Etaria_sidra40 a 59 anos,4094,4087,99127,731227.70103548,16377.449516814511,2.239719514676846,2.2,0.03971951467684587,TRUE
Piauí,201702,PIT_por_Faixa_Etaria_SIDRA,Faixa_Etaria_sidra40 a 59 anos,4094,4087,99127,739023.06272057,13782.612691540637,1.8649773446585851,1.9,-0.0350226553414148,TRUE
Piauí,201703,PIT_por_Faixa_Etaria_SIDRA,Faixa_Etaria_sidra40 a 59 anos,4094,4087,99127,744752.49613485,15893.379731899558,2.1340485348332145,2.1,0.03404853483321446,TRUE
Piauí,201704,PIT_por_Faixa_Etaria_SIDRA,Faixa_Etaria_sidra40 a 59 anos,4094,4087,99127,761407.7186522,16589.06791300069,2.1787365043219817,2.2,-0.02126349567801844,TRUE
Piauí,201801,PIT_por_Faixa_Etaria_SIDRA,Faixa_Etaria_sidra40 a 59 anos,4094,4087,99127,771399.73859803,16176.370877757117,2.097015343453012,2.1,-0.002984656546987985,TRUE
Piauí,201802,PIT_por_Faixa_Etaria_SIDRA,Faixa_Etaria_sidra40 a 59 anos,4094,4087,99127,768652.68932961,16077.552229366142,2.0916536756527035,2.1,-0.008346324347296541,TRUE
Piauí,201803,PIT_por_Faixa_Etaria_SIDRA,Faixa_Etaria_sidra40 a 59 anos,4094,4087,99127,763793.8004989,16522.377736131515,2.16319872265778,2.2,-0.036801277342220384,TRUE
Piauí,201804,PIT_por_Faixa_Etaria_SIDRA,Faixa_Etaria_sidra40 a 59 anos,4094,4087,99127,771917.06996964,17262.43962449126,2.2363075382139432,2.2,0.03630753821394306,TRUE
Piauí,201901,PIT_por_Faixa_Etaria_SIDRA,Faixa_Etaria_sidra40 a 59 anos,4094,4087,99127,759984.13169168,17048.93375824402,2.243327596892595,2.2,0.04332759689259502,TRUE
Piauí,201902,PIT_por_Faixa_Etaria_SIDRA,Faixa_Etaria_sidra40 a 59 anos,4094,4087,99127,764460.40857261,17920.825194436522,2.344245037869004,2.3,0.04424503786900402,TRUE
Piauí,201903,PIT_por_Faixa_Etaria_SIDRA,Faixa_Etaria_sidra40 a 59 anos,4094,4087,99127,786240.25396185,18208.700692596016,2.315920687199964,2.3,0.01592068719996398,TRUE
Piauí,201904,PIT_por_Faixa_Etaria_SIDRA,Faixa_Etaria_sidra40 a 59 anos,4094,4087,99127,797222.8844289,16743.071291017066,2.100174445319788,2.1,1.7444531978805244e-4,TRUE
Piauí,202001,PIT_por_Faixa_Etaria_SIDRA,Faixa_Etaria_sidra40 a 59 anos,4094,4087,99127,791349.3535352,24277.137397721217,3.0678154078559374,3.1,-0.03218459214406266,TRUE
Piauí,202002,PIT_por_Faixa_Etaria_SIDRA,Faixa_Etaria_sidra40 a 59 anos,4094,4087,99127,765752.50645316,21233.8366022101,2.7729372640987817,NA,NA,NA
Piauí,202003,PIT_por_Faixa_Etaria_SIDRA,Faixa_Etaria_sidra40 a 59 anos,4094,4087,99127,764163.62260388,19627.394856422696,2.568480659880477,NA,NA,NA
Piauí,202004,PIT_por_Faixa_Etaria_SIDRA,Faixa_Etaria_sidra40 a 59 anos,4094,4087,99127,762928.46744273,24875.93716713758,3.260585786046176,NA,NA,NA
Piauí,202101,PIT_por_Faixa_Etaria_SIDRA,Faixa_Etaria_sidra40 a 59 anos,4094,4087,99127,784744.58415818,22883.20517947519,2.91600676722385,NA,NA,NA
Piauí,202102,PIT_por_Faixa_Etaria_SIDRA,Faixa_Etaria_sidra40 a 59 anos,4094,4087,99127,795192.50993017,21266.390607559726,2.6743700854812174,NA,NA,NA
Piauí,202103,PIT_por_Faixa_Etaria_SIDRA,Faixa_Etaria_sidra40 a 59 anos,4094,4087,99127,810122.86430587,17002.623334781547,2.098770949928656,NA,NA,NA
Piauí,202104,PIT_por_Faixa_Etaria_SIDRA,Faixa_Etaria_sidra40 a 59 anos,4094,4087,99127,808631.16319208,16277.896752379467,2.0130187276139964,NA,NA,NA
Piauí,202201,PIT_por_Faixa_Etaria_SIDRA,Faixa_Etaria_sidra40 a 59 anos,4094,4087,99127,809965.5646397,18816.823881130844,2.323163440843464,NA,NA,NA
Piauí,202202,PIT_por_Faixa_Etaria_SIDRA,Faixa_Etaria_sidra40 a 59 anos,4094,4087,99127,839134.09344918,17788.3216856053,2.119842564433071,2.1,0.019842564433071086,TRUE
Piauí,202203,PIT_por_Faixa_Etaria_SIDRA,Faixa_Etaria_sidra40 a 59 anos,4094,4087,99127,856454.96639504,17275.446058491732,2.0170874986231824,2,0.017087498623182373,TRUE
Piauí,202204,PIT_por_Faixa_Etaria_SIDRA,Faixa_Etaria_sidra40 a 59 anos,4094,4087,99127,857291.63447007,15931.517194326247,1.858354444829527,1.9,-0.04164555517047286,TRUE
Piauí,202301,PIT_por_Faixa_Etaria_SIDRA,Faixa_Etaria_sidra40 a 59 anos,4094,4087,99127,873673.24050376,16459.831224107784,1.8839802412417994,1.9,-0.016019758758200497,TRUE
Piauí,202302,PIT_por_Faixa_Etaria_SIDRA,Faixa_Etaria_sidra40 a 59 anos,4094,4087,99127,885258.78544787,18347.426667061554,2.072549515312545,2.1,-0.027450484687455035,TRUE
Piauí,202303,PIT_por_Faixa_Etaria_SIDRA,Faixa_Etaria_sidra40 a 59 anos,4094,4087,99127,859976.24503352,16756.18783143221,1.9484477540166343,1.9,0.04844775401663437,TRUE
Piauí,202304,PIT_por_Faixa_Etaria_SIDRA,Faixa_Etaria_sidra40 a 59 anos,4094,4087,99127,872808.5947596,16592.538751195974,1.901051255775741,1.9,0.0010512557757411667,TRUE
Piauí,202401,PIT_por_Faixa_Etaria_SIDRA,Faixa_Etaria_sidra40 a 59 anos,4094,4087,99127,846534.3153899,26294.040902222147,3.106080925982491,3.1,0.006080925982490992,TRUE
Piauí,202402,PIT_por_Faixa_Etaria_SIDRA,Faixa_Etaria_sidra40 a 59 anos,4094,4087,99127,831286.97987254,26525.134721030965,3.190851699024328,3.2,-0.009148300975672097,TRUE
Piauí,202403,PIT_por_Faixa_Etaria_SIDRA,Faixa_Etaria_sidra40 a 59 anos,4094,4087,99127,834079.8665121,24215.602350020337,2.9032714158757416,2.9,0.0032714158757416456,TRUE
Piauí,202404,PIT_por_Faixa_Etaria_SIDRA,Faixa_Etaria_sidra40 a 59 anos,4094,4087,99127,848661.03081963,21525.33630965362,2.536387972105261,2.5,0.036387972105261124,TRUE
Piauí,202501,PIT_por_Faixa_Etaria_SIDRA,Faixa_Etaria_sidra40 a 59 anos,4094,4087,99127,852143.51265063,21896.610842478523,2.569591919366745,2.6,-0.030408080633255175,TRUE
Piauí,202502,PIT_por_Faixa_Etaria_SIDRA,Faixa_Etaria_sidra40 a 59 anos,4094,4087,99127,880971.06042431,17282.551809811554,1.9617615817581568,2,-0.03823841824184315,TRUE
Piauí,202503,PIT_por_Faixa_Etaria_SIDRA,Faixa_Etaria_sidra40 a 59 anos,4094,4087,99127,894078.26370197,17121.446286090206,1.9149829473762299,1.9,0.01498294737622996,TRUE
Piauí,202504,PIT_por_Faixa_Etaria_SIDRA,Faixa_Etaria_sidra40 a 59 anos,4094,4087,99127,900585.04299576,16580.75152575902,1.8411089163332999,1.8,0.04110891633329983,TRUE
Piauí,202601,PIT_por_Faixa_Etaria_SIDRA,Faixa_Etaria_sidra40 a 59 anos,4094,4087,99127,906845.86932107,15950.38360575908,1.7588858421663962,1.8,-0.04111415783360384,TRUE
Piauí,202602,PIT_por_Faixa_Etaria_SIDRA,Faixa_Etaria_sidra40 a 59 anos,4094,4087,99127,916547.19459067,14307.536458068804,1.561025612484532,1.6,-0.038974387515468,TRUE
Piauí,201602,PIT_por_Faixa_Etaria_SIDRA,Faixa_Etaria_sidra60 anos ou mais,4094,4087,3302,411750.79826069,17177.710907809145,4.171870699551989,4.2,-0.028129300448011207,TRUE
Piauí,201603,PIT_por_Faixa_Etaria_SIDRA,Faixa_Etaria_sidra60 anos ou mais,4094,4087,3302,419541.37014226,19931.860734946677,4.750868961549154,4.7,0.050868961549153546,FALSE
Piauí,201604,PIT_por_Faixa_Etaria_SIDRA,Faixa_Etaria_sidra60 anos ou mais,4094,4087,3302,410858.97802156,19467.516428478535,4.738247785705432,4.7,0.038247785705431525,TRUE
Piauí,201701,PIT_por_Faixa_Etaria_SIDRA,Faixa_Etaria_sidra60 anos ou mais,4094,4087,3302,408211.27938385,18673.909826275078,4.574569780252347,4.6,-0.025430219747653027,TRUE
Piauí,201702,PIT_por_Faixa_Etaria_SIDRA,Faixa_Etaria_sidra60 anos ou mais,4094,4087,3302,408851.22310048,19681.891427572104,4.813949504251586,4.8,0.013949504251586475,TRUE
Piauí,201703,PIT_por_Faixa_Etaria_SIDRA,Faixa_Etaria_sidra60 anos ou mais,4094,4087,3302,404976.10691227,18879.531402514735,4.6618877213426835,4.7,-0.0381122786573167,TRUE
Piauí,201704,PIT_por_Faixa_Etaria_SIDRA,Faixa_Etaria_sidra60 anos ou mais,4094,4087,3302,398624.13760149,16022.131416321523,4.019358063143448,4,0.019358063143448234,TRUE
Piauí,201801,PIT_por_Faixa_Etaria_SIDRA,Faixa_Etaria_sidra60 anos ou mais,4094,4087,3302,429450.9366725,14394.44635747416,3.3518255819875855,3.3,0.05182558198758569,FALSE
Piauí,201802,PIT_por_Faixa_Etaria_SIDRA,Faixa_Etaria_sidra60 anos ou mais,4094,4087,3302,425930.00135958,15701.75267055868,3.6864631794985714,3.7,-0.013536820501428792,TRUE
Piauí,201803,PIT_por_Faixa_Etaria_SIDRA,Faixa_Etaria_sidra60 anos ou mais,4094,4087,3302,436977.69050704,17723.574263606442,4.05594487971255,4,0.05594487971255013,FALSE
Piauí,201804,PIT_por_Faixa_Etaria_SIDRA,Faixa_Etaria_sidra60 anos ou mais,4094,4087,3302,437291.0452074,17244.43830511513,3.9434693424687843,3.9,0.04346934246878442,TRUE
Piauí,201901,PIT_por_Faixa_Etaria_SIDRA,Faixa_Etaria_sidra60 anos ou mais,4094,4087,3302,451898.69627765,17125.59731978537,3.7896983241711486,3.8,-0.01030167582885122,TRUE
Piauí,201902,PIT_por_Faixa_Etaria_SIDRA,Faixa_Etaria_sidra60 anos ou mais,4094,4087,3302,462327.83829545,17098.153877000273,3.6982747870081143,3.7,-0.0017252129918858827,TRUE
Piauí,201903,PIT_por_Faixa_Etaria_SIDRA,Faixa_Etaria_sidra60 anos ou mais,4094,4087,3302,460504.96454825,19933.38913862053,4.328593755373506,4.3,0.028593755373505836,TRUE
Piauí,201904,PIT_por_Faixa_Etaria_SIDRA,Faixa_Etaria_sidra60 anos ou mais,4094,4087,3302,467550.22829284,20409.982297114107,4.365302605377139,4.4,-0.03469739462286103,TRUE
Piauí,202001,PIT_por_Faixa_Etaria_SIDRA,Faixa_Etaria_sidra60 anos ou mais,4094,4087,3302,477810.48601714,24763.635160635957,5.18273162379857,5.2,-0.017268376201430513,TRUE
Piauí,202002,PIT_por_Faixa_Etaria_SIDRA,Faixa_Etaria_sidra60 anos ou mais,4094,4087,3302,472925.27138876,21694.444357203876,4.587288028296195,NA,NA,NA
Piauí,202003,PIT_por_Faixa_Etaria_SIDRA,Faixa_Etaria_sidra60 anos ou mais,4094,4087,3302,465898.25562089,22441.25811907632,4.8167722991728015,NA,NA,NA
Piauí,202004,PIT_por_Faixa_Etaria_SIDRA,Faixa_Etaria_sidra60 anos ou mais,4094,4087,3302,456314.72689463,20697.06320902209,4.535699154369251,NA,NA,NA
Piauí,202101,PIT_por_Faixa_Etaria_SIDRA,Faixa_Etaria_sidra60 anos ou mais,4094,4087,3302,474488.50813406,20556.45260700619,4.332339404350391,NA,NA,NA
Piauí,202102,PIT_por_Faixa_Etaria_SIDRA,Faixa_Etaria_sidra60 anos ou mais,4094,4087,3302,482458.75938409,19562.141326804496,4.054676373122057,NA,NA,NA
Piauí,202103,PIT_por_Faixa_Etaria_SIDRA,Faixa_Etaria_sidra60 anos ou mais,4094,4087,3302,495833.85321145,17060.15423186853,3.4406997669425308,NA,NA,NA
Piauí,202104,PIT_por_Faixa_Etaria_SIDRA,Faixa_Etaria_sidra60 anos ou mais,4094,4087,3302,486247.74754278,18107.548833673874,3.723934748321024,NA,NA,NA
Piauí,202201,PIT_por_Faixa_Etaria_SIDRA,Faixa_Etaria_sidra60 anos ou mais,4094,4087,3302,476745.54230247,15523.879944299677,3.2562192127326886,NA,NA,NA
Piauí,202202,PIT_por_Faixa_Etaria_SIDRA,Faixa_Etaria_sidra60 anos ou mais,4094,4087,3302,478505.22317486,19558.441760995785,4.087404026904123,4.1,-0.0125959730958769,TRUE
Piauí,202203,PIT_por_Faixa_Etaria_SIDRA,Faixa_Etaria_sidra60 anos ou mais,4094,4087,3302,466855.36749174,15516.33552873264,3.3235851206117206,3.3,0.0235851206117208,TRUE
Piauí,202204,PIT_por_Faixa_Etaria_SIDRA,Faixa_Etaria_sidra60 anos ou mais,4094,4087,3302,472351.86136286,15426.172530955555,3.2658223228859455,3.3,-0.03417767711405428,TRUE
Piauí,202301,PIT_por_Faixa_Etaria_SIDRA,Faixa_Etaria_sidra60 anos ou mais,4094,4087,3302,456271.99726001,18467.418875714553,4.04745831140515,4,0.04745831140515033,TRUE
Piauí,202302,PIT_por_Faixa_Etaria_SIDRA,Faixa_Etaria_sidra60 anos ou mais,4094,4087,3302,470030.14767884,16898.568723348246,3.5952095427918427,3.6,-0.004790457208157406,TRUE
Piauí,202303,PIT_por_Faixa_Etaria_SIDRA,Faixa_Etaria_sidra60 anos ou mais,4094,4087,3302,492777.5542512,17415.839204770833,3.534219254615821,3.5,0.03421925461582109,TRUE
Piauí,202304,PIT_por_Faixa_Etaria_SIDRA,Faixa_Etaria_sidra60 anos ou mais,4094,4087,3302,517521.70858912,19222.16768241123,3.7142727277692678,3.7,0.01427272776926758,TRUE
Piauí,202401,PIT_por_Faixa_Etaria_SIDRA,Faixa_Etaria_sidra60 anos ou mais,4094,4087,3302,503517.50867374,17761.408761357587,3.5274659679940337,3.5,0.02746596799403367,TRUE
Piauí,202402,PIT_por_Faixa_Etaria_SIDRA,Faixa_Etaria_sidra60 anos ou mais,4094,4087,3302,523427.66235605,20485.982479826704,3.913813493848472,3.9,0.013813493848472191,TRUE
Piauí,202403,PIT_por_Faixa_Etaria_SIDRA,Faixa_Etaria_sidra60 anos ou mais,4094,4087,3302,519851.39282812,19966.82488792794,3.8408716728262444,3.8,0.0408716728262446,TRUE
Piauí,202404,PIT_por_Faixa_Etaria_SIDRA,Faixa_Etaria_sidra60 anos ou mais,4094,4087,3302,523467.50545919,18392.389301766943,3.513568485140828,3.5,0.013568485140828201,TRUE
Piauí,202501,PIT_por_Faixa_Etaria_SIDRA,Faixa_Etaria_sidra60 anos ou mais,4094,4087,3302,524341.14558749,19613.743243621055,3.740645457385408,3.7,0.04064545738540781,TRUE
Piauí,202502,PIT_por_Faixa_Etaria_SIDRA,Faixa_Etaria_sidra60 anos ou mais,4094,4087,3302,539721.29858228,17725.957299770365,3.2842797470346743,3.3,-0.015720252965325532,TRUE
Piauí,202503,PIT_por_Faixa_Etaria_SIDRA,Faixa_Etaria_sidra60 anos ou mais,4094,4087,3302,528914.31569768,19642.079738278997,3.7136600684308445,3.7,0.01366006843084433,TRUE
Piauí,202504,PIT_por_Faixa_Etaria_SIDRA,Faixa_Etaria_sidra60 anos ou mais,4094,4087,3302,549484.27813717,16372.729413096386,2.9796538435280207,3,-0.02034615647197935,TRUE
Piauí,202601,PIT_por_Faixa_Etaria_SIDRA,Faixa_Etaria_sidra60 anos ou mais,4094,4087,3302,557180.34254825,18661.187890608573,3.3492186399222397,3.3,0.04921863992223985,TRUE
Piauí,202602,PIT_por_Faixa_Etaria_SIDRA,Faixa_Etaria_sidra60 anos ou mais,4094,4087,3302,547906.02369642,15838.190700956944,2.890676505818534,2.9,-0.009323494181465719,TRUE
Piauí,201602,PIT_por_Instrucao_SIDRA,Instrucao_sidraFundamental completo ou equivalente,4095,4087,11628,221762.13451005,8774.121262137407,3.9565461802225634,3.9,0.056546180222563525,FALSE
Piauí,201603,PIT_por_Instrucao_SIDRA,Instrucao_sidraFundamental completo ou equivalente,4095,4087,11628,205486.78152092,8571.272418369199,4.171203789814862,4.2,-0.02879621018513845,TRUE
Piauí,201604,PIT_por_Instrucao_SIDRA,Instrucao_sidraFundamental completo ou equivalente,4095,4087,11628,226450.3933412,10298.902857296702,4.547973048463209,4.5,0.04797304846320927,TRUE
Piauí,201701,PIT_por_Instrucao_SIDRA,Instrucao_sidraFundamental completo ou equivalente,4095,4087,11628,243053.02126587,8901.231092996328,3.6622589781591235,3.7,-0.03774102184087669,TRUE
Piauí,201702,PIT_por_Instrucao_SIDRA,Instrucao_sidraFundamental completo ou equivalente,4095,4087,11628,233880.96718114,9349.879922324219,3.9977087639982134,4,-0.0022912360017866007,TRUE
Piauí,201703,PIT_por_Instrucao_SIDRA,Instrucao_sidraFundamental completo ou equivalente,4095,4087,11628,231033.58424422,7835.6375319055805,3.3915577934430168,3.4,-0.008442206556983134,TRUE
Piauí,201704,PIT_por_Instrucao_SIDRA,Instrucao_sidraFundamental completo ou equivalente,4095,4087,11628,235470.33871453,8576.08058194548,3.6421065297496353,3.6,0.042106529749635246,TRUE
Piauí,201801,PIT_por_Instrucao_SIDRA,Instrucao_sidraFundamental completo ou equivalente,4095,4087,11628,237964.54518787,10591.303998944903,4.450790764054033,4.4,0.0507907640540326,FALSE
Piauí,201802,PIT_por_Instrucao_SIDRA,Instrucao_sidraFundamental completo ou equivalente,4095,4087,11628,235074.74555431,10170.9154132326,4.326672943641572,4.3,0.026672943641572466,TRUE
Piauí,201803,PIT_por_Instrucao_SIDRA,Instrucao_sidraFundamental completo ou equivalente,4095,4087,11628,225030.25452124001,9949.787004697073,4.421533018244859,4.4,0.02153301824485876,TRUE
Piauí,201804,PIT_por_Instrucao_SIDRA,Instrucao_sidraFundamental completo ou equivalente,4095,4087,11628,217506.5999952,10792.763302228934,4.962039451891166,4.9,0.062039451891165776,FALSE
Piauí,201901,PIT_por_Instrucao_SIDRA,Instrucao_sidraFundamental completo ou equivalente,4095,4087,11628,211490.97219803,8985.961598966147,4.248862968274657,4.2,0.04886296827465664,TRUE
Piauí,201902,PIT_por_Instrucao_SIDRA,Instrucao_sidraFundamental completo ou equivalente,4095,4087,11628,213845.24185908,9649.657093952614,4.512448820494008,4.5,0.012448820494007862,TRUE
Piauí,201903,PIT_por_Instrucao_SIDRA,Instrucao_sidraFundamental completo ou equivalente,4095,4087,11628,204508.98455943,8728.585369115039,4.26806938967443,4.3,-0.03193061032556965,TRUE
Piauí,201904,PIT_por_Instrucao_SIDRA,Instrucao_sidraFundamental completo ou equivalente,4095,4087,11628,201892.39700106,7526.36859798185,3.7279108623106474,3.7,0.02791086231064721,TRUE
Piauí,202001,PIT_por_Instrucao_SIDRA,Instrucao_sidraFundamental completo ou equivalente,4095,4087,11628,220182.83163396,11045.770448377498,5.016635659741351,5,0.016635659741351283,TRUE
Piauí,202002,PIT_por_Instrucao_SIDRA,Instrucao_sidraFundamental completo ou equivalente,4095,4087,11628,202181.13553237,10672.272129221368,5.278569685109269,NA,NA,NA
Piauí,202003,PIT_por_Instrucao_SIDRA,Instrucao_sidraFundamental completo ou equivalente,4095,4087,11628,209009.39085754,16362.803284467345,7.828740717023652,NA,NA,NA
Piauí,202004,PIT_por_Instrucao_SIDRA,Instrucao_sidraFundamental completo ou equivalente,4095,4087,11628,202222.17839586,13928.24337640094,6.887594371145439,NA,NA,NA
Piauí,202101,PIT_por_Instrucao_SIDRA,Instrucao_sidraFundamental completo ou equivalente,4095,4087,11628,199476.24980909,11717.647693783965,5.874206931902125,NA,NA,NA
Piauí,202102,PIT_por_Instrucao_SIDRA,Instrucao_sidraFundamental completo ou equivalente,4095,4087,11628,180942.55056069,9795.93113685916,5.413835002604047,NA,NA,NA
Piauí,202103,PIT_por_Instrucao_SIDRA,Instrucao_sidraFundamental completo ou equivalente,4095,4087,11628,192550.3970156,8725.532911756705,4.53155799572295,NA,NA,NA
Piauí,202104,PIT_por_Instrucao_SIDRA,Instrucao_sidraFundamental completo ou equivalente,4095,4087,11628,199604.73015896,9073.396499891942,4.545682105161599,NA,NA,NA
Piauí,202201,PIT_por_Instrucao_SIDRA,Instrucao_sidraFundamental completo ou equivalente,4095,4087,11628,219984.2758745,10664.818008370612,4.847991051167148,NA,NA,NA
Piauí,202202,PIT_por_Instrucao_SIDRA,Instrucao_sidraFundamental completo ou equivalente,4095,4087,11628,205522.3993613,8791.85084598168,4.2778066397161725,4.3,-0.022193360283827346,TRUE
Piauí,202203,PIT_por_Instrucao_SIDRA,Instrucao_sidraFundamental completo ou equivalente,4095,4087,11628,196534.71466139,9182.962733766668,4.672438021744917,4.7,-0.027561978255083552,TRUE
Piauí,202204,PIT_por_Instrucao_SIDRA,Instrucao_sidraFundamental completo ou equivalente,4095,4087,11628,182620.42097165,9565.59906411351,5.237967919041472,5.2,0.037967919041471454,TRUE
Piauí,202301,PIT_por_Instrucao_SIDRA,Instrucao_sidraFundamental completo ou equivalente,4095,4087,11628,197943.79016468,9425.45761120138,4.761683912064046,4.7,0.061683912064046,FALSE
Piauí,202302,PIT_por_Instrucao_SIDRA,Instrucao_sidraFundamental completo ou equivalente,4095,4087,11628,204347.09435921,9346.56678002066,4.573868206606779,4.6,-0.026131793393220804,TRUE
Piauí,202303,PIT_por_Instrucao_SIDRA,Instrucao_sidraFundamental completo ou equivalente,4095,4087,11628,208035.83167213,9561.237680239368,4.59595714997219,4.6,-0.004042850027810019,TRUE
Piauí,202304,PIT_por_Instrucao_SIDRA,Instrucao_sidraFundamental completo ou equivalente,4095,4087,11628,217858.51150984,10268.311955334122,4.713293909965199,4.7,0.013293909965199191,TRUE
Piauí,202401,PIT_por_Instrucao_SIDRA,Instrucao_sidraFundamental completo ou equivalente,4095,4087,11628,226051.96297975,10643.76629968722,4.708548494507301,4.7,0.008548494507301108,TRUE
Piauí,202402,PIT_por_Instrucao_SIDRA,Instrucao_sidraFundamental completo ou equivalente,4095,4087,11628,214632.75159969,9007.344818484431,4.196631106553563,4.2,-0.0033688934464368714,TRUE
Piauí,202403,PIT_por_Instrucao_SIDRA,Instrucao_sidraFundamental completo ou equivalente,4095,4087,11628,212720.50159859,8998.08480705212,4.230003567795162,4.2,0.03000356779516178,TRUE
Piauí,202404,PIT_por_Instrucao_SIDRA,Instrucao_sidraFundamental completo ou equivalente,4095,4087,11628,224475.73843871,9408.872081020587,4.19148730569364,4.2,-0.00851269430636048,TRUE
Piauí,202501,PIT_por_Instrucao_SIDRA,Instrucao_sidraFundamental completo ou equivalente,4095,4087,11628,229082.78206918,9868.071398548027,4.30764429758322,4.3,0.007644297583220272,TRUE
Piauí,202502,PIT_por_Instrucao_SIDRA,Instrucao_sidraFundamental completo ou equivalente,4095,4087,11628,208997.44057268,10422.691898520265,4.986994993795494,5,-0.013005006204505953,TRUE
Piauí,202503,PIT_por_Instrucao_SIDRA,Instrucao_sidraFundamental completo ou equivalente,4095,4087,11628,218219.93485321,11166.704779594253,5.11717904558342,5.1,0.017179045583420205,TRUE
Piauí,202504,PIT_por_Instrucao_SIDRA,Instrucao_sidraFundamental completo ou equivalente,4095,4087,11628,209006.62231872,9583.338289364998,4.585184040126298,4.6,-0.014815959873701878,TRUE
Piauí,202601,PIT_por_Instrucao_SIDRA,Instrucao_sidraFundamental completo ou equivalente,4095,4087,11628,201841.39215456,8661.774973968315,4.291376947764789,4.3,-0.00862305223521087,TRUE
Piauí,202602,PIT_por_Instrucao_SIDRA,Instrucao_sidraFundamental completo ou equivalente,4095,4087,11628,207297.15227297,9046.772691922872,4.364156763721497,4.4,-0.03584323627850328,TRUE
Piauí,201602,PIT_por_Instrucao_SIDRA,Instrucao_sidraFundamental incompleto ou equivalente,4095,4087,11779,999815.80645239,20453.347442232964,2.0457115510912787,2,0.04571155109127867,TRUE
Piauí,201603,PIT_por_Instrucao_SIDRA,Instrucao_sidraFundamental incompleto ou equivalente,4095,4087,11779,999738.5767066,30879.841422587248,3.088791624337785,3.1,-0.011208375662214998,TRUE
Piauí,201604,PIT_por_Instrucao_SIDRA,Instrucao_sidraFundamental incompleto ou equivalente,4095,4087,11779,1000686.87429731,29043.54969306484,2.902361411851179,2.9,0.002361411851178996,TRUE
Piauí,201701,PIT_por_Instrucao_SIDRA,Instrucao_sidraFundamental incompleto ou equivalente,4095,4087,11779,998214.94542753,26306.98917743273,2.63540325637637,2.6,0.035403256376369985,TRUE
Piauí,201702,PIT_por_Instrucao_SIDRA,Instrucao_sidraFundamental incompleto ou equivalente,4095,4087,11779,988407.96253601,26460.953473174293,2.677128723779404,2.7,-0.022871276220596037,TRUE
Piauí,201703,PIT_por_Instrucao_SIDRA,Instrucao_sidraFundamental incompleto ou equivalente,4095,4087,11779,983753.22088514,24988.665144225513,2.5401355353878037,2.5,0.04013553538780368,TRUE
Piauí,201704,PIT_por_Instrucao_SIDRA,Instrucao_sidraFundamental incompleto ou equivalente,4095,4087,11779,974192.5609959,23595.026292963998,2.4220084650249447,2.4,0.0220084650249448,TRUE
Piauí,201801,PIT_por_Instrucao_SIDRA,Instrucao_sidraFundamental incompleto ou equivalente,4095,4087,11779,943715.62118302,22503.288552661634,2.384541279972884,2.4,-0.015458720027115902,TRUE
Piauí,201802,PIT_por_Instrucao_SIDRA,Instrucao_sidraFundamental incompleto ou equivalente,4095,4087,11779,985128.62822601,21958.82052896459,2.2290307985980844,2.2,0.029030798598084218,TRUE
Piauí,201803,PIT_por_Instrucao_SIDRA,Instrucao_sidraFundamental incompleto ou equivalente,4095,4087,11779,981693.00086184,21962.185747908523,2.2371745269272223,2.2,0.03717452692722212,TRUE
Piauí,201804,PIT_por_Instrucao_SIDRA,Instrucao_sidraFundamental incompleto ou equivalente,4095,4087,11779,992397.72252215,21260.17757567824,2.142304148143963,2.1,0.042304148143962994,TRUE
Piauí,201901,PIT_por_Instrucao_SIDRA,Instrucao_sidraFundamental incompleto ou equivalente,4095,4087,11779,968276.62082601,21164.005370538645,2.185739582608554,2.2,-0.014260417391446012,TRUE
Piauí,201902,PIT_por_Instrucao_SIDRA,Instrucao_sidraFundamental incompleto ou equivalente,4095,4087,11779,983286.84580089,25717.163180691266,2.61542837581078,2.6,0.015428375810779826,TRUE
Piauí,201903,PIT_por_Instrucao_SIDRA,Instrucao_sidraFundamental incompleto ou equivalente,4095,4087,11779,999683.22825669,27422.68754059854,2.7431377025720374,2.7,0.043137702572037195,TRUE
Piauí,201904,PIT_por_Instrucao_SIDRA,Instrucao_sidraFundamental incompleto ou equivalente,4095,4087,11779,1004603.40814103,27587.62728766109,2.7461212120224294,2.7,0.04612121202242925,TRUE
Piauí,202001,PIT_por_Instrucao_SIDRA,Instrucao_sidraFundamental incompleto ou equivalente,4095,4087,11779,950533.54156715,27672.742516150156,2.9112852209850426,2.9,0.011285220985042699,TRUE
Piauí,202002,PIT_por_Instrucao_SIDRA,Instrucao_sidraFundamental incompleto ou equivalente,4095,4087,11779,994228.55738,27974.160699664066,2.813654917877417,NA,NA,NA
Piauí,202003,PIT_por_Instrucao_SIDRA,Instrucao_sidraFundamental incompleto ou equivalente,4095,4087,11779,957402.43147156,27371.150797776834,2.858897146908897,NA,NA,NA
Piauí,202004,PIT_por_Instrucao_SIDRA,Instrucao_sidraFundamental incompleto ou equivalente,4095,4087,11779,933449.68604185,28818.857739872077,3.0873498776430055,NA,NA,NA
Piauí,202101,PIT_por_Instrucao_SIDRA,Instrucao_sidraFundamental incompleto ou equivalente,4095,4087,11779,951966.24174482,28906.398597490068,3.0364940824486286,NA,NA,NA
Piauí,202102,PIT_por_Instrucao_SIDRA,Instrucao_sidraFundamental incompleto ou equivalente,4095,4087,11779,922226.89365636,29111.692306150235,3.156673537325602,NA,NA,NA
Piauí,202103,PIT_por_Instrucao_SIDRA,Instrucao_sidraFundamental incompleto ou equivalente,4095,4087,11779,901189.42354493,23575.25698086502,2.6160157193289173,NA,NA,NA
Piauí,202104,PIT_por_Instrucao_SIDRA,Instrucao_sidraFundamental incompleto ou equivalente,4095,4087,11779,916837.49731926,21658.190981207674,2.3622715088043442,NA,NA,NA
Piauí,202201,PIT_por_Instrucao_SIDRA,Instrucao_sidraFundamental incompleto ou equivalente,4095,4087,11779,877499.975298,21279.846103616692,2.4250537552881446,NA,NA,NA
Piauí,202202,PIT_por_Instrucao_SIDRA,Instrucao_sidraFundamental incompleto ou equivalente,4095,4087,11779,891441.09837672,21921.695979303557,2.4591300557291023,2.5,-0.04086994427089774,TRUE
Piauí,202203,PIT_por_Instrucao_SIDRA,Instrucao_sidraFundamental incompleto ou equivalente,4095,4087,11779,862609.66635669,23765.547080390657,2.7550754422642396,2.7,0.05507544226423944,FALSE
Piauí,202204,PIT_por_Instrucao_SIDRA,Instrucao_sidraFundamental incompleto ou equivalente,4095,4087,11779,881720.2545651,24311.01238352716,2.7572251241430688,2.8,-0.04277487585693107,TRUE
Piauí,202301,PIT_por_Instrucao_SIDRA,Instrucao_sidraFundamental incompleto ou equivalente,4095,4087,11779,836485.24324076,24623.92471558275,2.9437368936938206,2.9,0.04373689369382072,TRUE
Piauí,202302,PIT_por_Instrucao_SIDRA,Instrucao_sidraFundamental incompleto ou equivalente,4095,4087,11779,848732.08569501,22381.795047186173,2.637086004455477,2.6,0.03708600445547683,TRUE
Piauí,202303,PIT_por_Instrucao_SIDRA,Instrucao_sidraFundamental incompleto ou equivalente,4095,4087,11779,858759.87973352,20844.72858089958,2.4273058246931454,2.4,0.027305824693145464,TRUE
Piauí,202304,PIT_por_Instrucao_SIDRA,Instrucao_sidraFundamental incompleto ou equivalente,4095,4087,11779,871317.85853678,21046.995595955686,2.4155358908057147,2.4,0.015535890805714825,TRUE
Piauí,202401,PIT_por_Instrucao_SIDRA,Instrucao_sidraFundamental incompleto ou equivalente,4095,4087,11779,875265.43751659,21994.946691382185,2.5129458731729355,2.5,0.012945873172935496,TRUE
Piauí,202402,PIT_por_Instrucao_SIDRA,Instrucao_sidraFundamental incompleto ou equivalente,4095,4087,11779,882942.79871122,21251.616870085145,2.406907548383076,2.4,0.0069075483830762785,TRUE
Piauí,202403,PIT_por_Instrucao_SIDRA,Instrucao_sidraFundamental incompleto ou equivalente,4095,4087,11779,891481.63164506,19636.749086577835,2.2027093312446544,2.2,0.002709331244654223,TRUE
Piauí,202404,PIT_por_Instrucao_SIDRA,Instrucao_sidraFundamental incompleto ou equivalente,4095,4087,11779,864588.97175368,22767.952596052353,2.6333845723096854,2.6,0.03338457230968528,TRUE
Piauí,202501,PIT_por_Instrucao_SIDRA,Instrucao_sidraFundamental incompleto ou equivalente,4095,4087,11779,827945.56855796,20916.99534157298,2.5263732467346003,2.5,0.026373246734600286,TRUE
Piauí,202502,PIT_por_Instrucao_SIDRA,Instrucao_sidraFundamental incompleto ou equivalente,4095,4087,11779,839187.31735842,19435.18329217332,2.3159529332915887,2.3,0.015952933291588867,TRUE
Piauí,202503,PIT_por_Instrucao_SIDRA,Instrucao_sidraFundamental incompleto ou equivalente,4095,4087,11779,838496.06791179,20124.916960034407,2.400120612390463,2.4,1.2061239046312622e-4,TRUE
Piauí,202504,PIT_por_Instrucao_SIDRA,Instrucao_sidraFundamental incompleto ou equivalente,4095,4087,11779,818917.67334183,19416.911788636124,2.3710456399603403,2.4,-0.028954360039659566,TRUE
Piauí,202601,PIT_por_Instrucao_SIDRA,Instrucao_sidraFundamental incompleto ou equivalente,4095,4087,11779,814567.35095542,20013.625256121544,2.45696383885841,2.5,-0.043036161141590146,TRUE
Piauí,202602,PIT_por_Instrucao_SIDRA,Instrucao_sidraFundamental incompleto ou equivalente,4095,4087,11779,847531.01864846,20776.923996772908,2.4514647298579626,2.4,0.05146472985796269,FALSE
Piauí,201602,PIT_por_Instrucao_SIDRA,Instrucao_sidraMédio completo ou equivalente,4095,4087,11630,511282.79034369,17874.931450079417,3.4960948789345494,3.5,-0.0039051210654506008,TRUE
Piauí,201603,PIT_por_Instrucao_SIDRA,Instrucao_sidraMédio completo ou equivalente,4095,4087,11630,514350.09941326,19426.296780245622,3.7768626471358684,3.8,-0.023137352864131433,TRUE
Piauí,201604,PIT_por_Instrucao_SIDRA,Instrucao_sidraMédio completo ou equivalente,4095,4087,11630,519643.74808701,19177.30049781107,3.6904707443146205,3.7,-0.009529255685379656,TRUE
Piauí,201701,PIT_por_Instrucao_SIDRA,Instrucao_sidraMédio completo ou equivalente,4095,4087,11630,529796.1055595,20440.57992244635,3.8581974665253034,3.8,0.058197466525303554,FALSE
Piauí,201702,PIT_por_Instrucao_SIDRA,Instrucao_sidraMédio completo ou equivalente,4095,4087,11630,550153.8829702,18866.063694288066,3.429233943134775,3.4,0.02923394313477523,TRUE
Piauí,201703,PIT_por_Instrucao_SIDRA,Instrucao_sidraMédio completo ou equivalente,4095,4087,11630,541591.95888177,19638.19282680289,3.6260126290187262,3.6,0.02601262901872614,TRUE
Piauí,201704,PIT_por_Instrucao_SIDRA,Instrucao_sidraMédio completo ou equivalente,4095,4087,11630,547147.69604752,19449.15594553841,3.554644584274963,3.5,0.054644584274963215,FALSE
Piauí,201801,PIT_por_Instrucao_SIDRA,Instrucao_sidraMédio completo ou equivalente,4095,4087,11630,551725.30226561,16043.01433605121,2.9077902119355454,2.9,0.007790211935545521,TRUE
Piauí,201802,PIT_por_Instrucao_SIDRA,Instrucao_sidraMédio completo ou equivalente,4095,4087,11630,554094.81636664,16187.864502710005,2.921497192278122,2.9,0.021497192278121968,TRUE
Piauí,201803,PIT_por_Instrucao_SIDRA,Instrucao_sidraMédio completo ou equivalente,4095,4087,11630,557927.89890669,13633.708061735559,2.4436326070899193,2.4,0.04363260708991934,TRUE
Piauí,201804,PIT_por_Instrucao_SIDRA,Instrucao_sidraMédio completo ou equivalente,4095,4087,11630,553175.84916347,17093.257557695488,3.090022383215835,3.1,-0.0099776167841652,TRUE
Piauí,201901,PIT_por_Instrucao_SIDRA,Instrucao_sidraMédio completo ou equivalente,4095,4087,11630,574958.54797361,16139.78754019498,2.807121938977726,2.8,0.007121938977726394,TRUE
Piauí,201902,PIT_por_Instrucao_SIDRA,Instrucao_sidraMédio completo ou equivalente,4095,4087,11630,568035.31771984,17923.095550248276,3.1552783763857626,3.1,0.055278376385762495,FALSE
Piauí,201903,PIT_por_Instrucao_SIDRA,Instrucao_sidraMédio completo ou equivalente,4095,4087,11630,571943.94927884,20167.122002199343,3.526066151696844,3.5,0.02606615169684412,TRUE
Piauí,201904,PIT_por_Instrucao_SIDRA,Instrucao_sidraMédio completo ou equivalente,4095,4087,11630,581870.93675009,18147.222375648147,3.1187710589233757,3.1,0.018771058923375605,TRUE
Piauí,202001,PIT_por_Instrucao_SIDRA,Instrucao_sidraMédio completo ou equivalente,4095,4087,11630,576647.91469294,23845.712912651838,4.135229193597183,4.1,0.035229193597183794,TRUE
Piauí,202002,PIT_por_Instrucao_SIDRA,Instrucao_sidraMédio completo ou equivalente,4095,4087,11630,624468.62275589,23063.85242975438,3.693356493712933,NA,NA,NA
Piauí,202003,PIT_por_Instrucao_SIDRA,Instrucao_sidraMédio completo ou equivalente,4095,4087,11630,633059.30288059,20382.56742834764,3.219693216038605,NA,NA,NA
Piauí,202004,PIT_por_Instrucao_SIDRA,Instrucao_sidraMédio completo ou equivalente,4095,4087,11630,630374.92515936,25400.56869060562,4.029438303591201,NA,NA,NA
Piauí,202101,PIT_por_Instrucao_SIDRA,Instrucao_sidraMédio completo ou equivalente,4095,4087,11630,622125.64947424,21349.413968910525,3.4316884357610022,NA,NA,NA
Piauí,202102,PIT_por_Instrucao_SIDRA,Instrucao_sidraMédio completo ou equivalente,4095,4087,11630,654450.82985733,22548.889633211093,3.4454673452131983,NA,NA,NA
Piauí,202103,PIT_por_Instrucao_SIDRA,Instrucao_sidraMédio completo ou equivalente,4095,4087,11630,650741.94752927,21865.766018315593,3.3601285580767146,NA,NA,NA
Piauí,202104,PIT_por_Instrucao_SIDRA,Instrucao_sidraMédio completo ou equivalente,4095,4087,11630,629335.46344497,18227.098742333255,2.8962452938149195,NA,NA,NA
Piauí,202201,PIT_por_Instrucao_SIDRA,Instrucao_sidraMédio completo ou equivalente,4095,4087,11630,646600.66964735,19051.468445038383,2.9464040696754736,NA,NA,NA
Piauí,202202,PIT_por_Instrucao_SIDRA,Instrucao_sidraMédio completo ou equivalente,4095,4087,11630,625294.19050373,18897.63212395823,3.0221985764387975,3,0.022198576438797524,TRUE
Piauí,202203,PIT_por_Instrucao_SIDRA,Instrucao_sidraMédio completo ou equivalente,4095,4087,11630,664565.90469245,17716.49228829127,2.665874394577941,2.7,-0.03412560542205911,TRUE
Piauí,202204,PIT_por_Instrucao_SIDRA,Instrucao_sidraMédio completo ou equivalente,4095,4087,11630,652693.83558495,17688.031379234304,2.710004356542165,2.7,0.010004356542165027,TRUE
Piauí,202301,PIT_por_Instrucao_SIDRA,Instrucao_sidraMédio completo ou equivalente,4095,4087,11630,683283.81726039,18361.30985644171,2.6872156770902222,2.7,-0.012784322909777934,TRUE
Piauí,202302,PIT_por_Instrucao_SIDRA,Instrucao_sidraMédio completo ou equivalente,4095,4087,11630,690336.95495309,16845.426227325785,2.4401744838461488,2.4,0.040174483846148856,TRUE
Piauí,202303,PIT_por_Instrucao_SIDRA,Instrucao_sidraMédio completo ou equivalente,4095,4087,11630,682515.2619821,17052.317677384937,2.4984522145135797,2.5,-0.0015477854864203167,TRUE
Piauí,202304,PIT_por_Instrucao_SIDRA,Instrucao_sidraMédio completo ou equivalente,4095,4087,11630,679909.69498591,17221.19513987104,2.532865065297815,2.5,0.032865065297814855,TRUE
Piauí,202401,PIT_por_Instrucao_SIDRA,Instrucao_sidraMédio completo ou equivalente,4095,4087,11630,696818.25485094,16760.240963682456,2.4052528542421334,2.4,0.005252854242133509,TRUE
Piauí,202402,PIT_por_Instrucao_SIDRA,Instrucao_sidraMédio completo ou equivalente,4095,4087,11630,688983.84576659,20146.39331067196,2.924073392207956,2.9,0.0240733922079559,TRUE
Piauí,202403,PIT_por_Instrucao_SIDRA,Instrucao_sidraMédio completo ou equivalente,4095,4087,11630,698863.26289814,17957.869021458373,2.569582631513391,2.6,-0.030417368486609142,TRUE
Piauí,202404,PIT_por_Instrucao_SIDRA,Instrucao_sidraMédio completo ou equivalente,4095,4087,11630,714977.42531494,21389.1463806533,2.991583457510089,3,-0.008416542489911194,TRUE
Piauí,202501,PIT_por_Instrucao_SIDRA,Instrucao_sidraMédio completo ou equivalente,4095,4087,11630,740505.34113399,19034.53824248884,2.5704795340624904,2.6,-0.029520465937509677,TRUE
Piauí,202502,PIT_por_Instrucao_SIDRA,Instrucao_sidraMédio completo ou equivalente,4095,4087,11630,735883.30369406,17287.364067297076,2.3491991162887174,2.3,0.04919911628871754,TRUE
Piauí,202503,PIT_por_Instrucao_SIDRA,Instrucao_sidraMédio completo ou equivalente,4095,4087,11630,722171.67702123,19563.29802743079,2.7089539301962513,2.7,0.008953930196251125,TRUE
Piauí,202504,PIT_por_Instrucao_SIDRA,Instrucao_sidraMédio completo ou equivalente,4095,4087,11630,732639.26193416,17765.61504338395,2.4248789228798513,2.4,0.024878922879851384,TRUE
Piauí,202601,PIT_por_Instrucao_SIDRA,Instrucao_sidraMédio completo ou equivalente,4095,4087,11630,741203.44285419,16882.420288884572,2.27770397610062,2.3,-0.02229602389937968,TRUE
Piauí,202602,PIT_por_Instrucao_SIDRA,Instrucao_sidraMédio completo ou equivalente,4095,4087,11630,722703.76996886,16699.946773228523,2.310759604028092,2.3,0.010759604028092173,TRUE
Piauí,201602,PIT_por_Instrucao_SIDRA,Instrucao_sidraMédio incompleto ou equivalente,4095,4087,11629,218755.61032743,8662.276563799038,3.9597963000050496,3.9,0.05979630000504965,FALSE
Piauí,201603,PIT_por_Instrucao_SIDRA,Instrucao_sidraMédio incompleto ou equivalente,4095,4087,11629,215913.43544357,9641.239736700656,4.4653264475616385,4.5,-0.034673552438361455,TRUE
Piauí,201604,PIT_por_Instrucao_SIDRA,Instrucao_sidraMédio incompleto ou equivalente,4095,4087,11629,210088.05822541,7786.22353663279,3.7061714037447615,3.7,0.006171403744761328,TRUE
Piauí,201701,PIT_por_Instrucao_SIDRA,Instrucao_sidraMédio incompleto ou equivalente,4095,4087,11629,196442.89541434,9631.104113840058,4.902750029990142,4.9,0.0027500299901417335,TRUE
Piauí,201702,PIT_por_Instrucao_SIDRA,Instrucao_sidraMédio incompleto ou equivalente,4095,4087,11629,209405.6431468,9227.437002234607,4.406489177450619,4.4,0.006489177450618833,TRUE
Piauí,201703,PIT_por_Instrucao_SIDRA,Instrucao_sidraMédio incompleto ou equivalente,4095,4087,11629,219792.72798221,9034.281081326842,4.110363961658494,4.1,0.01036396165849407,TRUE
Piauí,201704,PIT_por_Instrucao_SIDRA,Instrucao_sidraMédio incompleto ou equivalente,4095,4087,11629,226010.76871213,9080.117157002338,4.017559521054364,4,0.017559521054364424,TRUE
Piauí,201801,PIT_por_Instrucao_SIDRA,Instrucao_sidraMédio incompleto ou equivalente,4095,4087,11629,221816.93437528,9209.574149744956,4.151880547660883,4.1,0.05188054766088346,FALSE
Piauí,201802,PIT_por_Instrucao_SIDRA,Instrucao_sidraMédio incompleto ou equivalente,4095,4087,11629,213348.40730715,8587.427759192926,4.02507235351887,4,0.02507235351886994,TRUE
Piauí,201803,PIT_por_Instrucao_SIDRA,Instrucao_sidraMédio incompleto ou equivalente,4095,4087,11629,215761.24721862,9721.867056181954,4.50584485467461,4.5,0.005844854674609934,TRUE
Piauí,201804,PIT_por_Instrucao_SIDRA,Instrucao_sidraMédio incompleto ou equivalente,4095,4087,11629,217013.21272121,8957.138482284457,4.127462272903821,4.1,0.027462272903821194,TRUE
Piauí,201901,PIT_por_Instrucao_SIDRA,Instrucao_sidraMédio incompleto ou equivalente,4095,4087,11629,221534.41533465,8686.179437471323,3.9209164970372554,3.9,0.02091649703725551,TRUE
Piauí,201902,PIT_por_Instrucao_SIDRA,Instrucao_sidraMédio incompleto ou equivalente,4095,4087,11629,213092.3340628,9757.615571025968,4.579055184664842,4.6,-0.020944815335157685,TRUE
Piauí,201903,PIT_por_Instrucao_SIDRA,Instrucao_sidraMédio incompleto ou equivalente,4095,4087,11629,223530.60542304,8477.860528619616,3.792706825347227,3.8,-0.007293174652772905,TRUE
Piauí,201904,PIT_por_Instrucao_SIDRA,Instrucao_sidraMédio incompleto ou equivalente,4095,4087,11629,215004.06147984,8709.407082748428,4.050810492975303,4,0.0508104929753026,FALSE
Piauí,202001,PIT_por_Instrucao_SIDRA,Instrucao_sidraMédio incompleto ou equivalente,4095,4087,11629,198673.73603434,13584.23896688638,6.83746087330758,6.8,0.0374608733075803,TRUE
Piauí,202002,PIT_por_Instrucao_SIDRA,Instrucao_sidraMédio incompleto ou equivalente,4095,4087,11629,197633.42431725,12059.261610522646,6.101833053888992,NA,NA,NA
Piauí,202003,PIT_por_Instrucao_SIDRA,Instrucao_sidraMédio incompleto ou equivalente,4095,4087,11629,202327.70023036998,11250.26517927398,5.560417662269895,NA,NA,NA
Piauí,202004,PIT_por_Instrucao_SIDRA,Instrucao_sidraMédio incompleto ou equivalente,4095,4087,11629,188032.23846044,12630.528723703741,6.717214466582586,NA,NA,NA
Piauí,202101,PIT_por_Instrucao_SIDRA,Instrucao_sidraMédio incompleto ou equivalente,4095,4087,11629,197542.2725864,14533.760773429387,7.357291471410346,NA,NA,NA
Piauí,202102,PIT_por_Instrucao_SIDRA,Instrucao_sidraMédio incompleto ou equivalente,4095,4087,11629,197108.69737877,13225.011946326691,6.709501976421218,NA,NA,NA
Piauí,202103,PIT_por_Instrucao_SIDRA,Instrucao_sidraMédio incompleto ou equivalente,4095,4087,11629,219145.27569754,9974.32134578756,4.551465375668843,NA,NA,NA
Piauí,202104,PIT_por_Instrucao_SIDRA,Instrucao_sidraMédio incompleto ou equivalente,4095,4087,11629,216751.57387670001,11587.17854967492,5.345833639144106,NA,NA,NA
Piauí,202201,PIT_por_Instrucao_SIDRA,Instrucao_sidraMédio incompleto ou equivalente,4095,4087,11629,212557.59499692,9352.063357921937,4.3997784967681115,NA,NA,NA
Piauí,202202,PIT_por_Instrucao_SIDRA,Instrucao_sidraMédio incompleto ou equivalente,4095,4087,11629,224407.68816934,10978.063191371382,4.892017417463541,4.9,-0.007982582536459226,TRUE
Piauí,202203,PIT_por_Instrucao_SIDRA,Instrucao_sidraMédio incompleto ou equivalente,4095,4087,11629,205251.53313262,8866.01234254999,4.319583979341756,4.3,0.01958397934175604,TRUE
Piauí,202204,PIT_por_Instrucao_SIDRA,Instrucao_sidraMédio incompleto ou equivalente,4095,4087,11629,219552.73032805,9761.14364092087,4.445922228494277,4.4,0.04592222849427685,TRUE
Piauí,202301,PIT_por_Instrucao_SIDRA,Instrucao_sidraMédio incompleto ou equivalente,4095,4087,11629,216909.43537728,9055.203734261566,4.174647229389287,4.2,-0.025352770610712838,TRUE
Piauí,202302,PIT_por_Instrucao_SIDRA,Instrucao_sidraMédio incompleto ou equivalente,4095,4087,11629,216024.14044963,11103.209240736507,5.13980021752496,5.1,0.039800217524960324,TRUE
Piauí,202303,PIT_por_Instrucao_SIDRA,Instrucao_sidraMédio incompleto ou equivalente,4095,4087,11629,226323.97183459,13025.893849933502,5.755419430096226,5.7,0.05541943009622585,FALSE
Piauí,202304,PIT_por_Instrucao_SIDRA,Instrucao_sidraMédio incompleto ou equivalente,4095,4087,11629,239248.23502424,13829.944218994495,5.780583592432054,5.8,-0.01941640756794616,TRUE
Piauí,202401,PIT_por_Instrucao_SIDRA,Instrucao_sidraMédio incompleto ou equivalente,4095,4087,11629,237207.82390359,11042.429830960373,4.655171001209649,4.6,0.055171001209649795,FALSE
Piauí,202402,PIT_por_Instrucao_SIDRA,Instrucao_sidraMédio incompleto ou equivalente,4095,4087,11629,239139.18940065,10512.302889957005,4.3958930011863755,4.4,-0.0041069988136248625,TRUE
Piauí,202403,PIT_por_Instrucao_SIDRA,Instrucao_sidraMédio incompleto ou equivalente,4095,4087,11629,245273.35103789,10083.908090142722,4.111293806470216,4.1,0.011293806470216161,TRUE
Piauí,202404,PIT_por_Instrucao_SIDRA,Instrucao_sidraMédio incompleto ou equivalente,4095,4087,11629,238389.445635,10746.48404875579,4.507952950740034,4.5,0.00795295074003377,TRUE
Piauí,202501,PIT_por_Instrucao_SIDRA,Instrucao_sidraMédio incompleto ou equivalente,4095,4087,11629,221410.70684875,9141.28509624921,4.128655396278465,4.1,0.028655396278465695,TRUE
Piauí,202502,PIT_por_Instrucao_SIDRA,Instrucao_sidraMédio incompleto ou equivalente,4095,4087,11629,233166.02796487,7153.685296065131,3.068065000079232,3.1,-0.03193499992076809,TRUE
Piauí,202503,PIT_por_Instrucao_SIDRA,Instrucao_sidraMédio incompleto ou equivalente,4095,4087,11629,238745.30664547,9791.864613140091,4.101385175156859,4.1,0.0013851751568596526,TRUE
Piauí,202504,PIT_por_Instrucao_SIDRA,Instrucao_sidraMédio incompleto ou equivalente,4095,4087,11629,242808.91104731,9595.455716487806,3.9518548454830738,3.9,0.05185484548307384,FALSE
Piauí,202601,PIT_por_Instrucao_SIDRA,Instrucao_sidraMédio incompleto ou equivalente,4095,4087,11629,238864.69126499,9398.082785543156,3.9344796988505846,3.9,0.03447969885058466,TRUE
Piauí,202602,PIT_por_Instrucao_SIDRA,Instrucao_sidraMédio incompleto ou equivalente,4095,4087,11629,230505.55909405,9051.800660962144,3.9269337783167577,3.9,0.026933778316757806,TRUE
Piauí,201602,PIT_por_Instrucao_SIDRA,Instrucao_sidraSem instrução e menos de 1 ano de estudo,4095,4087,120706,273206.42078754,13272.633362490356,4.858097157537842,4.8,0.05809715753784239,FALSE
Piauí,201603,PIT_por_Instrucao_SIDRA,Instrucao_sidraSem instrução e menos de 1 ano de estudo,4095,4087,120706,312209.46863745,12423.753093167028,3.9793005469651472,4,-0.020699453034852766,TRUE
Piauí,201604,PIT_por_Instrucao_SIDRA,Instrucao_sidraSem instrução e menos de 1 ano de estudo,4095,4087,120706,291282.45568349,14566.193718950753,5.000710971339277,5,7.109713392772221e-4,TRUE
Piauí,201701,PIT_por_Instrucao_SIDRA,Instrucao_sidraSem instrução e menos de 1 ano de estudo,4095,4087,120706,253758.25412772,12086.33007501276,4.762930812461196,4.8,-0.03706918753880384,TRUE
Piauí,201702,PIT_por_Instrucao_SIDRA,Instrucao_sidraSem instrução e menos de 1 ano de estudo,4095,4087,120706,250065.34373848,13675.20558055387,5.46865286333139,5.5,-0.03134713666861,TRUE
Piauí,201703,PIT_por_Instrucao_SIDRA,Instrucao_sidraSem instrução e menos de 1 ano de estudo,4095,4087,120706,255716.2452131,13386.310687720626,5.234829987654951,5.2,0.034829987654950934,TRUE
Piauí,201704,PIT_por_Instrucao_SIDRA,Instrucao_sidraSem instrução e menos de 1 ano de estudo,4095,4087,120706,236988.00305286,13400.29674848118,5.654419876052651,5.6,0.054419876052651084,FALSE
Piauí,201801,PIT_por_Instrucao_SIDRA,Instrucao_sidraSem instrução e menos de 1 ano de estudo,4095,4087,120706,263989.10283709,13424.371234792827,5.085199006520026,5.1,-0.01480099347997399,TRUE
Piauí,201802,PIT_por_Instrucao_SIDRA,Instrucao_sidraSem instrução e menos de 1 ano de estudo,4095,4087,120706,240092.1814916,12510.590997888994,5.210744856482007,5.2,0.01074485648200696,TRUE
Piauí,201803,PIT_por_Instrucao_SIDRA,Instrucao_sidraSem instrução e menos de 1 ano de estudo,4095,4087,120706,239195.26268098,11526.254101809523,4.818763537630067,4.8,0.01876353763006744,TRUE
Piauí,201804,PIT_por_Instrucao_SIDRA,Instrucao_sidraSem instrução e menos de 1 ano de estudo,4095,4087,120706,239130.9652043,11694.349332272079,4.890353418797556,4.9,-0.009646581202444438,TRUE
Piauí,201901,PIT_por_Instrucao_SIDRA,Instrucao_sidraSem instrução e menos de 1 ano de estudo,4095,4087,120706,231912.70984026,11350.535059722655,4.894313497324416,4.9,-0.0056865026755845705,TRUE
Piauí,201902,PIT_por_Instrucao_SIDRA,Instrucao_sidraSem instrução e menos de 1 ano de estudo,4095,4087,120706,227433.94224565,12106.69681350239,5.32317062878241,5.3,0.023170628782410496,TRUE
Piauí,201903,PIT_por_Instrucao_SIDRA,Instrucao_sidraSem instrução e menos de 1 ano de estudo,4095,4087,120706,229337.58274021,11629.049708820894,5.070712601865216,5.1,-0.02928739813478387,TRUE
Piauí,201904,PIT_por_Instrucao_SIDRA,Instrucao_sidraSem instrução e menos de 1 ano de estudo,4095,4087,120706,239705.55044647,11707.502698475279,4.884118317940137,4.9,-0.015881682059863067,TRUE
Piauí,202001,PIT_por_Instrucao_SIDRA,Instrucao_sidraSem instrução e menos de 1 ano de estudo,4095,4087,120706,247519.07385397,15498.296103806517,6.261455273927745,6.2,0.06145527392774497,FALSE
Piauí,202002,PIT_por_Instrucao_SIDRA,Instrucao_sidraSem instrução e menos de 1 ano de estudo,4095,4087,120706,228072.33350693,11393.577817095533,4.9955983884162505,NA,NA,NA
Piauí,202003,PIT_por_Instrucao_SIDRA,Instrucao_sidraSem instrução e menos de 1 ano de estudo,4095,4087,120706,229652.60629565,12036.753258578185,5.24128746141131,NA,NA,NA
Piauí,202004,PIT_por_Instrucao_SIDRA,Instrucao_sidraSem instrução e menos de 1 ano de estudo,4095,4087,120706,217446.02751886,13242.027609327934,6.089799735789332,NA,NA,NA
Piauí,202101,PIT_por_Instrucao_SIDRA,Instrucao_sidraSem instrução e menos de 1 ano de estudo,4095,4087,120706,236872.69128345,14135.687438176854,5.9676306971417,NA,NA,NA
Piauí,202102,PIT_por_Instrucao_SIDRA,Instrucao_sidraSem instrução e menos de 1 ano de estudo,4095,4087,120706,249450.48006955,12235.854502388642,4.905123653791778,NA,NA,NA
Piauí,202103,PIT_por_Instrucao_SIDRA,Instrucao_sidraSem instrução e menos de 1 ano de estudo,4095,4087,120706,277564.46203678,12918.880971687873,4.6543714122797155,NA,NA,NA
Piauí,202104,PIT_por_Instrucao_SIDRA,Instrucao_sidraSem instrução e menos de 1 ano de estudo,4095,4087,120706,277796.73605378,15196.300944348579,5.470294993461209,NA,NA,NA
Piauí,202201,PIT_por_Instrucao_SIDRA,Instrucao_sidraSem instrução e menos de 1 ano de estudo,4095,4087,120706,262258.38554403,13737.05267168851,5.237984151847921,NA,NA,NA
Piauí,202202,PIT_por_Instrucao_SIDRA,Instrucao_sidraSem instrução e menos de 1 ano de estudo,4095,4087,120706,283813.23480304,14091.14527989685,4.9649359338988495,5,-0.03506406610115054,TRUE
Piauí,202203,PIT_por_Instrucao_SIDRA,Instrucao_sidraSem instrução e menos de 1 ano de estudo,4095,4087,120706,268821.88059328,12687.10669249867,4.719521589722791,4.7,0.019521589722790722,TRUE
Piauí,202204,PIT_por_Instrucao_SIDRA,Instrucao_sidraSem instrução e menos de 1 ano de estudo,4095,4087,120706,263857.49704928,16489.023286713495,6.249215379934375,6.2,0.04921537993437486,TRUE
Piauí,202301,PIT_por_Instrucao_SIDRA,Instrucao_sidraSem instrução e menos de 1 ano de estudo,4095,4087,120706,261420.22768254,16465.360639706236,6.298426401686568,6.3,-0.0015735983134321785,TRUE
Piauí,202302,PIT_por_Instrucao_SIDRA,Instrucao_sidraSem instrução e menos de 1 ano de estudo,4095,4087,120706,268856.97631429,13254.727744010468,4.930029313621335,4.9,0.030029313621334985,TRUE
Piauí,202303,PIT_por_Instrucao_SIDRA,Instrucao_sidraSem instrução e menos de 1 ano de estudo,4095,4087,120706,258909.7394757,12419.220529463377,4.796737486435494,4.8,-0.003262513564505909,TRUE
Piauí,202304,PIT_por_Instrucao_SIDRA,Instrucao_sidraSem instrução e menos de 1 ano de estudo,4095,4087,120706,257264.91011628,15250.845469602482,5.928070587904632,5.9,0.02807058790463124,TRUE
Piauí,202401,PIT_por_Instrucao_SIDRA,Instrucao_sidraSem instrução e menos de 1 ano de estudo,4095,4087,120706,204155.76248065,9975.36247151921,4.886152783693618,4.9,-0.013847216306382748,TRUE
Piauí,202402,PIT_por_Instrucao_SIDRA,Instrucao_sidraSem instrução e menos de 1 ano de estudo,4095,4087,120706,206516.79548965,10213.266842825815,4.945489696666184,4.9,0.0454896966661833,TRUE
Piauí,202403,PIT_por_Instrucao_SIDRA,Instrucao_sidraSem instrução e menos de 1 ano de estudo,4095,4087,120706,198947.43159568,10053.850430675708,5.053521098532252,5,0.05352109853225162,FALSE
Piauí,202404,PIT_por_Instrucao_SIDRA,Instrucao_sidraSem instrução e menos de 1 ano de estudo,4095,4087,120706,208357.74258307,10875.597227026103,5.2196751088768005,5.2,0.01967510887680035,TRUE
Piauí,202501,PIT_por_Instrucao_SIDRA,Instrucao_sidraSem instrução e menos de 1 ano de estudo,4095,4087,120706,211560.25369922,11633.446360774726,5.4988808896562675,5.5,-0.0011191103437324657,TRUE
Piauí,202502,PIT_por_Instrucao_SIDRA,Instrucao_sidraSem instrução e menos de 1 ano de estudo,4095,4087,120706,210892.36776651,10075.789757052562,4.777692935861955,4.8,-0.02230706413804473,TRUE
Piauí,202503,PIT_por_Instrucao_SIDRA,Instrucao_sidraSem instrução e menos de 1 ano de estudo,4095,4087,120706,204793.66491114,11902.592083308671,5.811992323333443,5.8,0.011992323333442911,TRUE
Piauí,202504,PIT_por_Instrucao_SIDRA,Instrucao_sidraSem instrução e menos de 1 ano de estudo,4095,4087,120706,230565.31958774,11923.65482137636,5.17148669309692,5.2,-0.02851330690308007,TRUE
Piauí,202601,PIT_por_Instrucao_SIDRA,Instrucao_sidraSem instrução e menos de 1 ano de estudo,4095,4087,120706,229481.2687554,13115.113100406785,5.715112685029622,5.7,0.015112685029621709,TRUE
Piauí,202602,PIT_por_Instrucao_SIDRA,Instrucao_sidraSem instrução e menos de 1 ano de estudo,4095,4087,120706,223498.28815546,11653.333318390762,5.214059317664655,5.2,0.014059317664655069,TRUE
Piauí,201602,PIT_por_Instrucao_SIDRA,Instrucao_sidraSuperior completo,4095,4087,11632,217809.72032026,18557.843314656282,8.520208963754905,8.5,0.02020896375490544,TRUE
Piauí,201603,PIT_por_Instrucao_SIDRA,Instrucao_sidraSuperior completo,4095,4087,11632,222059.75664977,21059.435921123255,9.48367963599003,9.5,-0.016320364009969168,TRUE
Piauí,201604,PIT_por_Instrucao_SIDRA,Instrucao_sidraSuperior completo,4095,4087,11632,218634.02483645,17782.67542054675,8.133535223462655,8.1,0.03353522346265514,TRUE
Piauí,201701,PIT_por_Instrucao_SIDRA,Instrucao_sidraSuperior completo,4095,4087,11632,233788.23890969,17908.74567112453,7.660242343517757,7.6,0.060242343517757035,FALSE
Piauí,201702,PIT_por_Instrucao_SIDRA,Instrucao_sidraSuperior completo,4095,4087,11632,234779.62182229,17101.98574184468,7.284271781811438,7.3,-0.015728218188561627,TRUE
Piauí,201703,PIT_por_Instrucao_SIDRA,Instrucao_sidraSuperior completo,4095,4087,11632,232671.81061983,16509.969888238647,7.095818717470172,7.1,-0.004181282529827968,TRUE
Piauí,201704,PIT_por_Instrucao_SIDRA,Instrucao_sidraSuperior completo,4095,4087,11632,239877.7965785,16556.697816029682,6.902138527277785,6.9,0.002138527277784519,TRUE
Piauí,201801,PIT_por_Instrucao_SIDRA,Instrucao_sidraSuperior completo,4095,4087,11632,240699.45380173,17235.085571546853,7.160417399926388,7.1,0.06041739992638817,FALSE
Piauí,201802,PIT_por_Instrucao_SIDRA,Instrucao_sidraSuperior completo,4095,4087,11632,239279.5355115,16161.042419178817,6.7540428748458945,6.7,0.05404287484589432,FALSE
Piauí,201803,PIT_por_Instrucao_SIDRA,Instrucao_sidraSuperior completo,4095,4087,11632,237799.34756778,16452.19229959776,6.9185186872341555,6.9,0.018518687234155173,TRUE
Piauí,201804,PIT_por_Instrucao_SIDRA,Instrucao_sidraSuperior completo,4095,4087,11632,248674.56495608,18075.93196007975,7.2689106597099125,7.3,-0.031089340290087364,TRUE
Piauí,201901,PIT_por_Instrucao_SIDRA,Instrucao_sidraSuperior completo,4095,4087,11632,256820.5566602,19810.78064223747,7.713860954070421,7.7,0.013860954070421094,TRUE
Piauí,201902,PIT_por_Instrucao_SIDRA,Instrucao_sidraSuperior completo,4095,4087,11632,251278.81177454,18889.652679875457,7.517407674159253,7.5,0.01740767415925326,TRUE
Piauí,201903,PIT_por_Instrucao_SIDRA,Instrucao_sidraSuperior completo,4095,4087,11632,254073.48762162,20983.25895349198,8.258736143592198,8.2,0.05873614359219914,FALSE
Piauí,201904,PIT_por_Instrucao_SIDRA,Instrucao_sidraSuperior completo,4095,4087,11632,261725.48050262,20517.28759270408,7.839239631274148,7.8,0.03923963127414787,TRUE
Piauí,202001,PIT_por_Instrucao_SIDRA,Instrucao_sidraSuperior completo,4095,4087,11632,275154.38441856,30585.45246871234,11.11574236163589,11.1,0.01574236163589049,TRUE
Piauí,202002,PIT_por_Instrucao_SIDRA,Instrucao_sidraSuperior completo,4095,4087,11632,268120.06053439,24180.73671174737,9.018622725786633,NA,NA,NA
Piauí,202003,PIT_por_Instrucao_SIDRA,Instrucao_sidraSuperior completo,4095,4087,11632,292795.37120717,26589.927235342973,9.081402867031333,NA,NA,NA
Piauí,202004,PIT_por_Instrucao_SIDRA,Instrucao_sidraSuperior completo,4095,4087,11632,297546.86506799,26680.43413092441,8.96680061637614,NA,NA,NA
Piauí,202101,PIT_por_Instrucao_SIDRA,Instrucao_sidraSuperior completo,4095,4087,11632,310807.62387344,25126.1553864542,8.084150277049028,NA,NA,NA
Piauí,202102,PIT_por_Instrucao_SIDRA,Instrucao_sidraSuperior completo,4095,4087,11632,329319.64083596,23283.619026046963,7.070218759786925,NA,NA,NA
Piauí,202103,PIT_por_Instrucao_SIDRA,Instrucao_sidraSuperior completo,4095,4087,11632,304010.16781397,24653.391452451226,8.109397007910978,NA,NA,NA
Piauí,202104,PIT_por_Instrucao_SIDRA,Instrucao_sidraSuperior completo,4095,4087,11632,318243.19420423,26691.959918329187,8.387283814528281,NA,NA,NA
Piauí,202201,PIT_por_Instrucao_SIDRA,Instrucao_sidraSuperior completo,4095,4087,11632,330550.41483482,27092.536838446427,8.196189029738441,NA,NA,NA
Piauí,202202,PIT_por_Instrucao_SIDRA,Instrucao_sidraSuperior completo,4095,4087,11632,345054.45798996,24731.402887674387,7.1673912088375324,7.1,0.0673912088375328,FALSE
Piauí,202203,PIT_por_Instrucao_SIDRA,Instrucao_sidraSuperior completo,4095,4087,11632,363901.42623254,26473.66279138398,7.2749543923102955,7.3,-0.02504560768970432,TRUE
Piauí,202204,PIT_por_Instrucao_SIDRA,Instrucao_sidraSuperior completo,4095,4087,11632,376387.57753427,28654.17019878057,7.612942591382846,7.6,0.01294259138284648,TRUE
Piauí,202301,PIT_por_Instrucao_SIDRA,Instrucao_sidraSuperior completo,4095,4087,11632,370222.75800348,32971.16228012468,8.905763237767992,8.9,0.0057632377679919244,TRUE
Piauí,202302,PIT_por_Instrucao_SIDRA,Instrucao_sidraSuperior completo,4095,4087,11632,346790.9124058,30162.293534680666,8.69754438645325,8.7,-0.002455613546748836,TRUE
Piauí,202303,PIT_por_Instrucao_SIDRA,Instrucao_sidraSuperior completo,4095,4087,11632,347794.73751642,23378.165946904915,6.7218285457240965,6.7,0.021828545724096315,TRUE
Piauí,202304,PIT_por_Instrucao_SIDRA,Instrucao_sidraSuperior completo,4095,4087,11632,329556.04396159,25548.48865735112,7.752395723116769,7.7,0.05239572311676888,FALSE
Piauí,202401,PIT_por_Instrucao_SIDRA,Instrucao_sidraSuperior completo,4095,4087,11632,335817.35069264,22740.700047328683,6.771746605833456,6.8,-0.028253394166544155,TRUE
Piauí,202402,PIT_por_Instrucao_SIDRA,Instrucao_sidraSuperior completo,4095,4087,11632,342073.01974722,24759.42901082035,7.238053743354769,7.2,0.03805374335476852,TRUE
Piauí,202403,PIT_por_Instrucao_SIDRA,Instrucao_sidraSuperior completo,4095,4087,11632,336323.11958347,21893.342124791365,6.509615560151163,6.5,0.009615560151162938,TRUE
Piauí,202404,PIT_por_Instrucao_SIDRA,Instrucao_sidraSuperior completo,4095,4087,11632,332820.95281735,24130.661686962303,7.250343310027436,7.2,0.05034331002743553,FALSE
Piauí,202501,PIT_por_Instrucao_SIDRA,Instrucao_sidraSuperior completo,4095,4087,11632,343192.522651,21430.885591275084,6.244566584881168,6.2,0.04456658488116805,TRUE
Piauí,202502,PIT_por_Instrucao_SIDRA,Instrucao_sidraSuperior completo,4095,4087,11632,356923.81904351,22929.76938671247,6.424275479333383,6.4,0.024275479333383032,TRUE
Piauí,202503,PIT_por_Instrucao_SIDRA,Instrucao_sidraSuperior completo,4095,4087,11632,356556.45145207,23764.749387168275,6.665073452012085,6.6,0.06507345201208548,FALSE
Piauí,202504,PIT_por_Instrucao_SIDRA,Instrucao_sidraSuperior completo,4095,4087,11632,374182.17330195,21268.391413127814,5.683967043498108,5.7,-0.01603295650189196,TRUE
Piauí,202601,PIT_por_Instrucao_SIDRA,Instrucao_sidraSuperior completo,4095,4087,11632,383027.87770623,20465.178221528862,5.342999664694117,5.3,0.042999664694117534,TRUE
Piauí,202602,PIT_por_Instrucao_SIDRA,Instrucao_sidraSuperior completo,4095,4087,11632,373605.4593994,19052.00383146681,5.099498241298293,5.1,-5.01758701706656e-4,TRUE
Piauí,201602,PIT_por_Instrucao_SIDRA,Instrucao_sidraSuperior incompleto ou equivalente,4095,4087,11631,97388.94870516,7514.929801268239,7.716409203696509,7.7,0.01640920369650889,TRUE
Piauí,201603,PIT_por_Instrucao_SIDRA,Instrucao_sidraSuperior incompleto ou equivalente,4095,4087,11631,82525.20653944,5811.0817041123355,7.041583956939429,7,0.04158395693942918,TRUE
Piauí,201604,PIT_por_Instrucao_SIDRA,Instrucao_sidraSuperior incompleto ou equivalente,4095,4087,11631,92701.5336062,6936.317505912785,7.482419369002624,7.5,-0.017580630997375835,TRUE
Piauí,201701,PIT_por_Instrucao_SIDRA,Instrucao_sidraSuperior incompleto ou equivalente,4095,4087,11631,91558.98263506,7087.912145146272,7.741361842559564,7.7,0.041361842559563655,TRUE
Piauí,201702,PIT_por_Instrucao_SIDRA,Instrucao_sidraSuperior incompleto ou equivalente,4095,4087,11631,93318.91219911,6795.00821553739,7.281491024069391,7.3,-0.018508975930608962,TRUE
Piauí,201703,PIT_por_Instrucao_SIDRA,Instrucao_sidraSuperior incompleto ou equivalente,4095,4087,11631,94086.76766687,6965.029428967097,7.402772570132236,7.4,0.002772570132235863,TRUE
Piauí,201704,PIT_por_Instrucao_SIDRA,Instrucao_sidraSuperior incompleto ou equivalente,4095,4087,11631,97584.72025081,8203.623142344999,8.406667684510685,8.4,0.006667684510684779,TRUE
Piauí,201801,PIT_por_Instrucao_SIDRA,Instrucao_sidraSuperior incompleto ou equivalente,4095,4087,11631,113318.41142109,9739.403409456107,8.594722858639969,8.6,-0.005277141360030768,TRUE
Piauí,201802,PIT_por_Instrucao_SIDRA,Instrucao_sidraSuperior incompleto ou equivalente,4095,4087,11631,109607.23237817,7573.997636649649,6.910125793996538,6.9,0.010125793996537347,TRUE
Piauí,201803,PIT_por_Instrucao_SIDRA,Instrucao_sidraSuperior incompleto ou equivalente,4095,4087,11631,119858.33392242,9450.872934351313,7.885036129793464,7.9,-0.014963870206536,TRUE
Piauí,201804,PIT_por_Instrucao_SIDRA,Instrucao_sidraSuperior incompleto ou equivalente,4095,4087,11631,123819.59405524,9083.109329826375,7.335760869781322,7.3,0.03576086978132231,TRUE
Piauí,201901,PIT_por_Instrucao_SIDRA,Instrucao_sidraSuperior incompleto ou equivalente,4095,4087,11631,125642.22339958,8398.126602356351,6.684159492822557,6.7,-0.01584050717744301,TRUE
Piauí,201902,PIT_por_Instrucao_SIDRA,Instrucao_sidraSuperior incompleto ou equivalente,4095,4087,11631,129610.32667369,7648.351716965823,5.901035753286458,5.9,0.0010357532864579966,TRUE
Piauí,201903,PIT_por_Instrucao_SIDRA,Instrucao_sidraSuperior incompleto ou equivalente,4095,4087,11631,133913.11999345,9007.406820739612,6.726306444939962,6.7,0.026306444939962148,TRUE
Piauí,201904,PIT_por_Instrucao_SIDRA,Instrucao_sidraSuperior incompleto ou equivalente,4095,4087,11631,120959.65266284,8827.17911261061,7.297622734760388,7.3,-0.002377265239611681,TRUE
Piauí,202001,PIT_por_Instrucao_SIDRA,Instrucao_sidraSuperior incompleto ou equivalente,4095,4087,11631,124810.26890132,9107.68832018655,7.29722674292726,7.3,-0.0027732570727394545,TRUE
Piauí,202002,PIT_por_Instrucao_SIDRA,Instrucao_sidraSuperior incompleto ou equivalente,4095,4087,11631,110801.5196191,9417.000762792391,8.498981598054803,NA,NA,NA
Piauí,202003,PIT_por_Instrucao_SIDRA,Instrucao_sidraSuperior incompleto ou equivalente,4095,4087,11631,127839.26379775,12004.599278599087,9.390385177429636,NA,NA,NA
Piauí,202004,PIT_por_Instrucao_SIDRA,Instrucao_sidraSuperior incompleto ou equivalente,4095,4087,11631,129011.73976565,15064.305728182535,11.676693730002297,NA,NA,NA
Piauí,202101,PIT_por_Instrucao_SIDRA,Instrucao_sidraSuperior incompleto ou equivalente,4095,4087,11631,143838.22482742,14634.290177403067,10.17413152516418,NA,NA,NA
Piauí,202102,PIT_por_Instrucao_SIDRA,Instrucao_sidraSuperior incompleto ou equivalente,4095,4087,11631,140415.89239586,12175.288040554602,8.67087609017224,NA,NA,NA
Piauí,202103,PIT_por_Instrucao_SIDRA,Instrucao_sidraSuperior incompleto ou equivalente,4095,4087,11631,133792.73823695,11020.703072984636,8.237145915547911,NA,NA,NA
Piauí,202104,PIT_por_Instrucao_SIDRA,Instrucao_sidraSuperior incompleto ou equivalente,4095,4087,11631,120626.13784173,9675.59999512228,8.021147131326837,NA,NA,NA
Piauí,202201,PIT_por_Instrucao_SIDRA,Instrucao_sidraSuperior incompleto ou equivalente,4095,4087,11631,111803.49592347001,8062.327758966397,7.211158910885127,NA,NA,NA
Piauí,202202,PIT_por_Instrucao_SIDRA,Instrucao_sidraSuperior incompleto ou equivalente,4095,4087,11631,111940.3822392,8404.840610192325,7.508318662189688,7.5,0.00831866218968802,TRUE
Piauí,202203,PIT_por_Instrucao_SIDRA,Instrucao_sidraSuperior incompleto ou equivalente,4095,4087,11631,123396.41720231,9118.413175628408,7.389528304276982,7.4,-0.010471695723018648,TRUE
Piauí,202204,PIT_por_Instrucao_SIDRA,Instrucao_sidraSuperior incompleto ou equivalente,4095,4087,11631,113695.35598421001,8024.241963446632,7.057669061312441,7,0.057669061312441094,FALSE
Piauí,202301,PIT_por_Instrucao_SIDRA,Instrucao_sidraSuperior incompleto ou equivalente,4095,4087,11631,117897.76449251,9071.539438128802,7.694411744936108,7.7,-0.005588255063892156,TRUE
Piauí,202302,PIT_por_Instrucao_SIDRA,Instrucao_sidraSuperior incompleto ou equivalente,4095,4087,11631,121500.79450369,8873.193766557308,7.302992381903994,7.3,0.0029923819039945343,TRUE
Piauí,202303,PIT_por_Instrucao_SIDRA,Instrucao_sidraSuperior incompleto ou equivalente,4095,4087,11631,130636.48812154,9447.637805091921,7.232005346241506,7.2,0.03200534624150553,TRUE
Piauí,202304,PIT_por_Instrucao_SIDRA,Instrucao_sidraSuperior incompleto ou equivalente,4095,4087,11631,128613.82691687,9053.588267823501,7.039358430470558,7,0.03935843047055787,TRUE
Piauí,202401,PIT_por_Instrucao_SIDRA,Instrucao_sidraSuperior incompleto ou equivalente,4095,4087,11631,134715.58952153,9298.147336424947,6.902057415514582,6.9,0.0020574155145816064,TRUE
Piauí,202402,PIT_por_Instrucao_SIDRA,Instrucao_sidraSuperior incompleto ou equivalente,4095,4087,11631,133873.98451307,9357.269989638256,6.989610433776784,7,-0.010389566223215851,TRUE
Piauí,202403,PIT_por_Instrucao_SIDRA,Instrucao_sidraSuperior incompleto ou equivalente,4095,4087,11631,120695.35648989,9286.990475316794,7.694571477648119,7.7,-0.005428522351881071,TRUE
Piauí,202404,PIT_por_Instrucao_SIDRA,Instrucao_sidraSuperior incompleto ou equivalente,4095,4087,11631,113117.7975739,10273.843049122412,9.082428467907977,9.1,-0.017571532092022224,TRUE
Piauí,202501,PIT_por_Instrucao_SIDRA,Instrucao_sidraSuperior incompleto ou equivalente,4095,4087,11631,131096.44164841,9714.712335361568,7.410355470528817,7.4,0.010355470528816468,TRUE
Piauí,202502,PIT_por_Instrucao_SIDRA,Instrucao_sidraSuperior incompleto ou equivalente,4095,4087,11631,128884.5137496,8549.91876763422,6.633782848609115,6.6,0.03378284860911496,TRUE
Piauí,202503,PIT_por_Instrucao_SIDRA,Instrucao_sidraSuperior incompleto ou equivalente,4095,4087,11631,130778.77083042,8459.189883469331,6.468320377806815,6.5,-0.03167962219318543,TRUE
Piauí,202504,PIT_por_Instrucao_SIDRA,Instrucao_sidraSuperior incompleto ou equivalente,4095,4087,11631,127994.64174823,9030.316908050385,7.0552304258277765,7,0.055230425827776486,FALSE
Piauí,202601,PIT_por_Instrucao_SIDRA,Instrucao_sidraSuperior incompleto ou equivalente,4095,4087,11631,134162.29493761,7774.464378949185,5.794820655508744,5.8,-0.0051793444912560105,TRUE
Piauí,202602,PIT_por_Instrucao_SIDRA,Instrucao_sidraSuperior incompleto ou equivalente,4095,4087,11631,138223.38727881,8483.918706917886,6.137831573903624,6.1,0.03783157390362479,TRUE
Piauí,201602,PIT_por_Raca,Raca_pitBranca,6402,4087,2776,487214.74461882,26125.482105410385,5.362210892416661,5.3,0.06221089241666089,FALSE
Piauí,201603,PIT_por_Raca,Raca_pitBranca,6402,4087,2776,511062.59291012,22830.71037392382,4.467302183851878,4.5,-0.03269781614812217,TRUE
Piauí,201604,PIT_por_Raca,Raca_pitBranca,6402,4087,2776,487877.80629192,22233.80062418328,4.557247806201654,4.5,0.05724780620165415,FALSE
Piauí,201701,PIT_por_Raca,Raca_pitBranca,6402,4087,2776,524840.08747852,23892.61753797625,4.552361396928183,4.5,0.05236139692818309,FALSE
Piauí,201702,PIT_por_Raca,Raca_pitBranca,6402,4087,2776,515329.98140917,22117.010286154844,4.291815163883125,4.3,-0.00818483611687526,TRUE
Piauí,201703,PIT_por_Raca,Raca_pitBranca,6402,4087,2776,507119.63176139997,23346.295558265945,4.603705732546041,4.6,0.0037057325460416735,TRUE
Piauí,201704,PIT_por_Raca,Raca_pitBranca,6402,4087,2776,480572.07510766,23208.828628842064,4.829416820285013,4.8,0.02941682028501358,TRUE
Piauí,201801,PIT_por_Raca,Raca_pitBranca,6402,4087,2776,473305.14811682,23778.263907500495,5.023876034754561,5,0.02387603475456057,TRUE
Piauí,201802,PIT_por_Raca,Raca_pitBranca,6402,4087,2776,454952.11618473,19708.31311867082,4.331953279819102,4.3,0.03195327981910179,TRUE
Piauí,201803,PIT_por_Raca,Raca_pitBranca,6402,4087,2776,445522.03823577,22359.579884436276,5.01873711410065,5,0.0187371141006496,TRUE
Piauí,201804,PIT_por_Raca,Raca_pitBranca,6402,4087,2776,479731.19392557,22700.725108907965,4.731967692813816,4.7,0.03196769281381595,TRUE
Piauí,201901,PIT_por_Raca,Raca_pitBranca,6402,4087,2776,511295.95529301,21642.697431595167,4.232909962918114,4.2,0.03290996291811421,TRUE
Piauí,201902,PIT_por_Raca,Raca_pitBranca,6402,4087,2776,447351.60829916,19998.74359572359,4.470475398928199,4.5,-0.02952460107180066,TRUE
Piauí,201903,PIT_por_Raca,Raca_pitBranca,6402,4087,2776,444614.8448125,20013.861211444535,4.501392934796104,4.5,0.0013929347961036953,TRUE
Piauí,201904,PIT_por_Raca,Raca_pitBranca,6402,4087,2776,433619.62910186,21425.74735495622,4.941138711671001,4.9,0.04113871167100047,TRUE
Piauí,202001,PIT_por_Raca,Raca_pitBranca,6402,4087,2776,443980.89884358,26634.07146416208,5.998922821575167,6,-0.001077178424832681,TRUE
Piauí,202002,PIT_por_Raca,Raca_pitBranca,6402,4087,2776,453650.08576888,26831.997717988328,5.914690321839455,NA,NA,NA
Piauí,202003,PIT_por_Raca,Raca_pitBranca,6402,4087,2776,516513.11076933,29128.3391460616,5.639419123877777,NA,NA,NA
Piauí,202004,PIT_por_Raca,Raca_pitBranca,6402,4087,2776,488294.28080873,28102.418761630994,5.755221772224485,NA,NA,NA
Piauí,202101,PIT_por_Raca,Raca_pitBranca,6402,4087,2776,536056.00362205,27281.41955849704,5.0892853310401485,NA,NA,NA
Piauí,202102,PIT_por_Raca,Raca_pitBranca,6402,4087,2776,545344.29896743,28998.48959880382,5.317464518050406,NA,NA,NA
Piauí,202103,PIT_por_Raca,Raca_pitBranca,6402,4087,2776,579367.99616609,23497.098921223205,4.055643231368132,NA,NA,NA
Piauí,202104,PIT_por_Raca,Raca_pitBranca,6402,4087,2776,559121.51879507,27815.59452169207,4.9748746178891174,NA,NA,NA
Piauí,202201,PIT_por_Raca,Raca_pitBranca,6402,4087,2776,552533.24058881,31541.4463256156,5.708515616545223,NA,NA,NA
Piauí,202202,PIT_por_Raca,Raca_pitBranca,6402,4087,2776,555364.96479063,27899.849456584125,5.023696348418779,5,0.023696348418779323,TRUE
Piauí,202203,PIT_por_Raca,Raca_pitBranca,6402,4087,2776,569893.87844181,29845.75785629986,5.237072898186484,5.2,0.03707289818648363,TRUE
Piauí,202204,PIT_por_Raca,Raca_pitBranca,6402,4087,2776,560271.65831061,30905.1810310468,5.516106440978176,5.5,0.016106440978176373,TRUE
Piauí,202301,PIT_por_Raca,Raca_pitBranca,6402,4087,2776,552542.86609335,28473.976120794083,5.153261017034562,5.1,0.05326101703456221,FALSE
Piauí,202302,PIT_por_Raca,Raca_pitBranca,6402,4087,2776,541434.63675643,29617.999580620777,5.470281649887268,5.5,-0.029718350112731606,TRUE
Piauí,202303,PIT_por_Raca,Raca_pitBranca,6402,4087,2776,536644.77648465,25236.665585342314,4.702676088763566,4.7,0.0026760887635655095,TRUE
Piauí,202304,PIT_por_Raca,Raca_pitBranca,6402,4087,2776,541612.84175633,27829.399040109423,5.138245790085935,5.1,0.038245790085935205,TRUE
Piauí,202401,PIT_por_Raca,Raca_pitBranca,6402,4087,2776,555524.0379417,29372.138329636557,5.287284856018966,5.3,-0.012715143981034238,TRUE
Piauí,202402,PIT_por_Raca,Raca_pitBranca,6402,4087,2776,532780.59281313,27087.332076283325,5.084143912461178,5.1,-0.01585608753882184,TRUE
Piauí,202403,PIT_por_Raca,Raca_pitBranca,6402,4087,2776,549466.54632241,27597.828655877885,5.022658584146874,5,0.022658584146873828,TRUE
Piauí,202404,PIT_por_Raca,Raca_pitBranca,6402,4087,2776,530679.08150879,24523.116702329582,4.6210822240453036,4.6,0.02108222404530391,TRUE
Piauí,202501,PIT_por_Raca,Raca_pitBranca,6402,4087,2776,537535.81803677,22567.169300678015,4.198263360960685,4.2,-0.00173663903931498,TRUE
Piauí,202502,PIT_por_Raca,Raca_pitBranca,6402,4087,2776,540989.00165005,25032.045432522882,4.627089526066813,4.6,0.027089526066813363,TRUE
Piauí,202503,PIT_por_Raca,Raca_pitBranca,6402,4087,2776,549834.12216305,23240.531724288256,4.226826016701163,4.2,0.026826016701162914,TRUE
Piauí,202504,PIT_por_Raca,Raca_pitBranca,6402,4087,2776,530692.12350619,20894.722277743287,3.937258789464504,3.9,0.037258789464504005,TRUE
Piauí,202601,PIT_por_Raca,Raca_pitBranca,6402,4087,2776,550103.26447112,20459.687482237947,3.719244877033822,3.7,0.019244877033821606,TRUE
Piauí,202602,PIT_por_Raca,Raca_pitBranca,6402,4087,2776,533394.27888434,19059.801172842694,3.5733043880239252,3.6,-0.02669561197607484,TRUE
Piauí,201602,PIT_por_Raca,Raca_pitParda,6402,4087,2779,1860827.199103,33644.14930836938,1.808021149120527,1.8,0.008021149120526871,TRUE
Piauí,201603,PIT_por_Raca,Raca_pitParda,6402,4087,2779,1839070.16065555,26491.048877386747,1.4404588494842319,1.4,0.04045884948423195,TRUE
Piauí,201604,PIT_por_Raca,Raca_pitParda,6402,4087,2779,1885098.37773038,26701.409700433764,1.4164464844843652,1.4,0.016446484484365254,TRUE
Piauí,201701,PIT_por_Raca,Raca_pitParda,6402,4087,2779,1803774.14132851,25487.2012650749,1.412992939698268,1.4,0.01299293969826798,TRUE
Piauí,201702,PIT_por_Raca,Raca_pitParda,6402,4087,2779,1830054.39128646,24201.312796206206,1.3224368035965086,1.3,0.02243680359650857,TRUE
Piauí,201703,PIT_por_Raca,Raca_pitParda,6402,4087,2779,1834333.31830181,29234.99549948428,1.5937668038734352,1.6,-0.006233196126564922,TRUE
Piauí,201704,PIT_por_Raca,Raca_pitParda,6402,4087,2779,1846533.24122676,23013.297358337553,1.24629748571699,1.2,0.046297485716989994,TRUE
Piauí,201801,PIT_por_Raca,Raca_pitParda,6402,4087,2779,1878177.59735734,23603.660276155464,1.2567320741854562,1.3,-0.04326792581454386,TRUE
Piauí,201802,PIT_por_Raca,Raca_pitParda,6402,4087,2779,1861522.1529026,22293.85132093676,1.1976140754583455,1.2,-0.0023859245416544272,TRUE
Piauí,201803,PIT_por_Raca,Raca_pitParda,6402,4087,2779,1893995.38203525,27062.276240675805,1.4288459463715912,1.4,0.028845946371591324,TRUE
Piauí,201804,PIT_por_Raca,Raca_pitParda,6402,4087,2779,1851096.29228711,23249.0423966868,1.2559607241156319,1.3,-0.04403927588436818,TRUE
Piauí,201901,PIT_por_Raca,Raca_pitParda,6402,4087,2779,1817273.83501933,24848.17144536496,1.3673322625646371,1.4,-0.032667737435362776,TRUE
Piauí,201902,PIT_por_Raca,Raca_pitParda,6402,4087,2779,1851310.34244,24884.010482711863,1.3441296098370572,1.3,0.04412960983705716,TRUE
Piauí,201903,PIT_por_Raca,Raca_pitParda,6402,4087,2779,1888163.31299882,24119.235375326276,1.2773913786630886,1.3,-0.02260862133691144,TRUE
Piauí,201904,PIT_por_Raca,Raca_pitParda,6402,4087,2779,1914506.61410761,26852.96006843084,1.4026047165654503,1.4,0.00260471656545036,TRUE
Piauí,202001,PIT_por_Raca,Raca_pitParda,6402,4087,2779,1858158.28210917,35485.458518270934,1.909711291009713,1.9,0.009711291009713019,TRUE
Piauí,202002,PIT_por_Raca,Raca_pitParda,6402,4087,2779,1887750.97436319,33330.961715741534,1.7656439948063243,NA,NA,NA
Piauí,202003,PIT_por_Raca,Raca_pitParda,6402,4087,2779,1883773.98794505,37167.87895119877,1.973054049426813,NA,NA,NA
Piauí,202004,PIT_por_Raca,Raca_pitParda,6402,4087,2779,1858513.9075525,38008.6210694925,2.04510824024699,NA,NA,NA
Piauí,202101,PIT_por_Raca,Raca_pitParda,6402,4087,2779,1878001.38576979,29939.90470677891,1.594242950705097,NA,NA,NA
Piauí,202102,PIT_por_Raca,Raca_pitParda,6402,4087,2779,1875280.50132109,25788.839429048392,1.375199038804103,NA,NA,NA
Piauí,202103,PIT_por_Raca,Raca_pitParda,6402,4087,2779,1838921.4886908699,22551.194011812215,1.2263271787566328,NA,NA,NA
Piauí,202104,PIT_por_Raca,Raca_pitParda,6402,4087,2779,1833228.81501744,24217.138814457583,1.321010155201341,NA,NA,NA
Piauí,202201,PIT_por_Raca,Raca_pitParda,6402,4087,2779,1815357.05215269,25917.961039360514,1.4277059715953084,NA,NA,NA
Piauí,202202,PIT_por_Raca,Raca_pitParda,6402,4087,2779,1839338.50788551,24210.48380079386,1.316260367354895,1.3,0.01626036735489489,TRUE
Piauí,202203,PIT_por_Raca,Raca_pitParda,6402,4087,2779,1805667.52923943,27058.744241437387,1.4985452085320972,1.5,-0.0014547914679028384,TRUE
Piauí,202204,PIT_por_Raca,Raca_pitParda,6402,4087,2779,1804332.90835384,30199.764570187806,1.6737357297185347,1.7,-0.026264270281465274,TRUE
Piauí,202301,PIT_por_Raca,Raca_pitParda,6402,4087,2779,1807533.83625525,26109.353857154,1.4444738645250448,1.4,0.04447386452504487,TRUE
Piauí,202302,PIT_por_Raca,Raca_pitParda,6402,4087,2779,1810458.2494792,27127.153342622674,1.498358404587685,1.5,-0.0016415954123150112,TRUE
Piauí,202303,PIT_por_Raca,Raca_pitParda,6402,4087,2779,1824565.46523139,25889.654529385884,1.418949060624831,1.4,0.018949060624831038,TRUE
Piauí,202304,PIT_por_Raca,Raca_pitParda,6402,4087,2779,1835554.34588701,30007.648711234884,1.6348003412960264,1.6,0.03480034129602627,TRUE
Piauí,202401,PIT_por_Raca,Raca_pitParda,6402,4087,2779,1790320.20322926,27062.743856749275,1.5116147272390328,1.5,0.011614727239032785,TRUE
Piauí,202402,PIT_por_Raca,Raca_pitParda,6402,4087,2779,1818033.69649418,32063.640514638453,1.763643906956655,1.8,-0.036356093043345084,TRUE
Piauí,202403,PIT_por_Raca,Raca_pitParda,6402,4087,2779,1794539.11912271,30472.480624450032,1.698067225157343,1.7,-0.0019327748426569702,TRUE
Piauí,202404,PIT_por_Raca,Raca_pitParda,6402,4087,2779,1818227.31938713,29416.36335136401,1.6178594963186113,1.6,0.017859496318611168,TRUE
Piauí,202501,PIT_por_Raca,Raca_pitParda,6402,4087,2779,1822335.35135966,26963.138545875358,1.4795925747562286,1.5,-0.02040742524377137,TRUE
Piauí,202502,PIT_por_Raca,Raca_pitParda,6402,4087,2779,1846463.4589779,27624.62298409489,1.4960828414869554,1.5,-0.0039171585130446385,TRUE
Piauí,202503,PIT_por_Raca,Raca_pitParda,6402,4087,2779,1814167.02536414,25444.550624586,1.4025472996059314,1.4,0.0025472996059314745,TRUE
Piauí,202504,PIT_por_Raca,Raca_pitParda,6402,4087,2779,1853114.49997326,26163.83204909534,1.411884265622706,1.4,0.011884265622706058,TRUE
Piauí,202601,PIT_por_Raca,Raca_pitParda,6402,4087,2779,1817773.07875157,26290.043188470525,1.4462775082204586,1.4,0.04627750822045873,TRUE
Piauí,202602,PIT_por_Raca,Raca_pitParda,6402,4087,2779,1830157.00893417,23624.600855383414,1.2908510439299246,1.3,-0.009148956070075487,TRUE
Piauí,201602,PIT_por_Raca,Raca_pitPreta,6402,4087,2777,187735.59006733,11021.290120940394,5.870645047637312,5.9,-0.029354952362687925,TRUE
Piauí,201603,PIT_por_Raca,Raca_pitPreta,6402,4087,2777,196978.86397764,11720.716609790557,5.950240738072808,5.9,0.05024073807280782,FALSE
Piauí,201604,PIT_por_Raca,Raca_pitPreta,6402,4087,2777,180487.19741737,9353.510296905988,5.182367741727598,5.2,-0.017632258272402446,TRUE
Piauí,201701,PIT_por_Raca,Raca_pitPreta,6402,4087,2777,216475.32796096,15381.816978291106,7.105575089400082,7.1,0.005575089400082334,TRUE
Piauí,201702,PIT_por_Raca,Raca_pitPreta,6402,4087,2777,212618.95309982,12566.194660196086,5.910194964743584,5.9,0.010194964743583945,TRUE
Piauí,201703,PIT_por_Raca,Raca_pitPreta,6402,4087,2777,211160.05203824,13503.577822455221,6.394949088196754,6.4,-0.0050509118032460165,TRUE
Piauí,201704,PIT_por_Raca,Raca_pitPreta,6402,4087,2777,225900.85393379,14570.722850930264,6.450052134464637,6.4,0.050052134464636744,FALSE
Piauí,201801,PIT_por_Raca,Raca_pitPreta,6402,4087,2777,219149.12887945,13999.931134146029,6.388312472757827,6.4,-0.011687527242173701,TRUE
Piauí,201802,PIT_por_Raca,Raca_pitPreta,6402,4087,2777,249764.18605991,14280.89640797942,5.7177518655752815,5.7,0.0177518655752813,TRUE
Piauí,201803,PIT_por_Raca,Raca_pitPreta,6402,4087,2777,230693.4405378,14205.08711276356,6.157560041433428,6.1,0.057560041433428744,FALSE
Piauí,201804,PIT_por_Raca,Raca_pitPreta,6402,4087,2777,254893.35351207,13024.399854927207,5.109744791486084,5.1,0.009744791486084203,TRUE
Piauí,201901,PIT_por_Raca,Raca_pitPreta,6402,4087,2777,256869.54494644,13240.02671731208,5.154377767933822,5.1,0.054377767933821985,FALSE
Piauí,201902,PIT_por_Raca,Raca_pitPreta,6402,4087,2777,278815.75060861,16461.135934552112,5.903947642348073,5.9,0.003947642348072655,TRUE
Piauí,201903,PIT_por_Raca,Raca_pitPreta,6402,4087,2777,276391.61285996,18578.474466210228,6.721793861242608,6.7,0.021793861242607626,TRUE
Piauí,201904,PIT_por_Raca,Raca_pitPreta,6402,4087,2777,268844.59819663,17186.173750648664,6.3926051949457,6.4,-0.007394805054300235,TRUE
Piauí,202001,PIT_por_Raca,Raca_pitPreta,6402,4087,2777,274612.24718664,17399.89486641281,6.336168559367633,6.3,0.03616855936763308,TRUE
Piauí,202002,PIT_por_Raca,Raca_pitPreta,6402,4087,2777,282744.44759866,20763.677046671513,7.3436197325948545,NA,NA,NA
Piauí,202003,PIT_por_Raca,Raca_pitPreta,6402,4087,2777,246702.09870535,18589.551366409974,7.535222223063657,NA,NA,NA
Piauí,202004,PIT_por_Raca,Raca_pitPreta,6402,4087,2777,245332.6826044,19115.154404671477,7.79152382053179,NA,NA,NA
Piauí,202101,PIT_por_Raca,Raca_pitPreta,6402,4087,2777,246179.25469611,16847.15444282995,6.8434500964049585,NA,NA,NA
Piauí,202102,PIT_por_Raca,Raca_pitPreta,6402,4087,2777,248731.377012,24804.902248601215,9.972566608435777,NA,NA,NA
Piauí,202103,PIT_por_Raca,Raca_pitPreta,6402,4087,2777,255461.74763579,13094.075315608829,5.125650097045824,NA,NA,NA
Piauí,202104,PIT_por_Raca,Raca_pitPreta,6402,4087,2777,279451.32347513,17071.130536290297,6.108802894186169,NA,NA,NA
Piauí,202201,PIT_por_Raca,Raca_pitPreta,6402,4087,2777,284803.87997818,16788.44800569767,5.894739919619039,NA,NA,NA
Piauí,202202,PIT_por_Raca,Raca_pitPreta,6402,4087,2777,287615.44321307,18109.292599776934,6.296356133547839,6.3,-0.003643866452160971,TRUE
Piauí,202203,PIT_por_Raca,Raca_pitPreta,6402,4087,2777,304865.21095297,17559.86789948592,5.759879208452809,5.7,0.05987920845280925,FALSE
Piauí,202204,PIT_por_Raca,Raca_pitPreta,6402,4087,2777,317458.22949873,19239.266449560284,6.060408791398886,6,0.060408791398885775,FALSE
Piauí,202301,PIT_por_Raca,Raca_pitPreta,6402,4087,2777,315703.82447173,18086.153371127395,5.7288356900304,5.7,0.028835690030399874,TRUE
Piauí,202302,PIT_por_Raca,Raca_pitPreta,6402,4087,2777,334939.93509043,18830.447415780596,5.622037100680929,5.6,0.022037100680929456,TRUE
Piauí,202303,PIT_por_Raca,Raca_pitPreta,6402,4087,2777,345284.23190277,19512.360088926496,5.651100828265179,5.6,0.05110082826517903,FALSE
Piauí,202304,PIT_por_Raca,Raca_pitPreta,6402,4087,2777,341184.36461786,15749.30354450674,4.616068371757476,4.6,0.016068371757476108,TRUE
Piauí,202401,PIT_por_Raca,Raca_pitPreta,6402,4087,2777,358100.32066941,16748.837707536986,4.677135635128104,4.7,-0.02286436487189647,TRUE
Piauí,202402,PIT_por_Raca,Raca_pitPreta,6402,4087,2777,348666.16004296,15849.74259355732,4.545821880621978,4.5,0.04582188062197812,TRUE
Piauí,202403,PIT_por_Raca,Raca_pitPreta,6402,4087,2777,349187.81585456,15837.246145549872,4.53545210527799,4.5,0.03545210527799014,TRUE
Piauí,202404,PIT_por_Raca,Raca_pitPreta,6402,4087,2777,339965.67885587,13463.476141149702,3.9602456890531013,4,-0.03975431094689874,TRUE
Piauí,202501,PIT_por_Raca,Raca_pitPreta,6402,4087,2777,334587.29274352,16860.049759667432,5.039058603038941,5,0.039058603038941264,TRUE
Piauí,202502,PIT_por_Raca,Raca_pitPreta,6402,4087,2777,317927.00611513,15096.90343643293,4.7485438940553335,4.7,0.048543894055333325,TRUE
Piauí,202503,PIT_por_Raca,Raca_pitPreta,6402,4087,2777,335854.00843335,15553.083897156574,4.6309061397559805,4.6,0.030906139755980888,TRUE
Piauí,202504,PIT_por_Raca,Raca_pitPreta,6402,4087,2777,343945.35733969,15330.939054752836,4.457376361563031,4.4,0.05737636156303072,FALSE
Piauí,202601,PIT_por_Raca,Raca_pitPreta,6402,4087,2777,368936.66920348,17122.070761572846,4.640924090993377,4.6,0.04092409099337768,TRUE
Piauí,202602,PIT_por_Raca,Raca_pitPreta,6402,4087,2777,374776.14872336,15960.323340769164,4.258628355923,4.2,0.058628355923000086,FALSE
Piauí,201602,PIT_por_Sexo,Sexo_pitFeminino,4093,4087,5,1305947.59339977,12756.676696389783,0.9768138293497949,1,-0.023186170650205118,TRUE
Piauí,201603,PIT_por_Sexo,Sexo_pitFeminino,4093,4087,5,1311709.88233592,13914.953461070385,1.0608255414139558,1.1,-0.03917445858604429,TRUE
Piauí,201604,PIT_por_Sexo,Sexo_pitFeminino,4093,4087,5,1324764.86232806,13630.98278316989,1.0289360150461448,1,0.028936015046144847,TRUE
Piauí,201701,PIT_por_Sexo,Sexo_pitFeminino,4093,4087,5,1317640.91928079,14062.450385468392,1.067244510981347,1.1,-0.032755489018652995,TRUE
Piauí,201702,PIT_por_Sexo,Sexo_pitFeminino,4093,4087,5,1330938.61378206,14118.492719292064,1.0607921787746668,1.1,-0.039207821225333284,TRUE
Piauí,201703,PIT_por_Sexo,Sexo_pitFeminino,4093,4087,5,1323799.91645354,12455.793900023318,0.9409121231396048,0.9,0.040912123139604795,TRUE
Piauí,201704,PIT_por_Sexo,Sexo_pitFeminino,4093,4087,5,1329998.35218643,11494.78872103306,0.8642708994440769,0.9,-0.035729100555923154,TRUE
Piauí,201801,PIT_por_Sexo,Sexo_pitFeminino,4093,4087,5,1326618.91132089,11294.170059511174,0.8513499968326079,0.8,0.05134999683260788,FALSE
Piauí,201802,PIT_por_Sexo,Sexo_pitFeminino,4093,4087,5,1322196.1933679,11366.64296546683,0.8596789963911255,0.9,-0.04032100360887447,TRUE
Piauí,201803,PIT_por_Sexo,Sexo_pitFeminino,4093,4087,5,1316083.26187812,12372.87199986572,0.9401283610437368,0.9,0.04012836104373674,TRUE
Piauí,201804,PIT_por_Sexo,Sexo_pitFeminino,4093,4087,5,1326280.75724697,13380.89615465753,1.0089037393887064,1,0.008903739388706366,TRUE
Piauí,201901,PIT_por_Sexo,Sexo_pitFeminino,4093,4087,5,1322407.77067532,12578.383351127242,0.9511728250586264,0.9,0.051172825058626414,FALSE
Piauí,201902,PIT_por_Sexo,Sexo_pitFeminino,4093,4087,5,1328229.16450985,13623.998411426583,1.025726491742423,1,0.02572649174242292,TRUE
Piauí,201903,PIT_por_Sexo,Sexo_pitFeminino,4093,4087,5,1351053.25277186,13496.67619981082,0.9989744054959083,1,-0.0010255945040916759,TRUE
Piauí,201904,PIT_por_Sexo,Sexo_pitFeminino,4093,4087,5,1348913.36000127,13524.419925933298,1.0026159075124415,1,0.002615907512441451,TRUE
Piauí,202001,PIT_por_Sexo,Sexo_pitFeminino,4093,4087,5,1345068.60692276,28641.105260130014,2.1293415899174812,2.1,0.029341589917481148,TRUE
Piauí,202002,PIT_por_Sexo,Sexo_pitFeminino,4093,4087,5,1353006.02075775,16762.75340233506,1.2389267412828726,NA,NA,NA
Piauí,202003,PIT_por_Sexo,Sexo_pitFeminino,4093,4087,5,1357768.8575263,16541.657776421216,1.2182970381687963,NA,NA,NA
Piauí,202004,PIT_por_Sexo,Sexo_pitFeminino,4093,4087,5,1348780.66769758,20358.160130533484,1.5093751429048607,NA,NA,NA
Piauí,202101,PIT_por_Sexo,Sexo_pitFeminino,4093,4087,5,1365213.93763929,19717.092013214213,1.4442492469208708,NA,NA,NA
Piauí,202102,PIT_por_Sexo,Sexo_pitFeminino,4093,4087,5,1380199.46891726,19980.7452372389,1.4476708394123214,NA,NA,NA
Piauí,202103,PIT_por_Sexo,Sexo_pitFeminino,4093,4087,5,1359408.12609095,17791.094545847754,1.3087382813435864,NA,NA,NA
Piauí,202104,PIT_por_Sexo,Sexo_pitFeminino,4093,4087,5,1373520.85108176,15488.226343100496,1.1276295027412397,NA,NA,NA
Piauí,202201,PIT_por_Sexo,Sexo_pitFeminino,4093,4087,5,1379230.12113713,16107.924036276272,1.1678924197940093,NA,NA,NA
Piauí,202202,PIT_por_Sexo,Sexo_pitFeminino,4093,4087,5,1378225.98024309,16786.43898662485,1.2179743545150756,1.2,0.017974354515075674,TRUE
Piauí,202203,PIT_por_Sexo,Sexo_pitFeminino,4093,4087,5,1386392.08781451,13763.65215614576,0.9927676504445864,1,-0.007232349555413631,TRUE
Piauí,202204,PIT_por_Sexo,Sexo_pitFeminino,4093,4087,5,1382628.11078195,15170.232646075661,1.0972026771172825,1.1,-0.002797322882717612,TRUE
Piauí,202301,PIT_por_Sexo,Sexo_pitFeminino,4093,4087,5,1373675.2561154,12885.223755971443,0.9380109089545235,0.9,0.038010908954523526,TRUE
Piauí,202302,PIT_por_Sexo,Sexo_pitFeminino,4093,4087,5,1381762.64626856,13609.145168461238,0.9849119315254784,1,-0.015088068474521599,TRUE
Piauí,202303,PIT_por_Sexo,Sexo_pitFeminino,4093,4087,5,1398428.83165724,13610.835769972611,0.973294847893173,1,-0.026705152106827,TRUE
Piauí,202304,PIT_por_Sexo,Sexo_pitFeminino,4093,4087,5,1402619.16636732,15368.965438387835,1.0957333114299528,1.1,-0.004266688570047306,TRUE
Piauí,202401,PIT_por_Sexo,Sexo_pitFeminino,4093,4087,5,1394977.90961019,12009.9004772113,0.8609383986996128,0.9,-0.03906160130038727,TRUE
Piauí,202402,PIT_por_Sexo,Sexo_pitFeminino,4093,4087,5,1402252.70990466,13344.965174498075,0.9516804695927744,0.9,0.05168046959277439,FALSE
Piauí,202403,PIT_por_Sexo,Sexo_pitFeminino,4093,4087,5,1401043.07737102,14436.335629213692,1.0303991263639571,1,0.03039912636395714,TRUE
Piauí,202404,PIT_por_Sexo,Sexo_pitFeminino,4093,4087,5,1393247.48114776,15349.22262330712,1.1016867305342193,1.1,0.001686730534219194,TRUE
Piauí,202501,PIT_por_Sexo,Sexo_pitFeminino,4093,4087,5,1393591.22756087,14793.340468073582,1.0615265205110107,1.1,-0.03847347948898938,TRUE
Piauí,202502,PIT_por_Sexo,Sexo_pitFeminino,4093,4087,5,1400715.94866498,13409.030829564252,0.957298361765951,1,-0.042701638234049044,TRUE
Piauí,202503,PIT_por_Sexo,Sexo_pitFeminino,4093,4087,5,1393045.47085645,13392.482252698019,0.9613815580954631,1,-0.03861844190453689,TRUE
Piauí,202504,PIT_por_Sexo,Sexo_pitFeminino,4093,4087,5,1395852.23687711,12103.36520856483,0.8670950182838301,0.9,-0.032904981716169956,TRUE
Piauí,202601,PIT_por_Sexo,Sexo_pitFeminino,4093,4087,5,1408745.77093661,13790.813410386541,0.9789426662283903,1,-0.021057333771609676,TRUE
Piauí,202602,PIT_por_Sexo,Sexo_pitFeminino,4093,4087,5,1431962.88288475,11082.793842469997,0.7739581783113846,0.8,-0.026041821688615463,TRUE
Piauí,201602,PIT_por_Sexo,Sexo_pitMasculino,4093,4087,4,1234073.83804675,12990.36912452371,1.0526411567953196,1.1,-0.047358843204680534,TRUE
Piauí,201603,PIT_por_Sexo,Sexo_pitMasculino,4093,4087,4,1240573.44257509,17742.393526640823,1.4301767970957433,1.4,0.03017679709574339,TRUE
Piauí,201604,PIT_por_Sexo,Sexo_pitMasculino,4093,4087,4,1234722.22574901,16847.21949824622,1.3644542186827748,1.4,-0.03554578131722508,TRUE
Piauí,201701,PIT_por_Sexo,Sexo_pitMasculino,4093,4087,4,1228971.52405892,15910.86010802444,1.2946483947386915,1.3,-0.005351605261308512,TRUE
Piauí,201702,PIT_por_Sexo,Sexo_pitMasculino,4093,4087,4,1229073.71981197,14014.033660891704,1.1402109926356283,1.1,0.04021099263562822,TRUE
Piauí,201703,PIT_por_Sexo,Sexo_pitMasculino,4093,4087,4,1234846.3990396,13405.577476104583,1.0856068808663775,1.1,-0.014393119133622623,TRUE
Piauí,201704,PIT_por_Sexo,Sexo_pitMasculino,4093,4087,4,1227273.53216582,12506.243733735408,1.0190265988760572,1,0.019026598876057177,TRUE
Piauí,201801,PIT_por_Sexo,Sexo_pitMasculino,4093,4087,4,1246610.4597508,12072.626133208561,0.9684361332586529,1,-0.031563866741347146,TRUE
Piauí,201802,PIT_por_Sexo,Sexo_pitMasculino,4093,4087,4,1254429.35346748,12730.969001429432,1.0148813056900037,1,0.014881305690003677,TRUE
Piauí,201803,PIT_por_Sexo,Sexo_pitMasculino,4093,4087,4,1261182.08380145,12316.948021766058,0.9766193303856937,1,-0.023380669614306293,TRUE
Piauí,201804,PIT_por_Sexo,Sexo_pitMasculino,4093,4087,4,1265437.75137068,14089.685210904534,1.1134238089264412,1.1,0.013423808926441128,TRUE
Piauí,201901,PIT_por_Sexo,Sexo_pitMasculino,4093,4087,4,1268228.27555702,14695.527201657671,1.1587446428130797,1.2,-0.041255357186920305,TRUE
Piauí,201902,PIT_por_Sexo,Sexo_pitMasculino,4093,4087,4,1258353.65562664,13037.910049808108,1.03610856864523,1,0.036108568645230044,TRUE
Piauí,201903,PIT_por_Sexo,Sexo_pitMasculino,4093,4087,4,1265937.70510142,13619.615969118313,1.0758519881534916,1.1,-0.0241480118465085,TRUE
Piauí,201904,PIT_por_Sexo,Sexo_pitMasculino,4093,4087,4,1276848.12698268,14259.266860451844,1.1167551221732157,1.1,0.01675512217321562,TRUE
Piauí,202001,PIT_por_Sexo,Sexo_pitMasculino,4093,4087,4,1248453.14417948,19572.551080116365,1.5677441457348422,1.6,-0.03225585426515787,TRUE
Piauí,202002,PIT_por_Sexo,Sexo_pitMasculino,4093,4087,4,1272499.63288818,20730.930078181682,1.6291501814526181,NA,NA,NA
Piauí,202003,PIT_por_Sexo,Sexo_pitMasculino,4093,4087,4,1294317.20921433,22936.635254513618,1.7721030896619616,NA,NA,NA
Piauí,202004,PIT_por_Sexo,Sexo_pitMasculino,4093,4087,4,1249302.99271243,26163.610897964518,2.0942566415501234,NA,NA,NA
Piauí,202101,PIT_por_Sexo,Sexo_pitMasculino,4093,4087,4,1297415.01595957,24514.69992804537,1.8895033298126478,NA,NA,NA
Piauí,202102,PIT_por_Sexo,Sexo_pitMasculino,4093,4087,4,1293715.51583726,19982.501119384284,1.5445823192784476,NA,NA,NA
Piauí,202103,PIT_por_Sexo,Sexo_pitMasculino,4093,4087,4,1319586.28578409,18242.433003616454,1.382435783104317,NA,NA,NA
Piauí,202104,PIT_por_Sexo,Sexo_pitMasculino,4093,4087,4,1305674.48181787,16169.60105246755,1.2384098240133228,NA,NA,NA
Piauí,202201,PIT_por_Sexo,Sexo_pitMasculino,4093,4087,4,1282024.69098196,16821.240092445234,1.3120839411884568,NA,NA,NA
Piauí,202202,PIT_por_Sexo,Sexo_pitMasculino,4093,4087,4,1309247.4712002,17518.840231656086,1.3380847102646218,1.3,0.03808471026462179,TRUE
Piauí,202203,PIT_por_Sexo,Sexo_pitMasculino,4093,4087,4,1298689.45505677,14433.737178723293,1.111407898364151,1.1,0.011407898364151015,TRUE
Piauí,202204,PIT_por_Sexo,Sexo_pitMasculino,4093,4087,4,1307899.56123556,15845.113866836702,1.2114931709181074,1.2,0.01149317091810742,TRUE
Piauí,202301,PIT_por_Sexo,Sexo_pitMasculino,4093,4087,4,1310487.78010624,14232.728575748559,1.086063433158814,1.1,-0.01393656684118616,TRUE
Piauí,202302,PIT_por_Sexo,Sexo_pitMasculino,4093,4087,4,1314826.31241216,14570.326539134505,1.1081559900032734,1.1,0.008155990003273272,TRUE
Piauí,202303,PIT_por_Sexo,Sexo_pitMasculino,4093,4087,4,1314547.07867876,14323.103476743006,1.0895846720939835,1.1,-0.010415327906016625,TRUE
Piauí,202304,PIT_por_Sexo,Sexo_pitMasculino,4093,4087,4,1321149.91468419,16145.638963422767,1.222089846426115,1.2,0.022089846426115,TRUE
Piauí,202401,PIT_por_Sexo,Sexo_pitMasculino,4093,4087,4,1315054.2723355,14670.091043989481,1.1155502364123577,1.1,0.015550236412357643,TRUE
Piauí,202402,PIT_por_Sexo,Sexo_pitMasculino,4093,4087,4,1305909.67532343,14886.864585784155,1.1399612750473862,1.1,0.03996127504738611,TRUE
Piauí,202403,PIT_por_Sexo,Sexo_pitMasculino,4093,4087,4,1303261.5774777,16659.94561293312,1.2783270757645109,1.3,-0.021672924235489166,TRUE
Piauí,202404,PIT_por_Sexo,Sexo_pitMasculino,4093,4087,4,1303480.59296889,14881.907370856849,1.141705327346752,1.1,0.04170532734675181,TRUE
Piauí,202501,PIT_por_Sexo,Sexo_pitMasculino,4093,4087,4,1311202.38904764,14373.99166103706,1.0962450786470317,1.1,-0.003754921352968399,TRUE
Piauí,202502,PIT_por_Sexo,Sexo_pitMasculino,4093,4087,4,1313218.84148467,16213.004125713736,1.2346003281055573,1.2,0.034600328105557354,TRUE
Piauí,202503,PIT_por_Sexo,Sexo_pitMasculino,4093,4087,4,1316716.40276888,15221.12740188034,1.1559913258369325,1.2,-0.04400867416306742,TRUE
Piauí,202504,PIT_por_Sexo,Sexo_pitMasculino,4093,4087,4,1340262.36640283,13601.450444742746,1.0148349148419413,1,0.014834914841941327,TRUE
Piauí,202601,PIT_por_Sexo,Sexo_pitMasculino,4093,4087,4,1334402.54769179,13526.868032102704,1.0137022036941612,1,0.013702203694161197,TRUE
Piauí,202602,PIT_por_Sexo,Sexo_pitMasculino,4093,4087,4,1311401.75193326,13858.502448291412,1.0567701642811822,1.1,-0.04322983571881789,TRUE
Piauí,201602,Pessoas_Desocupadas,desocup,4093,4093,6794,146483.41118789,8306.054167777414,5.6703036203351935,5.7,-0.02969637966480665,TRUE
Piauí,201603,Pessoas_Desocupadas,desocup,4093,4093,6794,138375.57247048,8423.486667410727,6.08740872180148,6.1,-0.012591278198519795,TRUE
Piauí,201604,Pessoas_Desocupadas,desocup,4093,4093,6794,125737.82599419,7938.429520300298,6.313477632949619,6.3,0.0134776329496189,TRUE
Piauí,201701,Pessoas_Desocupadas,desocup,4093,4093,6794,181171.57112632,8938.948112497832,4.933968423923003,4.9,0.033968423923002256,TRUE
Piauí,201702,Pessoas_Desocupadas,desocup,4093,4093,6794,197784.6704129,12700.288709565773,6.421270507492996,6.4,0.021270507492995527,TRUE
Piauí,201703,Pessoas_Desocupadas,desocup,4093,4093,6794,178243.10247505,11231.351231872404,6.3011421344871055,6.3,0.0011421344871056505,TRUE
Piauí,201704,Pessoas_Desocupadas,desocup,4093,4093,6794,194356.04840449,9614.405425010758,4.946800217403807,4.9,0.046800217403806244,TRUE
Piauí,201801,Pessoas_Desocupadas,desocup,4093,4093,6794,188230.24306995,9931.31747046988,5.276153984872245,5.3,-0.02384601512775486,TRUE
Piauí,201802,Pessoas_Desocupadas,desocup,4093,4093,6794,194538.74712824,10794.311003546476,5.548668922202353,5.5,0.04866892220235286,TRUE
Piauí,201803,Pessoas_Desocupadas,desocup,4093,4093,6794,182959.98546397,8919.885577477018,4.8753204449907415,4.9,-0.02467955500925889,TRUE
Piauí,201804,Pessoas_Desocupadas,desocup,4093,4093,6794,182840.61647912,9341.08844485689,5.108869475904235,5.1,0.008869475904234925,TRUE
Piauí,201901,Pessoas_Desocupadas,desocup,4093,4093,6794,189655.43108278,9477.830075803966,4.99739449679515,5,-0.0026055032048502014,TRUE
Piauí,201902,Pessoas_Desocupadas,desocup,4093,4093,6794,192574.62829828,9063.435159160746,4.706453409388041,4.7,0.006453409388040399,TRUE
Piauí,201903,Pessoas_Desocupadas,desocup,4093,4093,6794,201171.03155988,9375.83765472503,4.660630102666767,4.6,0.06063010266676727,FALSE
Piauí,201904,Pessoas_Desocupadas,desocup,4093,4093,6794,202567.27294683,11135.638974180056,5.497254720461655,5.5,-0.0027452795383453577,TRUE
Piauí,202001,Pessoas_Desocupadas,desocup,4093,4093,6794,205332.07409659,12920.80508907368,6.292638471569532,6.3,-0.007361528430467779,TRUE
Piauí,202002,Pessoas_Desocupadas,desocup,4093,4093,6794,163296.41655303,15344.23885432378,9.396555771535125,NA,NA,NA
Piauí,202003,Pessoas_Desocupadas,desocup,4093,4093,6794,176826.81338554,12991.943896537912,7.347270274113488,NA,NA,NA
Piauí,202004,Pessoas_Desocupadas,desocup,4093,4093,6794,170652.63408007,13312.559208635535,7.800969074048573,NA,NA,NA
Piauí,202101,Pessoas_Desocupadas,desocup,4093,4093,6794,215261.79569047,15559.819518417755,7.228323757361751,NA,NA,NA
Piauí,202102,Pessoas_Desocupadas,desocup,4093,4093,6794,224256.70419588,12364.567590058747,5.51357768071841,NA,NA,NA
Piauí,202103,Pessoas_Desocupadas,desocup,4093,4093,6794,176045.99176808,10975.603217778305,6.234509009575962,NA,NA,NA
Piauí,202104,Pessoas_Desocupadas,desocup,4093,4093,6794,176509.12731234,9838.1346888769,5.5737257549678585,NA,NA,NA
Piauí,202201,Pessoas_Desocupadas,desocup,4093,4093,6794,181720.45501057,12938.350152435547,7.119919522369109,NA,NA,NA
Piauí,202202,Pessoas_Desocupadas,desocup,4093,4093,6794,137818.49301598,8260.961573798268,5.99408787095097,6,-0.005912129049029602,TRUE
Piauí,202203,Pessoas_Desocupadas,desocup,4093,4093,6794,135953.81080244,8810.822979033153,6.480747341342655,6.5,-0.01925265865734538,TRUE
Piauí,202204,Pessoas_Desocupadas,desocup,4093,4093,6794,137205.06871243,10109.151585873358,7.367914087096352,7.3,0.06791408709635238,FALSE
Piauí,202301,Pessoas_Desocupadas,desocup,4093,4093,6794,159275.88560622,9728.238578620305,6.107791233803946,6.1,0.007791233803946085,TRUE
Piauí,202302,Pessoas_Desocupadas,desocup,4093,4093,6794,135995.31989609,9852.77775087948,7.244938839371603,7.2,0.04493883937160259,TRUE
Piauí,202303,Pessoas_Desocupadas,desocup,4093,4093,6794,145723.17267424,9090.437660844955,6.238155191121435,6.2,0.03815519112143484,TRUE
Piauí,202304,Pessoas_Desocupadas,desocup,4093,4093,6794,150760.84134152,8019.8525703528085,5.3195859740430596,5.3,0.01958597404305973,TRUE
Piauí,202401,Pessoas_Desocupadas,desocup,4093,4093,6794,145513.70912256,9321.072238748004,6.405631672062776,6.4,0.0056316720627753725,TRUE
Piauí,202402,Pessoas_Desocupadas,desocup,4093,4093,6794,110274.28329112,7318.688471847881,6.636804387589458,6.6,0.036804387589458365,TRUE
Piauí,202403,Pessoas_Desocupadas,desocup,4093,4093,6794,118194.12876367,7167.48329136853,6.064161871948786,6,0.06416187194878642,FALSE
Piauí,202404,Pessoas_Desocupadas,desocup,4093,4093,6794,111251.21893092,8262.56682655174,7.426944986267767,7.4,0.026944986267766424,TRUE
Piauí,202501,Pessoas_Desocupadas,desocup,4093,4093,6794,148737.07778374,10576.786277098485,7.111062308536725,7.1,0.011062308536724963,TRUE
Piauí,202502,Pessoas_Desocupadas,desocup,4093,4093,6794,123217.91319832,7424.541002209353,6.0255370420528935,6,0.025537042052893533,TRUE
Piauí,202503,Pessoas_Desocupadas,desocup,4093,4093,6794,111617.20215378,8927.31385695707,7.9981523319833,8,-0.0018476680167003323,TRUE
Piauí,202504,Pessoas_Desocupadas,desocup,4093,4093,6794,116958.8531723,7719.1852603929165,6.599915312970162,6.6,-8.468702983766008e-5,TRUE
Piauí,202601,Pessoas_Desocupadas,desocup,4093,4093,6794,130529.95027596,8746.624139067635,6.700856102814682,6.7,8.561028146818472e-4,TRUE
Piauí,202602,Pessoas_Desocupadas,desocup,4093,4093,6794,120546.77431139,9006.900405877488,7.4717058646557755,7.5,-0.028294135344224536,TRUE
Piauí,201602,Pessoas_Fora_Forca,fora_ft,4093,4095,6794,1082812.24136753,20320.272934102144,1.8766201708653385,1.9,-0.023379829134661412,TRUE
Piauí,201603,Pessoas_Fora_Forca,fora_ft,4093,4095,6794,1107943.19659908,21487.34649664073,1.939390626035509,1.9,0.039390626035509024,TRUE
Piauí,201604,Pessoas_Fora_Forca,fora_ft,4093,4095,6794,1145921.98809631,21494.37268638948,1.875727397647506,1.9,-0.024272602352493955,TRUE
Piauí,201701,Pessoas_Fora_Forca,fora_ft,4093,4095,6794,1132159.70586662,22870.726133744687,2.0200971660829534,2,0.02009716608295342,TRUE
Piauí,201702,Pessoas_Fora_Forca,fora_ft,4093,4095,6794,1110637.16747326,20828.52727815496,1.8753673916334546,1.9,-0.02463260836654535,TRUE
Piauí,201703,Pessoas_Fora_Forca,fora_ft,4093,4095,6794,1102032.71128854,21971.97841652125,1.9937682603659515,2,-0.00623173963404855,TRUE
Piauí,201704,Pessoas_Fora_Forca,fora_ft,4093,4095,6794,1111887.96109543,20534.155449941503,1.8467827846351794,1.8,0.046782784635179375,TRUE
Piauí,201801,Pessoas_Fora_Forca,fora_ft,4093,4095,6794,1160728.66811018,21240.862727623942,1.829959344607804,1.8,0.029959344607803917,TRUE
Piauí,201802,Pessoas_Fora_Forca,fora_ft,4093,4095,6794,1134491.64670578,19594.110104340965,1.7271268731890907,1.7,0.027126873189090794,TRUE
Piauí,201803,Pessoas_Fora_Forca,fora_ft,4093,4095,6794,1109371.86823237,19751.845477375457,1.7804530692532596,1.8,-0.01954693074674041,TRUE
Piauí,201804,Pessoas_Fora_Forca,fora_ft,4093,4095,6794,1116991.88695652,17780.916032705234,1.5918572229878134,1.6,-0.008142777012186686,TRUE
Piauí,201901,Pessoas_Fora_Forca,fora_ft,4093,4095,6794,1124844.80908129,21291.444134141922,1.892833923599788,1.9,-0.00716607640021194,TRUE
Piauí,201902,Pessoas_Fora_Forca,fora_ft,4093,4095,6794,1105094.08913429,23766.384211658777,2.150620878831857,2.1,0.05062087883185695,FALSE
Piauí,201903,Pessoas_Fora_Forca,fora_ft,4093,4095,6794,1062419.48373692,21580.833744074458,2.0312912248339736,2,0.03129122483397362,TRUE
Piauí,201904,Pessoas_Fora_Forca,fora_ft,4093,4095,6794,1106593.60938249,26198.00983476413,2.3674463337433647,2.4,-0.03255366625663525,TRUE
Piauí,202001,Pessoas_Fora_Forca,fora_ft,4093,4095,6794,1142451.94609523,31492.56869628945,2.7565770975249717,2.7,0.05657709752497153,FALSE
Piauí,202002,Pessoas_Fora_Forca,fora_ft,4093,4095,6794,1399214.80743723,31536.95704571377,2.2539038951050085,NA,NA,NA
Piauí,202003,Pessoas_Fora_Forca,fora_ft,4093,4095,6794,1318999.93645232,27277.4696654005,2.068041772524114,NA,NA,NA
Piauí,202004,Pessoas_Fora_Forca,fora_ft,4093,4095,6794,1214349.15530453,32554.631963833217,2.6808296297343976,NA,NA,NA
Piauí,202101,Pessoas_Fora_Forca,fora_ft,4093,4095,6794,1244167.05176779,31481.622574175464,2.5303372669646262,NA,NA,NA
Piauí,202102,Pessoas_Fora_Forca,fora_ft,4093,4095,6794,1213545.6745384,25475.284923046263,2.09924401343496,NA,NA,NA
Piauí,202103,Pessoas_Fora_Forca,fora_ft,4093,4095,6794,1206143.92854382,25613.21983058141,2.123562472474102,NA,NA,NA
Piauí,202104,Pessoas_Fora_Forca,fora_ft,4093,4095,6794,1195566.02365639,25005.078261167226,2.091484515819076,NA,NA,NA
Piauí,202201,Pessoas_Fora_Forca,fora_ft,4093,4095,6794,1189840.38775739,23352.297205129667,1.96264116140351,NA,NA,NA
Piauí,202202,Pessoas_Fora_Forca,fora_ft,4093,4095,6794,1226548.03940717,28311.742635714203,2.3082457210072405,2.3,0.008245721007240636,TRUE
Piauí,202203,Pessoas_Fora_Forca,fora_ft,4093,4095,6794,1218974.51771702,23223.152158816367,1.9051384439364902,1.9,0.005138443936490322,TRUE
Piauí,202204,Pessoas_Fora_Forca,fora_ft,4093,4095,6794,1244101.94911177,25976.85040137204,2.088000136959699,2.1,-0.011999863040300873,TRUE
Piauí,202301,Pessoas_Fora_Forca,fora_ft,4093,4095,6794,1253636.09705238,25516.91285413516,2.0354322050977927,2,0.03543220509779266,TRUE
Piauí,202302,Pessoas_Fora_Forca,fora_ft,4093,4095,6794,1296911.49569748,24598.886061646033,1.896728199515013,1.9,-0.0032718004849869864,TRUE
Piauí,202303,Pessoas_Fora_Forca,fora_ft,4093,4095,6794,1240122.24253873,23494.7981523881,1.894555016148284,1.9,-0.005444983851715879,TRUE
Piauí,202304,Pessoas_Fora_Forca,fora_ft,4093,4095,6794,1304685.9050766,19426.36322422138,1.4889685822949725,1.5,-0.011031417705027469,TRUE
Piauí,202401,Pessoas_Fora_Forca,fora_ft,4093,4095,6794,1259174.63624496,24366.373649118395,1.9351067713516235,1.9,0.035106771351623545,TRUE
Piauí,202402,Pessoas_Fora_Forca,fora_ft,4093,4095,6794,1254696.67982309,26997.10157087184,2.1516835108448986,2.1,0.05168351084489853,FALSE
Piauí,202403,Pessoas_Fora_Forca,fora_ft,4093,4095,6794,1225310.8534606,25345.827167999996,2.068522211846628,2.1,-0.0314777881533721,TRUE
Piauí,202404,Pessoas_Fora_Forca,fora_ft,4093,4095,6794,1220279.87123026,26040.85266509734,2.134006573331699,2.1,0.034006573331698764,TRUE
Piauí,202501,Pessoas_Fora_Forca,fora_ft,4093,4095,6794,1244525.99272712,24977.14013786952,2.006960102387039,2,0.0069601023870391465,TRUE
Piauí,202502,Pessoas_Fora_Forca,fora_ft,4093,4095,6794,1261484.37971736,24258.806369513863,1.923036603509045,1.9,0.023036603509045017,TRUE
Piauí,202503,Pessoas_Fora_Forca,fora_ft,4093,4095,6794,1225917.32181786,22369.161288640706,1.824687594386091,1.8,0.024687594386090916,TRUE
Piauí,202504,Pessoas_Fora_Forca,fora_ft,4093,4095,6794,1276903.23716884,22111.895631671454,1.7316813825844883,1.7,0.03168138258448838,TRUE
Piauí,202601,Pessoas_Fora_Forca,fora_ft,4093,4095,6794,1275957.16072925,20434.538093433133,1.6015065961739772,1.6,0.0015065961739770817,TRUE
Piauí,202602,Pessoas_Fora_Forca,fora_ft,4093,4095,6794,1292555.05090809,22972.781699766394,1.7773155335725754,1.8,-0.02268446642742461,TRUE
Piauí,201602,Pessoas_Forca_Trabalho,ft,4093,4089,6794,1457209.19007899,21419.642524861076,1.4699085533285714,1.5,-0.0300914466714286,TRUE
Piauí,201603,Pessoas_Forca_Trabalho,ft,4093,4089,6794,1444340.12831193,19817.928125740986,1.3721095008904278,1.4,-0.027890499109572087,TRUE
Piauí,201604,Pessoas_Forca_Trabalho,ft,4093,4089,6794,1413565.09998076,17764.040549401016,1.2566835832069427,1.3,-0.04331641679305731,TRUE
Piauí,201701,Pessoas_Forca_Trabalho,ft,4093,4089,6794,1414452.73747309,16011.56727276705,1.1319973335674407,1.1,0.03199733356744061,TRUE
Piauí,201702,Pessoas_Forca_Trabalho,ft,4093,4089,6794,1449375.16612077,19939.129525900888,1.3757051998667575,1.4,-0.024294800133242367,TRUE
Piauí,201703,Pessoas_Forca_Trabalho,ft,4093,4089,6794,1456613.6042046,18711.347436023523,1.284578654353641,1.3,-0.015421345646358997,TRUE
Piauí,201704,Pessoas_Forca_Trabalho,ft,4093,4089,6794,1445383.92325682,20586.87380531498,1.4243187207262886,1.4,0.024318720726288712,TRUE
Piauí,201801,Pessoas_Forca_Trabalho,ft,4093,4089,6794,1412500.70296151,21106.12778562027,1.494238391624744,1.5,-0.005761608375256078,TRUE
Piauí,201802,Pessoas_Forca_Trabalho,ft,4093,4089,6794,1442133.9001296,20238.397766565547,1.40336467818604,1.4,0.0033646781860401376,TRUE
Piauí,201803,Pessoas_Forca_Trabalho,ft,4093,4089,6794,1467893.4774472,18711.30729490492,1.2747047100069946,1.3,-0.025295289993005454,TRUE
Piauí,201804,Pessoas_Forca_Trabalho,ft,4093,4089,6794,1474726.62166113,19548.13493524837,1.3255429615306855,1.3,0.02554296153068547,TRUE
Piauí,201901,Pessoas_Forca_Trabalho,ft,4093,4089,6794,1465791.23715105,23200.46698356278,1.5827947660988757,1.6,-0.017205233901124384,TRUE
Piauí,201902,Pessoas_Forca_Trabalho,ft,4093,4089,6794,1481488.7310022,23993.257183726473,1.6195369348166067,1.6,0.019536934816606566,TRUE
Piauí,201903,Pessoas_Forca_Trabalho,ft,4093,4089,6794,1554571.47413636,20717.79999584613,1.332701669915555,1.3,0.0327016699155549,TRUE
Piauí,201904,Pessoas_Forca_Trabalho,ft,4093,4089,6794,1519167.87760146,24338.811673999335,1.6021146861284807,1.6,0.0021146861284806473,TRUE
Piauí,202001,Pessoas_Forca_Trabalho,ft,4093,4089,6794,1451069.80500701,31096.93829214735,2.1430353098689916,2.1,0.04303530986899151,TRUE
Piauí,202002,Pessoas_Forca_Trabalho,ft,4093,4089,6794,1226290.8462087,27030.337965059418,2.2042354836643034,NA,NA,NA
Piauí,202003,Pessoas_Forca_Trabalho,ft,4093,4089,6794,1333086.1302883099,29533.46801486687,2.2154208451992212,NA,NA,NA
Piauí,202004,Pessoas_Forca_Trabalho,ft,4093,4089,6794,1383734.50510548,31206.85549095969,2.255263229746579,NA,NA,NA
Piauí,202101,Pessoas_Forca_Trabalho,ft,4093,4089,6794,1418461.90183107,30648.02277312214,2.1606518112019146,NA,NA,NA
Piauí,202102,Pessoas_Forca_Trabalho,ft,4093,4089,6794,1460369.31021612,25946.79947070369,1.7767286185207374,NA,NA,NA
Piauí,202103,Pessoas_Forca_Trabalho,ft,4093,4089,6794,1472850.48333122,21975.160478043275,1.4920157019836089,NA,NA,NA
Piauí,202104,Pessoas_Forca_Trabalho,ft,4093,4089,6794,1483629.30924324,23849.436749574837,1.6075064438933067,NA,NA,NA
Piauí,202201,Pessoas_Forca_Trabalho,ft,4093,4089,6794,1471414.4243617,23378.75502906498,1.588862705298454,NA,NA,NA
Piauí,202202,Pessoas_Forca_Trabalho,ft,4093,4089,6794,1460925.41203612,23721.590679283687,1.6237372889709987,1.6,0.023737288970998582,TRUE
Piauí,202203,Pessoas_Forca_Trabalho,ft,4093,4089,6794,1466107.02515426,22820.020782744148,1.5565044291594663,1.6,-0.04349557084053379,TRUE
Piauí,202204,Pessoas_Forca_Trabalho,ft,4093,4089,6794,1446425.72290574,28289.335343205064,1.9558097519431774,2,-0.04419024805682259,TRUE
Piauí,202301,Pessoas_Forca_Trabalho,ft,4093,4089,6794,1430526.93916926,25892.17627624202,1.8099747419841115,1.8,0.009974741984111413,TRUE
Piauí,202302,Pessoas_Forca_Trabalho,ft,4093,4089,6794,1399677.46298324,24526.934433282186,1.7523275956023503,1.7,0.05232759560235034,FALSE
Piauí,202303,Pessoas_Forca_Trabalho,ft,4093,4089,6794,1472853.66779727,22221.39635880956,1.5087307615591456,1.5,0.00873076155914565,TRUE
Piauí,202304,Pessoas_Forca_Trabalho,ft,4093,4089,6794,1419083.17597491,20726.658760776827,1.4605668724483056,1.5,-0.03943312755169437,TRUE
Piauí,202401,Pessoas_Forca_Trabalho,ft,4093,4089,6794,1450857.54570073,20563.406774092018,1.4173277614350743,1.4,0.017327761435074418,TRUE
Piauí,202402,Pessoas_Forca_Trabalho,ft,4093,4089,6794,1453465.705405,23018.32881407169,1.5836857194823022,1.6,-0.0163142805176979,TRUE
Piauí,202403,Pessoas_Forca_Trabalho,ft,4093,4089,6794,1478993.80138812,22294.226751460687,1.5073914934962054,1.5,0.007391493496205381,TRUE
Piauí,202404,Pessoas_Forca_Trabalho,ft,4093,4089,6794,1476448.20288639,22497.319795007585,1.5237459567512313,1.5,0.023745956751231256,TRUE
Piauí,202501,Pessoas_Forca_Trabalho,ft,4093,4089,6794,1460267.62388139,21312.952070629362,1.4595237011404496,1.5,-0.0404762988595504,TRUE
Piauí,202502,Pessoas_Forca_Trabalho,ft,4093,4089,6794,1452450.41043229,24493.968131411788,1.686389287750051,1.7,-0.01361071224994892,TRUE
Piauí,202503,Pessoas_Forca_Trabalho,ft,4093,4089,6794,1483844.55180747,23545.993697294034,1.5868234761257625,1.6,-0.013176523874237622,TRUE
Piauí,202504,Pessoas_Forca_Trabalho,ft,4093,4089,6794,1459211.3661111,23776.43553701491,1.6294031206994206,1.6,0.029403120699420526,TRUE
Piauí,202601,Pessoas_Forca_Trabalho,ft,4093,4089,6794,1467191.15789915,20214.542971565337,1.377771591842896,1.4,-0.022228408157103807,TRUE
Piauí,202602,Pessoas_Forca_Trabalho,ft,4093,4089,6794,1450809.58390992,22274.53960377983,1.5353179253027907,1.5,0.035317925302790654,TRUE
Piauí,201602,Pessoas_Idade_Trabalhar,pit,4093,4087,6794,2540021.43144652,19071.608278945143,0.7508443843359237,0.7,0.050844384335923754,FALSE
Piauí,201603,Pessoas_Idade_Trabalhar,pit,4093,4087,6794,2552283.32491101,20952.24979932911,0.8209217838328998,0.8,0.020921783832899776,TRUE
Piauí,201604,Pessoas_Idade_Trabalhar,pit,4093,4087,6794,2559487.08807707,21420.740875929616,0.8369153716662393,0.8,0.03691537166623926,TRUE
Piauí,201701,Pessoas_Idade_Trabalhar,pit,4093,4087,6794,2546612.44333971,20953.350625887455,0.8227930669500912,0.8,0.0227930669500912,TRUE
Piauí,201702,Pessoas_Idade_Trabalhar,pit,4093,4087,6794,2560012.33359403,20833.77414675294,0.8138153817995156,0.8,0.01381538179951558,TRUE
Piauí,201703,Pessoas_Idade_Trabalhar,pit,4093,4087,6794,2558646.31549314,17999.084558290193,0.7034612188993047,0.7,0.00346121889930473,TRUE
Piauí,201704,Pessoas_Idade_Trabalhar,pit,4093,4087,6794,2557271.88435225,16533.988723786228,0.6465479413806734,0.6,0.04654794138067342,TRUE
Piauí,201801,Pessoas_Idade_Trabalhar,pit,4093,4087,6794,2573229.37107169,18172.183510951952,0.7062014647914445,0.7,0.006201464791444566,TRUE
Piauí,201802,Pessoas_Idade_Trabalhar,pit,4093,4087,6794,2576625.54683538,17049.362160477653,0.6616934378151196,0.7,-0.03830656218488038,TRUE
Piauí,201803,Pessoas_Idade_Trabalhar,pit,4093,4087,6794,2577265.34567957,17192.147550518275,0.6670693640194456,0.7,-0.032930635980554346,TRUE
Piauí,201804,Pessoas_Idade_Trabalhar,pit,4093,4087,6794,2591718.50861765,18469.348610861718,0.7126294213453278,0.7,0.012629421345327851,TRUE
Piauí,201901,Pessoas_Idade_Trabalhar,pit,4093,4087,6794,2590636.04623234,18411.503949792364,0.710694347689978,0.7,0.010694347689978012,TRUE
Piauí,201902,Pessoas_Idade_Trabalhar,pit,4093,4087,6794,2586582.82013649,16251.871397046634,0.6283143640530733,0.6,0.028314364053073304,TRUE
Piauí,201903,Pessoas_Idade_Trabalhar,pit,4093,4087,6794,2616990.95787328,17686.624798322944,0.6758382081952675,0.7,-0.024161791804732435,TRUE
Piauí,201904,Pessoas_Idade_Trabalhar,pit,4093,4087,6794,2625761.48698395,18321.134234221332,0.6977455616224186,0.7,-0.002254438377581325,TRUE
Piauí,202001,Pessoas_Idade_Trabalhar,pit,4093,4087,6794,2593521.75110224,38672.077943117016,1.4911028961558348,1.5,-0.0088971038441652,TRUE
Piauí,202002,Pessoas_Idade_Trabalhar,pit,4093,4087,6794,2625505.65364593,23074.684939607512,0.8788663207624277,NA,NA,NA
Piauí,202003,Pessoas_Idade_Trabalhar,pit,4093,4087,6794,2652086.06674063,23949.129974403168,0.9030298931375275,NA,NA,NA
Piauí,202004,Pessoas_Idade_Trabalhar,pit,4093,4087,6794,2598083.66041001,26703.635541816686,1.0278204643187865,NA,NA,NA
Piauí,202101,Pessoas_Idade_Trabalhar,pit,4093,4087,6794,2662628.95359886,25765.27451951609,0.967662974020141,NA,NA,NA
Piauí,202102,Pessoas_Idade_Trabalhar,pit,4093,4087,6794,2673914.98475452,19802.22417106996,0.7405704476011197,NA,NA,NA
Piauí,202103,Pessoas_Idade_Trabalhar,pit,4093,4087,6794,2678994.41187504,17830.654713872253,0.6655726728967867,NA,NA,NA
Piauí,202104,Pessoas_Idade_Trabalhar,pit,4093,4087,6794,2679195.33289963,18106.874795123113,0.6758325745337301,NA,NA,NA
Piauí,202201,Pessoas_Idade_Trabalhar,pit,4093,4087,6794,2661254.81211909,21268.216269650224,0.7991800023356229,NA,NA,NA
Piauí,202202,Pessoas_Idade_Trabalhar,pit,4093,4087,6794,2687473.45144329,22047.357600829244,0.8203748985497459,0.8,0.020374898549745835,TRUE
Piauí,202203,Pessoas_Idade_Trabalhar,pit,4093,4087,6794,2685081.54287128,18177.86664995392,0.676994957498218,0.7,-0.023005042501781925,TRUE
Piauí,202204,Pessoas_Idade_Trabalhar,pit,4093,4087,6794,2690527.67201751,16978.889514122875,0.6310616943549643,0.6,0.03106169435496431,TRUE
Piauí,202301,Pessoas_Idade_Trabalhar,pit,4093,4087,6794,2684163.03622164,16903.310228733022,0.6297423070294177,0.6,0.029742307029417714,TRUE
Piauí,202302,Pessoas_Idade_Trabalhar,pit,4093,4087,6794,2696588.95868072,15681.119088489302,0.581516846978456,0.6,-0.01848315302154402,TRUE
Piauí,202303,Pessoas_Idade_Trabalhar,pit,4093,4087,6794,2712975.910336,16085.891825970677,0.5929242410404761,0.6,-0.007075758959523837,TRUE
Piauí,202304,Pessoas_Idade_Trabalhar,pit,4093,4087,6794,2723769.08105151,17862.490944544654,0.6558004886981406,0.7,-0.044199511301859395,TRUE
Piauí,202401,Pessoas_Idade_Trabalhar,pit,4093,4087,6794,2710032.18194569,16167.473634029882,0.5965786584284144,0.6,-0.003421341571585579,TRUE
Piauí,202402,Pessoas_Idade_Trabalhar,pit,4093,4087,6794,2708162.38522809,19769.932849408353,0.7300128292618342,0.7,0.03001282926183424,TRUE
Piauí,202403,Pessoas_Idade_Trabalhar,pit,4093,4087,6794,2704304.65484872,21041.710234310012,0.7780820920669197,0.8,-0.02191790793308035,TRUE
Piauí,202404,Pessoas_Idade_Trabalhar,pit,4093,4087,6794,2696728.07411665,19150.708078311854,0.7101460567018767,0.7,0.010146056701876738,TRUE
Piauí,202501,Pessoas_Idade_Trabalhar,pit,4093,4087,6794,2704793.61660851,18645.43016098441,0.6893476103497895,0.7,-0.010652389650210425,TRUE
Piauí,202502,Pessoas_Idade_Trabalhar,pit,4093,4087,6794,2713934.79014965,17479.6756932616,0.6440713224468355,0.6,0.04407132244683554,TRUE
Piauí,202503,Pessoas_Idade_Trabalhar,pit,4093,4087,6794,2709761.87362533,16893.473088040257,0.6234301712068469,0.6,0.023430171206846873,TRUE
Piauí,202504,Pessoas_Idade_Trabalhar,pit,4093,4087,6794,2736114.60327994,14384.977147905205,0.5257446866685005,0.5,0.025744686668500494,TRUE
Piauí,202601,Pessoas_Idade_Trabalhar,pit,4093,4087,6794,2743148.3186284,19176.595124737025,0.6990724852357054,0.7,-9.275147642945347e-4,TRUE
Piauí,202602,Pessoas_Idade_Trabalhar,pit,4093,4087,6794,2743364.63481801,15487.731206970144,0.5645524116774062,0.6,-0.03544758832259376,TRUE
Piauí,201602,Pessoas_Ocupadas,ocup,4093,4091,6794,1310725.7788911,22117.28274317751,1.687407320384678,1.7,-0.012592679615321956,TRUE
Piauí,201603,Pessoas_Ocupadas,ocup,4093,4091,6794,1305964.5558414499,21723.655161817343,1.6634184338808882,1.7,-0.036581566119111786,TRUE
Piauí,201604,Pessoas_Ocupadas,ocup,4093,4091,6794,1287827.27398657,18832.92055824315,1.4623793841502029,1.5,-0.037620615849797145,TRUE
Piauí,201701,Pessoas_Ocupadas,ocup,4093,4091,6794,1233281.16634677,16132.828893953829,1.3081225380050645,1.3,0.008122538005064461,TRUE
Piauí,201702,Pessoas_Ocupadas,ocup,4093,4091,6794,1251590.49570787,18748.279355510866,1.4979563539196805,1.5,-0.0020436460803194834,TRUE
Piauí,201703,Pessoas_Ocupadas,ocup,4093,4091,6794,1278370.50172955,20051.444421993154,1.5685158875979137,1.6,-0.03148411240208637,TRUE
Piauí,201704,Pessoas_Ocupadas,ocup,4093,4091,6794,1251027.87485233,21626.06915906184,1.7286640524788113,1.7,0.02866405247881132,TRUE
Piauí,201801,Pessoas_Ocupadas,ocup,4093,4091,6794,1224270.45989156,20968.860010414064,1.7127636986578425,1.7,0.012763698657842548,TRUE
Piauí,201802,Pessoas_Ocupadas,ocup,4093,4091,6794,1247595.15300136,21447.671214244412,1.719121075666846,1.7,0.019121075666846066,TRUE
Piauí,201803,Pessoas_Ocupadas,ocup,4093,4091,6794,1284933.49198323,19203.80158148013,1.4945366200891868,1.5,-0.005463379910813249,TRUE
Piauí,201804,Pessoas_Ocupadas,ocup,4093,4091,6794,1291886.00518201,19604.347844599142,1.5174982750770758,1.5,0.017498275077075798,TRUE
Piauí,201901,Pessoas_Ocupadas,ocup,4093,4091,6794,1276135.80606827,23829.125574471473,1.8672875928376444,1.9,-0.03271240716235546,TRUE
Piauí,201902,Pessoas_Ocupadas,ocup,4093,4091,6794,1288914.10270392,23921.209041059876,1.8559195675551452,1.9,-0.04408043244485471,TRUE
Piauí,201903,Pessoas_Ocupadas,ocup,4093,4091,6794,1353400.44257648,21255.391036386914,1.5705175177808308,1.6,-0.02948248221916927,TRUE
Piauí,201904,Pessoas_Ocupadas,ocup,4093,4091,6794,1316600.60465463,24611.69285633481,1.8693362868985568,1.9,-0.030663713101443113,TRUE
Piauí,202001,Pessoas_Ocupadas,ocup,4093,4091,6794,1245737.73091042,30575.62245100742,2.4544189111669517,2.4,0.054418911166951744,FALSE
Piauí,202002,Pessoas_Ocupadas,ocup,4093,4091,6794,1062994.42965567,30013.904028688776,2.8235241118254044,NA,NA,NA
Piauí,202003,Pessoas_Ocupadas,ocup,4093,4091,6794,1156259.31690277,30063.933826913228,2.6001030553807256,NA,NA,NA
Piauí,202004,Pessoas_Ocupadas,ocup,4093,4091,6794,1213081.87102541,32803.011391879605,2.7041053184770982,NA,NA,NA
Piauí,202101,Pessoas_Ocupadas,ocup,4093,4091,6794,1203200.1061406,30905.5638657664,2.5686137915080045,NA,NA,NA
Piauí,202102,Pessoas_Ocupadas,ocup,4093,4091,6794,1236112.60602024,25844.799807241685,2.090812736749851,NA,NA,NA
Piauí,202103,Pessoas_Ocupadas,ocup,4093,4091,6794,1296804.49156314,22431.315981790118,1.729737684263562,NA,NA,NA
Piauí,202104,Pessoas_Ocupadas,ocup,4093,4091,6794,1307120.1819309,24530.93240977861,1.8767159094384955,NA,NA,NA
Piauí,202201,Pessoas_Ocupadas,ocup,4093,4091,6794,1289693.96935113,27805.212965235893,2.1559543291673475,NA,NA,NA
Piauí,202202,Pessoas_Ocupadas,ocup,4093,4091,6794,1323106.91902014,23112.717641410847,1.7468518461476679,1.7,0.04685184614766791,TRUE
Piauí,202203,Pessoas_Ocupadas,ocup,4093,4091,6794,1330153.21435182,23159.636459188067,1.7411254740660602,1.7,0.041125474066060264,TRUE
Piauí,202204,Pessoas_Ocupadas,ocup,4093,4091,6794,1309220.65419331,27758.574509924427,2.1202365255250393,2.1,0.020236525525039184,TRUE
Piauí,202301,Pessoas_Ocupadas,ocup,4093,4091,6794,1271251.05356304,26163.41059884879,2.0580836905124635,2.1,-0.04191630948753655,TRUE
Piauí,202302,Pessoas_Ocupadas,ocup,4093,4091,6794,1263682.14308715,25216.565031928294,1.995483213074827,2,-0.004516786925172989,TRUE
Piauí,202303,Pessoas_Ocupadas,ocup,4093,4091,6794,1327130.49512303,23196.08734122417,1.7478377165219012,1.7,0.047837716521901275,TRUE
Piauí,202304,Pessoas_Ocupadas,ocup,4093,4091,6794,1268322.33463339,21825.26665179431,1.7207981012258156,1.7,0.0207981012258156,TRUE
Piauí,202401,Pessoas_Ocupadas,ocup,4093,4091,6794,1305343.83657817,21436.858395772917,1.6422384505194834,1.6,0.04223845051948327,TRUE
Piauí,202402,Pessoas_Ocupadas,ocup,4093,4091,6794,1343191.42211388,23182.998200513703,1.7259638364894332,1.7,0.025963836489433234,TRUE
Piauí,202403,Pessoas_Ocupadas,ocup,4093,4091,6794,1360799.67262445,22123.22663006761,1.625751907141524,1.6,0.025751907141523978,TRUE
Piauí,202404,Pessoas_Ocupadas,ocup,4093,4091,6794,1365196.98395547,23340.58330857245,1.7096861173064075,1.7,0.00968611730640756,TRUE
Piauí,202501,Pessoas_Ocupadas,ocup,4093,4091,6794,1311530.54609765,21371.640152561744,1.6295190543713436,1.6,0.0295190543713435,TRUE
Piauí,202502,Pessoas_Ocupadas,ocup,4093,4091,6794,1329232.49723397,24749.9752800004,1.8619748863726384,1.9,-0.038025113627361495,TRUE
Piauí,202503,Pessoas_Ocupadas,ocup,4093,4091,6794,1372227.34965369,22085.414034680056,1.609457357066507,1.6,0.009457357066506855,TRUE
Piauí,202504,Pessoas_Ocupadas,ocup,4093,4091,6794,1342252.5129388,22884.94924405976,1.7049660196913485,1.7,0.004966019691348578,TRUE
Piauí,202601,Pessoas_Ocupadas,ocup,4093,4091,6794,1336661.20762319,19538.673037298944,1.4617520824175045,1.5,-0.03824791758249546,TRUE
Piauí,202602,Pessoas_Ocupadas,ocup,4093,4091,6794,1330262.80959853,23324.556780656338,1.7533796038164544,1.7,0.05337960381645446,FALSE
Piauí,201602,Pessoas_Subutilizadas,subutil,4100,4087,40286,547425.02045621,18168.71856032028,3.318941933852226,3.3,0.01894193385222609,TRUE
Piauí,201603,Pessoas_Subutilizadas,subutil,4100,4087,40286,544541.64664479,21022.859197705904,3.8606522250848756,3.9,-0.03934777491512431,TRUE
Piauí,201604,Pessoas_Subutilizadas,subutil,4100,4087,40286,568866.98975794,20800.715755525714,3.6565165724199744,3.6,0.05651657241997432,FALSE
Piauí,201701,Pessoas_Subutilizadas,subutil,4100,4087,40286,678468.71305275,21247.526758025353,3.131688514039613,3.1,0.031688514039613036,TRUE
Piauí,201702,Pessoas_Subutilizadas,subutil,4100,4087,40286,648349.68703754,24619.373831511002,3.797236942305413,3.8,-0.0027630576945867347,TRUE
Piauí,201703,Pessoas_Subutilizadas,subutil,4100,4087,40286,664906.25270808,22943.9340959741,3.450702110639857,3.4,0.05070211063985708,FALSE
Piauí,201704,Pessoas_Subutilizadas,subutil,4100,4087,40286,703184.49753774,24255.330207501604,3.44935508283156,3.4,0.04935508283156009,TRUE
Piauí,201801,Pessoas_Subutilizadas,subutil,4100,4087,40286,669968.11678462,22655.545147051616,3.3815855679494784,3.4,-0.018414432050521512,TRUE
Piauí,201802,Pessoas_Subutilizadas,subutil,4100,4087,40286,697396.7999459,21361.78380863363,3.063074538095207,3.1,-0.03692546190479318,TRUE
Piauí,201803,Pessoas_Subutilizadas,subutil,4100,4087,40286,688563.32321537,20664.487876312767,3.0011020307930774,3,0.0011020307930773576,TRUE
Piauí,201804,Pessoas_Subutilizadas,subutil,4100,4087,40286,731083.16602209,21360.944281513184,2.921821384253806,2.9,0.021821384253806198,TRUE
Piauí,201901,Pessoas_Subutilizadas,subutil,4100,4087,40286,731557.62089636,20350.425439583098,2.7817939227600705,2.8,-0.018206077239929286,TRUE
Piauí,201902,Pessoas_Subutilizadas,subutil,4100,4087,40286,770455.08093824,21363.140682690904,2.7727950936056427,2.8,-0.02720490639435713,TRUE
Piauí,201903,Pessoas_Subutilizadas,subutil,4100,4087,40286,750825.0445266,18347.538221595045,2.443650269173331,2.4,0.043650269173331147,TRUE
Piauí,201904,Pessoas_Subutilizadas,subutil,4100,4087,40286,758606.48527813,21713.702624548918,2.862314394344778,2.9,-0.03768560565522172,TRUE
Piauí,202001,Pessoas_Subutilizadas,subutil,4100,4087,40286,787823.23566337,28106.351803898517,3.567596198179171,3.6,-0.03240380182082925,TRUE
Piauí,202002,Pessoas_Subutilizadas,subutil,4100,4087,40286,795701.62339045,29108.548074972794,3.6582240401801034,3.6,0.0582240401801033,FALSE
Piauí,202003,Pessoas_Subutilizadas,subutil,4100,4087,40286,784683.81559445,25675.72361685416,3.272110766984929,3.3,-0.027889233015070847,TRUE
Piauí,202004,Pessoas_Subutilizadas,subutil,4100,4087,40286,819558.44909868,30202.555553824408,3.6852228888665666,3.7,-0.014777111133433607,TRUE
Piauí,202101,Pessoas_Subutilizadas,subutil,4100,4087,40286,896662.51602017,26740.8243083702,2.982261868942526,3,-0.017738131057473794,TRUE
Piauí,202102,Pessoas_Subutilizadas,subutil,4100,4087,40286,854679.44408439,24214.262788214135,2.8331397175644777,2.8,0.033139717564477866,TRUE
Piauí,202103,Pessoas_Subutilizadas,subutil,4100,4087,40286,769475.68577882,24051.534084452967,3.1257042332805303,3.1,0.025704233280530175,TRUE
Piauí,202104,Pessoas_Subutilizadas,subutil,4100,4087,40286,778704.892886,22505.90329700765,2.8901710394546662,2.9,-0.009828960545333665,TRUE
Piauí,202201,Pessoas_Subutilizadas,subutil,4100,4087,40286,804292.53559224,24042.572423005764,2.9892820533640836,3,-0.010717946635916409,TRUE
Piauí,202202,Pessoas_Subutilizadas,subutil,4100,4087,40286,758751.95220859,18539.650534129494,2.4434402415919876,2.4,0.04344024159198767,TRUE
Piauí,202203,Pessoas_Subutilizadas,subutil,4100,4087,40286,732589.38756765,18353.854150599625,2.505339889175608,2.5,0.005339889175608015,TRUE
Piauí,202204,Pessoas_Subutilizadas,subutil,4100,4087,40286,686194.14151257,22649.289257163775,3.3007115460412124,3.3,7.115460412125962e-4,TRUE
Piauí,202301,Pessoas_Subutilizadas,subutil,4100,4087,40286,688781.80727798,17771.06493246103,2.5800717650617253,2.6,-0.01992823493827478,TRUE
Piauí,202302,Pessoas_Subutilizadas,subutil,4100,4087,40286,683213.11758854,22734.863175262646,3.327638564011669,3.3,0.027638564011668976,TRUE
Piauí,202303,Pessoas_Subutilizadas,subutil,4100,4087,40286,675718.02675209,17190.082197953525,2.5439727101228113,2.5,0.04397271012281134,TRUE
Piauí,202304,Pessoas_Subutilizadas,subutil,4100,4087,40286,632372.95642105,19203.826676549488,3.036788098155654,3,0.03678809815565387,TRUE
Piauí,202401,Pessoas_Subutilizadas,subutil,4100,4087,40286,638718.84049363,23924.081517206476,3.7456357947288503,3.7,0.045635794728850154,TRUE
Piauí,202402,Pessoas_Subutilizadas,subutil,4100,4087,40286,552760.07484636,19509.853719622515,3.5295338081436674,3.5,0.02953380814366735,TRUE
Piauí,202403,Pessoas_Subutilizadas,subutil,4100,4087,40286,576785.21013121,21020.58766482988,3.6444394370042894,3.6,0.04443943700428932,TRUE
Piauí,202404,Pessoas_Subutilizadas,subutil,4100,4087,40286,534437.72076753,18999.995785488925,3.555137492578589,3.5,0.0551374925785888,FALSE
Piauí,202501,Pessoas_Subutilizadas,subutil,4100,4087,40286,571496.16559233,18813.826104089516,3.292030154671262,3.3,-0.00796984532873779,TRUE
Piauí,202502,Pessoas_Subutilizadas,subutil,4100,4087,40286,495319.18445941,19367.589181667292,3.9101229650139686,3.9,0.010122965013968699,TRUE
Piauí,202503,Pessoas_Subutilizadas,subutil,4100,4087,40286,492019.90883494,18743.105770721057,3.809420195028914,3.8,0.009420195028914335,TRUE
Piauí,202504,Pessoas_Subutilizadas,subutil,4100,4087,40286,457947.1097748,18290.039810661678,3.9939196951490716,4,-0.006080304850928364,TRUE
Piauí,202601,Pessoas_Subutilizadas,subutil,4100,4087,40286,503635.19365066,18844.698782660875,3.741735887451157,3.7,0.04173588745115664,TRUE
Piauí,202602,Pessoas_Subutilizadas,subutil,4100,4087,40286,429104.52918289,19593.56624648524,4.5661522808430215,4.6,-0.03384771915697815,TRUE
Piauí,201602,Taxa_Composta_Subutilizacao,subutil/ft_ampliada,4099,4119,NA,0.3279956771353463,0.009664506831269615,2.9465348188968936,2.9,0.046534818896893704,TRUE
Piauí,201603,Taxa_Composta_Subutilizacao,subutil/ft_ampliada,4099,4119,NA,0.32938069918233737,0.011650997676184298,3.537243592325542,3.5,0.037243592325542085,TRUE
Piauí,201604,Taxa_Composta_Subutilizacao,subutil/ft_ampliada,4099,4119,NA,0.3494722798331607,0.011102480781200725,3.1769274480084913,3.2,-0.023072551991508927,TRUE
Piauí,201701,Taxa_Composta_Subutilizacao,subutil/ft_ampliada,4099,4119,NA,0.40695449222227087,0.011156274570597239,2.7414059271531253,2.7,0.04140592715312508,TRUE
Piauí,201702,Taxa_Composta_Subutilizacao,subutil/ft_ampliada,4099,4119,NA,0.38875702133459394,0.012793404117202816,3.2908483744636565,3.3,-0.0091516255363433,TRUE
Piauí,201703,Taxa_Composta_Subutilizacao,subutil/ft_ampliada,4099,4119,NA,0.38793521728980507,0.011877196636902222,3.0616443435784846,3.1,-0.038355656421515505,TRUE
Piauí,201704,Taxa_Composta_Subutilizacao,subutil/ft_ampliada,4099,4119,NA,0.40861946730252735,0.013047747987736495,3.1931293126757483,3.2,-0.0068706873242518895,TRUE
Piauí,201801,Taxa_Composta_Subutilizacao,subutil/ft_ampliada,4099,4119,NA,0.39915553847392243,0.011381511065803977,2.851397505172674,2.8,0.05139750517267405,FALSE
Piauí,201802,Taxa_Composta_Subutilizacao,subutil/ft_ampliada,4099,4119,NA,0.4096030222241576,0.011381558532444939,2.7786803111565703,2.8,-0.021319688843429496,TRUE
Piauí,201803,Taxa_Composta_Subutilizacao,subutil/ft_ampliada,4099,4119,NA,0.40143199753502223,0.010759318235184456,2.680234336388638,2.7,-0.01976566361136234,TRUE
Piauí,201804,Taxa_Composta_Subutilizacao,subutil/ft_ampliada,4099,4119,NA,0.4169787452645661,0.010663064421483359,2.5572201323397965,2.6,-0.042779867660203585,TRUE
Piauí,201901,Taxa_Composta_Subutilizacao,subutil/ft_ampliada,4099,4119,NA,0.4198064826520054,0.010349570664103754,2.465319401149632,2.5,-0.03468059885036778,TRUE
Piauí,201902,Taxa_Composta_Subutilizacao,subutil/ft_ampliada,4099,4119,NA,0.43587402387561297,0.011154583212344832,2.5591300700057453,2.6,-0.04086992999425476,TRUE
Piauí,201903,Taxa_Composta_Subutilizacao,subutil/ft_ampliada,4099,4119,NA,0.413484078515364,0.00918335759329675,2.2209700615970682,2.2,0.020970061597068046,TRUE
Piauí,201904,Taxa_Composta_Subutilizacao,subutil/ft_ampliada,4099,4119,NA,0.4232381927905299,0.011066470561969686,2.6147145391121946,2.6,0.014714539112194558,TRUE
Piauí,202001,Taxa_Composta_Subutilizacao,subutil/ft_ampliada,4099,4119,NA,0.4541440848705449,0.013969441977423685,3.075993378049989,3.1,-0.02400662195001102,TRUE
Piauí,202002,Taxa_Composta_Subutilizacao,subutil/ft_ampliada,4099,4119,NA,0.4855855191037607,0.015762146851654644,3.2460084231396866,3.2,0.04600842313968645,TRUE
Piauí,202003,Taxa_Composta_Subutilizacao,subutil/ft_ampliada,4099,4119,NA,0.4615124349711711,0.014174523968036076,3.071320054230284,3.1,-0.02867994576971622,TRUE
Piauí,202004,Taxa_Composta_Subutilizacao,subutil/ft_ampliada,4099,4119,NA,0.47171581401954843,0.016506791942444275,3.4993085777192565,3.5,-6.914222807434811e-4,TRUE
Piauí,202101,Taxa_Composta_Subutilizacao,subutil/ft_ampliada,4099,4119,NA,0.4926589532592827,0.01245004845109686,2.5271129995164205,2.5,0.027112999516420544,TRUE
Piauí,202102,Taxa_Composta_Subutilizacao,subutil/ft_ampliada,4099,4119,NA,0.469381614944481,0.011524224316096171,2.4551929494424853,2.4,0.05519294944248543,FALSE
Piauí,202103,Taxa_Composta_Subutilizacao,subutil/ft_ampliada,4099,4119,NA,0.4263413994035365,0.011979829894359051,2.809914756371107,2.8,0.00991475637110728,TRUE
Piauí,202104,Taxa_Composta_Subutilizacao,subutil/ft_ampliada,4099,4119,NA,0.4276855910294587,0.011972744141772143,2.799426586468158,2.8,-5.734135318418154e-4,TRUE
Piauí,202201,Taxa_Composta_Subutilizacao,subutil/ft_ampliada,4099,4119,NA,0.44006965158827416,0.012210018304168029,2.774564949003034,2.8,-0.025435050996965636,TRUE
Piauí,202202,Taxa_Composta_Subutilizacao,subutil/ft_ampliada,4099,4119,NA,0.4233257685680091,0.01018625109272641,2.406244043962551,2.4,0.006244043962551071,TRUE
Piauí,202203,Taxa_Composta_Subutilizacao,subutil/ft_ampliada,4099,4119,NA,0.40573698587754253,0.009335638340729667,2.3009088807958222,2.3,9.088807958224088e-4,TRUE
Piauí,202204,Taxa_Composta_Subutilizacao,subutil/ft_ampliada,4099,4119,NA,0.3876884513119256,0.011318502553042627,2.91948406374788,2.9,0.019484063747880143,TRUE
Piauí,202301,Taxa_Composta_Subutilizacao,subutil/ft_ampliada,4099,4119,NA,0.396560017921811,0.01041155634748315,2.625467993986216,2.6,0.02546799398621591,TRUE
Piauí,202302,Taxa_Composta_Subutilizacao,subutil/ft_ampliada,4099,4119,NA,0.3964225568546317,0.012531347847989342,3.1611086784308777,3.2,-0.03889132156912245,TRUE
Piauí,202303,Taxa_Composta_Subutilizacao,subutil/ft_ampliada,4099,4119,NA,0.3842861383592189,0.00950206071512301,2.472652476015353,2.5,-0.027347523984647015,TRUE
Piauí,202304,Taxa_Composta_Subutilizacao,subutil/ft_ampliada,4099,4119,NA,0.37130673069257564,0.009743655772351291,2.6241527467538894,2.6,0.024152746753889343,TRUE
Piauí,202401,Taxa_Composta_Subutilizacao,subutil/ft_ampliada,4099,4119,NA,0.37080526877003045,0.013337011344657045,3.5967696437799326,3.6,-0.0032303562200675096,TRUE
Piauí,202402,Taxa_Composta_Subutilizacao,subutil/ft_ampliada,4099,4119,NA,0.32972321962656304,0.011316547261052098,3.4321353752001333,3.4,0.03213537520013343,TRUE
Piauí,202403,Taxa_Composta_Subutilizacao,subutil/ft_ampliada,4099,4119,NA,0.3374729764195058,0.011244234558905145,3.331891838630559,3.3,0.03189183863055911,TRUE
Piauí,202404,Taxa_Composta_Subutilizacao,subutil/ft_ampliada,4099,4119,NA,0.31661011585690024,0.011173874711664996,3.5292222680324294,3.5,0.029222268032429444,TRUE
Piauí,202501,Taxa_Composta_Subutilizacao,subutil/ft_ampliada,4099,4119,NA,0.33952407224984743,0.01012071610301306,2.9808537686145193,3,-0.01914623138548066,TRUE
Piauí,202502,Taxa_Composta_Subutilizacao,subutil/ft_ampliada,4099,4119,NA,0.3018339792154517,0.010732616743239215,3.5558013617738453,3.5,0.055801361773845315,FALSE
Piauí,202503,Taxa_Composta_Subutilizacao,subutil/ft_ampliada,4099,4119,NA,0.2911953338424833,0.009706702296489587,3.3333989828766444,3.3,0.033398982876644556,TRUE
Piauí,202504,Taxa_Composta_Subutilizacao,subutil/ft_ampliada,4099,4119,NA,0.2779846326060825,0.009841912152063679,3.5404518803059655,3.5,0.04045188030596547,TRUE
Piauí,202601,Taxa_Composta_Subutilizacao,subutil/ft_ampliada,4099,4119,NA,0.30388844232287393,0.010528001358213955,3.4644296695654573,3.5,-0.03557033043454272,TRUE
Piauí,202602,Taxa_Composta_Subutilizacao,subutil/ft_ampliada,4099,4119,NA,0.26637023819901057,0.011673900189820707,4.382584281468751,4.4,-0.017415718531249347,TRUE
Piauí,201602,Taxa_Desocupacao,desocup/ft,4093,4103,6794,0.10052325512711709,0.005729422905594908,5.699599459199509,5.7,-4.005408004914557e-4,TRUE
Piauí,201603,Taxa_Desocupacao,desocup/ft,4093,4103,6794,0.09580539220509383,0.006005534088964272,6.268471899898935,6.3,-0.03152810010106499,TRUE
Piauí,201604,Taxa_Desocupacao,desocup/ft,4093,4103,6794,0.08895085623994355,0.005631573838612622,6.331106946763435,6.3,0.03110694676343506,TRUE
Piauí,201701,Taxa_Desocupacao,desocup/ft,4093,4103,6794,0.12808598430088358,0.0060921683418282465,4.756311453653888,4.7,0.05631145365388779,FALSE
Piauí,201702,Taxa_Desocupacao,desocup/ft,4093,4103,6794,0.13646202517893805,0.008170226932219624,5.987179892359271,6,-0.012820107640728828,TRUE
Piauí,201703,Taxa_Desocupacao,desocup/ft,4093,4103,6794,0.12236814345310308,0.007602434049941049,6.212755898233137,6.2,0.012755898233137053,TRUE
Piauí,201704,Taxa_Desocupacao,desocup/ft,4093,4103,6794,0.13446672906569768,0.006699206388679794,4.982054992507997,5,-0.017945007492002674,TRUE
Piauí,201801,Taxa_Desocupacao,desocup/ft,4093,4103,6794,0.13326028275617727,0.00680668215966204,5.107810083305948,5.1,0.007810083305948012,TRUE
Piauí,201802,Taxa_Desocupacao,desocup/ft,4093,4103,6794,0.1348964524797298,0.007420168617791867,5.500640292158058,5.5,6.402921580583865e-4,TRUE
Piauí,201803,Taxa_Desocupacao,desocup/ft,4093,4103,6794,0.12464118703092407,0.00599189562962069,4.807315922090884,4.8,0.007315922090883831,TRUE
Piauí,201804,Taxa_Desocupacao,desocup/ft,4093,4103,6794,0.12398271909756982,0.00616889516264759,4.975608865129742,5,-0.02439113487025768,TRUE
Piauí,201901,Taxa_Desocupacao,desocup/ft,4093,4103,6794,0.12938775063998828,0.006523035271332432,5.041462765267703,5,0.04146276526770265,TRUE
Piauí,201902,Taxa_Desocupacao,desocup/ft,4093,4103,6794,0.12998723801834577,0.006049983397069662,4.654290289801985,4.6,0.054290289801985026,FALSE
Piauí,201903,Taxa_Desocupacao,desocup/ft,4093,4103,6794,0.12940609994895236,0.005998934317577739,4.635743075437849,4.6,0.03574307543784894,TRUE
Piauí,201904,Taxa_Desocupacao,desocup/ft,4093,4103,6794,0.13334094008534036,0.007192634278689729,5.394167968282154,5.4,-0.005832031717845965,TRUE
Piauí,202001,Taxa_Desocupacao,desocup/ft,4093,4103,6794,0.14150392585393096,0.008647841175471198,6.1113789764377495,6.1,0.011378976437749877,TRUE
Piauí,202002,Taxa_Desocupacao,desocup/ft,4093,4103,6794,0.13316287653772382,0.012614061270236957,9.472656042139125,NA,NA,NA
Piauí,202003,Taxa_Desocupacao,desocup/ft,4093,4103,6794,0.1326447026699597,0.009672817085298572,7.292275447566134,NA,NA,NA
Piauí,202004,Taxa_Desocupacao,desocup/ft,4093,4103,6794,0.12332758448273384,0.00976547745263609,7.918323782627301,NA,NA,NA
Piauí,202101,Taxa_Desocupacao,desocup/ft,4093,4103,6794,0.15175719235926743,0.010658707009902603,7.0235267562603285,NA,NA,NA
Piauí,202102,Taxa_Desocupacao,desocup/ft,4093,4103,6794,0.1535616385711997,0.008182708171100943,5.328614781162931,NA,NA,NA
Piauí,202103,Taxa_Desocupacao,desocup/ft,4093,4103,6794,0.11952740197355807,0.007283147180141632,6.093286610339622,NA,NA,NA
Piauí,202104,Taxa_Desocupacao,desocup/ft,4093,4103,6794,0.11897117845587225,0.006660245616733956,5.598200928306612,NA,NA,NA
Piauí,202201,Taxa_Desocupacao,desocup/ft,4093,4103,6794,0.123500525753919,0.009177753382932528,7.431347621320789,NA,NA,NA
Piauí,202202,Taxa_Desocupacao,desocup/ft,4093,4103,6794,0.09433643352393994,0.005495557399913022,5.8254877724611065,5.8,0.025487772461106672,TRUE
Piauí,202203,Taxa_Desocupacao,desocup/ft,4093,4103,6794,0.09273116387129739,0.005964737181480088,6.4322897852965735,6.4,0.032289785296573115,TRUE
Piauí,202204,Taxa_Desocupacao,desocup/ft,4093,4103,6794,0.09485801209121009,0.006795088398308395,7.1634311625407285,7.1,0.06343116254072889,FALSE
Piauí,202301,Taxa_Desocupacao,desocup/ft,4093,4103,6794,0.11134071036698909,0.006779637215931983,6.089091037398346,6.1,-0.010908962601654082,TRUE
Piauí,202302,Taxa_Desocupacao,desocup/ft,4093,4103,6794,0.097161898717889425,0.0070428035624743425,7.248524015492117,7.2,0.04852401549211649,TRUE
Piauí,202303,Taxa_Desocupacao,desocup/ft,4093,4103,6794,0.09893934194574582,0.006197925398003724,6.264368931625204,6.2,0.06436893162520363,FALSE
Piauí,202304,Taxa_Desocupacao,desocup/ft,4093,4103,6794,0.10623819934863743,0.005791392283054438,5.451327600206277,5.4,0.05132760020627636,FALSE
Piauí,202401,Taxa_Desocupacao,desocup/ft,4093,4103,6794,0.10029496662422518,0.006385015385343458,6.366237110648008,6.4,-0.03376288935199234,TRUE
Piauí,202402,Taxa_Desocupacao,desocup/ft,4093,4103,6794,0.07586989007105104,0.005022365968028198,6.619709035198056,6.6,0.019709035198056668,TRUE
Piauí,202403,Taxa_Desocupacao,desocup/ft,4093,4103,6794,0.07991522929490176,0.004776443108309231,5.976887197161489,6,-0.023112802838510582,TRUE
Piauí,202404,Taxa_Desocupacao,desocup/ft,4093,4103,6794,0.07535057356799166,0.005626566828392188,7.467185134715829,7.4,0.06718513471582899,FALSE
Piauí,202501,Taxa_Desocupacao,desocup/ft,4093,4103,6794,0.10185604018830259,0.007047536721235641,6.919115163132955,6.9,0.01911516313295447,TRUE
Piauí,202502,Taxa_Desocupacao,desocup/ft,4093,4103,6794,0.08483450609625075,0.005165043459767712,6.088375706351853,6.1,-0.011624293648146988,TRUE
Piauí,202503,Taxa_Desocupacao,desocup/ft,4093,4103,6794,0.07522162750661393,0.00571549265029161,7.598203920526805,7.6,-0.0017960794731948226,TRUE
Piauí,202504,Taxa_Desocupacao,desocup/ft,4093,4103,6794,0.08015209851606592,0.005093990590084549,6.355405141467999,6.3,0.055405141467999464,FALSE
Piauí,202601,Taxa_Desocupacao,desocup/ft,4093,4103,6794,0.08896587849047834,0.005726673690822615,6.436932662262777,6.4,0.03693266226277636,TRUE
Piauí,202602,Taxa_Desocupacao,desocup/ft,4093,4103,6794,0.08308931485448108,0.006241633784476243,7.5119572178535385,7.5,0.011957217853538538,TRUE
Piauí,201602,Taxa_Participacao,ft/pit,4093,4100,6794,0.5736995649084433,0.007291181394062838,1.2709058608448547,1.3,-0.02909413915514536,TRUE
Piauí,201603,Taxa_Participacao,ft/pit,4093,4100,6794,0.5659011733590703,0.007054768452817449,1.2466431922983703,1.2,0.04664319229837033,TRUE
Piauí,201604,Taxa_Participacao,ft/pit,4093,4100,6794,0.5522845208188818,0.006566851039414002,1.1890340561559138,1.2,-0.010965943844086112,TRUE
Piauí,201701,Taxa_Participacao,ft/pit,4093,4100,6794,0.5554252046370004,0.0067649125419473564,1.2179700318728932,1.2,0.017970031872893255,TRUE
Piauí,201702,Taxa_Participacao,ft/pit,4093,4100,6794,0.5661594466171871,0.00689303702339887,1.2175080826761597,1.2,0.017508082676159775,TRUE
Piauí,201703,Taxa_Participacao,ft/pit,4093,4100,6794,0.5692907204034021,0.007271321552229004,1.2772598062157963,1.3,-0.022740193784203777,TRUE
Piauí,201704,Taxa_Participacao,ft/pit,4093,4100,6794,0.5652054175784019,0.007367343672066515,1.3034807245181015,1.3,0.0034807245181014412,TRUE
Piauí,201801,Taxa_Participacao,ft/pit,4093,4100,6794,0.54892141324084,0.007440455650106291,1.3554682820948327,1.4,-0.04453171790516719,TRUE
Piauí,201802,Taxa_Participacao,ft/pit,4093,4100,6794,0.5596986732902782,0.006981832759553323,1.2474270697319152,1.2,0.04742706973191524,TRUE
Piauí,201803,Taxa_Participacao,ft/pit,4093,4100,6794,0.5695546560263658,0.006727317332534901,1.1811539527162571,1.2,-0.01884604728374284,TRUE
Piauí,201804,Taxa_Participacao,ft/pit,4093,4100,6794,0.5690149670026118,0.006235558722953059,1.0958514423267247,1.1,-0.004148557673275377,TRUE
Piauí,201901,Taxa_Participacao,ft/pit,4093,4100,6794,0.5658036138587687,0.00778319475737704,1.375600043325248,1.4,-0.02439995667475192,TRUE
Piauí,201902,Taxa_Participacao,ft/pit,4093,4100,6794,0.5727590547145226,0.008686835543810388,1.5166648998923504,1.5,0.016664899892350427,TRUE
Piauí,201903,Taxa_Participacao,ft/pit,4093,4100,6794,0.594030128174266,0.007403238986956362,1.2462733177709349,1.2,0.04627331777093491,TRUE
Piauí,201904,Taxa_Participacao,ft/pit,4093,4100,6794,0.578562784598701,0.009056105286003924,1.5652761510205606,1.6,-0.034723848979439476,TRUE
Piauí,202001,Taxa_Participacao,ft/pit,4093,4100,6794,0.559497835092499,0.009549945330003716,1.7068779771819622,1.7,0.006877977181962258,TRUE
Piauí,202002,Taxa_Participacao,ft/pit,4093,4100,6794,0.46706844622703486,0.010233991255740565,2.191111675046868,NA,NA,NA
Piauí,202003,Taxa_Participacao,ft/pit,4093,4100,6794,0.5026556818823948,0.009703021131716885,1.9303514277168914,NA,NA,NA
Piauí,202004,Taxa_Participacao,ft/pit,4093,4100,6794,0.532598132304604,0.011186467136962608,2.1003579356460893,NA,NA,NA
Piauí,202101,Taxa_Participacao,ft/pit,4093,4100,6794,0.5327298420284395,0.010631671725469265,1.995696671503846,NA,NA,NA
Piauí,202102,Taxa_Participacao,ft/pit,4093,4100,6794,0.5461539796674538,0.008861708351501978,1.6225659212256878,NA,NA,NA
Piauí,202103,Taxa_Participacao,ft/pit,4093,4100,6794,0.5497773630294233,0.008334252907691655,1.515932351555482,NA,NA,NA
Piauí,202104,Taxa_Participacao,ft/pit,4093,4100,6794,0.5537592914651516,0.008507400797651957,1.5362994226503794,NA,NA,NA
Piauí,202201,Taxa_Participacao,ft/pit,4093,4100,6794,0.552902494590531,0.00782445897549981,1.4151607294328552,NA,NA,NA
Piauí,202202,Taxa_Participacao,ft/pit,4093,4100,6794,0.5436055233407198,0.008909742779921827,1.6390088763570931,1.6,0.03900887635709305,TRUE
Piauí,202203,Taxa_Participacao,ft/pit,4093,4100,6794,0.5460195535017104,0.007885893544843316,1.4442511251236012,1.4,0.0442511251236013,TRUE
Piauí,202204,Taxa_Participacao,ft/pit,4093,4100,6794,0.5375992739079053,0.009574656816341882,1.7810025573029495,1.8,-0.018997442697050504,TRUE
Piauí,202301,Taxa_Participacao,ft/pit,4093,4100,6794,0.5329508378831339,0.009036585046940873,1.6955757275537722,1.7,-0.004424272446227784,TRUE
Piauí,202302,Taxa_Participacao,ft/pit,4093,4100,6794,0.5190548075476874,0.00864483062982556,1.6654947616550742,1.7,-0.034505238344925804,TRUE
Piauí,202303,Taxa_Participacao,ft/pit,4093,4100,6794,0.5428922764061175,0.00791357793749469,1.4576700169473098,1.5,-0.0423299830526902,TRUE
Piauí,202304,Taxa_Participacao,ft/pit,4093,4100,6794,0.520999810830907,0.006589040998407959,1.264691629714711,1.3,-0.03530837028528899,TRUE
Piauí,202401,Taxa_Participacao,ft/pit,4093,4100,6794,0.5353654304795284,0.007824406953582736,1.4615076932730586,1.5,-0.03849230672694137,TRUE
Piauí,202402,Taxa_Participacao,ft/pit,4093,4100,6794,0.5366981364681292,0.008582664099681395,1.5991604062875406,1.6,-8.395937124594521e-4,TRUE
Piauí,202403,Taxa_Participacao,ft/pit,4093,4100,6794,0.5469035445900439,0.008000393491562206,1.4628527407989758,1.5,-0.03714725920102424,TRUE
Piauí,202404,Taxa_Participacao,ft/pit,4093,4100,6794,0.5474961369139975,0.008368955472704586,1.5285871275506755,1.5,0.028587127550675495,TRUE
Piauí,202501,Taxa_Participacao,ft/pit,4093,4100,6794,0.539881348031423,0.007921930793331323,1.4673466349999258,1.5,-0.03265336500007421,TRUE
Piauí,202502,Taxa_Participacao,ft/pit,4093,4100,6794,0.5351825016960705,0.008388877327386088,1.5674797477123275,1.6,-0.032520252287672635,TRUE
Piauí,202503,Taxa_Participacao,ft/pit,4093,4100,6794,0.5475922317197073,0.007865194983198301,1.436323331048314,1.4,0.03632333104831398,TRUE
Piauí,202504,Taxa_Participacao,ft/pit,4093,4100,6794,0.5333151485547639,0.007944058922282709,1.4895618367133192,1.5,-0.01043816328668079,TRUE
Piauí,202601,Taxa_Participacao,ft/pit,4093,4100,6794,0.5348566637595299,0.006539040448776796,1.2225781021056383,1.2,0.022578102105638376,TRUE
Piauí,202602,Taxa_Participacao,ft/pit,4093,4100,6794,0.5288431459298752,0.007759271365806257,1.4672160215224077,1.5,-0.03278397847759229,TRUE
