Indicador,Indicador_Nome,Subcategoria_Indicador,Tipo_Geo,Regiao_Geografica,Geografia_Nome,Estimativa,SE,IC_95,IC_inf,IC_sup,CV,Confiabilidade
Chefes_Familia_Desocupados,Pessoas Responsáveis pelo Domicílio Desocupadas,"VD2002 == ""Pessoa responsável""/VD4002 == ""Pessoas desocupadas""",Agregados nacionais,Brasil,Brasil,0.363606758335283,0.0060002055477695,[0.352 — 0.375],0.35184635546165477,0.3753671612089112,1.650190875230292,Excelente (***)
Chefes_Familia_Desocupados,Pessoas Responsáveis pelo Domicílio Desocupadas,"VD2002 == ""Pessoa responsável""/VD4002 == ""Pessoas desocupadas""",Agregados nacionais,Nordeste,Nordeste,0.3790495306950326,0.00904528178027417,[0.361 — 0.397],0.3613207784056952,0.39677828298437,2.386306022774534,Excelente (***)
Chefes_Familia_Desocupados,Pessoas Responsáveis pelo Domicílio Desocupadas,"VD2002 == ""Pessoa responsável""/VD4002 == ""Pessoas desocupadas""",Agregados nacionais,Piauí,Piauí,0.3788944120342538,0.03123922701666781,[0.318 — 0.440],0.31766552708158485,0.4401232969869227,8.244837090351083,Boa (**)
Chefes_Familia_Desocupados,Pessoas Responsáveis pelo Domicílio Desocupadas,"VD2002 == ""Pessoa responsável""/VD4002 == ""Pessoas desocupadas""",Agregados nacionais,Teresina,Teresina,0.27740484733740467,0.03743366813935812,[0.204 — 0.351],0.20403485778426275,0.35077483689054656,13.494237212743416,Boa (**)
Chefes_Familia_Desocupados,Pessoas Responsáveis pelo Domicílio Desocupadas,"VD2002 == ""Pessoa responsável""/VD4002 == ""Pessoas desocupadas""",Estrato administrativo,Admin_Capital,Capital,0.27740484733740467,0.03743366813935812,[0.204 — 0.351],0.20403485778426275,0.35077483689054656,13.494237212743416,Boa (**)
Chefes_Familia_Desocupados,Pessoas Responsáveis pelo Domicílio Desocupadas,"VD2002 == ""Pessoa responsável""/VD4002 == ""Pessoas desocupadas""",Estrato administrativo,"Admin_Resto da RIDE (Região Integrada de Desenvolvimento Econômico, excluindo a capital)","Resto da RIDE (Região Integrada de Desenvolvimento Econômico, excluindo a capital)",0.38414931694073257,0.07689223290110668,[0.233 — 0.535],0.23344054045456347,0.5348580934269016,20.016235747458012,Regular (*)
Chefes_Familia_Desocupados,Pessoas Responsáveis pelo Domicílio Desocupadas,"VD2002 == ""Pessoa responsável""/VD4002 == ""Pessoas desocupadas""",Estrato administrativo,"Admin_Resto da UF  (Unidade da Federação, excluindo a região metropolitana e a RIDE)","Resto da UF  (Unidade da Federação, excluindo a região metropolitana e a RIDE)",0.4246848263145949,0.04315705508507564,[0.340 — 0.509],0.3400969983478467,0.5092726542813432,10.162137286512344,Boa (**)
Chefes_Familia_Desocupados,Pessoas Responsáveis pelo Domicílio Desocupadas,"VD2002 == ""Pessoa responsável""/VD4002 == ""Pessoas desocupadas""",Estrato agregado,Agreg_Alto Parnaíba e Chapadas Sul do Piauí,Alto Parnaíba e Chapadas Sul do Piauí,0.5109028761817255,0.08047705887511339,[0.353 — 0.669],0.3531678407865032,0.6686379115769477,15.751929109611847,Regular (*)
Chefes_Familia_Desocupados,Pessoas Responsáveis pelo Domicílio Desocupadas,"VD2002 == ""Pessoa responsável""/VD4002 == ""Pessoas desocupadas""",Estrato agregado,Agreg_Baixo Parnaíba do Piauí,Baixo Parnaíba do Piauí,0.2851274483890777,0.07446926787600891,[0.139 — 0.431],0.13916768335210025,0.43108721342605516,26.117888087151126,Regular (*)
Chefes_Familia_Desocupados,Pessoas Responsáveis pelo Domicílio Desocupadas,"VD2002 == ""Pessoa responsável""/VD4002 == ""Pessoas desocupadas""",Estrato agregado,Agreg_Centro-Leste do Piauí,Centro-Leste do Piauí,0.470435595458893,0.06550694121430513,[0.342 — 0.599],0.342041990678855,0.598829200238931,13.924741632359996,Boa (**)
Chefes_Familia_Desocupados,Pessoas Responsáveis pelo Domicílio Desocupadas,"VD2002 == ""Pessoa responsável""/VD4002 == ""Pessoas desocupadas""",Estrato agregado,Agreg_Entorno metropolitano de Teresina (PI),Entorno metropolitano de Teresina (PI),0.38414931694073257,0.07689223290110668,[0.233 — 0.535],0.23344054045456347,0.5348580934269016,20.016235747458012,Regular (*)
Chefes_Familia_Desocupados,Pessoas Responsáveis pelo Domicílio Desocupadas,"VD2002 == ""Pessoa responsável""/VD4002 == ""Pessoas desocupadas""",Estrato agregado,Agreg_Teresina,Teresina,0.27740484733740467,0.03743366813935812,[0.204 — 0.351],0.20403485778426275,0.35077483689054656,13.494237212743416,Boa (**)
Chefes_Familia_Desocupados,Pessoas Responsáveis pelo Domicílio Desocupadas,"VD2002 == ""Pessoa responsável""/VD4002 == ""Pessoas desocupadas""",Outro,Micro_2210011,Micro 2210011,0.31842721507052135,0.05188409216921261,[0.217 — 0.420],0.21673439441886463,0.42012003572217804,16.29386236905723,Regular (*)
Chefes_Familia_Desocupados,Pessoas Responsáveis pelo Domicílio Desocupadas,"VD2002 == ""Pessoa responsável""/VD4002 == ""Pessoas desocupadas""",Outro,Micro_2210012,Micro 2210012,0.1633784403587803,0.0995410063295696,[-0.032 — 0.358],-0.031721932047176105,0.3584788127647367,60.926647427271796,Baixa
Chefes_Familia_Desocupados,Pessoas Responsáveis pelo Domicílio Desocupadas,"VD2002 == ""Pessoa responsável""/VD4002 == ""Pessoas desocupadas""",Outro,Micro_2210013,Micro 2210013,0.250862686645018,0.15966674324300334,[-0.062 — 0.564],-0.062084130111268565,0.5638095034013045,63.64706739704936,Baixa
Chefes_Familia_Desocupados,Pessoas Responsáveis pelo Domicílio Desocupadas,"VD2002 == ""Pessoa responsável""/VD4002 == ""Pessoas desocupadas""",Outro,Micro_2210020,Micro 2210020,0.16704485869993868,0.07705501677164853,[0.016 — 0.318],0.01601702582750758,0.3180726915723698,46.128337843705694,Baixa
Chefes_Familia_Desocupados,Pessoas Responsáveis pelo Domicílio Desocupadas,"VD2002 == ""Pessoa responsável""/VD4002 == ""Pessoas desocupadas""",Outro,Micro_2210030,Micro 2210030,0.2606318205171226,0.07730694022181005,[0.109 — 0.412],0.10911021768237489,0.4121534233518703,29.66135910359083,Regular (*)
Chefes_Familia_Desocupados,Pessoas Responsáveis pelo Domicílio Desocupadas,"VD2002 == ""Pessoa responsável""/VD4002 == ""Pessoas desocupadas""",Outro,Micro_2220010,Micro 2220010,0.3717318577758225,0.11063250562415686,[0.155 — 0.589],0.1548921467524751,0.5885715687991699,29.76137323448752,Regular (*)
Chefes_Familia_Desocupados,Pessoas Responsáveis pelo Domicílio Desocupadas,"VD2002 == ""Pessoa responsável""/VD4002 == ""Pessoas desocupadas""",Outro,Micro_2220020,Micro 2220020,0.4086943955176488,0.0728063748767715,[0.266 — 0.551],0.26599390075917667,0.551394890276121,17.814380543328852,Regular (*)
Chefes_Familia_Desocupados,Pessoas Responsáveis pelo Domicílio Desocupadas,"VD2002 == ""Pessoa responsável""/VD4002 == ""Pessoas desocupadas""",Outro,Micro_2251011,Micro 2251011,0.3749751021639919,0.14383411100625831,[0.093 — 0.657],0.09306024459172557,0.6568899597362582,38.35830970541447,Baixa
Chefes_Familia_Desocupados,Pessoas Responsáveis pelo Domicílio Desocupadas,"VD2002 == ""Pessoa responsável""/VD4002 == ""Pessoas desocupadas""",Outro,Micro_2251012,Micro 2251012,0.5863858641923767,0.14986396597551338,[0.293 — 0.880],0.2926524908803705,0.8801192375043829,25.557226926320865,Regular (*)
Chefes_Familia_Desocupados,Pessoas Responsáveis pelo Domicílio Desocupadas,"VD2002 == ""Pessoa responsável""/VD4002 == ""Pessoas desocupadas""",Outro,Micro_2251013,Micro 2251013,0.5184533359133561,0.16993554156773824,[0.185 — 0.852],0.18537967444058912,0.851526997386123,32.777403441404005,Baixa
Chefes_Familia_Desocupados,Pessoas Responsáveis pelo Domicílio Desocupadas,"VD2002 == ""Pessoa responsável""/VD4002 == ""Pessoas desocupadas""",Outro,Micro_2251020,Micro 2251020,0.4407000318778552,0.07926139626812741,[0.285 — 0.596],0.2853476951923255,0.596052368563385,17.985339354387783,Regular (*)
Chefes_Familia_Desocupados,Pessoas Responsáveis pelo Domicílio Desocupadas,"VD2002 == ""Pessoa responsável""/VD4002 == ""Pessoas desocupadas""",Outro,Micro_2251021,Micro 2251021,0.44360460213556246,0.27484642340940146,[-0.095 — 0.982],-0.09509438774686435,0.9823035920179892,61.95752300275061,Baixa
Chefes_Familia_Desocupados,Pessoas Responsáveis pelo Domicílio Desocupadas,"VD2002 == ""Pessoa responsável""/VD4002 == ""Pessoas desocupadas""",Outro,Micro_2251022,Micro 2251022,0.20348142279967105,0.2149929654046663,[-0.218 — 0.625],-0.21790478939347493,0.6248676349928171,105.65729413850642,Baixa
Chefes_Familia_Desocupados,Pessoas Responsáveis pelo Domicílio Desocupadas,"VD2002 == ""Pessoa responsável""/VD4002 == ""Pessoas desocupadas""",Outro,Micro_2252011,Micro 2252011,0.2117521196512965,0.1318552157594776,[-0.047 — 0.470],-0.04668410323727959,0.47018834253987263,62.26866393432594,Baixa
Chefes_Familia_Desocupados,Pessoas Responsáveis pelo Domicílio Desocupadas,"VD2002 == ""Pessoa responsável""/VD4002 == ""Pessoas desocupadas""",Outro,Micro_2252012,Micro 2252012,0.3758000600369258,0.15098528954518797,[0.080 — 0.672],0.07986889252835738,0.6717312275454942,40.17702645666216,Baixa
Chefes_Familia_Desocupados,Pessoas Responsáveis pelo Domicílio Desocupadas,"VD2002 == ""Pessoa responsável""/VD4002 == ""Pessoas desocupadas""",Outro,Micro_2252013,Micro 2252013,0.36009828832756946,0.17143867777854616,[0.024 — 0.696],0.024078479881618986,0.6961180967735199,47.60885661933335,Baixa
Chefes_Familia_Desocupados,Pessoas Responsáveis pelo Domicílio Desocupadas,"VD2002 == ""Pessoa responsável""/VD4002 == ""Pessoas desocupadas""",Outro,Micro_2252020,Micro 2252020,0.3823394208974949,0.14520127350090528,[0.098 — 0.667],0.09774492483572056,0.6669339169592692,37.977060581423466,Baixa
Chefes_Familia_Desocupados,Pessoas Responsáveis pelo Domicílio Desocupadas,"VD2002 == ""Pessoa responsável""/VD4002 == ""Pessoas desocupadas""",Outro,Micro_2252021,Micro 2252021,0,0,[0.000 — 0.000],0,0,NA,NA
Chefes_Familia_Desocupados,Pessoas Responsáveis pelo Domicílio Desocupadas,"VD2002 == ""Pessoa responsável""/VD4002 == ""Pessoas desocupadas""",Outro,Micro_2252022,Micro 2252022,0,0,[0.000 — 0.000],0,0,NA,NA
Chefes_Familia_Desocupados,Pessoas Responsáveis pelo Domicílio Desocupadas,"VD2002 == ""Pessoa responsável""/VD4002 == ""Pessoas desocupadas""",Outro,Micro_2253010,Micro 2253010,0.3735973802837919,0.15761304143089233,[0.065 — 0.683],0.06467581907924297,0.6825189414883408,42.187940748183614,Baixa
Chefes_Familia_Desocupados,Pessoas Responsáveis pelo Domicílio Desocupadas,"VD2002 == ""Pessoa responsável""/VD4002 == ""Pessoas desocupadas""",Outro,Micro_2253011,Micro 2253011,0.5770429994398508,0.21906309439637617,[0.148 — 1.006],0.14767933442295356,1.006406664456748,37.96304514724654,Baixa
Chefes_Familia_Desocupados,Pessoas Responsáveis pelo Domicílio Desocupadas,"VD2002 == ""Pessoa responsável""/VD4002 == ""Pessoas desocupadas""",Outro,Micro_2253012,Micro 2253012,0.44464342667363493,0.11317142825937768,[0.223 — 0.666],0.2228274272852547,0.6664594260620151,25.452176164170464,Regular (*)
Chefes_Familia_Desocupados,Pessoas Responsáveis pelo Domicílio Desocupadas,"VD2002 == ""Pessoa responsável""/VD4002 == ""Pessoas desocupadas""",Outro,Micro_2253020,Micro 2253020,0.4810393716853611,0.12402045774885076,[0.238 — 0.724],0.23795927449761362,0.7241194688731085,25.78176861372799,Regular (*)
Chefes_Familia_Desocupados,Pessoas Responsáveis pelo Domicílio Desocupadas,"VD2002 == ""Pessoa responsável""/VD4002 == ""Pessoas desocupadas""",Outro,Micro_2253021,Micro 2253021,0.8754660003669278,0.27742125376019633,[0.332 — 1.419],0.331720342996943,1.4192116577369127,31.68840978906351,Baixa
Chefes_Familia_Desocupados,Pessoas Responsáveis pelo Domicílio Desocupadas,"VD2002 == ""Pessoa responsável""/VD4002 == ""Pessoas desocupadas""",Outro,Micro_2253022,Micro 2253022,0,0,[0.000 — 0.000],0,0,NA,NA
Chefes_Familia_Desocupados,Pessoas Responsáveis pelo Domicílio Desocupadas,"VD2002 == ""Pessoa responsável""/VD4002 == ""Pessoas desocupadas""",Outro,Micro_2254020,Micro 2254020,0.22253953112588284,0.1337026151447707,[-0.040 — 0.485],-0.039517594557867713,0.4845966568096334,60.08038862503929,Baixa
Chefes_Familia_Desocupados,Pessoas Responsáveis pelo Domicílio Desocupadas,"VD2002 == ""Pessoa responsável""/VD4002 == ""Pessoas desocupadas""",Zona,Zona_Rural,Zona Rural,0.4087362157205882,0.04651019606325031,[0.318 — 0.500],0.3175762314366176,0.4998962000045588,11.37902497366288,Boa (**)
Chefes_Familia_Desocupados,Pessoas Responsáveis pelo Domicílio Desocupadas,"VD2002 == ""Pessoa responsável""/VD4002 == ""Pessoas desocupadas""",Zona,Zona_Urbana,Zona Urbana,0.365694492254747,0.03806767428129595,[0.291 — 0.440],0.2910818506634069,0.44030713384608705,10.409693087413952,Boa (**)
Conribuintes_Desocupados,Responsáveis ou Cônjuges Desocupados,"contribuinte_renda_domicilio/VD4002 == ""Pessoas desocupadas""",Agregados nacionais,Brasil,Brasil,0.527514332449338,0.00695227242503265,[0.514 — 0.541],0.513887878496274,0.5411407864024019,1.3179305276412259,Excelente (***)
Conribuintes_Desocupados,Responsáveis ou Cônjuges Desocupados,"contribuinte_renda_domicilio/VD4002 == ""Pessoas desocupadas""",Agregados nacionais,Nordeste,Nordeste,0.5456827010433482,0.00941450934547234,[0.527 — 0.564],0.5272302627262224,0.5641351393604739,1.7252717242954099,Excelente (***)
Conribuintes_Desocupados,Responsáveis ou Cônjuges Desocupados,"contribuinte_renda_domicilio/VD4002 == ""Pessoas desocupadas""",Agregados nacionais,Piauí,Piauí,0.5564829707895523,0.03283703998418403,[0.492 — 0.621],0.4921223724205516,0.620843569158553,5.900816684038686,Boa (**)
Conribuintes_Desocupados,Responsáveis ou Cônjuges Desocupados,"contribuinte_renda_domicilio/VD4002 == ""Pessoas desocupadas""",Agregados nacionais,Teresina,Teresina,0.41384594751144826,0.04121461556483893,[0.333 — 0.495],0.33306530100436393,0.4946265940185326,9.958926941938657,Boa (**)
Conribuintes_Desocupados,Responsáveis ou Cônjuges Desocupados,"contribuinte_renda_domicilio/VD4002 == ""Pessoas desocupadas""",Estrato administrativo,Admin_Capital,Capital,0.41384594751144826,0.04121461556483893,[0.333 — 0.495],0.33306530100436393,0.4946265940185326,9.958926941938657,Boa (**)
Conribuintes_Desocupados,Responsáveis ou Cônjuges Desocupados,"contribuinte_renda_domicilio/VD4002 == ""Pessoas desocupadas""",Estrato administrativo,"Admin_Resto da RIDE (Região Integrada de Desenvolvimento Econômico, excluindo a capital)","Resto da RIDE (Região Integrada de Desenvolvimento Econômico, excluindo a capital)",0.543579648272307,0.05891251814476076,[0.428 — 0.659],0.4281111127085759,0.659048183836038,10.83788150126777,Boa (**)
Conribuintes_Desocupados,Responsáveis ou Cônjuges Desocupados,"contribuinte_renda_domicilio/VD4002 == ""Pessoas desocupadas""",Estrato administrativo,"Admin_Resto da UF  (Unidade da Federação, excluindo a região metropolitana e a RIDE)","Resto da UF  (Unidade da Federação, excluindo a região metropolitana e a RIDE)",0.6251846570245181,0.04577285242118256,[0.535 — 0.715],0.5354698662790003,0.7148994477700359,7.321493243137518,Boa (**)
Conribuintes_Desocupados,Responsáveis ou Cônjuges Desocupados,"contribuinte_renda_domicilio/VD4002 == ""Pessoas desocupadas""",Estrato agregado,Agreg_Alto Parnaíba e Chapadas Sul do Piauí,Alto Parnaíba e Chapadas Sul do Piauí,0.6575289009350799,0.06163837241380304,[0.537 — 0.778],0.5367176910040259,0.7783401108661339,9.374245348933918,Boa (**)
Conribuintes_Desocupados,Responsáveis ou Cônjuges Desocupados,"contribuinte_renda_domicilio/VD4002 == ""Pessoas desocupadas""",Estrato agregado,Agreg_Baixo Parnaíba do Piauí,Baixo Parnaíba do Piauí,0.5491318992028457,0.11155797776993416,[0.330 — 0.768],0.3304782627737747,0.7677855356319166,20.31533369885791,Regular (*)
Conribuintes_Desocupados,Responsáveis ou Cônjuges Desocupados,"contribuinte_renda_domicilio/VD4002 == ""Pessoas desocupadas""",Estrato agregado,Agreg_Centro-Leste do Piauí,Centro-Leste do Piauí,0.663844976277214,0.05690120630141803,[0.552 — 0.775],0.5523186119264346,0.7753713406279933,8.571459954478401,Boa (**)
Conribuintes_Desocupados,Responsáveis ou Cônjuges Desocupados,"contribuinte_renda_domicilio/VD4002 == ""Pessoas desocupadas""",Estrato agregado,Agreg_Entorno metropolitano de Teresina (PI),Entorno metropolitano de Teresina (PI),0.543579648272307,0.05891251814476076,[0.428 — 0.659],0.4281111127085759,0.659048183836038,10.83788150126777,Boa (**)
Conribuintes_Desocupados,Responsáveis ou Cônjuges Desocupados,"contribuinte_renda_domicilio/VD4002 == ""Pessoas desocupadas""",Estrato agregado,Agreg_Teresina,Teresina,0.41384594751144826,0.04121461556483893,[0.333 — 0.495],0.33306530100436393,0.4946265940185326,9.958926941938657,Boa (**)
Conribuintes_Desocupados,Responsáveis ou Cônjuges Desocupados,"contribuinte_renda_domicilio/VD4002 == ""Pessoas desocupadas""",Outro,Micro_2210011,Micro 2210011,0.444522214353496,0.05640492103098531,[0.334 — 0.555],0.3339685691327648,0.5550758595742272,12.688886901416046,Boa (**)
Conribuintes_Desocupados,Responsáveis ou Cônjuges Desocupados,"contribuinte_renda_domicilio/VD4002 == ""Pessoas desocupadas""",Outro,Micro_2210012,Micro 2210012,0.1633784403587803,0.0995410063295696,[-0.032 — 0.358],-0.031721932047176105,0.3584788127647367,60.926647427271796,Baixa
Conribuintes_Desocupados,Responsáveis ou Cônjuges Desocupados,"contribuinte_renda_domicilio/VD4002 == ""Pessoas desocupadas""",Outro,Micro_2210013,Micro 2210013,0.5370942872105773,0.14104649728914778,[0.261 — 0.814],0.2606431525238476,0.8135454218973069,26.2610310047569,Regular (*)
Conribuintes_Desocupados,Responsáveis ou Cônjuges Desocupados,"contribuinte_renda_domicilio/VD4002 == ""Pessoas desocupadas""",Outro,Micro_2210020,Micro 2210020,0.31546453451812934,0.16156402720644775,[-0.001 — 0.632],-0.0012009588065082233,0.6321300278427668,51.21464048351301,Baixa
Conribuintes_Desocupados,Responsáveis ou Cônjuges Desocupados,"contribuinte_renda_domicilio/VD4002 == ""Pessoas desocupadas""",Outro,Micro_2210030,Micro 2210030,0.44454502230090653,0.09571502109478924,[0.257 — 0.632],0.2569435809551196,0.6321464636466935,21.531007275569277,Regular (*)
Conribuintes_Desocupados,Responsáveis ou Cônjuges Desocupados,"contribuinte_renda_domicilio/VD4002 == ""Pessoas desocupadas""",Outro,Micro_2220010,Micro 2220010,0.5336399677884152,0.08849444434668381,[0.360 — 0.707],0.3601908568689149,0.7070890787079154,16.583173991527428,Regular (*)
Conribuintes_Desocupados,Responsáveis ou Cônjuges Desocupados,"contribuinte_renda_domicilio/VD4002 == ""Pessoas desocupadas""",Outro,Micro_2220020,Micro 2220020,0.5632270040853217,0.08518934125131787,[0.396 — 0.730],0.39625589523273863,0.7301981129379047,15.125223157519766,Regular (*)
Conribuintes_Desocupados,Responsáveis ou Cônjuges Desocupados,"contribuinte_renda_domicilio/VD4002 == ""Pessoas desocupadas""",Outro,Micro_2251011,Micro 2251011,0.6993488472797005,0.16741231412853574,[0.371 — 1.027],0.3712207115877704,1.0274769829716306,23.938312729009215,Regular (*)
Conribuintes_Desocupados,Responsáveis ou Cônjuges Desocupados,"contribuinte_renda_domicilio/VD4002 == ""Pessoas desocupadas""",Outro,Micro_2251012,Micro 2251012,0.7266572625696924,0.12906802217961363,[0.474 — 0.980],0.4736839390976497,0.9796305860417351,17.76188429235371,Regular (*)
Conribuintes_Desocupados,Responsáveis ou Cônjuges Desocupados,"contribuinte_renda_domicilio/VD4002 == ""Pessoas desocupadas""",Outro,Micro_2251013,Micro 2251013,0.6374664136391435,0.1418220456124396,[0.359 — 0.915],0.35949520423876186,0.9154376230395251,22.247767502418117,Regular (*)
Conribuintes_Desocupados,Responsáveis ou Cônjuges Desocupados,"contribuinte_renda_domicilio/VD4002 == ""Pessoas desocupadas""",Outro,Micro_2251020,Micro 2251020,0.6848491116271362,0.0918255293026742,[0.505 — 0.865],0.5048710741938949,0.8648271490603776,13.408140237563495,Boa (**)
Conribuintes_Desocupados,Responsáveis ou Cônjuges Desocupados,"contribuinte_renda_domicilio/VD4002 == ""Pessoas desocupadas""",Outro,Micro_2251021,Micro 2251021,0.7088399087336694,0.34515743477215394,[0.032 — 1.385],0.03233133658024767,1.385348480887091,48.693284692275846,Baixa
Conribuintes_Desocupados,Responsáveis ou Cônjuges Desocupados,"contribuinte_renda_domicilio/VD4002 == ""Pessoas desocupadas""",Outro,Micro_2251022,Micro 2251022,0.3334106665661268,0.34184630034314106,[-0.337 — 1.003],-0.33660808210642973,1.0034294152386833,102.53010314993662,Baixa
Conribuintes_Desocupados,Responsáveis ou Cônjuges Desocupados,"contribuinte_renda_domicilio/VD4002 == ""Pessoas desocupadas""",Outro,Micro_2252011,Micro 2252011,0.5251484202342939,0.20198254193048845,[0.129 — 0.921],0.1292626380505365,0.9210342024180512,38.461991724239475,Baixa
Conribuintes_Desocupados,Responsáveis ou Cônjuges Desocupados,"contribuinte_renda_domicilio/VD4002 == ""Pessoas desocupadas""",Outro,Micro_2252012,Micro 2252012,0.6239509344213972,0.14398505162146644,[0.342 — 0.906],0.3417402332433229,0.9061616355994714,23.07634201317237,Regular (*)
Conribuintes_Desocupados,Responsáveis ou Cônjuges Desocupados,"contribuinte_renda_domicilio/VD4002 == ""Pessoas desocupadas""",Outro,Micro_2252013,Micro 2252013,0.4358712187691741,0.1995437391246623,[0.045 — 0.827],0.04476549008483599,0.8269769474535122,45.78043480093495,Baixa
Conribuintes_Desocupados,Responsáveis ou Cônjuges Desocupados,"contribuinte_renda_domicilio/VD4002 == ""Pessoas desocupadas""",Outro,Micro_2252020,Micro 2252020,0.6816995892985102,0.1621561907441656,[0.364 — 1.000],0.3638734554399456,0.9995257231570747,23.787045392095557,Regular (*)
Conribuintes_Desocupados,Responsáveis ou Cônjuges Desocupados,"contribuinte_renda_domicilio/VD4002 == ""Pessoas desocupadas""",Outro,Micro_2252021,Micro 2252021,0,0,[0.000 — 0.000],0,0,NA,NA
Conribuintes_Desocupados,Responsáveis ou Cônjuges Desocupados,"contribuinte_renda_domicilio/VD4002 == ""Pessoas desocupadas""",Outro,Micro_2252022,Micro 2252022,0,0,[0.000 — 0.000],0,0,NA,NA
Conribuintes_Desocupados,Responsáveis ou Cônjuges Desocupados,"contribuinte_renda_domicilio/VD4002 == ""Pessoas desocupadas""",Outro,Micro_2253010,Micro 2253010,0.4785521430659936,0.1834893678276168,[0.119 — 0.838],0.1189129821238647,0.8381913040081225,38.34260706723303,Baixa
Conribuintes_Desocupados,Responsáveis ou Cônjuges Desocupados,"contribuinte_renda_domicilio/VD4002 == ""Pessoas desocupadas""",Outro,Micro_2253011,Micro 2253011,0.7268465699192287,0.1534592273250765,[0.426 — 1.028],0.4260664843620788,1.0276266554763787,21.113015273929097,Regular (*)
Conribuintes_Desocupados,Responsáveis ou Cônjuges Desocupados,"contribuinte_renda_domicilio/VD4002 == ""Pessoas desocupadas""",Outro,Micro_2253012,Micro 2253012,0.6687938750248231,0.08993470969064912,[0.493 — 0.845],0.49252184403115085,0.8450659060184954,13.447298644490587,Boa (**)
Conribuintes_Desocupados,Responsáveis ou Cônjuges Desocupados,"contribuinte_renda_domicilio/VD4002 == ""Pessoas desocupadas""",Outro,Micro_2253020,Micro 2253020,0.6388984112995616,0.09784872835115106,[0.447 — 0.831],0.4471149037313055,0.8306819188678176,15.315224865267748,Regular (*)
Conribuintes_Desocupados,Responsáveis ou Cônjuges Desocupados,"contribuinte_renda_domicilio/VD4002 == ""Pessoas desocupadas""",Outro,Micro_2253021,Micro 2253021,0.8754660003669278,0.27742125376019633,[0.332 — 1.419],0.331720342996943,1.4192116577369127,31.68840978906351,Baixa
Conribuintes_Desocupados,Responsáveis ou Cônjuges Desocupados,"contribuinte_renda_domicilio/VD4002 == ""Pessoas desocupadas""",Outro,Micro_2253022,Micro 2253022,0.35274679490179667,0.42991248485823674,[-0.490 — 1.195],-0.4898816754203474,1.1953752652239407,121.87566012553641,Baixa
Conribuintes_Desocupados,Responsáveis ou Cônjuges Desocupados,"contribuinte_renda_domicilio/VD4002 == ""Pessoas desocupadas""",Outro,Micro_2254020,Micro 2254020,0.464669544703512,0.20499265175943268,[0.063 — 0.866],0.06288394725502394,0.8664551421520001,44.1157924154962,Baixa
Conribuintes_Desocupados,Responsáveis ou Cônjuges Desocupados,"contribuinte_renda_domicilio/VD4002 == ""Pessoas desocupadas""",Zona,Zona_Rural,Zona Rural,0.6057583227914255,0.05690844232051843,[0.494 — 0.717],0.49421777584320936,0.7172988697396416,9.394578692419076,Boa (**)
Conribuintes_Desocupados,Responsáveis ou Cônjuges Desocupados,"contribuinte_renda_domicilio/VD4002 == ""Pessoas desocupadas""",Zona,Zona_Urbana,Zona Urbana,0.534687012999322,0.03633514800141763,[0.463 — 0.606],0.46347012291654344,0.6059039030821005,6.795592022629453,Boa (**)
Desalentados_Fora_Forca,Desalentados Fora da Força de Trabalho,"!is.na(VD4005) & VD4005 == ""Pessoas desalentadas""/VD4003Pessoas fora da força de trabalho e na força de trabalho potencial",Agregados nacionais,Brasil,Brasil,0.484470826272535,0.00768365691161666,[0.469 — 0.500],0.4694108587257664,0.49953079381930365,1.5859895983281116,Excelente (***)
Desalentados_Fora_Forca,Desalentados Fora da Força de Trabalho,"!is.na(VD4005) & VD4005 == ""Pessoas desalentadas""/VD4003Pessoas fora da força de trabalho e na força de trabalho potencial",Agregados nacionais,Nordeste,Nordeste,0.6278136878669154,0.00961218358579343,[0.609 — 0.647],0.6089738080387602,0.6466535676950705,1.5310567086315312,Excelente (***)
Desalentados_Fora_Forca,Desalentados Fora da Força de Trabalho,"!is.na(VD4005) & VD4005 == ""Pessoas desalentadas""/VD4003Pessoas fora da força de trabalho e na força de trabalho potencial",Agregados nacionais,Piauí,Piauí,0.6839770817050019,0.02634844673734857,[0.632 — 0.736],0.6323341260997988,0.7356200373102051,3.8522411703719346,Excelente (***)
Desalentados_Fora_Forca,Desalentados Fora da Força de Trabalho,"!is.na(VD4005) & VD4005 == ""Pessoas desalentadas""/VD4003Pessoas fora da força de trabalho e na força de trabalho potencial",Agregados nacionais,Teresina,Teresina,0.5843783261212113,0.12190856268767096,[0.345 — 0.823],0.3454375432533763,0.8233191089890464,20.861239583752937,Regular (*)
Desalentados_Fora_Forca,Desalentados Fora da Força de Trabalho,"!is.na(VD4005) & VD4005 == ""Pessoas desalentadas""/VD4003Pessoas fora da força de trabalho e na força de trabalho potencial",Estrato administrativo,Admin_Capital,Capital,0.5843783261212113,0.12190856268767096,[0.345 — 0.823],0.3454375432533763,0.8233191089890464,20.861239583752937,Regular (*)
Desalentados_Fora_Forca,Desalentados Fora da Força de Trabalho,"!is.na(VD4005) & VD4005 == ""Pessoas desalentadas""/VD4003Pessoas fora da força de trabalho e na força de trabalho potencial",Estrato administrativo,"Admin_Resto da RIDE (Região Integrada de Desenvolvimento Econômico, excluindo a capital)","Resto da RIDE (Região Integrada de Desenvolvimento Econômico, excluindo a capital)",0.6951676705824571,0.1464500004283224,[0.408 — 0.982],0.4081256697429452,0.982209671421969,21.066860072134393,Regular (*)
Desalentados_Fora_Forca,Desalentados Fora da Força de Trabalho,"!is.na(VD4005) & VD4005 == ""Pessoas desalentadas""/VD4003Pessoas fora da força de trabalho e na força de trabalho potencial",Estrato administrativo,"Admin_Resto da UF  (Unidade da Federação, excluindo a região metropolitana e a RIDE)","Resto da UF  (Unidade da Federação, excluindo a região metropolitana e a RIDE)",0.6870899560850083,0.02700656914240088,[0.634 — 0.740],0.6341570805659026,0.7400228316041141,3.9305725404985496,Excelente (***)
Desalentados_Fora_Forca,Desalentados Fora da Força de Trabalho,"!is.na(VD4005) & VD4005 == ""Pessoas desalentadas""/VD4003Pessoas fora da força de trabalho e na força de trabalho potencial",Estrato agregado,Agreg_Alto Parnaíba e Chapadas Sul do Piauí,Alto Parnaíba e Chapadas Sul do Piauí,0.7639475555202357,0.06721590523300941,[0.632 — 0.896],0.6322043812635373,0.8956907297769342,8.798497324497163,Boa (**)
Desalentados_Fora_Forca,Desalentados Fora da Força de Trabalho,"!is.na(VD4005) & VD4005 == ""Pessoas desalentadas""/VD4003Pessoas fora da força de trabalho e na força de trabalho potencial",Estrato agregado,Agreg_Baixo Parnaíba do Piauí,Baixo Parnaíba do Piauí,0.5508194711814557,0.05559242045337193,[0.442 — 0.660],0.4418583270928467,0.6597806152700647,10.092675252407371,Boa (**)
Desalentados_Fora_Forca,Desalentados Fora da Força de Trabalho,"!is.na(VD4005) & VD4005 == ""Pessoas desalentadas""/VD4003Pessoas fora da força de trabalho e na força de trabalho potencial",Estrato agregado,Agreg_Centro-Leste do Piauí,Centro-Leste do Piauí,0.7601497425097018,0.03638131657895881,[0.689 — 0.831],0.6888423620149425,0.8314571230044611,4.7860723413314155,Excelente (***)
Desalentados_Fora_Forca,Desalentados Fora da Força de Trabalho,"!is.na(VD4005) & VD4005 == ""Pessoas desalentadas""/VD4003Pessoas fora da força de trabalho e na força de trabalho potencial",Estrato agregado,Agreg_Entorno metropolitano de Teresina (PI),Entorno metropolitano de Teresina (PI),0.6951676705824571,0.1464500004283224,[0.408 — 0.982],0.4081256697429452,0.982209671421969,21.066860072134393,Regular (*)
Desalentados_Fora_Forca,Desalentados Fora da Força de Trabalho,"!is.na(VD4005) & VD4005 == ""Pessoas desalentadas""/VD4003Pessoas fora da força de trabalho e na força de trabalho potencial",Estrato agregado,Agreg_Teresina,Teresina,0.5843783261212113,0.12190856268767096,[0.345 — 0.823],0.3454375432533763,0.8233191089890464,20.861239583752937,Regular (*)
Desalentados_Fora_Forca,Desalentados Fora da Força de Trabalho,"!is.na(VD4005) & VD4005 == ""Pessoas desalentadas""/VD4003Pessoas fora da força de trabalho e na força de trabalho potencial",Outro,Micro_2210011,Micro 2210011,0.48144541364541144,0.22294810934759737,[0.044 — 0.918],0.04446711932412062,0.9184237079667023,46.308076269639265,Baixa
Desalentados_Fora_Forca,Desalentados Fora da Força de Trabalho,"!is.na(VD4005) & VD4005 == ""Pessoas desalentadas""/VD4003Pessoas fora da força de trabalho e na força de trabalho potencial",Outro,Micro_2210012,Micro 2210012,0,0,[0.000 — 0.000],0,0,NA,NA
Desalentados_Fora_Forca,Desalentados Fora da Força de Trabalho,"!is.na(VD4005) & VD4005 == ""Pessoas desalentadas""/VD4003Pessoas fora da força de trabalho e na força de trabalho potencial",Outro,Micro_2210013,Micro 2210013,1,0,[1.000 — 1.000],1,1,0,Excelente (***)
Desalentados_Fora_Forca,Desalentados Fora da Força de Trabalho,"!is.na(VD4005) & VD4005 == ""Pessoas desalentadas""/VD4003Pessoas fora da força de trabalho e na força de trabalho potencial",Outro,Micro_2210020,Micro 2210020,1,0,[1.000 — 1.000],1,1,0,Excelente (***)
Desalentados_Fora_Forca,Desalentados Fora da Força de Trabalho,"!is.na(VD4005) & VD4005 == ""Pessoas desalentadas""/VD4003Pessoas fora da força de trabalho e na força de trabalho potencial",Outro,Micro_2210030,Micro 2210030,0.5905020745386813,0.19438862515504393,[0.210 — 0.972],0.2095003692347952,0.9715037798425674,32.9192112164731,Baixa
Desalentados_Fora_Forca,Desalentados Fora da Força de Trabalho,"!is.na(VD4005) & VD4005 == ""Pessoas desalentadas""/VD4003Pessoas fora da força de trabalho e na força de trabalho potencial",Outro,Micro_2220010,Micro 2220010,0.7599271068569508,0.16058192603779556,[0.445 — 1.075],0.4451865318228715,1.0746676818910301,21.13122753338283,Regular (*)
Desalentados_Fora_Forca,Desalentados Fora da Força de Trabalho,"!is.na(VD4005) & VD4005 == ""Pessoas desalentadas""/VD4003Pessoas fora da força de trabalho e na força de trabalho potencial",Outro,Micro_2220020,Micro 2220020,0.5610120439609101,0.2571236141906436,[0.057 — 1.065],0.05704976014724861,1.0649743277745716,45.83210235118577,Baixa
Desalentados_Fora_Forca,Desalentados Fora da Força de Trabalho,"!is.na(VD4005) & VD4005 == ""Pessoas desalentadas""/VD4003Pessoas fora da força de trabalho e na força de trabalho potencial",Outro,Micro_2251011,Micro 2251011,0.8004556049500249,0.08096783428251074,[0.642 — 0.959],0.6417586497563038,0.959152560143746,10.11521860572965,Boa (**)
Desalentados_Fora_Forca,Desalentados Fora da Força de Trabalho,"!is.na(VD4005) & VD4005 == ""Pessoas desalentadas""/VD4003Pessoas fora da força de trabalho e na força de trabalho potencial",Outro,Micro_2251012,Micro 2251012,0.6209930788250545,0.13632227757971926,[0.354 — 0.888],0.3538014147688047,0.8881847428813043,21.95230224427732,Regular (*)
Desalentados_Fora_Forca,Desalentados Fora da Força de Trabalho,"!is.na(VD4005) & VD4005 == ""Pessoas desalentadas""/VD4003Pessoas fora da força de trabalho e na força de trabalho potencial",Outro,Micro_2251013,Micro 2251013,0.5907637794493751,0.05621067291964136,[0.481 — 0.701],0.48059086052687805,0.7009366983718721,9.514915246163678,Boa (**)
Desalentados_Fora_Forca,Desalentados Fora da Força de Trabalho,"!is.na(VD4005) & VD4005 == ""Pessoas desalentadas""/VD4003Pessoas fora da força de trabalho e na força de trabalho potencial",Outro,Micro_2251020,Micro 2251020,0.823279440405572,0.04911407208069088,[0.727 — 0.920],0.7270158591274178,0.9195430216837261,5.965662406982473,Boa (**)
Desalentados_Fora_Forca,Desalentados Fora da Força de Trabalho,"!is.na(VD4005) & VD4005 == ""Pessoas desalentadas""/VD4003Pessoas fora da força de trabalho e na força de trabalho potencial",Outro,Micro_2251021,Micro 2251021,0.7478608225768899,0.13952387877308103,[0.474 — 1.021],0.4743940201816511,1.0213276249721286,18.65639629207026,Regular (*)
Desalentados_Fora_Forca,Desalentados Fora da Força de Trabalho,"!is.na(VD4005) & VD4005 == ""Pessoas desalentadas""/VD4003Pessoas fora da força de trabalho e na força de trabalho potencial",Outro,Micro_2251022,Micro 2251022,0.916654142293446,0.10342799491568812,[0.714 — 1.119],0.7139352722586974,1.1193730123281946,11.283208152740556,Boa (**)
Desalentados_Fora_Forca,Desalentados Fora da Força de Trabalho,"!is.na(VD4005) & VD4005 == ""Pessoas desalentadas""/VD4003Pessoas fora da força de trabalho e na força de trabalho potencial",Outro,Micro_2252011,Micro 2252011,0.5119842990349053,0.12371207555059642,[0.270 — 0.754],0.2695086309557363,0.7544599671140743,24.163255745106778,Regular (*)
Desalentados_Fora_Forca,Desalentados Fora da Força de Trabalho,"!is.na(VD4005) & VD4005 == ""Pessoas desalentadas""/VD4003Pessoas fora da força de trabalho e na força de trabalho potencial",Outro,Micro_2252012,Micro 2252012,0.2766082073309211,0.148850360781998,[-0.015 — 0.568],-0.015138499801794991,0.5683549144636373,53.81270578277542,Baixa
Desalentados_Fora_Forca,Desalentados Fora da Força de Trabalho,"!is.na(VD4005) & VD4005 == ""Pessoas desalentadas""/VD4003Pessoas fora da força de trabalho e na força de trabalho potencial",Outro,Micro_2252013,Micro 2252013,0.350198207009656,0.10316509761796595,[0.148 — 0.552],0.14799461567844271,0.5524017983408692,29.459059342106052,Regular (*)
Desalentados_Fora_Forca,Desalentados Fora da Força de Trabalho,"!is.na(VD4005) & VD4005 == ""Pessoas desalentadas""/VD4003Pessoas fora da força de trabalho e na força de trabalho potencial",Outro,Micro_2252020,Micro 2252020,0.6359832372544024,0.06964890348075942,[0.499 — 0.772],0.499471386432114,0.7724950880766909,10.951374093040577,Boa (**)
Desalentados_Fora_Forca,Desalentados Fora da Força de Trabalho,"!is.na(VD4005) & VD4005 == ""Pessoas desalentadas""/VD4003Pessoas fora da força de trabalho e na força de trabalho potencial",Outro,Micro_2252021,Micro 2252021,0.588833677423028,0.3296334692434158,[-0.057 — 1.235],-0.057247922294067055,1.2349152771401228,55.980743269648556,Baixa
Desalentados_Fora_Forca,Desalentados Fora da Força de Trabalho,"!is.na(VD4005) & VD4005 == ""Pessoas desalentadas""/VD4003Pessoas fora da força de trabalho e na força de trabalho potencial",Outro,Micro_2252022,Micro 2252022,0.4614409127236575,0.24072623912771152,[-0.010 — 0.933],-0.010382515966657069,0.9332643414139721,52.168377898445016,Baixa
Desalentados_Fora_Forca,Desalentados Fora da Força de Trabalho,"!is.na(VD4005) & VD4005 == ""Pessoas desalentadas""/VD4003Pessoas fora da força de trabalho e na força de trabalho potencial",Outro,Micro_2253010,Micro 2253010,0.561192765857352,0.12589608699958008,[0.314 — 0.808],0.31443643533817506,0.807949096376529,22.433661775244847,Regular (*)
Desalentados_Fora_Forca,Desalentados Fora da Força de Trabalho,"!is.na(VD4005) & VD4005 == ""Pessoas desalentadas""/VD4003Pessoas fora da força de trabalho e na força de trabalho potencial",Outro,Micro_2253011,Micro 2253011,0.904390694143266,0.07526743959032392,[0.757 — 1.052],0.7568665125462312,1.051914875740301,8.32244737564722,Boa (**)
Desalentados_Fora_Forca,Desalentados Fora da Força de Trabalho,"!is.na(VD4005) & VD4005 == ""Pessoas desalentadas""/VD4003Pessoas fora da força de trabalho e na força de trabalho potencial",Outro,Micro_2253012,Micro 2253012,0.1884491977881469,0.29291348890591506,[-0.386 — 0.763],-0.3856612404674466,0.7625596360437403,155.43366188016682,Baixa
Desalentados_Fora_Forca,Desalentados Fora da Força de Trabalho,"!is.na(VD4005) & VD4005 == ""Pessoas desalentadas""/VD4003Pessoas fora da força de trabalho e na força de trabalho potencial",Outro,Micro_2253020,Micro 2253020,0.7656371126359065,0.11292915926004708,[0.544 — 0.987],0.5442959604862142,0.9869782647855988,14.749697656538466,Boa (**)
Desalentados_Fora_Forca,Desalentados Fora da Força de Trabalho,"!is.na(VD4005) & VD4005 == ""Pessoas desalentadas""/VD4003Pessoas fora da força de trabalho e na força de trabalho potencial",Outro,Micro_2253021,Micro 2253021,0.793619688158739,0.2918171763294446,[0.222 — 1.366],0.22165802255302758,1.3655813537644503,36.77040535706514,Baixa
Desalentados_Fora_Forca,Desalentados Fora da Força de Trabalho,"!is.na(VD4005) & VD4005 == ""Pessoas desalentadas""/VD4003Pessoas fora da força de trabalho e na força de trabalho potencial",Outro,Micro_2253022,Micro 2253022,0.8452005983388009,0.28663006994747225,[0.283 — 1.407],0.28340566124175526,1.4069955354358465,33.91266765674671,Baixa
Desalentados_Fora_Forca,Desalentados Fora da Força de Trabalho,"!is.na(VD4005) & VD4005 == ""Pessoas desalentadas""/VD4003Pessoas fora da força de trabalho e na força de trabalho potencial",Outro,Micro_2254020,Micro 2254020,0.6524000681532215,0.14838775320367656,[0.362 — 0.943],0.36156007187401545,0.9432400644324275,22.74490154848152,Regular (*)
Desalentados_Fora_Forca,Desalentados Fora da Força de Trabalho,"!is.na(VD4005) & VD4005 == ""Pessoas desalentadas""/VD4003Pessoas fora da força de trabalho e na força de trabalho potencial",Zona,Zona_Rural,Zona Rural,0.7418658145177263,0.03143159625785948,[0.680 — 0.803],0.6802598858523217,0.8034717431831309,4.236830386677489,Excelente (***)
Desalentados_Fora_Forca,Desalentados Fora da Força de Trabalho,"!is.na(VD4005) & VD4005 == ""Pessoas desalentadas""/VD4003Pessoas fora da força de trabalho e na força de trabalho potencial",Zona,Zona_Urbana,Zona Urbana,0.6081315513245287,0.05093565097332714,[0.508 — 0.708],0.5082976754168075,0.7079654272322499,8.375761932165462,Boa (**)
Desalentados_Forca_Ampliada,Desalentados na Força de Trabalho Ampliada,"!is.na(VD4005) & VD4005 == ""Pessoas desalentadas""/ft_ou_desalentada",Agregados nacionais,Brasil,Brasil,0.02057360778187701,4.5082002956218527e-4,[0.020 — 0.021],0.019690000523935124,0.021457215039818893,2.1912541268493806,Excelente (***)
Desalentados_Forca_Ampliada,Desalentados na Força de Trabalho Ampliada,"!is.na(VD4005) & VD4005 == ""Pessoas desalentadas""/ft_ou_desalentada",Agregados nacionais,Nordeste,Nordeste,0.05315623586926964,0.00142646973365473,[0.050 — 0.056],0.05036035519130637,0.05595211654723291,2.6835416585232514,Excelente (***)
Desalentados_Forca_Ampliada,Desalentados na Força de Trabalho Ampliada,"!is.na(VD4005) & VD4005 == ""Pessoas desalentadas""/ft_ou_desalentada",Agregados nacionais,Piauí,Piauí,0.07019062506227036,0.0065895784683922,[0.057 — 0.083],0.05727505126422165,0.08310619886031907,9.388117661790567,Boa (**)
Desalentados_Forca_Ampliada,Desalentados na Força de Trabalho Ampliada,"!is.na(VD4005) & VD4005 == ""Pessoas desalentadas""/ft_ou_desalentada",Agregados nacionais,Teresina,Teresina,0.00650720599935088,0.00172123578274338,[0.003 — 0.010],0.003133583865173855,0.009880828133527905,26.451226270000983,Regular (*)
Desalentados_Forca_Ampliada,Desalentados na Força de Trabalho Ampliada,"!is.na(VD4005) & VD4005 == ""Pessoas desalentadas""/ft_ou_desalentada",Estrato administrativo,Admin_Capital,Capital,0.00650720599935088,0.00172123578274338,[0.003 — 0.010],0.003133583865173855,0.009880828133527905,26.451226270000983,Regular (*)
Desalentados_Forca_Ampliada,Desalentados na Força de Trabalho Ampliada,"!is.na(VD4005) & VD4005 == ""Pessoas desalentadas""/ft_ou_desalentada",Estrato administrativo,"Admin_Resto da RIDE (Região Integrada de Desenvolvimento Econômico, excluindo a capital)","Resto da RIDE (Região Integrada de Desenvolvimento Econômico, excluindo a capital)",0.03296932716405633,0.01059405983593408,[0.012 — 0.054],0.012204969885625534,0.05373368444248713,32.133078674058865,Baixa
Desalentados_Forca_Ampliada,Desalentados na Força de Trabalho Ampliada,"!is.na(VD4005) & VD4005 == ""Pessoas desalentadas""/ft_ou_desalentada",Estrato administrativo,"Admin_Resto da UF  (Unidade da Federação, excluindo a região metropolitana e a RIDE)","Resto da UF  (Unidade da Federação, excluindo a região metropolitana e a RIDE)",0.10383141875646386,0.01013951579708011,[0.084 — 0.124],0.08395796779418685,0.12370486971874087,9.765363816189684,Boa (**)
Desalentados_Forca_Ampliada,Desalentados na Força de Trabalho Ampliada,"!is.na(VD4005) & VD4005 == ""Pessoas desalentadas""/ft_ou_desalentada",Estrato agregado,Agreg_Alto Parnaíba e Chapadas Sul do Piauí,Alto Parnaíba e Chapadas Sul do Piauí,0.09847647646754268,0.02463710669508878,[0.050 — 0.147],0.05018774734516867,0.14676520558991668,25.01826586292315,Regular (*)
Desalentados_Forca_Ampliada,Desalentados na Força de Trabalho Ampliada,"!is.na(VD4005) & VD4005 == ""Pessoas desalentadas""/ft_ou_desalentada",Estrato agregado,Agreg_Baixo Parnaíba do Piauí,Baixo Parnaíba do Piauí,0.07822491969901285,0.01594966467365113,[0.047 — 0.109],0.04696357693865664,0.10948626245936907,20.389493188386624,Regular (*)
Desalentados_Forca_Ampliada,Desalentados na Força de Trabalho Ampliada,"!is.na(VD4005) & VD4005 == ""Pessoas desalentadas""/ft_ou_desalentada",Estrato agregado,Agreg_Centro-Leste do Piauí,Centro-Leste do Piauí,0.13453011097023743,0.01766354384195133,[0.100 — 0.169],0.09990956504001283,0.16915065690046202,13.129806936574292,Boa (**)
Desalentados_Forca_Ampliada,Desalentados na Força de Trabalho Ampliada,"!is.na(VD4005) & VD4005 == ""Pessoas desalentadas""/ft_ou_desalentada",Estrato agregado,Agreg_Entorno metropolitano de Teresina (PI),Entorno metropolitano de Teresina (PI),0.03296932716405633,0.01059405983593408,[0.012 — 0.054],0.012204969885625534,0.05373368444248713,32.133078674058865,Baixa
Desalentados_Forca_Ampliada,Desalentados na Força de Trabalho Ampliada,"!is.na(VD4005) & VD4005 == ""Pessoas desalentadas""/ft_ou_desalentada",Estrato agregado,Agreg_Teresina,Teresina,0.00650720599935088,0.00172123578274338,[0.003 — 0.010],0.003133583865173855,0.009880828133527905,26.451226270000983,Regular (*)
Desalentados_Forca_Ampliada,Desalentados na Força de Trabalho Ampliada,"!is.na(VD4005) & VD4005 == ""Pessoas desalentadas""/ft_ou_desalentada",Outro,Micro_2210011,Micro 2210011,0.00477135868906248,0.00250392461208648,[-0.000 — 0.010],-1.363335506270203e-4,0.00967905092875198,52.478230526376,Baixa
Desalentados_Forca_Ampliada,Desalentados na Força de Trabalho Ampliada,"!is.na(VD4005) & VD4005 == ""Pessoas desalentadas""/ft_ou_desalentada",Outro,Micro_2210012,Micro 2210012,0,0,[0.000 — 0.000],0,0,NA,NA
Desalentados_Forca_Ampliada,Desalentados na Força de Trabalho Ampliada,"!is.na(VD4005) & VD4005 == ""Pessoas desalentadas""/ft_ou_desalentada",Outro,Micro_2210013,Micro 2210013,0.0058835299778243,0.00400694636190317,[-0.002 — 0.014],-0.001970084891505912,0.013737144847154513,68.1044607065114,Baixa
Desalentados_Forca_Ampliada,Desalentados na Força de Trabalho Ampliada,"!is.na(VD4005) & VD4005 == ""Pessoas desalentadas""/ft_ou_desalentada",Outro,Micro_2210020,Micro 2210020,0.04756237763699886,0.01742904889256304,[0.013 — 0.082],0.013401441807575298,0.08172331346642242,36.644612314345174,Baixa
Desalentados_Forca_Ampliada,Desalentados na Força de Trabalho Ampliada,"!is.na(VD4005) & VD4005 == ""Pessoas desalentadas""/ft_ou_desalentada",Outro,Micro_2210030,Micro 2210030,0.01112509400829014,0.00525070058475433,[0.001 — 0.021],8.337208621716531e-4,0.021416467154408626,47.19690980446224,Baixa
Desalentados_Forca_Ampliada,Desalentados na Força de Trabalho Ampliada,"!is.na(VD4005) & VD4005 == ""Pessoas desalentadas""/ft_ou_desalentada",Outro,Micro_2220010,Micro 2220010,0.03392111508089621,0.01320651585538195,[0.008 — 0.060],0.008036344004347589,0.059805886157444824,38.93302394065351,Baixa
Desalentados_Forca_Ampliada,Desalentados na Força de Trabalho Ampliada,"!is.na(VD4005) & VD4005 == ""Pessoas desalentadas""/ft_ou_desalentada",Outro,Micro_2220020,Micro 2220020,0.03056291289412024,0.01543182346563046,[0.000 — 0.061],3.1653890148453795e-4,0.060809286886755944,50.491991778045694,Baixa
Desalentados_Forca_Ampliada,Desalentados na Força de Trabalho Ampliada,"!is.na(VD4005) & VD4005 == ""Pessoas desalentadas""/ft_ou_desalentada",Outro,Micro_2251011,Micro 2251011,0.07209170157816915,0.01501892643617089,[0.043 — 0.102],0.042654605763274206,0.10152879739306409,20.833086343350967,Regular (*)
Desalentados_Forca_Ampliada,Desalentados na Força de Trabalho Ampliada,"!is.na(VD4005) & VD4005 == ""Pessoas desalentadas""/ft_ou_desalentada",Outro,Micro_2251012,Micro 2251012,0.06127755096390946,0.02363686449234523,[0.015 — 0.108],0.014949296558912806,0.10760580536890611,38.57344838449336,Baixa
Desalentados_Forca_Ampliada,Desalentados na Força de Trabalho Ampliada,"!is.na(VD4005) & VD4005 == ""Pessoas desalentadas""/ft_ou_desalentada",Outro,Micro_2251013,Micro 2251013,0.0607028951239498,0.02418611694100653,[0.013 — 0.108],0.013298105919577002,0.1081076843283226,39.843432329908936,Baixa
Desalentados_Forca_Ampliada,Desalentados na Força de Trabalho Ampliada,"!is.na(VD4005) & VD4005 == ""Pessoas desalentadas""/ft_ou_desalentada",Outro,Micro_2251020,Micro 2251020,0.2308772556500804,0.03775467494963893,[0.157 — 0.305],0.1568780927487881,0.3048764185513727,16.352704316123823,Regular (*)
Desalentados_Forca_Ampliada,Desalentados na Força de Trabalho Ampliada,"!is.na(VD4005) & VD4005 == ""Pessoas desalentadas""/ft_ou_desalentada",Outro,Micro_2251021,Micro 2251021,0.2912741122216536,0.0994861333203322,[0.096 — 0.486],0.09628129091380253,0.4862669335295047,34.155501345971075,Baixa
Desalentados_Forca_Ampliada,Desalentados na Força de Trabalho Ampliada,"!is.na(VD4005) & VD4005 == ""Pessoas desalentadas""/ft_ou_desalentada",Outro,Micro_2251022,Micro 2251022,0.23217288520744453,0.06763126703740854,[0.100 — 0.365],0.0996156018141238,0.36473016860076524,29.12970090240321,Regular (*)
Desalentados_Forca_Ampliada,Desalentados na Força de Trabalho Ampliada,"!is.na(VD4005) & VD4005 == ""Pessoas desalentadas""/ft_ou_desalentada",Outro,Micro_2252011,Micro 2252011,0.0639695275820308,0.03052716374313192,[0.004 — 0.124],0.004136286645492232,0.12380276851856936,47.721415019027084,Baixa
Desalentados_Forca_Ampliada,Desalentados na Força de Trabalho Ampliada,"!is.na(VD4005) & VD4005 == ""Pessoas desalentadas""/ft_ou_desalentada",Outro,Micro_2252012,Micro 2252012,0.01191266862404593,0.00561241036987038,[0.001 — 0.023],9.123442990999868e-4,0.022912992948991875,47.11295635758415,Baixa
Desalentados_Forca_Ampliada,Desalentados na Força de Trabalho Ampliada,"!is.na(VD4005) & VD4005 == ""Pessoas desalentadas""/ft_ou_desalentada",Outro,Micro_2252013,Micro 2252013,0.04330807456636455,0.01694850022998779,[0.010 — 0.077],0.010089014115588477,0.07652713501714062,39.13473503426296,Baixa
Desalentados_Forca_Ampliada,Desalentados na Força de Trabalho Ampliada,"!is.na(VD4005) & VD4005 == ""Pessoas desalentadas""/ft_ou_desalentada",Outro,Micro_2252020,Micro 2252020,0.15244509007142934,0.03386241030031884,[0.086 — 0.219],0.08607476588280441,0.21881541426005427,22.2128572881241,Regular (*)
Desalentados_Forca_Ampliada,Desalentados na Força de Trabalho Ampliada,"!is.na(VD4005) & VD4005 == ""Pessoas desalentadas""/ft_ou_desalentada",Outro,Micro_2252021,Micro 2252021,0.0498149375622557,0.06049957522301645,[-0.069 — 0.168],-0.06876422987485656,0.16839410499936794,121.44866215561896,Baixa
Desalentados_Forca_Ampliada,Desalentados na Força de Trabalho Ampliada,"!is.na(VD4005) & VD4005 == ""Pessoas desalentadas""/ft_ou_desalentada",Outro,Micro_2252022,Micro 2252022,0.09318290952668612,0.19154056984996704,[-0.282 — 0.469],-0.28223660737924927,0.4686024264326215,205.55332605826484,Baixa
Desalentados_Forca_Ampliada,Desalentados na Força de Trabalho Ampliada,"!is.na(VD4005) & VD4005 == ""Pessoas desalentadas""/ft_ou_desalentada",Outro,Micro_2253010,Micro 2253010,0.0773837451419728,0.02570269796197223,[0.027 — 0.128],0.027006457136507227,0.12776103314743836,33.21459553917498,Baixa
Desalentados_Forca_Ampliada,Desalentados na Força de Trabalho Ampliada,"!is.na(VD4005) & VD4005 == ""Pessoas desalentadas""/ft_ou_desalentada",Outro,Micro_2253011,Micro 2253011,0.08064209052868616,0.04378434005101361,[-0.005 — 0.166],-0.005175215971300509,0.16645939702867285,54.29464906473197,Baixa
Desalentados_Forca_Ampliada,Desalentados na Força de Trabalho Ampliada,"!is.na(VD4005) & VD4005 == ""Pessoas desalentadas""/ft_ou_desalentada",Outro,Micro_2253012,Micro 2253012,0.00364900316801062,0.003925269818016,[-0.004 — 0.011],-0.00404452567530074,0.01134253201132198,107.57101699519754,Baixa
Desalentados_Forca_Ampliada,Desalentados na Força de Trabalho Ampliada,"!is.na(VD4005) & VD4005 == ""Pessoas desalentadas""/ft_ou_desalentada",Outro,Micro_2253020,Micro 2253020,0.19222074906074543,0.06019069327197206,[0.074 — 0.310],0.0742469902476802,0.31019450787381064,31.31331740516246,Baixa
Desalentados_Forca_Ampliada,Desalentados na Força de Trabalho Ampliada,"!is.na(VD4005) & VD4005 == ""Pessoas desalentadas""/ft_ou_desalentada",Outro,Micro_2253021,Micro 2253021,0.09777889059053992,0.05258127643720762,[-0.005 — 0.201],-0.005280411226387019,0.20083819240746686,53.775693423847095,Baixa
Desalentados_Forca_Ampliada,Desalentados na Força de Trabalho Ampliada,"!is.na(VD4005) & VD4005 == ""Pessoas desalentadas""/ft_ou_desalentada",Outro,Micro_2253022,Micro 2253022,0.11224186750787936,0.07519750700561383,[-0.035 — 0.260],-0.03514524622312375,0.25962898123888245,66.99595139962811,Baixa
Desalentados_Forca_Ampliada,Desalentados na Força de Trabalho Ampliada,"!is.na(VD4005) & VD4005 == ""Pessoas desalentadas""/ft_ou_desalentada",Outro,Micro_2254020,Micro 2254020,0.088396354728268,0.02568744152044094,[0.038 — 0.139],0.03804896934820376,0.13874374010833224,29.059390061280922,Regular (*)
Desalentados_Forca_Ampliada,Desalentados na Força de Trabalho Ampliada,"!is.na(VD4005) & VD4005 == ""Pessoas desalentadas""/ft_ou_desalentada",Zona,Zona_Rural,Zona Rural,0.16554753717415877,0.0179738764629616,[0.130 — 0.201],0.13031873930675403,0.2007763350415635,10.857229753924265,Boa (**)
Desalentados_Forca_Ampliada,Desalentados na Força de Trabalho Ampliada,"!is.na(VD4005) & VD4005 == ""Pessoas desalentadas""/ft_ou_desalentada",Zona,Zona_Urbana,Zona Urbana,0.03654529877979223,0.00653846206630307,[0.024 — 0.049],0.02372991312983821,0.04936068442974624,17.891390369254612,Regular (*)
Desigualdade_Formal_Informal,Desigualdade — Razão Formal/Informal,Desigualdade_Formal_Informal,Agregados nacionais,Brasil,Brasil,1.8810971689797105,0.01746684046747301,[1.847 — 1.915],1.8468621616634633,1.9153321762959576,0.9285453593525346,Excelente (***)
Desigualdade_Formal_Informal,Desigualdade — Razão Formal/Informal,Desigualdade_Formal_Informal,Agregados nacionais,Nordeste,Nordeste,2.355827857105849,0.04163031221377869,[2.274 — 2.437],2.274232445166843,2.437423269044855,1.7671202965110457,Excelente (***)
Desigualdade_Formal_Informal,Desigualdade — Razão Formal/Informal,Desigualdade_Formal_Informal,Agregados nacionais,Piauí,Piauí,2.7163349360158224,0.10429358387811805,[2.512 — 2.921],2.5119195116147113,2.9207503604169336,3.839496466186545,Excelente (***)
Desigualdade_Formal_Informal,Desigualdade — Razão Formal/Informal,Desigualdade_Formal_Informal,Agregados nacionais,Teresina,Teresina,2.122805168201898,0.1306302723152688,[1.867 — 2.379],1.866769834463971,2.3788405019398247,6.153662817107137,Boa (**)
Desigualdade_Formal_Informal,Desigualdade — Razão Formal/Informal,Desigualdade_Formal_Informal,Estrato administrativo,Admin_Capital,Capital,2.122805168201898,0.1306302723152688,[1.867 — 2.379],1.866769834463971,2.3788405019398247,6.153662817107137,Boa (**)
Desigualdade_Formal_Informal,Desigualdade — Razão Formal/Informal,Desigualdade_Formal_Informal,Estrato administrativo,"Admin_Resto da RIDE (Região Integrada de Desenvolvimento Econômico, excluindo a capital)","Resto da RIDE (Região Integrada de Desenvolvimento Econômico, excluindo a capital)",2.096229348719206,0.2856416325796522,[1.536 — 2.656],1.536371748863088,2.6560869485753242,13.626449450971522,Boa (**)
Desigualdade_Formal_Informal,Desigualdade — Razão Formal/Informal,Desigualdade_Formal_Informal,Estrato administrativo,"Admin_Resto da UF  (Unidade da Federação, excluindo a região metropolitana e a RIDE)","Resto da UF  (Unidade da Federação, excluindo a região metropolitana e a RIDE)",2.860944809107501,0.13696593646014885,[2.592 — 3.129],2.592491573645609,3.1293980445693927,4.787437213892871,Excelente (***)
Desigualdade_Formal_Informal,Desigualdade — Razão Formal/Informal,Desigualdade_Formal_Informal,Estrato agregado,Agreg_Alto Parnaíba e Chapadas Sul do Piauí,Alto Parnaíba e Chapadas Sul do Piauí,2.747778664747888,0.22219908350049203,[2.312 — 3.183],2.3122684610869237,3.1832888684088525,8.086498608900111,Boa (**)
Desigualdade_Formal_Informal,Desigualdade — Razão Formal/Informal,Desigualdade_Formal_Informal,Estrato agregado,Agreg_Baixo Parnaíba do Piauí,Baixo Parnaíba do Piauí,2.983358358961272,0.17874317196304076,[2.633 — 3.334],2.633021741913712,3.3336949760088324,5.991340980748772,Boa (**)
Desigualdade_Formal_Informal,Desigualdade — Razão Formal/Informal,Desigualdade_Formal_Informal,Estrato agregado,Agreg_Centro-Leste do Piauí,Centro-Leste do Piauí,2.6713844595992895,0.26858599320212584,[2.145 — 3.198],2.144955912923123,3.197813006275456,10.054187155165753,Boa (**)
Desigualdade_Formal_Informal,Desigualdade — Razão Formal/Informal,Desigualdade_Formal_Informal,Estrato agregado,Agreg_Entorno metropolitano de Teresina (PI),Entorno metropolitano de Teresina (PI),2.096229348719206,0.2856416325796522,[1.536 — 2.656],1.536371748863088,2.6560869485753242,13.626449450971522,Boa (**)
Desigualdade_Formal_Informal,Desigualdade — Razão Formal/Informal,Desigualdade_Formal_Informal,Estrato agregado,Agreg_Teresina,Teresina,2.122805168201898,0.1306302723152688,[1.867 — 2.379],1.866769834463971,2.3788405019398247,6.153662817107137,Boa (**)
Desigualdade_Formal_Informal,Desigualdade — Razão Formal/Informal,Desigualdade_Formal_Informal,Outro,Micro_2210011,Micro 2210011,1.89344903930672,0.15873716088732004,[1.582 — 2.205],1.582324203967573,2.204573874645867,8.383492641842693,Boa (**)
Desigualdade_Formal_Informal,Desigualdade — Razão Formal/Informal,Desigualdade_Formal_Informal,Outro,Micro_2210012,Micro 2210012,2.0152597963635768,0.23258930863091287,[1.559 — 2.471],1.5593847514469876,2.471134841280166,11.54140568132244,Boa (**)
Desigualdade_Formal_Informal,Desigualdade — Razão Formal/Informal,Desigualdade_Formal_Informal,Outro,Micro_2210013,Micro 2210013,2.587517702785212,0.5250466097288341,[1.558 — 3.617],1.558426347716697,3.6166090578537267,20.291517587055438,Regular (*)
Desigualdade_Formal_Informal,Desigualdade — Razão Formal/Informal,Desigualdade_Formal_Informal,Outro,Micro_2210020,Micro 2210020,1.7808126995181035,0.2293984628882427,[1.331 — 2.230],1.331191712257148,2.230433686779059,12.881672673960548,Boa (**)
Desigualdade_Formal_Informal,Desigualdade — Razão Formal/Informal,Desigualdade_Formal_Informal,Outro,Micro_2210030,Micro 2210030,2.071080689054698,0.16609572769379466,[1.746 — 2.397],1.7455330627748604,2.3966283153345356,8.019761304886948,Boa (**)
Desigualdade_Formal_Informal,Desigualdade — Razão Formal/Informal,Desigualdade_Formal_Informal,Outro,Micro_2220010,Micro 2220010,2.0367678938645857,0.3408941419333758,[1.369 — 2.705],1.368615375675169,2.704920412054002,16.737014706499497,Regular (*)
Desigualdade_Formal_Informal,Desigualdade — Razão Formal/Informal,Desigualdade_Formal_Informal,Outro,Micro_2220020,Micro 2220020,1.7103771468359903,0.1667188077204401,[1.384 — 2.037],1.3836082837039276,2.037146009968053,9.747488033785505,Boa (**)
Desigualdade_Formal_Informal,Desigualdade — Razão Formal/Informal,Desigualdade_Formal_Informal,Outro,Micro_2251011,Micro 2251011,3.008722249166421,0.9667503730328552,[1.114 — 4.904],1.1138915180220248,4.903552980310817,32.131592515749745,Baixa
Desigualdade_Formal_Informal,Desigualdade — Razão Formal/Informal,Desigualdade_Formal_Informal,Outro,Micro_2251012,Micro 2251012,2.418018356801118,0.23721793524522597,[1.953 — 2.883],1.9530712037204752,2.882965509881761,9.810427393076122,Boa (**)
Desigualdade_Formal_Informal,Desigualdade — Razão Formal/Informal,Desigualdade_Formal_Informal,Outro,Micro_2251013,Micro 2251013,2.363714987016931,0.4584410900166161,[1.465 — 3.262],1.4651704505843637,3.2622595234494987,19.39493942944367,Regular (*)
Desigualdade_Formal_Informal,Desigualdade — Razão Formal/Informal,Desigualdade_Formal_Informal,Outro,Micro_2251020,Micro 2251020,2.3159821266959755,0.28248043585216004,[1.762 — 2.870],1.762320472425742,2.869643780966209,12.19700413902382,Boa (**)
Desigualdade_Formal_Informal,Desigualdade — Razão Formal/Informal,Desigualdade_Formal_Informal,Outro,Micro_2251021,Micro 2251021,1.8782882038500652,0.6091871621062079,[0.684 — 3.072],0.6842813661218976,3.072295041578233,32.433103762112346,Baixa
Desigualdade_Formal_Informal,Desigualdade — Razão Formal/Informal,Desigualdade_Formal_Informal,Outro,Micro_2251022,Micro 2251022,3.0673586321296167,0.5864881120236466,[1.918 — 4.217],1.9178419325632694,4.216875331695964,19.120298027115844,Regular (*)
Desigualdade_Formal_Informal,Desigualdade — Razão Formal/Informal,Desigualdade_Formal_Informal,Outro,Micro_2252011,Micro 2252011,2.8992540004703895,0.25844284421165004,[2.393 — 3.406],2.3927060258155555,3.4058019751252235,8.914115292061991,Boa (**)
Desigualdade_Formal_Informal,Desigualdade — Razão Formal/Informal,Desigualdade_Formal_Informal,Outro,Micro_2252012,Micro 2252012,2.832495462106154,0.3238647567411288,[2.198 — 3.467],2.1977205388935417,3.4672703853187663,11.433902051172687,Boa (**)
Desigualdade_Formal_Informal,Desigualdade — Razão Formal/Informal,Desigualdade_Formal_Informal,Outro,Micro_2252013,Micro 2252013,2.519882538731035,0.30298275989356205,[1.926 — 3.114],1.9260363293396532,3.1137287481224165,12.023685836012755,Boa (**)
Desigualdade_Formal_Informal,Desigualdade — Razão Formal/Informal,Desigualdade_Formal_Informal,Outro,Micro_2252020,Micro 2252020,2.8283608241375213,0.3952340679663773,[2.054 — 3.603],2.053702050923422,3.603019597351621,13.973962041667711,Boa (**)
Desigualdade_Formal_Informal,Desigualdade — Razão Formal/Informal,Desigualdade_Formal_Informal,Outro,Micro_2252021,Micro 2252021,3.383318022549601,0.7634554666057678,[1.887 — 4.880],1.886945308002296,4.879690737096906,22.56528832103235,Regular (*)
Desigualdade_Formal_Informal,Desigualdade — Razão Formal/Informal,Desigualdade_Formal_Informal,Outro,Micro_2252022,Micro 2252022,2.123647542086441,1.0590177675194758,[0.048 — 4.199],0.0479727177482685,4.199322366424614,49.86786868027131,Baixa
Desigualdade_Formal_Informal,Desigualdade — Razão Formal/Informal,Desigualdade_Formal_Informal,Outro,Micro_2253010,Micro 2253010,2.5655148720608896,0.9016833708422528,[0.798 — 4.333],0.7982154652100741,4.332814278911705,35.146292881082644,Baixa
Desigualdade_Formal_Informal,Desigualdade — Razão Formal/Informal,Desigualdade_Formal_Informal,Outro,Micro_2253011,Micro 2253011,2.3143338032197813,0.20681949355339505,[1.909 — 2.720],1.908967595855127,2.7197000105844356,8.936459090977309,Boa (**)
Desigualdade_Formal_Informal,Desigualdade — Razão Formal/Informal,Desigualdade_Formal_Informal,Outro,Micro_2253012,Micro 2253012,2.7059312829925055,0.47611316084500566,[1.773 — 3.639],1.7727494877362946,3.6391130782487164,17.595168208354103,Regular (*)
Desigualdade_Formal_Informal,Desigualdade — Razão Formal/Informal,Desigualdade_Formal_Informal,Outro,Micro_2253020,Micro 2253020,3.6333060075696166,0.44794706801316847,[2.755 — 4.511],2.7553297542638067,4.511282260875427,12.328911109604233,Boa (**)
Desigualdade_Formal_Informal,Desigualdade — Razão Formal/Informal,Desigualdade_Formal_Informal,Outro,Micro_2253021,Micro 2253021,2.2101124864997925,1.1886137210863614,[-0.120 — 4.540],-0.11957040682947584,4.5397953798290605,53.780688917277566,Baixa
Desigualdade_Formal_Informal,Desigualdade — Razão Formal/Informal,Desigualdade_Formal_Informal,Outro,Micro_2253022,Micro 2253022,1.3503749044354465,0.2827025994220905,[0.796 — 1.904],0.7962778095681492,1.9044719993027437,20.935119461530604,Regular (*)
Desigualdade_Formal_Informal,Desigualdade — Razão Formal/Informal,Desigualdade_Formal_Informal,Outro,Micro_2254020,Micro 2254020,2.831862932638058,0.5047206341211187,[1.843 — 3.821],1.8426104897606654,3.8211153755154506,17.82291890981248,Regular (*)
Desigualdade_Formal_Informal,Desigualdade — Razão Formal/Informal,Desigualdade_Formal_Informal,Zona,Zona_Rural,Zona Rural,2.603545568646118,0.16297677171560557,[2.284 — 2.923],2.284111096083531,2.9229800412087052,6.259801006684737,Boa (**)
Desigualdade_Formal_Informal,Desigualdade — Razão Formal/Informal,Desigualdade_Formal_Informal,Zona,Zona_Urbana,Zona Urbana,2.49057428163769,0.10031796164290636,[2.294 — 2.687],2.2939510768175935,2.6871974864577868,4.027904824301879,Excelente (***)
Distribuicao_PIT_por_Faixa_Etaria_Projeto,Distribuicao_PIT_por_Faixa_Etaria_Projeto,Faixa_Etaria_projetoJovens,Agregados nacionais,Brasil,Brasil,0.279694141886159,2.2862065206827968e-12,[0.280 — 0.280],0.279694141881678,0.27969414189063996,8.173952108061411e-10,Excelente (***)
Distribuicao_PIT_por_Faixa_Etaria_Projeto,Distribuicao_PIT_por_Faixa_Etaria_Projeto,Faixa_Etaria_projetoAdulto,Agregados nacionais,Brasil,Brasil,0.575211720800098,1.4565156706950749e-12,[0.575 — 0.575],0.5752117207972433,0.5752117208029527,2.53213837275276e-10,Excelente (***)
Distribuicao_PIT_por_Faixa_Etaria_Projeto,Distribuicao_PIT_por_Faixa_Etaria_Projeto,Faixa_Etaria_projetoIdoso,Agregados nacionais,Brasil,Brasil,0.14509413731374304,8.796748990456931e-13,[0.145 — 0.145],0.14509413731201887,0.14509413731546722,6.062787341596964e-10,Excelente (***)
Distribuicao_PIT_por_Faixa_Etaria_Projeto,Distribuicao_PIT_por_Faixa_Etaria_Projeto,Faixa_Etaria_projetoJovens,Agregados nacionais,Nordeste,Nordeste,0.29366478099332083,0.00163712287640871,[0.290 — 0.297],0.29045602015555977,0.2968735418310819,0.5574801550499666,Excelente (***)
Distribuicao_PIT_por_Faixa_Etaria_Projeto,Distribuicao_PIT_por_Faixa_Etaria_Projeto,Faixa_Etaria_projetoAdulto,Agregados nacionais,Nordeste,Nordeste,0.5668326346131977,0.00165386715860427,[0.564 — 0.570],0.5635910549823333,0.570074214244062,0.29177345438708846,Excelente (***)
Distribuicao_PIT_por_Faixa_Etaria_Projeto,Distribuicao_PIT_por_Faixa_Etaria_Projeto,Faixa_Etaria_projetoIdoso,Agregados nacionais,Nordeste,Nordeste,0.1395025843934816,0.00151285961415171,[0.137 — 0.142],0.13653737954974424,0.14246778923721895,1.0844670876379836,Excelente (***)
Distribuicao_PIT_por_Faixa_Etaria_Projeto,Distribuicao_PIT_por_Faixa_Etaria_Projeto,Faixa_Etaria_projetoJovens,Agregados nacionais,Piauí,Piauí,0.2878382283642851,0.00574867893482593,[0.277 — 0.299],0.27657081765202624,0.2991056390765439,1.9971909108440113,Excelente (***)
Distribuicao_PIT_por_Faixa_Etaria_Projeto,Distribuicao_PIT_por_Faixa_Etaria_Projeto,Faixa_Etaria_projetoAdulto,Agregados nacionais,Piauí,Piauí,0.5651900927500871,0.00624989230263627,[0.553 — 0.577],0.55294030383692,0.5774398816632542,1.1058035841048997,Excelente (***)
Distribuicao_PIT_por_Faixa_Etaria_Projeto,Distribuicao_PIT_por_Faixa_Etaria_Projeto,Faixa_Etaria_projetoIdoso,Agregados nacionais,Piauí,Piauí,0.14697167888562776,0.0051099210420128,[0.137 — 0.157],0.13695623364328266,0.15698712412797286,3.4768066070669996,Excelente (***)
Distribuicao_PIT_por_Faixa_Etaria_Projeto,Distribuicao_PIT_por_Faixa_Etaria_Projeto,Faixa_Etaria_projetoJovens,Agregados nacionais,Teresina,Teresina,0.28724296344556566,0.00942687862165844,[0.269 — 0.306],0.2687662813471151,0.3057196455440162,3.281848407557211,Excelente (***)
Distribuicao_PIT_por_Faixa_Etaria_Projeto,Distribuicao_PIT_por_Faixa_Etaria_Projeto,Faixa_Etaria_projetoAdulto,Agregados nacionais,Teresina,Teresina,0.5805026490008921,0.01074685557592736,[0.559 — 0.602],0.5594388120720745,0.6015664859297097,1.8513017286697762,Excelente (***)
Distribuicao_PIT_por_Faixa_Etaria_Projeto,Distribuicao_PIT_por_Faixa_Etaria_Projeto,Faixa_Etaria_projetoIdoso,Agregados nacionais,Teresina,Teresina,0.13225438755354224,0.0096570411843686,[0.113 — 0.151],0.11332658683217978,0.1511821882749047,7.30186828808157,Boa (**)
Distribuicao_PIT_por_Faixa_Etaria_Projeto,Distribuicao_PIT_por_Faixa_Etaria_Projeto,Faixa_Etaria_projetoJovens,Estrato administrativo,Admin_Capital,Capital,0.28724296344556566,0.00942687862165844,[0.269 — 0.306],0.2687662813471151,0.3057196455440162,3.281848407557211,Excelente (***)
Distribuicao_PIT_por_Faixa_Etaria_Projeto,Distribuicao_PIT_por_Faixa_Etaria_Projeto,Faixa_Etaria_projetoAdulto,Estrato administrativo,Admin_Capital,Capital,0.5805026490008921,0.01074685557592736,[0.559 — 0.602],0.5594388120720745,0.6015664859297097,1.8513017286697762,Excelente (***)
Distribuicao_PIT_por_Faixa_Etaria_Projeto,Distribuicao_PIT_por_Faixa_Etaria_Projeto,Faixa_Etaria_projetoIdoso,Estrato administrativo,Admin_Capital,Capital,0.13225438755354224,0.0096570411843686,[0.113 — 0.151],0.11332658683217978,0.1511821882749047,7.30186828808157,Boa (**)
Distribuicao_PIT_por_Faixa_Etaria_Projeto,Distribuicao_PIT_por_Faixa_Etaria_Projeto,Faixa_Etaria_projetoJovens,Estrato administrativo,"Admin_Resto da RIDE (Região Integrada de Desenvolvimento Econômico, excluindo a capital)","Resto da RIDE (Região Integrada de Desenvolvimento Econômico, excluindo a capital)",0.29654284503819794,0.02194338494346512,[0.254 — 0.340],0.2535338105490063,0.3395518795273896,7.399735084027595,Boa (**)
Distribuicao_PIT_por_Faixa_Etaria_Projeto,Distribuicao_PIT_por_Faixa_Etaria_Projeto,Faixa_Etaria_projetoAdulto,Estrato administrativo,"Admin_Resto da RIDE (Região Integrada de Desenvolvimento Econômico, excluindo a capital)","Resto da RIDE (Região Integrada de Desenvolvimento Econômico, excluindo a capital)",0.5742518253736033,0.01320074442578397,[0.548 — 0.600],0.5483783662990668,0.6001252844481398,2.29877274089563,Excelente (***)
Distribuicao_PIT_por_Faixa_Etaria_Projeto,Distribuicao_PIT_por_Faixa_Etaria_Projeto,Faixa_Etaria_projetoIdoso,Estrato administrativo,"Admin_Resto da RIDE (Região Integrada de Desenvolvimento Econômico, excluindo a capital)","Resto da RIDE (Região Integrada de Desenvolvimento Econômico, excluindo a capital)",0.12920532958819866,0.01702587638850871,[0.096 — 0.163],0.0958346118667216,0.16257604730967573,13.177379325429788,Boa (**)
Distribuicao_PIT_por_Faixa_Etaria_Projeto,Distribuicao_PIT_por_Faixa_Etaria_Projeto,Faixa_Etaria_projetoJovens,Estrato administrativo,"Admin_Resto da UF  (Unidade da Federação, excluindo a região metropolitana e a RIDE)","Resto da UF  (Unidade da Federação, excluindo a região metropolitana e a RIDE)",0.2872312533555601,0.0071061008213381,[0.273 — 0.301],0.2733032957457374,0.3011592109653828,2.4739998653773037,Excelente (***)
Distribuicao_PIT_por_Faixa_Etaria_Projeto,Distribuicao_PIT_por_Faixa_Etaria_Projeto,Faixa_Etaria_projetoAdulto,Estrato administrativo,"Admin_Resto da UF  (Unidade da Federação, excluindo a região metropolitana e a RIDE)","Resto da UF  (Unidade da Federação, excluindo a região metropolitana e a RIDE)",0.5580183109666266,0.00750323911473281,[0.543 — 0.573],0.5433119623017503,0.5727246596315029,1.344622383759295,Excelente (***)
Distribuicao_PIT_por_Faixa_Etaria_Projeto,Distribuicao_PIT_por_Faixa_Etaria_Projeto,Faixa_Etaria_projetoIdoso,Estrato administrativo,"Admin_Resto da UF  (Unidade da Federação, excluindo a região metropolitana e a RIDE)","Resto da UF  (Unidade da Federação, excluindo a região metropolitana e a RIDE)",0.1547504356778134,0.00664753455402366,[0.142 — 0.168],0.14172126795192702,0.1677796034036998,4.295648361122332,Excelente (***)
Distribuicao_PIT_por_Faixa_Etaria_Projeto,Distribuicao_PIT_por_Faixa_Etaria_Projeto,Faixa_Etaria_projetoJovens,Estrato agregado,Agreg_Alto Parnaíba e Chapadas Sul do Piauí,Alto Parnaíba e Chapadas Sul do Piauí,0.26555290729810793,0.01713189572943114,[0.232 — 0.299],0.2319743916684229,0.299131422927793,6.451405824828342,Boa (**)
Distribuicao_PIT_por_Faixa_Etaria_Projeto,Distribuicao_PIT_por_Faixa_Etaria_Projeto,Faixa_Etaria_projetoAdulto,Estrato agregado,Agreg_Alto Parnaíba e Chapadas Sul do Piauí,Alto Parnaíba e Chapadas Sul do Piauí,0.5763912292138055,0.01399227696762608,[0.549 — 0.604],0.5489663663572584,0.6038160920703526,2.4275659063569495,Excelente (***)
Distribuicao_PIT_por_Faixa_Etaria_Projeto,Distribuicao_PIT_por_Faixa_Etaria_Projeto,Faixa_Etaria_projetoIdoso,Estrato agregado,Agreg_Alto Parnaíba e Chapadas Sul do Piauí,Alto Parnaíba e Chapadas Sul do Piauí,0.15805586348808656,0.01272954732651482,[0.133 — 0.183],0.1331059507281175,0.1830057762480556,8.053827960311203,Boa (**)
Distribuicao_PIT_por_Faixa_Etaria_Projeto,Distribuicao_PIT_por_Faixa_Etaria_Projeto,Faixa_Etaria_projetoJovens,Estrato agregado,Agreg_Baixo Parnaíba do Piauí,Baixo Parnaíba do Piauí,0.29207827048216306,0.01097283221309001,[0.271 — 0.314],0.27057151934450663,0.3135850216198195,3.75681223905361,Excelente (***)
Distribuicao_PIT_por_Faixa_Etaria_Projeto,Distribuicao_PIT_por_Faixa_Etaria_Projeto,Faixa_Etaria_projetoAdulto,Estrato agregado,Agreg_Baixo Parnaíba do Piauí,Baixo Parnaíba do Piauí,0.5528293213966948,0.01073190617664504,[0.532 — 0.574],0.5317947852904705,0.5738638575029191,1.9412693504627128,Excelente (***)
Distribuicao_PIT_por_Faixa_Etaria_Projeto,Distribuicao_PIT_por_Faixa_Etaria_Projeto,Faixa_Etaria_projetoIdoso,Estrato agregado,Agreg_Baixo Parnaíba do Piauí,Baixo Parnaíba do Piauí,0.15509240812114203,0.01090204136160039,[0.134 — 0.176],0.13372440705240526,0.1764604091898788,7.029384283649042,Boa (**)
Distribuicao_PIT_por_Faixa_Etaria_Projeto,Distribuicao_PIT_por_Faixa_Etaria_Projeto,Faixa_Etaria_projetoJovens,Estrato agregado,Agreg_Centro-Leste do Piauí,Centro-Leste do Piauí,0.29724123071269387,0.01212895316176876,[0.273 — 0.321],0.2734684825156271,0.32101397890976063,4.080508324059629,Excelente (***)
Distribuicao_PIT_por_Faixa_Etaria_Projeto,Distribuicao_PIT_por_Faixa_Etaria_Projeto,Faixa_Etaria_projetoAdulto,Estrato agregado,Agreg_Centro-Leste do Piauí,Centro-Leste do Piauí,0.5507247080615533,0.01388650502918988,[0.524 — 0.578],0.5235071582043411,0.5779422579187654,2.5214966435894532,Excelente (***)
Distribuicao_PIT_por_Faixa_Etaria_Projeto,Distribuicao_PIT_por_Faixa_Etaria_Projeto,Faixa_Etaria_projetoIdoso,Estrato agregado,Agreg_Centro-Leste do Piauí,Centro-Leste do Piauí,0.15203406122575272,0.00973727661581782,[0.133 — 0.171],0.1329489990587498,0.17111912339275565,6.4046678338475145,Boa (**)
Distribuicao_PIT_por_Faixa_Etaria_Projeto,Distribuicao_PIT_por_Faixa_Etaria_Projeto,Faixa_Etaria_projetoJovens,Estrato agregado,Agreg_Entorno metropolitano de Teresina (PI),Entorno metropolitano de Teresina (PI),0.29654284503819794,0.02194338494346512,[0.254 — 0.340],0.2535338105490063,0.3395518795273896,7.399735084027595,Boa (**)
Distribuicao_PIT_por_Faixa_Etaria_Projeto,Distribuicao_PIT_por_Faixa_Etaria_Projeto,Faixa_Etaria_projetoAdulto,Estrato agregado,Agreg_Entorno metropolitano de Teresina (PI),Entorno metropolitano de Teresina (PI),0.5742518253736033,0.01320074442578397,[0.548 — 0.600],0.5483783662990668,0.6001252844481398,2.29877274089563,Excelente (***)
Distribuicao_PIT_por_Faixa_Etaria_Projeto,Distribuicao_PIT_por_Faixa_Etaria_Projeto,Faixa_Etaria_projetoIdoso,Estrato agregado,Agreg_Entorno metropolitano de Teresina (PI),Entorno metropolitano de Teresina (PI),0.12920532958819866,0.01702587638850871,[0.096 — 0.163],0.0958346118667216,0.16257604730967573,13.177379325429788,Boa (**)
Distribuicao_PIT_por_Faixa_Etaria_Projeto,Distribuicao_PIT_por_Faixa_Etaria_Projeto,Faixa_Etaria_projetoJovens,Estrato agregado,Agreg_Teresina,Teresina,0.28724296344556566,0.00942687862165844,[0.269 — 0.306],0.2687662813471151,0.3057196455440162,3.281848407557211,Excelente (***)
Distribuicao_PIT_por_Faixa_Etaria_Projeto,Distribuicao_PIT_por_Faixa_Etaria_Projeto,Faixa_Etaria_projetoAdulto,Estrato agregado,Agreg_Teresina,Teresina,0.5805026490008921,0.01074685557592736,[0.559 — 0.602],0.5594388120720745,0.6015664859297097,1.8513017286697762,Excelente (***)
Distribuicao_PIT_por_Faixa_Etaria_Projeto,Distribuicao_PIT_por_Faixa_Etaria_Projeto,Faixa_Etaria_projetoIdoso,Estrato agregado,Agreg_Teresina,Teresina,0.13225438755354224,0.0096570411843686,[0.113 — 0.151],0.11332658683217978,0.1511821882749047,7.30186828808157,Boa (**)
Distribuicao_PIT_por_Faixa_Etaria_Projeto,Distribuicao_PIT_por_Faixa_Etaria_Projeto,Faixa_Etaria_projetoJovens,Outro,Micro_2210011,Micro 2210011,0.3015627042019823,0.01485776505126467,[0.272 — 0.331],0.27244148470150353,0.330683923702461,4.9269239346365445,Excelente (***)
Distribuicao_PIT_por_Faixa_Etaria_Projeto,Distribuicao_PIT_por_Faixa_Etaria_Projeto,Faixa_Etaria_projetoAdulto,Outro,Micro_2210011,Micro 2210011,0.5829333665300527,0.01424064511561942,[0.555 — 0.611],0.5550217021034386,0.6108450309566668,2.4429284603123254,Excelente (***)
Distribuicao_PIT_por_Faixa_Etaria_Projeto,Distribuicao_PIT_por_Faixa_Etaria_Projeto,Faixa_Etaria_projetoIdoso,Outro,Micro_2210011,Micro 2210011,0.1155039292679651,0.01233965672125506,[0.091 — 0.140],0.09131820209430519,0.139689656441625,10.683322030220708,Boa (**)
Distribuicao_PIT_por_Faixa_Etaria_Projeto,Distribuicao_PIT_por_Faixa_Etaria_Projeto,Faixa_Etaria_projetoJovens,Outro,Micro_2210012,Micro 2210012,0.2287365181478944,0.02280386236263967,[0.184 — 0.273],0.18404094791712064,0.27343208837866817,9.969489151660232,Boa (**)
Distribuicao_PIT_por_Faixa_Etaria_Projeto,Distribuicao_PIT_por_Faixa_Etaria_Projeto,Faixa_Etaria_projetoAdulto,Outro,Micro_2210012,Micro 2210012,0.585464592171107,0.03588890363759497,[0.515 — 0.656],0.5151223410414209,0.6558068433007932,6.129987042342969,Boa (**)
Distribuicao_PIT_por_Faixa_Etaria_Projeto,Distribuicao_PIT_por_Faixa_Etaria_Projeto,Faixa_Etaria_projetoIdoso,Outro,Micro_2210012,Micro 2210012,0.18579888968099856,0.02985274802556005,[0.127 — 0.244],0.12728750355090085,0.24431027581109627,16.06723704152095,Regular (*)
Distribuicao_PIT_por_Faixa_Etaria_Projeto,Distribuicao_PIT_por_Faixa_Etaria_Projeto,Faixa_Etaria_projetoJovens,Outro,Micro_2210013,Micro 2210013,0.23732960274357637,0.02665583315458273,[0.185 — 0.290],0.18508416976059422,0.2895750357265585,11.231566920618462,Boa (**)
Distribuicao_PIT_por_Faixa_Etaria_Projeto,Distribuicao_PIT_por_Faixa_Etaria_Projeto,Faixa_Etaria_projetoAdulto,Outro,Micro_2210013,Micro 2210013,0.5734556438828537,0.02591304795907191,[0.523 — 0.624],0.5226660698830728,0.6242452178826347,4.518753670923058,Excelente (***)
Distribuicao_PIT_por_Faixa_Etaria_Projeto,Distribuicao_PIT_por_Faixa_Etaria_Projeto,Faixa_Etaria_projetoIdoso,Outro,Micro_2210013,Micro 2210013,0.18921475337356988,0.03284920337210983,[0.125 — 0.254],0.12483031476423462,0.25359919198290515,17.36080447556597,Regular (*)
Distribuicao_PIT_por_Faixa_Etaria_Projeto,Distribuicao_PIT_por_Faixa_Etaria_Projeto,Faixa_Etaria_projetoJovens,Outro,Micro_2210020,Micro 2210020,0.26231097928300834,0.02161894053879655,[0.220 — 0.305],0.2199378558269671,0.30468410273904956,8.241721561899165,Boa (**)
Distribuicao_PIT_por_Faixa_Etaria_Projeto,Distribuicao_PIT_por_Faixa_Etaria_Projeto,Faixa_Etaria_projetoAdulto,Outro,Micro_2210020,Micro 2210020,0.5822443950019955,0.02467872340088383,[0.534 — 0.631],0.5338740971362632,0.6306146928677279,4.238550617700536,Excelente (***)
Distribuicao_PIT_por_Faixa_Etaria_Projeto,Distribuicao_PIT_por_Faixa_Etaria_Projeto,Faixa_Etaria_projetoIdoso,Outro,Micro_2210020,Micro 2210020,0.1554446257149961,0.02165550529110629,[0.113 — 0.198],0.11299983534442776,0.19788941608556443,13.931330974935813,Boa (**)
Distribuicao_PIT_por_Faixa_Etaria_Projeto,Distribuicao_PIT_por_Faixa_Etaria_Projeto,Faixa_Etaria_projetoJovens,Outro,Micro_2210030,Micro 2210030,0.3534122382663723,0.01800670369020727,[0.318 — 0.389],0.31811909903356606,0.38870537749917855,5.095099077082706,Boa (**)
Distribuicao_PIT_por_Faixa_Etaria_Projeto,Distribuicao_PIT_por_Faixa_Etaria_Projeto,Faixa_Etaria_projetoAdulto,Outro,Micro_2210030,Micro 2210030,0.5710862144080517,0.02030686066497013,[0.531 — 0.611],0.5312847675047103,0.6108876613113932,3.5558310028580906,Excelente (***)
Distribuicao_PIT_por_Faixa_Etaria_Projeto,Distribuicao_PIT_por_Faixa_Etaria_Projeto,Faixa_Etaria_projetoIdoso,Outro,Micro_2210030,Micro 2210030,0.075501547325576,0.01299056238605893,[0.050 — 0.101],0.0500400450489005,0.1009630496022515,17.205690275513604,Regular (*)
Distribuicao_PIT_por_Faixa_Etaria_Projeto,Distribuicao_PIT_por_Faixa_Etaria_Projeto,Faixa_Etaria_projetoJovens,Outro,Micro_2220010,Micro 2220010,0.3213801906827165,0.03012833531193709,[0.262 — 0.380],0.26232865347131984,0.38043172789411317,9.374670930381447,Boa (**)
Distribuicao_PIT_por_Faixa_Etaria_Projeto,Distribuicao_PIT_por_Faixa_Etaria_Projeto,Faixa_Etaria_projetoAdulto,Outro,Micro_2220010,Micro 2220010,0.5713505724948451,0.01991283893954163,[0.532 — 0.610],0.5323214081733435,0.6103797368163467,3.4852225407932513,Excelente (***)
Distribuicao_PIT_por_Faixa_Etaria_Projeto,Distribuicao_PIT_por_Faixa_Etaria_Projeto,Faixa_Etaria_projetoIdoso,Outro,Micro_2220010,Micro 2220010,0.10726923682243844,0.02159093052132882,[0.065 — 0.150],0.06495101300063395,0.14958746064424294,20.127793541654487,Regular (*)
Distribuicao_PIT_por_Faixa_Etaria_Projeto,Distribuicao_PIT_por_Faixa_Etaria_Projeto,Faixa_Etaria_projetoJovens,Outro,Micro_2220020,Micro 2220020,0.25028565417754745,0.02026963084464034,[0.211 — 0.290],0.21055717772205237,0.2900141306330425,8.098598743602574,Boa (**)
Distribuicao_PIT_por_Faixa_Etaria_Projeto,Distribuicao_PIT_por_Faixa_Etaria_Projeto,Faixa_Etaria_projetoAdulto,Outro,Micro_2220020,Micro 2220020,0.5796551325574109,0.01420494509550451,[0.552 — 0.607],0.551813440170222,0.6074968249445997,2.4505855805732226,Excelente (***)
Distribuicao_PIT_por_Faixa_Etaria_Projeto,Distribuicao_PIT_por_Faixa_Etaria_Projeto,Faixa_Etaria_projetoIdoso,Outro,Micro_2220020,Micro 2220020,0.17005921326504175,0.01985495797791776,[0.131 — 0.209],0.13114349562832295,0.20897493090176056,11.675320376187608,Boa (**)
Distribuicao_PIT_por_Faixa_Etaria_Projeto,Distribuicao_PIT_por_Faixa_Etaria_Projeto,Faixa_Etaria_projetoJovens,Outro,Micro_2251011,Micro 2251011,0.2656606570481043,0.03275430170947314,[0.201 — 0.330],0.20146222569753697,0.3298590883986717,12.329376157321697,Boa (**)
Distribuicao_PIT_por_Faixa_Etaria_Projeto,Distribuicao_PIT_por_Faixa_Etaria_Projeto,Faixa_Etaria_projetoAdulto,Outro,Micro_2251011,Micro 2251011,0.552232466451781,0.03699310400853844,[0.480 — 0.625],0.4797259825950457,0.6247389503085163,6.698828166737014,Boa (**)
Distribuicao_PIT_por_Faixa_Etaria_Projeto,Distribuicao_PIT_por_Faixa_Etaria_Projeto,Faixa_Etaria_projetoIdoso,Outro,Micro_2251011,Micro 2251011,0.1821068765001145,0.01831927336586988,[0.146 — 0.218],0.14620110070300954,0.21801265229721947,10.059627465994323,Boa (**)
Distribuicao_PIT_por_Faixa_Etaria_Projeto,Distribuicao_PIT_por_Faixa_Etaria_Projeto,Faixa_Etaria_projetoJovens,Outro,Micro_2251012,Micro 2251012,0.3171898383082897,0.02737117452099328,[0.264 — 0.371],0.26354233624714285,0.3708373403694365,8.629272194524127,Boa (**)
Distribuicao_PIT_por_Faixa_Etaria_Projeto,Distribuicao_PIT_por_Faixa_Etaria_Projeto,Faixa_Etaria_projetoAdulto,Outro,Micro_2251012,Micro 2251012,0.543514628823649,0.03675469125972742,[0.471 — 0.616],0.47147543395458325,0.6155538236927147,6.762410671314792,Boa (**)
Distribuicao_PIT_por_Faixa_Etaria_Projeto,Distribuicao_PIT_por_Faixa_Etaria_Projeto,Faixa_Etaria_projetoIdoso,Outro,Micro_2251012,Micro 2251012,0.1392955328680612,0.0242640448688075,[0.092 — 0.187],0.09173800492519851,0.1868530608109239,17.41911199104286,Regular (*)
Distribuicao_PIT_por_Faixa_Etaria_Projeto,Distribuicao_PIT_por_Faixa_Etaria_Projeto,Faixa_Etaria_projetoJovens,Outro,Micro_2251013,Micro 2251013,0.31375358430573874,0.02768848813209905,[0.259 — 0.368],0.2594841475668246,0.3680230210446529,8.824915321164225,Boa (**)
Distribuicao_PIT_por_Faixa_Etaria_Projeto,Distribuicao_PIT_por_Faixa_Etaria_Projeto,Faixa_Etaria_projetoAdulto,Outro,Micro_2251013,Micro 2251013,0.5426882599094331,0.03314075164835827,[0.478 — 0.608],0.4777323866786509,0.6076441331402154,6.106775122404341,Boa (**)
Distribuicao_PIT_por_Faixa_Etaria_Projeto,Distribuicao_PIT_por_Faixa_Etaria_Projeto,Faixa_Etaria_projetoIdoso,Outro,Micro_2251013,Micro 2251013,0.14355815578482806,0.02315867616456961,[0.098 — 0.189],0.09816715050227162,0.1889491610673845,16.131912560426702,Regular (*)
Distribuicao_PIT_por_Faixa_Etaria_Projeto,Distribuicao_PIT_por_Faixa_Etaria_Projeto,Faixa_Etaria_projetoJovens,Outro,Micro_2251020,Micro 2251020,0.27174356182224507,0.01911781262805538,[0.234 — 0.309],0.23427264907125653,0.3092144745732336,7.0352403199016225,Boa (**)
Distribuicao_PIT_por_Faixa_Etaria_Projeto,Distribuicao_PIT_por_Faixa_Etaria_Projeto,Faixa_Etaria_projetoAdulto,Outro,Micro_2251020,Micro 2251020,0.5753343804292272,0.01430178588832509,[0.547 — 0.603],0.5473028800881101,0.6033658807703444,2.485821528283303,Excelente (***)
Distribuicao_PIT_por_Faixa_Etaria_Projeto,Distribuicao_PIT_por_Faixa_Etaria_Projeto,Faixa_Etaria_projetoIdoso,Outro,Micro_2251020,Micro 2251020,0.15292205774852763,0.01648239194581364,[0.121 — 0.185],0.12061656953473289,0.18522754596232238,10.778295942707022,Boa (**)
Distribuicao_PIT_por_Faixa_Etaria_Projeto,Distribuicao_PIT_por_Faixa_Etaria_Projeto,Faixa_Etaria_projetoJovens,Outro,Micro_2251021,Micro 2251021,0.383434615974587,0.04181017955769198,[0.301 — 0.465],0.3014866640415107,0.4653825679076633,10.904122323807886,Boa (**)
Distribuicao_PIT_por_Faixa_Etaria_Projeto,Distribuicao_PIT_por_Faixa_Etaria_Projeto,Faixa_Etaria_projetoAdulto,Outro,Micro_2251021,Micro 2251021,0.4613291622806313,0.03132149459310031,[0.400 — 0.523],0.3999390328781547,0.5227192916831079,6.7894026985545555,Boa (**)
Distribuicao_PIT_por_Faixa_Etaria_Projeto,Distribuicao_PIT_por_Faixa_Etaria_Projeto,Faixa_Etaria_projetoIdoso,Outro,Micro_2251021,Micro 2251021,0.15523622174478174,0.02764297155689779,[0.101 — 0.209],0.10105599749326208,0.2094164459963014,17.807037073051546,Regular (*)
Distribuicao_PIT_por_Faixa_Etaria_Projeto,Distribuicao_PIT_por_Faixa_Etaria_Projeto,Faixa_Etaria_projetoJovens,Outro,Micro_2251022,Micro 2251022,0.2773997413690386,0.0573327979382881,[0.165 — 0.390],0.16502745740999394,0.3897720253280833,20.667934892561934,Regular (*)
Distribuicao_PIT_por_Faixa_Etaria_Projeto,Distribuicao_PIT_por_Faixa_Etaria_Projeto,Faixa_Etaria_projetoAdulto,Outro,Micro_2251022,Micro 2251022,0.5815806980129452,0.07769647784121918,[0.429 — 0.734],0.42929560144415563,0.7338657945817348,13.35953516110154,Boa (**)
Distribuicao_PIT_por_Faixa_Etaria_Projeto,Distribuicao_PIT_por_Faixa_Etaria_Projeto,Faixa_Etaria_projetoIdoso,Outro,Micro_2251022,Micro 2251022,0.14101956061801632,0.03944250078094276,[0.064 — 0.218],0.06371225908736851,0.21832686214866415,27.969524658910107,Regular (*)
Distribuicao_PIT_por_Faixa_Etaria_Projeto,Distribuicao_PIT_por_Faixa_Etaria_Projeto,Faixa_Etaria_projetoJovens,Outro,Micro_2252011,Micro 2252011,0.3160029038650985,0.02217039147654243,[0.273 — 0.359],0.2725489365710753,0.35945687115912167,7.015882197717703,Boa (**)
Distribuicao_PIT_por_Faixa_Etaria_Projeto,Distribuicao_PIT_por_Faixa_Etaria_Projeto,Faixa_Etaria_projetoAdulto,Outro,Micro_2252011,Micro 2252011,0.534089079326292,0.01846112788638905,[0.498 — 0.570],0.4979052686689695,0.5702728899836146,3.456563446246869,Excelente (***)
Distribuicao_PIT_por_Faixa_Etaria_Projeto,Distribuicao_PIT_por_Faixa_Etaria_Projeto,Faixa_Etaria_projetoIdoso,Outro,Micro_2252011,Micro 2252011,0.14990801680860946,0.02308205200396162,[0.105 — 0.195],0.1046671948808447,0.19514883873637423,15.397476729634102,Regular (*)
Distribuicao_PIT_por_Faixa_Etaria_Projeto,Distribuicao_PIT_por_Faixa_Etaria_Projeto,Faixa_Etaria_projetoJovens,Outro,Micro_2252012,Micro 2252012,0.28775852754863335,0.02699717996242807,[0.235 — 0.341],0.23484405482227433,0.34067300027499237,9.381887026046638,Boa (**)
Distribuicao_PIT_por_Faixa_Etaria_Projeto,Distribuicao_PIT_por_Faixa_Etaria_Projeto,Faixa_Etaria_projetoAdulto,Outro,Micro_2252012,Micro 2252012,0.5581644902638385,0.01377516526131486,[0.531 — 0.585],0.5311651663516614,0.5851638141760156,2.467940096798971,Excelente (***)
Distribuicao_PIT_por_Faixa_Etaria_Projeto,Distribuicao_PIT_por_Faixa_Etaria_Projeto,Faixa_Etaria_projetoIdoso,Outro,Micro_2252012,Micro 2252012,0.1540769821875282,0.0259508184985522,[0.103 — 0.205],0.10321337793036588,0.2049405864446905,16.842761410635156,Regular (*)
Distribuicao_PIT_por_Faixa_Etaria_Projeto,Distribuicao_PIT_por_Faixa_Etaria_Projeto,Faixa_Etaria_projetoJovens,Outro,Micro_2252013,Micro 2252013,0.3260759672433828,0.0277938172553611,[0.272 — 0.381],0.271600085422875,0.38055184906389056,8.523724545027822,Boa (**)
Distribuicao_PIT_por_Faixa_Etaria_Projeto,Distribuicao_PIT_por_Faixa_Etaria_Projeto,Faixa_Etaria_projetoAdulto,Outro,Micro_2252013,Micro 2252013,0.5641114661281069,0.02983594267041297,[0.506 — 0.623],0.5056330184940975,0.6225899137621164,5.2890154627059776,Boa (**)
Distribuicao_PIT_por_Faixa_Etaria_Projeto,Distribuicao_PIT_por_Faixa_Etaria_Projeto,Faixa_Etaria_projetoIdoso,Outro,Micro_2252013,Micro 2252013,0.10981256662851026,0.02704060116920056,[0.057 — 0.163],0.05681298833687716,0.16281214492014334,24.624323061929147,Regular (*)
Distribuicao_PIT_por_Faixa_Etaria_Projeto,Distribuicao_PIT_por_Faixa_Etaria_Projeto,Faixa_Etaria_projetoJovens,Outro,Micro_2252020,Micro 2252020,0.2694248995376554,0.01944514590776978,[0.231 — 0.308],0.23131241355842663,0.3075373855168842,7.217278707772919,Boa (**)
Distribuicao_PIT_por_Faixa_Etaria_Projeto,Distribuicao_PIT_por_Faixa_Etaria_Projeto,Faixa_Etaria_projetoAdulto,Outro,Micro_2252020,Micro 2252020,0.5615147117394509,0.01924524562445086,[0.524 — 0.599],0.5237940303155272,0.5992353931633746,3.427380480349884,Excelente (***)
Distribuicao_PIT_por_Faixa_Etaria_Projeto,Distribuicao_PIT_por_Faixa_Etaria_Projeto,Faixa_Etaria_projetoIdoso,Outro,Micro_2252020,Micro 2252020,0.16906038872289364,0.01539326355363194,[0.139 — 0.199],0.13888959215777505,0.19923118528801223,9.105186418838176,Boa (**)
Distribuicao_PIT_por_Faixa_Etaria_Projeto,Distribuicao_PIT_por_Faixa_Etaria_Projeto,Faixa_Etaria_projetoJovens,Outro,Micro_2252021,Micro 2252021,0.23172462664726468,0.03602818514488894,[0.161 — 0.302],0.16110938376328238,0.302339869531247,15.547844726806565,Regular (*)
Distribuicao_PIT_por_Faixa_Etaria_Projeto,Distribuicao_PIT_por_Faixa_Etaria_Projeto,Faixa_Etaria_projetoAdulto,Outro,Micro_2252021,Micro 2252021,0.6120338056073464,0.05387916383512041,[0.506 — 0.718],0.5064306444905105,0.7176369667241824,8.80329866446738,Boa (**)
Distribuicao_PIT_por_Faixa_Etaria_Projeto,Distribuicao_PIT_por_Faixa_Etaria_Projeto,Faixa_Etaria_projetoIdoso,Outro,Micro_2252021,Micro 2252021,0.156241567745389,0.05610824301572634,[0.046 — 0.266],0.04626941143456538,0.26621372405621263,35.91121353003846,Baixa
Distribuicao_PIT_por_Faixa_Etaria_Projeto,Distribuicao_PIT_por_Faixa_Etaria_Projeto,Faixa_Etaria_projetoJovens,Outro,Micro_2252022,Micro 2252022,0.3086469071198522,0.02511216060949876,[0.259 — 0.358],0.25942707232523465,0.35786674191446977,8.136210028421678,Boa (**)
Distribuicao_PIT_por_Faixa_Etaria_Projeto,Distribuicao_PIT_por_Faixa_Etaria_Projeto,Faixa_Etaria_projetoAdulto,Outro,Micro_2252022,Micro 2252022,0.5269392963794922,0.01879965683710978,[0.490 — 0.564],0.49009196897875706,0.5637866237802274,3.567708266640756,Excelente (***)
Distribuicao_PIT_por_Faixa_Etaria_Projeto,Distribuicao_PIT_por_Faixa_Etaria_Projeto,Faixa_Etaria_projetoIdoso,Outro,Micro_2252022,Micro 2252022,0.16441379650065552,0.03954328396493666,[0.087 — 0.242],0.08690895992937968,0.24191863307193134,24.05107406225426,Regular (*)
Distribuicao_PIT_por_Faixa_Etaria_Projeto,Distribuicao_PIT_por_Faixa_Etaria_Projeto,Faixa_Etaria_projetoJovens,Outro,Micro_2253010,Micro 2253010,0.3280165918122762,0.05462743785936998,[0.221 — 0.435],0.22094681360791107,0.43508637001664136,16.65386423215849,Regular (*)
Distribuicao_PIT_por_Faixa_Etaria_Projeto,Distribuicao_PIT_por_Faixa_Etaria_Projeto,Faixa_Etaria_projetoAdulto,Outro,Micro_2253010,Micro 2253010,0.5437405863552898,0.02582613155151758,[0.493 — 0.594],0.4931213685143153,0.5943598041962642,4.7497156179991915,Excelente (***)
Distribuicao_PIT_por_Faixa_Etaria_Projeto,Distribuicao_PIT_por_Faixa_Etaria_Projeto,Faixa_Etaria_projetoIdoso,Outro,Micro_2253010,Micro 2253010,0.1282428218324341,0.039523420161182,[0.051 — 0.206],0.05077691831651737,0.20570872534835083,30.81920656177114,Baixa
Distribuicao_PIT_por_Faixa_Etaria_Projeto,Distribuicao_PIT_por_Faixa_Etaria_Projeto,Faixa_Etaria_projetoJovens,Outro,Micro_2253011,Micro 2253011,0.2707240283218844,0.03407052372552519,[0.204 — 0.338],0.20394580181985505,0.33750225482391377,12.584964820712607,Boa (**)
Distribuicao_PIT_por_Faixa_Etaria_Projeto,Distribuicao_PIT_por_Faixa_Etaria_Projeto,Faixa_Etaria_projetoAdulto,Outro,Micro_2253011,Micro 2253011,0.5835363927661302,0.02872902310573881,[0.527 — 0.640],0.5272275074788821,0.6398452780533783,4.923261592915393,Excelente (***)
Distribuicao_PIT_por_Faixa_Etaria_Projeto,Distribuicao_PIT_por_Faixa_Etaria_Projeto,Faixa_Etaria_projetoIdoso,Outro,Micro_2253011,Micro 2253011,0.1457395789119852,0.02562749145203578,[0.096 — 0.196],0.09550969566599507,0.1959694621579753,17.584441812826075,Regular (*)
Distribuicao_PIT_por_Faixa_Etaria_Projeto,Distribuicao_PIT_por_Faixa_Etaria_Projeto,Faixa_Etaria_projetoJovens,Outro,Micro_2253012,Micro 2253012,0.2467526856837166,0.02988261671331256,[0.188 — 0.305],0.188182756925624,0.30532261444180925,12.110351152009583,Boa (**)
Distribuicao_PIT_por_Faixa_Etaria_Projeto,Distribuicao_PIT_por_Faixa_Etaria_Projeto,Faixa_Etaria_projetoAdulto,Outro,Micro_2253012,Micro 2253012,0.5808229948004473,0.02973234034228527,[0.523 — 0.639],0.5225476077295682,0.6390983818713264,5.119001934918292,Boa (**)
Distribuicao_PIT_por_Faixa_Etaria_Projeto,Distribuicao_PIT_por_Faixa_Etaria_Projeto,Faixa_Etaria_projetoIdoso,Outro,Micro_2253012,Micro 2253012,0.17242431951583612,0.02337158479285819,[0.127 — 0.218],0.12661601332183406,0.21823262570983817,13.554691622669651,Boa (**)
Distribuicao_PIT_por_Faixa_Etaria_Projeto,Distribuicao_PIT_por_Faixa_Etaria_Projeto,Faixa_Etaria_projetoJovens,Outro,Micro_2253020,Micro 2253020,0.22626011118994807,0.02812605479691961,[0.171 — 0.281],0.17113304378798563,0.28138717859191054,12.430849896165503,Boa (**)
Distribuicao_PIT_por_Faixa_Etaria_Projeto,Distribuicao_PIT_por_Faixa_Etaria_Projeto,Faixa_Etaria_projetoAdulto,Outro,Micro_2253020,Micro 2253020,0.5761381643548129,0.02584238798568818,[0.525 — 0.627],0.525487083902864,0.6267892448067618,4.485449773081379,Excelente (***)
Distribuicao_PIT_por_Faixa_Etaria_Projeto,Distribuicao_PIT_por_Faixa_Etaria_Projeto,Faixa_Etaria_projetoIdoso,Outro,Micro_2253020,Micro 2253020,0.19760172445523908,0.01886994111505596,[0.161 — 0.235],0.1606166398697294,0.23458680904074874,9.549482003296179,Boa (**)
Distribuicao_PIT_por_Faixa_Etaria_Projeto,Distribuicao_PIT_por_Faixa_Etaria_Projeto,Faixa_Etaria_projetoJovens,Outro,Micro_2253021,Micro 2253021,0.2745138239896037,0.01966925764593467,[0.236 — 0.313],0.23596207900357177,0.31306556897563564,7.165124641110815,Boa (**)
Distribuicao_PIT_por_Faixa_Etaria_Projeto,Distribuicao_PIT_por_Faixa_Etaria_Projeto,Faixa_Etaria_projetoAdulto,Outro,Micro_2253021,Micro 2253021,0.6000555508396391,0.0711052814527034,[0.461 — 0.739],0.46068919919234047,0.7394219024869377,11.849783133112922,Boa (**)
Distribuicao_PIT_por_Faixa_Etaria_Projeto,Distribuicao_PIT_por_Faixa_Etaria_Projeto,Faixa_Etaria_projetoIdoso,Outro,Micro_2253021,Micro 2253021,0.1254306251707571,0.05157357376395895,[0.024 — 0.227],0.02434642059339756,0.22651482974811663,41.11721016597693,Baixa
Distribuicao_PIT_por_Faixa_Etaria_Projeto,Distribuicao_PIT_por_Faixa_Etaria_Projeto,Faixa_Etaria_projetoJovens,Outro,Micro_2253022,Micro 2253022,0.2777661534572652,0.06492428475795277,[0.151 — 0.405],0.15051455533167776,0.4050177515828526,23.37372064589629,Regular (*)
Distribuicao_PIT_por_Faixa_Etaria_Projeto,Distribuicao_PIT_por_Faixa_Etaria_Projeto,Faixa_Etaria_projetoAdulto,Outro,Micro_2253022,Micro 2253022,0.5700121001413275,0.07201400628681517,[0.429 — 0.711],0.4288646478191698,0.7111595524634853,12.633767997023254,Boa (**)
Distribuicao_PIT_por_Faixa_Etaria_Projeto,Distribuicao_PIT_por_Faixa_Etaria_Projeto,Faixa_Etaria_projetoIdoso,Outro,Micro_2253022,Micro 2253022,0.15222174640140734,0.05485090114551912,[0.045 — 0.260],0.04471398015618987,0.2597295126466248,36.03355134349713,Baixa
Distribuicao_PIT_por_Faixa_Etaria_Projeto,Distribuicao_PIT_por_Faixa_Etaria_Projeto,Faixa_Etaria_projetoJovens,Outro,Micro_2254020,Micro 2254020,0.28197499099871826,0.03193719024660904,[0.219 — 0.345],0.21937809811536452,0.344571883882072,11.326249229937634,Boa (**)
Distribuicao_PIT_por_Faixa_Etaria_Projeto,Distribuicao_PIT_por_Faixa_Etaria_Projeto,Faixa_Etaria_projetoAdulto,Outro,Micro_2254020,Micro 2254020,0.5794125669343106,0.02325126121967324,[0.534 — 0.625],0.5338400949437511,0.6249850389248702,4.012902471669948,Excelente (***)
Distribuicao_PIT_por_Faixa_Etaria_Projeto,Distribuicao_PIT_por_Faixa_Etaria_Projeto,Faixa_Etaria_projetoIdoso,Outro,Micro_2254020,Micro 2254020,0.13861244206697115,0.01955681036066171,[0.100 — 0.177],0.1002810937600742,0.1769437903738681,14.108986227378317,Boa (**)
Distribuicao_PIT_por_Faixa_Etaria_Projeto,Distribuicao_PIT_por_Faixa_Etaria_Projeto,Faixa_Etaria_projetoJovens,Zona,Zona_Rural,Zona Rural,0.2679392804182497,0.00972281910061674,[0.249 — 0.287],0.2488825549810409,0.28699600585545854,3.628739722462323,Excelente (***)
Distribuicao_PIT_por_Faixa_Etaria_Projeto,Distribuicao_PIT_por_Faixa_Etaria_Projeto,Faixa_Etaria_projetoAdulto,Zona,Zona_Rural,Zona Rural,0.5679274157769834,0.00830252713044828,[0.552 — 0.584],0.5516544626013047,0.584200368952662,1.4618993378035052,Excelente (***)
Distribuicao_PIT_por_Faixa_Etaria_Projeto,Distribuicao_PIT_por_Faixa_Etaria_Projeto,Faixa_Etaria_projetoIdoso,Zona,Zona_Rural,Zona Rural,0.16413330380476698,0.00812874218392694,[0.148 — 0.180],0.1482009691242702,0.18006563848526377,4.952524561131056,Excelente (***)
Distribuicao_PIT_por_Faixa_Etaria_Projeto,Distribuicao_PIT_por_Faixa_Etaria_Projeto,Faixa_Etaria_projetoJovens,Zona,Zona_Urbana,Zona Urbana,0.296560131478193,0.00723361282035381,[0.282 — 0.311],0.2823822503502995,0.31073801260608647,2.4391723810945645,Excelente (***)
Distribuicao_PIT_por_Faixa_Etaria_Projeto,Distribuicao_PIT_por_Faixa_Etaria_Projeto,Faixa_Etaria_projetoAdulto,Zona,Zona_Urbana,Zona Urbana,0.5639902973490034,0.00770218674060145,[0.549 — 0.579],0.5488940113374245,0.5790865833605823,1.365659440739501,Excelente (***)
Distribuicao_PIT_por_Faixa_Etaria_Projeto,Distribuicao_PIT_por_Faixa_Etaria_Projeto,Faixa_Etaria_projetoIdoso,Zona,Zona_Urbana,Zona Urbana,0.13944957117280363,0.00620327838217364,[0.127 — 0.152],0.1272911455437433,0.15160799680186396,4.448402623258439,Excelente (***)
Distribuicao_PIT_por_Faixa_Etaria_SIDRA,Distribuicao_PIT_por_Faixa_Etaria_SIDRA,Faixa_Etaria_sidra14 a 17 anos,Agregados nacionais,Brasil,Brasil,0.0670474663085679,3.1667946399247193e-4,[0.066 — 0.068],0.06642677455914264,0.06766815805799314,0.47232129926437494,Excelente (***)
Distribuicao_PIT_por_Faixa_Etaria_SIDRA,Distribuicao_PIT_por_Faixa_Etaria_SIDRA,Faixa_Etaria_sidra18 a 24 anos,Agregados nacionais,Brasil,Brasil,0.12020623542386732,3.1667946398055677e-4,[0.120 — 0.121],0.11958554367446543,0.12082692717326922,0.26344678615372313,Excelente (***)
Distribuicao_PIT_por_Faixa_Etaria_SIDRA,Distribuicao_PIT_por_Faixa_Etaria_SIDRA,Faixa_Etaria_sidra25 a 39 anos,Agregados nacionais,Brasil,Brasil,0.27673503644221176,5.042225311466338e-13,[0.277 — 0.277],0.2767350364412235,0.2767350364432,1.8220408143076831e-10,Excelente (***)
Distribuicao_PIT_por_Faixa_Etaria_SIDRA,Distribuicao_PIT_por_Faixa_Etaria_SIDRA,Faixa_Etaria_sidra40 a 59 anos,Agregados nacionais,Brasil,Brasil,0.328972096463372,9.630161476113581e-13,[0.329 — 0.329],0.3289720964614845,0.3289720964652595,2.9273490304019785e-10,Excelente (***)
Distribuicao_PIT_por_Faixa_Etaria_SIDRA,Distribuicao_PIT_por_Faixa_Etaria_SIDRA,Faixa_Etaria_sidra60 anos ou mais,Agregados nacionais,Brasil,Brasil,0.20703916536198108,1.2009367226083933e-12,[0.207 — 0.207],0.20703916535962724,0.20703916536433492,5.80052919218792e-10,Excelente (***)
Distribuicao_PIT_por_Faixa_Etaria_SIDRA,Distribuicao_PIT_por_Faixa_Etaria_SIDRA,Faixa_Etaria_sidra14 a 17 anos,Agregados nacionais,Nordeste,Nordeste,0.07431778783852326,8.974728247006014e-4,[0.073 — 0.076],0.07255874110211008,0.07607683457493644,1.2076150956627218,Excelente (***)
Distribuicao_PIT_por_Faixa_Etaria_SIDRA,Distribuicao_PIT_por_Faixa_Etaria_SIDRA,Faixa_Etaria_sidra18 a 24 anos,Agregados nacionais,Nordeste,Nordeste,0.12601947480955294,0.00126623518040681,[0.124 — 0.129],0.1235376538559556,0.12850129576315028,1.004793253043158,Excelente (***)
Distribuicao_PIT_por_Faixa_Etaria_SIDRA,Distribuicao_PIT_por_Faixa_Etaria_SIDRA,Faixa_Etaria_sidra25 a 39 anos,Agregados nacionais,Nordeste,Nordeste,0.2737288924919648,0.00195063744477885,[0.270 — 0.278],0.26990564310019827,0.27755214188373134,0.7126165700013235,Excelente (***)
Distribuicao_PIT_por_Faixa_Etaria_SIDRA,Distribuicao_PIT_por_Faixa_Etaria_SIDRA,Faixa_Etaria_sidra40 a 59 anos,Agregados nacionais,Nordeste,Nordeste,0.3283328803348305,0.00163431529279101,[0.325 — 0.332],0.3251296223609601,0.3315361383087009,0.4977616896377701,Excelente (***)
Distribuicao_PIT_por_Faixa_Etaria_SIDRA,Distribuicao_PIT_por_Faixa_Etaria_SIDRA,Faixa_Etaria_sidra60 anos ou mais,Agregados nacionais,Nordeste,Nordeste,0.1976009645251286,0.00178041570328046,[0.194 — 0.201],0.19411134974669889,0.2010905793035583,0.901015694715421,Excelente (***)
Distribuicao_PIT_por_Faixa_Etaria_SIDRA,Distribuicao_PIT_por_Faixa_Etaria_SIDRA,Faixa_Etaria_sidra14 a 17 anos,Agregados nacionais,Piauí,Piauí,0.0706033060803159,0.00326657595408504,[0.064 — 0.077],0.06420081721030922,0.07700579495032257,4.626661463089413,Excelente (***)
Distribuicao_PIT_por_Faixa_Etaria_SIDRA,Distribuicao_PIT_por_Faixa_Etaria_SIDRA,Faixa_Etaria_sidra18 a 24 anos,Agregados nacionais,Piauí,Piauí,0.12987092271794748,0.00431015521490435,[0.121 — 0.138],0.12142301849673495,0.13831882693916,3.318799254445205,Excelente (***)
Distribuicao_PIT_por_Faixa_Etaria_SIDRA,Distribuicao_PIT_por_Faixa_Etaria_SIDRA,Faixa_Etaria_sidra25 a 39 anos,Agregados nacionais,Piauí,Piauí,0.2657093037512698,0.0058833143951156,[0.254 — 0.277],0.2541780075368432,0.27724059996569633,2.2141920934100843,Excelente (***)
Distribuicao_PIT_por_Faixa_Etaria_SIDRA,Distribuicao_PIT_por_Faixa_Etaria_SIDRA,Faixa_Etaria_sidra40 a 59 anos,Agregados nacionais,Piauí,Piauí,0.3340960158770408,0.0048510530062485,[0.325 — 0.344],0.32458795198479373,0.34360407976928786,1.4519936711947683,Excelente (***)
Distribuicao_PIT_por_Faixa_Etaria_SIDRA,Distribuicao_PIT_por_Faixa_Etaria_SIDRA,Faixa_Etaria_sidra60 anos ou mais,Agregados nacionais,Piauí,Piauí,0.19972045157342605,0.00549486481963035,[0.189 — 0.210],0.18895051652695055,0.21049038661990155,2.7512779869768096,Excelente (***)
Distribuicao_PIT_por_Faixa_Etaria_SIDRA,Distribuicao_PIT_por_Faixa_Etaria_SIDRA,Faixa_Etaria_sidra14 a 17 anos,Agregados nacionais,Teresina,Teresina,0.0651956669802971,0.004951696184059,[0.055 — 0.075],0.055490342459541465,0.07490099150105274,7.595130801492468,Boa (**)
Distribuicao_PIT_por_Faixa_Etaria_SIDRA,Distribuicao_PIT_por_Faixa_Etaria_SIDRA,Faixa_Etaria_sidra18 a 24 anos,Agregados nacionais,Teresina,Teresina,0.1259247763939504,0.00600052546222758,[0.114 — 0.138],0.11416374648798433,0.13768580629991645,4.765166660653966,Excelente (***)
Distribuicao_PIT_por_Faixa_Etaria_SIDRA,Distribuicao_PIT_por_Faixa_Etaria_SIDRA,Faixa_Etaria_sidra25 a 39 anos,Agregados nacionais,Teresina,Teresina,0.26494560847997844,0.0095504073415701,[0.246 — 0.284],0.24622681009050104,0.2836644068694558,3.6046671603133253,Excelente (***)
Distribuicao_PIT_por_Faixa_Etaria_SIDRA,Distribuicao_PIT_por_Faixa_Etaria_SIDRA,Faixa_Etaria_sidra40 a 59 anos,Agregados nacionais,Teresina,Teresina,0.3536590768889662,0.00875834873683781,[0.336 — 0.371],0.3364927133647641,0.3708254404131683,2.476494824869872,Excelente (***)
Distribuicao_PIT_por_Faixa_Etaria_SIDRA,Distribuicao_PIT_por_Faixa_Etaria_SIDRA,Faixa_Etaria_sidra60 anos ou mais,Agregados nacionais,Teresina,Teresina,0.1902748712568079,0.01042087296335106,[0.170 — 0.211],0.16984996024863983,0.21069978226497596,5.476746821332147,Boa (**)
Distribuicao_PIT_por_Faixa_Etaria_SIDRA,Distribuicao_PIT_por_Faixa_Etaria_SIDRA,Faixa_Etaria_sidra14 a 17 anos,Estrato administrativo,Admin_Capital,Capital,0.0651956669802971,0.004951696184059,[0.055 — 0.075],0.055490342459541465,0.07490099150105274,7.595130801492468,Boa (**)
Distribuicao_PIT_por_Faixa_Etaria_SIDRA,Distribuicao_PIT_por_Faixa_Etaria_SIDRA,Faixa_Etaria_sidra18 a 24 anos,Estrato administrativo,Admin_Capital,Capital,0.1259247763939504,0.00600052546222758,[0.114 — 0.138],0.11416374648798433,0.13768580629991645,4.765166660653966,Excelente (***)
Distribuicao_PIT_por_Faixa_Etaria_SIDRA,Distribuicao_PIT_por_Faixa_Etaria_SIDRA,Faixa_Etaria_sidra25 a 39 anos,Estrato administrativo,Admin_Capital,Capital,0.26494560847997844,0.0095504073415701,[0.246 — 0.284],0.24622681009050104,0.2836644068694558,3.6046671603133253,Excelente (***)
Distribuicao_PIT_por_Faixa_Etaria_SIDRA,Distribuicao_PIT_por_Faixa_Etaria_SIDRA,Faixa_Etaria_sidra40 a 59 anos,Estrato administrativo,Admin_Capital,Capital,0.3536590768889662,0.00875834873683781,[0.336 — 0.371],0.3364927133647641,0.3708254404131683,2.476494824869872,Excelente (***)
Distribuicao_PIT_por_Faixa_Etaria_SIDRA,Distribuicao_PIT_por_Faixa_Etaria_SIDRA,Faixa_Etaria_sidra60 anos ou mais,Estrato administrativo,Admin_Capital,Capital,0.1902748712568079,0.01042087296335106,[0.170 — 0.211],0.16984996024863983,0.21069978226497596,5.476746821332147,Boa (**)
Distribuicao_PIT_por_Faixa_Etaria_SIDRA,Distribuicao_PIT_por_Faixa_Etaria_SIDRA,Faixa_Etaria_sidra14 a 17 anos,Estrato administrativo,"Admin_Resto da RIDE (Região Integrada de Desenvolvimento Econômico, excluindo a capital)","Resto da RIDE (Região Integrada de Desenvolvimento Econômico, excluindo a capital)",0.07888671881798796,0.0084888648161662,[0.062 — 0.096],0.06224854377830222,0.09552489385767371,10.760828873808533,Boa (**)
Distribuicao_PIT_por_Faixa_Etaria_SIDRA,Distribuicao_PIT_por_Faixa_Etaria_SIDRA,Faixa_Etaria_sidra18 a 24 anos,Estrato administrativo,"Admin_Resto da RIDE (Região Integrada de Desenvolvimento Econômico, excluindo a capital)","Resto da RIDE (Região Integrada de Desenvolvimento Econômico, excluindo a capital)",0.135549881662873,0.01561889162301461,[0.105 — 0.166],0.10493685408176436,0.16616290924398164,11.522615461856661,Boa (**)
Distribuicao_PIT_por_Faixa_Etaria_SIDRA,Distribuicao_PIT_por_Faixa_Etaria_SIDRA,Faixa_Etaria_sidra25 a 39 anos,Estrato administrativo,"Admin_Resto da RIDE (Região Integrada de Desenvolvimento Econômico, excluindo a capital)","Resto da RIDE (Região Integrada de Desenvolvimento Econômico, excluindo a capital)",0.26846459776508225,0.01657793944568191,[0.236 — 0.301],0.2359718364515457,0.3009573590786188,6.175093320940701,Boa (**)
Distribuicao_PIT_por_Faixa_Etaria_SIDRA,Distribuicao_PIT_por_Faixa_Etaria_SIDRA,Faixa_Etaria_sidra40 a 59 anos,Estrato administrativo,"Admin_Resto da RIDE (Região Integrada de Desenvolvimento Econômico, excluindo a capital)","Resto da RIDE (Região Integrada de Desenvolvimento Econômico, excluindo a capital)",0.3342165235477018,0.01784161881886899,[0.299 — 0.369],0.2992469506627186,0.369186096432685,5.338341333181424,Boa (**)
Distribuicao_PIT_por_Faixa_Etaria_SIDRA,Distribuicao_PIT_por_Faixa_Etaria_SIDRA,Faixa_Etaria_sidra60 anos ou mais,Estrato administrativo,"Admin_Resto da RIDE (Região Integrada de Desenvolvimento Econômico, excluindo a capital)","Resto da RIDE (Região Integrada de Desenvolvimento Econômico, excluindo a capital)",0.18288227820635505,0.02043828940399784,[0.143 — 0.223],0.1428232309745193,0.2229413254381908,11.175653324340324,Boa (**)
Distribuicao_PIT_por_Faixa_Etaria_SIDRA,Distribuicao_PIT_por_Faixa_Etaria_SIDRA,Faixa_Etaria_sidra14 a 17 anos,Estrato administrativo,"Admin_Resto da UF  (Unidade da Federação, excluindo a região metropolitana e a RIDE)","Resto da UF  (Unidade da Federação, excluindo a região metropolitana e a RIDE)",0.07201292012079777,0.00414990774450989,[0.064 — 0.080],0.06387910094155838,0.08014673930003716,5.762726657311833,Boa (**)
Distribuicao_PIT_por_Faixa_Etaria_SIDRA,Distribuicao_PIT_por_Faixa_Etaria_SIDRA,Faixa_Etaria_sidra18 a 24 anos,Estrato administrativo,"Admin_Resto da UF  (Unidade da Federação, excluindo a região metropolitana e a RIDE)","Resto da UF  (Unidade da Federação, excluindo a região metropolitana e a RIDE)",0.13093533806356022,0.00564714890436309,[0.120 — 0.142],0.11986692621100857,0.1420037499161119,4.312929563462678,Excelente (***)
Distribuicao_PIT_por_Faixa_Etaria_SIDRA,Distribuicao_PIT_por_Faixa_Etaria_SIDRA,Faixa_Etaria_sidra25 a 39 anos,Estrato administrativo,"Admin_Resto da UF  (Unidade da Federação, excluindo a região metropolitana e a RIDE)","Resto da UF  (Unidade da Federação, excluindo a região metropolitana e a RIDE)",0.265753316524435,0.00779310798267429,[0.250 — 0.281],0.2504788248783934,0.2810278081704766,2.9324593516249657,Excelente (***)
Distribuicao_PIT_por_Faixa_Etaria_SIDRA,Distribuicao_PIT_por_Faixa_Etaria_SIDRA,Faixa_Etaria_sidra40 a 59 anos,Estrato administrativo,"Admin_Resto da UF  (Unidade da Federação, excluindo a região metropolitana e a RIDE)","Resto da UF  (Unidade da Federação, excluindo a região metropolitana e a RIDE)",0.32605393805695787,0.00627138821572767,[0.314 — 0.338],0.31376201715413166,0.3383458589597841,1.9234204785565665,Excelente (***)
Distribuicao_PIT_por_Faixa_Etaria_SIDRA,Distribuicao_PIT_por_Faixa_Etaria_SIDRA,Faixa_Etaria_sidra60 anos ou mais,Estrato administrativo,"Admin_Resto da UF  (Unidade da Federação, excluindo a região metropolitana e a RIDE)","Resto da UF  (Unidade da Federação, excluindo a região metropolitana e a RIDE)",0.2052444872342492,0.00722527076287274,[0.191 — 0.219],0.19108295653901863,0.21940601792947978,3.520323912342848,Excelente (***)
Distribuicao_PIT_por_Faixa_Etaria_SIDRA,Distribuicao_PIT_por_Faixa_Etaria_SIDRA,Faixa_Etaria_sidra14 a 17 anos,Estrato agregado,Agreg_Alto Parnaíba e Chapadas Sul do Piauí,Alto Parnaíba e Chapadas Sul do Piauí,0.06123782142121764,0.00800826877148899,[0.046 — 0.077],0.045541614629099225,0.07693402821333606,13.077324740873767,Boa (**)
Distribuicao_PIT_por_Faixa_Etaria_SIDRA,Distribuicao_PIT_por_Faixa_Etaria_SIDRA,Faixa_Etaria_sidra18 a 24 anos,Estrato agregado,Agreg_Alto Parnaíba e Chapadas Sul do Piauí,Alto Parnaíba e Chapadas Sul do Piauí,0.12408884897364895,0.01213901462283135,[0.100 — 0.148],0.1002963803128995,0.1478813176343984,9.782518512528991,Boa (**)
Distribuicao_PIT_por_Faixa_Etaria_SIDRA,Distribuicao_PIT_por_Faixa_Etaria_SIDRA,Faixa_Etaria_sidra25 a 39 anos,Estrato agregado,Agreg_Alto Parnaíba e Chapadas Sul do Piauí,Alto Parnaíba e Chapadas Sul do Piauí,0.26781962091449113,0.01617244058551204,[0.236 — 0.300],0.23612163736688752,0.29951760446209474,6.038557044584699,Boa (**)
Distribuicao_PIT_por_Faixa_Etaria_SIDRA,Distribuicao_PIT_por_Faixa_Etaria_SIDRA,Faixa_Etaria_sidra40 a 59 anos,Estrato agregado,Agreg_Alto Parnaíba e Chapadas Sul do Piauí,Alto Parnaíba e Chapadas Sul do Piauí,0.33601015653910954,0.01026508078653142,[0.316 — 0.356],0.315890598197508,0.3561297148807111,3.0549912217717816,Excelente (***)
Distribuicao_PIT_por_Faixa_Etaria_SIDRA,Distribuicao_PIT_por_Faixa_Etaria_SIDRA,Faixa_Etaria_sidra60 anos ou mais,Estrato agregado,Agreg_Alto Parnaíba e Chapadas Sul do Piauí,Alto Parnaíba e Chapadas Sul do Piauí,0.21084355215153275,0.01664055722746575,[0.178 — 0.243],0.17822805998569988,0.24345904431736562,7.892371883161134,Boa (**)
Distribuicao_PIT_por_Faixa_Etaria_SIDRA,Distribuicao_PIT_por_Faixa_Etaria_SIDRA,Faixa_Etaria_sidra14 a 17 anos,Estrato agregado,Agreg_Baixo Parnaíba do Piauí,Baixo Parnaíba do Piauí,0.07404688064273315,0.00738054720561641,[0.060 — 0.089],0.05958100811972499,0.08851275316574131,9.967397872202906,Boa (**)
Distribuicao_PIT_por_Faixa_Etaria_SIDRA,Distribuicao_PIT_por_Faixa_Etaria_SIDRA,Faixa_Etaria_sidra18 a 24 anos,Estrato agregado,Agreg_Baixo Parnaíba do Piauí,Baixo Parnaíba do Piauí,0.13358678423956308,0.01048468441114337,[0.113 — 0.154],0.11303680279372208,0.15413676568540408,7.848594058781321,Boa (**)
Distribuicao_PIT_por_Faixa_Etaria_SIDRA,Distribuicao_PIT_por_Faixa_Etaria_SIDRA,Faixa_Etaria_sidra25 a 39 anos,Estrato agregado,Agreg_Baixo Parnaíba do Piauí,Baixo Parnaíba do Piauí,0.2708460029539781,0.01438001757702023,[0.243 — 0.299],0.24266116850301844,0.29903083740493774,5.309296581889625,Boa (**)
Distribuicao_PIT_por_Faixa_Etaria_SIDRA,Distribuicao_PIT_por_Faixa_Etaria_SIDRA,Faixa_Etaria_sidra40 a 59 anos,Estrato agregado,Agreg_Baixo Parnaíba do Piauí,Baixo Parnaíba do Piauí,0.3198027276828317,0.01195836879602316,[0.296 — 0.343],0.2963643248426263,0.34324113052303706,3.7392954346164986,Excelente (***)
Distribuicao_PIT_por_Faixa_Etaria_SIDRA,Distribuicao_PIT_por_Faixa_Etaria_SIDRA,Faixa_Etaria_sidra60 anos ou mais,Estrato agregado,Agreg_Baixo Parnaíba do Piauí,Baixo Parnaíba do Piauí,0.20171760448089396,0.01224799331468071,[0.178 — 0.226],0.17771153758411976,0.22572367137766816,6.071851460957044,Boa (**)
Distribuicao_PIT_por_Faixa_Etaria_SIDRA,Distribuicao_PIT_por_Faixa_Etaria_SIDRA,Faixa_Etaria_sidra14 a 17 anos,Estrato agregado,Agreg_Centro-Leste do Piauí,Centro-Leste do Piauí,0.07740140107383889,0.00680465232512937,[0.064 — 0.091],0.06406428251658533,0.09073851963109245,8.791381332539332,Boa (**)
Distribuicao_PIT_por_Faixa_Etaria_SIDRA,Distribuicao_PIT_por_Faixa_Etaria_SIDRA,Faixa_Etaria_sidra18 a 24 anos,Estrato agregado,Agreg_Centro-Leste do Piauí,Centro-Leste do Piauí,0.13286298629872212,0.00811024586593953,[0.117 — 0.149],0.11696690440148064,0.1487590681959636,6.104217654497756,Boa (**)
Distribuicao_PIT_por_Faixa_Etaria_SIDRA,Distribuicao_PIT_por_Faixa_Etaria_SIDRA,Faixa_Etaria_sidra25 a 39 anos,Estrato agregado,Agreg_Centro-Leste do Piauí,Centro-Leste do Piauí,0.2586840907111917,0.0125545795473761,[0.234 — 0.283],0.23407711479833454,0.28329106662404885,4.853247647684945,Excelente (***)
Distribuicao_PIT_por_Faixa_Etaria_SIDRA,Distribuicao_PIT_por_Faixa_Etaria_SIDRA,Faixa_Etaria_sidra40 a 59 anos,Estrato agregado,Agreg_Centro-Leste do Piauí,Centro-Leste do Piauí,0.3258878751253847,0.00987532353504311,[0.307 — 0.345],0.3065322409967002,0.3452435092540692,3.030282587605814,Excelente (***)
Distribuicao_PIT_por_Faixa_Etaria_SIDRA,Distribuicao_PIT_por_Faixa_Etaria_SIDRA,Faixa_Etaria_sidra60 anos ou mais,Estrato agregado,Agreg_Centro-Leste do Piauí,Centro-Leste do Piauí,0.20516364679086255,0.01018179912553073,[0.185 — 0.225],0.1852073205048223,0.2251199730769028,4.96276961576421,Excelente (***)
Distribuicao_PIT_por_Faixa_Etaria_SIDRA,Distribuicao_PIT_por_Faixa_Etaria_SIDRA,Faixa_Etaria_sidra14 a 17 anos,Estrato agregado,Agreg_Entorno metropolitano de Teresina (PI),Entorno metropolitano de Teresina (PI),0.07888671881798796,0.0084888648161662,[0.062 — 0.096],0.06224854377830222,0.09552489385767371,10.760828873808533,Boa (**)
Distribuicao_PIT_por_Faixa_Etaria_SIDRA,Distribuicao_PIT_por_Faixa_Etaria_SIDRA,Faixa_Etaria_sidra18 a 24 anos,Estrato agregado,Agreg_Entorno metropolitano de Teresina (PI),Entorno metropolitano de Teresina (PI),0.135549881662873,0.01561889162301461,[0.105 — 0.166],0.10493685408176436,0.16616290924398164,11.522615461856661,Boa (**)
Distribuicao_PIT_por_Faixa_Etaria_SIDRA,Distribuicao_PIT_por_Faixa_Etaria_SIDRA,Faixa_Etaria_sidra25 a 39 anos,Estrato agregado,Agreg_Entorno metropolitano de Teresina (PI),Entorno metropolitano de Teresina (PI),0.26846459776508225,0.01657793944568191,[0.236 — 0.301],0.2359718364515457,0.3009573590786188,6.175093320940701,Boa (**)
Distribuicao_PIT_por_Faixa_Etaria_SIDRA,Distribuicao_PIT_por_Faixa_Etaria_SIDRA,Faixa_Etaria_sidra40 a 59 anos,Estrato agregado,Agreg_Entorno metropolitano de Teresina (PI),Entorno metropolitano de Teresina (PI),0.3342165235477018,0.01784161881886899,[0.299 — 0.369],0.2992469506627186,0.369186096432685,5.338341333181424,Boa (**)
Distribuicao_PIT_por_Faixa_Etaria_SIDRA,Distribuicao_PIT_por_Faixa_Etaria_SIDRA,Faixa_Etaria_sidra60 anos ou mais,Estrato agregado,Agreg_Entorno metropolitano de Teresina (PI),Entorno metropolitano de Teresina (PI),0.18288227820635505,0.02043828940399784,[0.143 — 0.223],0.1428232309745193,0.2229413254381908,11.175653324340324,Boa (**)
Distribuicao_PIT_por_Faixa_Etaria_SIDRA,Distribuicao_PIT_por_Faixa_Etaria_SIDRA,Faixa_Etaria_sidra14 a 17 anos,Estrato agregado,Agreg_Teresina,Teresina,0.0651956669802971,0.004951696184059,[0.055 — 0.075],0.055490342459541465,0.07490099150105274,7.595130801492468,Boa (**)
Distribuicao_PIT_por_Faixa_Etaria_SIDRA,Distribuicao_PIT_por_Faixa_Etaria_SIDRA,Faixa_Etaria_sidra18 a 24 anos,Estrato agregado,Agreg_Teresina,Teresina,0.1259247763939504,0.00600052546222758,[0.114 — 0.138],0.11416374648798433,0.13768580629991645,4.765166660653966,Excelente (***)
Distribuicao_PIT_por_Faixa_Etaria_SIDRA,Distribuicao_PIT_por_Faixa_Etaria_SIDRA,Faixa_Etaria_sidra25 a 39 anos,Estrato agregado,Agreg_Teresina,Teresina,0.26494560847997844,0.0095504073415701,[0.246 — 0.284],0.24622681009050104,0.2836644068694558,3.6046671603133253,Excelente (***)
Distribuicao_PIT_por_Faixa_Etaria_SIDRA,Distribuicao_PIT_por_Faixa_Etaria_SIDRA,Faixa_Etaria_sidra40 a 59 anos,Estrato agregado,Agreg_Teresina,Teresina,0.3536590768889662,0.00875834873683781,[0.336 — 0.371],0.3364927133647641,0.3708254404131683,2.476494824869872,Excelente (***)
Distribuicao_PIT_por_Faixa_Etaria_SIDRA,Distribuicao_PIT_por_Faixa_Etaria_SIDRA,Faixa_Etaria_sidra60 anos ou mais,Estrato agregado,Agreg_Teresina,Teresina,0.1902748712568079,0.01042087296335106,[0.170 — 0.211],0.16984996024863983,0.21069978226497596,5.476746821332147,Boa (**)
Distribuicao_PIT_por_Faixa_Etaria_SIDRA,Distribuicao_PIT_por_Faixa_Etaria_SIDRA,Faixa_Etaria_sidra14 a 17 anos,Outro,Micro_2210011,Micro 2210011,0.06482007456897597,0.00704843841542053,[0.051 — 0.079],0.05100513527475173,0.07863501386320021,10.87385113684216,Boa (**)
Distribuicao_PIT_por_Faixa_Etaria_SIDRA,Distribuicao_PIT_por_Faixa_Etaria_SIDRA,Faixa_Etaria_sidra18 a 24 anos,Outro,Micro_2210011,Micro 2210011,0.14685045274968322,0.00889085914325235,[0.129 — 0.164],0.12942436882890862,0.16427653667045783,6.054362772995624,Boa (**)
Distribuicao_PIT_por_Faixa_Etaria_SIDRA,Distribuicao_PIT_por_Faixa_Etaria_SIDRA,Faixa_Etaria_sidra25 a 39 anos,Outro,Micro_2210011,Micro 2210011,0.2514766760444222,0.01219428918829038,[0.228 — 0.275],0.22757586923537304,0.27537748285347136,4.84907363183706,Excelente (***)
Distribuicao_PIT_por_Faixa_Etaria_SIDRA,Distribuicao_PIT_por_Faixa_Etaria_SIDRA,Faixa_Etaria_sidra40 a 59 anos,Outro,Micro_2210011,Micro 2210011,0.363369896969648,0.01288772958795601,[0.338 — 0.389],0.3381099469772542,0.3886298469620418,3.546724617375917,Excelente (***)
Distribuicao_PIT_por_Faixa_Etaria_SIDRA,Distribuicao_PIT_por_Faixa_Etaria_SIDRA,Faixa_Etaria_sidra60 anos ou mais,Outro,Micro_2210011,Micro 2210011,0.1734828996672707,0.01410343850614079,[0.146 — 0.201],0.14584016019523477,0.20112563913930664,8.12958426057571,Boa (**)
Distribuicao_PIT_por_Faixa_Etaria_SIDRA,Distribuicao_PIT_por_Faixa_Etaria_SIDRA,Faixa_Etaria_sidra14 a 17 anos,Outro,Micro_2210012,Micro 2210012,0.04090647820617763,0.01186105854608007,[0.018 — 0.064],0.017658803455860687,0.06415415295649457,28.995550500088846,Regular (*)
Distribuicao_PIT_por_Faixa_Etaria_SIDRA,Distribuicao_PIT_por_Faixa_Etaria_SIDRA,Faixa_Etaria_sidra18 a 24 anos,Outro,Micro_2210012,Micro 2210012,0.0901141977610287,0.01186927126786053,[0.067 — 0.113],0.06685042607602207,0.11337796944603534,13.171366513561287,Boa (**)
Distribuicao_PIT_por_Faixa_Etaria_SIDRA,Distribuicao_PIT_por_Faixa_Etaria_SIDRA,Faixa_Etaria_sidra25 a 39 anos,Outro,Micro_2210012,Micro 2210012,0.27748193454779346,0.02917045243588667,[0.220 — 0.335],0.22030784777345558,0.33465602132213135,10.512559126930245,Boa (**)
Distribuicao_PIT_por_Faixa_Etaria_SIDRA,Distribuicao_PIT_por_Faixa_Etaria_SIDRA,Faixa_Etaria_sidra40 a 59 anos,Outro,Micro_2210012,Micro 2210012,0.3419198064050349,0.03005824461267066,[0.283 — 0.401],0.2830056469642004,0.4008339658458694,8.791021768731335,Boa (**)
Distribuicao_PIT_por_Faixa_Etaria_SIDRA,Distribuicao_PIT_por_Faixa_Etaria_SIDRA,Faixa_Etaria_sidra60 anos ou mais,Outro,Micro_2210012,Micro 2210012,0.2495775830799653,0.03453586409629456,[0.182 — 0.317],0.18188728945122795,0.31726787670870266,13.837726798255428,Boa (**)
Distribuicao_PIT_por_Faixa_Etaria_SIDRA,Distribuicao_PIT_por_Faixa_Etaria_SIDRA,Faixa_Etaria_sidra14 a 17 anos,Outro,Micro_2210013,Micro 2210013,0.04284079381917749,0.00739982590252557,[0.028 — 0.057],0.028337135050227374,0.057344452588127606,17.27284964363352,Regular (*)
Distribuicao_PIT_por_Faixa_Etaria_SIDRA,Distribuicao_PIT_por_Faixa_Etaria_SIDRA,Faixa_Etaria_sidra18 a 24 anos,Outro,Micro_2210013,Micro 2210013,0.08738898060143739,0.01602010684046929,[0.056 — 0.119],0.055989571194117585,0.1187883900087572,18.33195298791,Regular (*)
Distribuicao_PIT_por_Faixa_Etaria_SIDRA,Distribuicao_PIT_por_Faixa_Etaria_SIDRA,Faixa_Etaria_sidra25 a 39 anos,Outro,Micro_2210013,Micro 2210013,0.2612480046657898,0.02626846627957911,[0.210 — 0.313],0.20976181075781475,0.31273419857376483,10.054992118766197,Boa (**)
Distribuicao_PIT_por_Faixa_Etaria_SIDRA,Distribuicao_PIT_por_Faixa_Etaria_SIDRA,Faixa_Etaria_sidra40 a 59 anos,Outro,Micro_2210013,Micro 2210013,0.34113033312075536,0.02746897273252608,[0.287 — 0.395],0.28729114656500426,0.39496951967650645,8.052339550468075,Boa (**)
Distribuicao_PIT_por_Faixa_Etaria_SIDRA,Distribuicao_PIT_por_Faixa_Etaria_SIDRA,Faixa_Etaria_sidra60 anos ou mais,Outro,Micro_2210013,Micro 2210013,0.2673918877928399,0.03073732399108917,[0.207 — 0.328],0.20714673277030513,0.32763704281537465,11.49523429630098,Boa (**)
Distribuicao_PIT_por_Faixa_Etaria_SIDRA,Distribuicao_PIT_por_Faixa_Etaria_SIDRA,Faixa_Etaria_sidra14 a 17 anos,Outro,Micro_2210020,Micro 2210020,0.09654020050960097,0.01774062879024463,[0.062 — 0.131],0.06176856808072149,0.13131183293848045,18.376415935121575,Regular (*)
Distribuicao_PIT_por_Faixa_Etaria_SIDRA,Distribuicao_PIT_por_Faixa_Etaria_SIDRA,Faixa_Etaria_sidra18 a 24 anos,Outro,Micro_2210020,Micro 2210020,0.10261526954447404,0.01863673498476168,[0.066 — 0.139],0.06608726897434115,0.13914327011460692,18.16175610851406,Regular (*)
Distribuicao_PIT_por_Faixa_Etaria_SIDRA,Distribuicao_PIT_por_Faixa_Etaria_SIDRA,Faixa_Etaria_sidra25 a 39 anos,Outro,Micro_2210020,Micro 2210020,0.26202034912691974,0.02255897308791071,[0.218 — 0.306],0.21780476187461476,0.30623593637922475,8.60962637561535,Boa (**)
Distribuicao_PIT_por_Faixa_Etaria_SIDRA,Distribuicao_PIT_por_Faixa_Etaria_SIDRA,Faixa_Etaria_sidra40 a 59 anos,Outro,Micro_2210020,Micro 2210020,0.3074716824068036,0.02347982099451875,[0.261 — 0.353],0.2614512332575469,0.35349213155606035,7.636417380203985,Boa (**)
Distribuicao_PIT_por_Faixa_Etaria_SIDRA,Distribuicao_PIT_por_Faixa_Etaria_SIDRA,Faixa_Etaria_sidra60 anos ou mais,Outro,Micro_2210020,Micro 2210020,0.2313524984122016,0.02164846916974736,[0.189 — 0.274],0.18892149883949677,0.2737834979849064,9.357352662419146,Boa (**)
Distribuicao_PIT_por_Faixa_Etaria_SIDRA,Distribuicao_PIT_por_Faixa_Etaria_SIDRA,Faixa_Etaria_sidra14 a 17 anos,Outro,Micro_2210030,Micro 2210030,0.1013776079943316,0.01087348141862273,[0.080 — 0.123],0.08006558441383105,0.12268963157483215,10.725723001109582,Boa (**)
Distribuicao_PIT_por_Faixa_Etaria_SIDRA,Distribuicao_PIT_por_Faixa_Etaria_SIDRA,Faixa_Etaria_sidra18 a 24 anos,Outro,Micro_2210030,Micro 2210030,0.13790966105102365,0.01664189231783971,[0.105 — 0.171],0.10529155210805782,0.17052776999398947,12.067241838613876,Boa (**)
Distribuicao_PIT_por_Faixa_Etaria_SIDRA,Distribuicao_PIT_por_Faixa_Etaria_SIDRA,Faixa_Etaria_sidra25 a 39 anos,Outro,Micro_2210030,Micro 2210030,0.2915707155996032,0.01983903691143666,[0.253 — 0.330],0.25268620325318736,0.330455227946019,6.804193922780789,Boa (**)
Distribuicao_PIT_por_Faixa_Etaria_SIDRA,Distribuicao_PIT_por_Faixa_Etaria_SIDRA,Faixa_Etaria_sidra40 a 59 anos,Outro,Micro_2210030,Micro 2210030,0.35904931035775617,0.01656998228128036,[0.327 — 0.392],0.32657214508644666,0.3915264756290657,4.614960063499372,Excelente (***)
Distribuicao_PIT_por_Faixa_Etaria_SIDRA,Distribuicao_PIT_por_Faixa_Etaria_SIDRA,Faixa_Etaria_sidra60 anos ou mais,Outro,Micro_2210030,Micro 2210030,0.1100927049972854,0.01436824270253892,[0.082 — 0.138],0.08193094930030913,0.1382544606942617,13.05103976043935,Boa (**)
Distribuicao_PIT_por_Faixa_Etaria_SIDRA,Distribuicao_PIT_por_Faixa_Etaria_SIDRA,Faixa_Etaria_sidra14 a 17 anos,Outro,Micro_2220010,Micro 2220010,0.0852234539276495,0.00966606733696374,[0.066 — 0.104],0.06627796194720056,0.10416894590809844,11.34202721374066,Boa (**)
Distribuicao_PIT_por_Faixa_Etaria_SIDRA,Distribuicao_PIT_por_Faixa_Etaria_SIDRA,Faixa_Etaria_sidra18 a 24 anos,Outro,Micro_2220010,Micro 2220010,0.14728356213803348,0.02200817528858266,[0.104 — 0.190],0.10414753857241146,0.1904195857036555,14.942723389563797,Boa (**)
Distribuicao_PIT_por_Faixa_Etaria_SIDRA,Distribuicao_PIT_por_Faixa_Etaria_SIDRA,Faixa_Etaria_sidra25 a 39 anos,Outro,Micro_2220010,Micro 2220010,0.28130097396486053,0.02297480660547192,[0.236 — 0.326],0.23627035301813556,0.3263315949115855,8.167339871472283,Boa (**)
Distribuicao_PIT_por_Faixa_Etaria_SIDRA,Distribuicao_PIT_por_Faixa_Etaria_SIDRA,Faixa_Etaria_sidra40 a 59 anos,Outro,Micro_2220010,Micro 2220010,0.333338574069662,0.02417467350658003,[0.286 — 0.381],0.28595621399676513,0.38072093414255886,7.252288029985975,Boa (**)
Distribuicao_PIT_por_Faixa_Etaria_SIDRA,Distribuicao_PIT_por_Faixa_Etaria_SIDRA,Faixa_Etaria_sidra60 anos ou mais,Outro,Micro_2220010,Micro 2220010,0.15285343589979444,0.02608182025448866,[0.102 — 0.204],0.10173306820099667,0.2039738035985922,17.06328686755005,Regular (*)
Distribuicao_PIT_por_Faixa_Etaria_SIDRA,Distribuicao_PIT_por_Faixa_Etaria_SIDRA,Faixa_Etaria_sidra14 a 17 anos,Outro,Micro_2220020,Micro 2220020,0.06708515315971525,0.01500277325740456,[0.038 — 0.096],0.03767971757520231,0.0964905887442282,22.36377581442827,Regular (*)
Distribuicao_PIT_por_Faixa_Etaria_SIDRA,Distribuicao_PIT_por_Faixa_Etaria_SIDRA,Faixa_Etaria_sidra18 a 24 anos,Outro,Micro_2220020,Micro 2220020,0.11369701924328617,0.01861590928678108,[0.077 — 0.150],0.07720983704119525,0.15018420144537709,16.37326062783335,Regular (*)
Distribuicao_PIT_por_Faixa_Etaria_SIDRA,Distribuicao_PIT_por_Faixa_Etaria_SIDRA,Faixa_Etaria_sidra25 a 39 anos,Outro,Micro_2220020,Micro 2220020,0.24455806957440593,0.0138503828136384,[0.217 — 0.272],0.21741131925967466,0.2717048198891372,5.663433162414814,Boa (**)
Distribuicao_PIT_por_Faixa_Etaria_SIDRA,Distribuicao_PIT_por_Faixa_Etaria_SIDRA,Faixa_Etaria_sidra40 a 59 anos,Outro,Micro_2220020,Micro 2220020,0.3358516208384083,0.02339622959309531,[0.290 — 0.382],0.2899950108359415,0.38170823084087513,6.966239893286737,Boa (**)
Distribuicao_PIT_por_Faixa_Etaria_SIDRA,Distribuicao_PIT_por_Faixa_Etaria_SIDRA,Faixa_Etaria_sidra60 anos ou mais,Outro,Micro_2220020,Micro 2220020,0.2388081371841843,0.02635642383306107,[0.187 — 0.290],0.18714954647138463,0.290466727896984,11.03665232844779,Boa (**)
Distribuicao_PIT_por_Faixa_Etaria_SIDRA,Distribuicao_PIT_por_Faixa_Etaria_SIDRA,Faixa_Etaria_sidra14 a 17 anos,Outro,Micro_2251011,Micro 2251011,0.0823158176498028,0.01957781209899253,[0.044 — 0.121],0.04394330593577744,0.12068832936382815,23.783778935760147,Regular (*)
Distribuicao_PIT_por_Faixa_Etaria_SIDRA,Distribuicao_PIT_por_Faixa_Etaria_SIDRA,Faixa_Etaria_sidra18 a 24 anos,Outro,Micro_2251011,Micro 2251011,0.10243313586343968,0.01861090803649219,[0.066 — 0.139],0.06595575611191498,0.13891051561496437,18.168835581977703,Regular (*)
Distribuicao_PIT_por_Faixa_Etaria_SIDRA,Distribuicao_PIT_por_Faixa_Etaria_SIDRA,Faixa_Etaria_sidra25 a 39 anos,Outro,Micro_2251011,Micro 2251011,0.257789586923062,0.05017941532991785,[0.159 — 0.356],0.159437932876423,0.35614124096970096,19.465260769006175,Regular (*)
Distribuicao_PIT_por_Faixa_Etaria_SIDRA,Distribuicao_PIT_por_Faixa_Etaria_SIDRA,Faixa_Etaria_sidra40 a 59 anos,Outro,Micro_2251011,Micro 2251011,0.307357267403616,0.01541188134427563,[0.277 — 0.338],0.2771499799688358,0.33756455483839626,5.0143214359194,Boa (**)
Distribuicao_PIT_por_Faixa_Etaria_SIDRA,Distribuicao_PIT_por_Faixa_Etaria_SIDRA,Faixa_Etaria_sidra60 anos ou mais,Outro,Micro_2251011,Micro 2251011,0.2501041921600794,0.02134918762283674,[0.208 — 0.292],0.2082597844193194,0.29194859990083943,8.536117463066024,Boa (**)
Distribuicao_PIT_por_Faixa_Etaria_SIDRA,Distribuicao_PIT_por_Faixa_Etaria_SIDRA,Faixa_Etaria_sidra14 a 17 anos,Outro,Micro_2251012,Micro 2251012,0.0633894750627529,0.01440956293102706,[0.035 — 0.092],0.03514673171793986,0.09163221840756594,22.73179091128646,Regular (*)
Distribuicao_PIT_por_Faixa_Etaria_SIDRA,Distribuicao_PIT_por_Faixa_Etaria_SIDRA,Faixa_Etaria_sidra18 a 24 anos,Outro,Micro_2251012,Micro 2251012,0.15236667685712785,0.02173566360890003,[0.110 — 0.195],0.1097647761836838,0.1949685775305719,14.265365667377036,Boa (**)
Distribuicao_PIT_por_Faixa_Etaria_SIDRA,Distribuicao_PIT_por_Faixa_Etaria_SIDRA,Faixa_Etaria_sidra25 a 39 anos,Outro,Micro_2251012,Micro 2251012,0.25659219097926694,0.02471408051423554,[0.208 — 0.305],0.20815259317136528,0.3050317887871686,9.63165730800922,Boa (**)
Distribuicao_PIT_por_Faixa_Etaria_SIDRA,Distribuicao_PIT_por_Faixa_Etaria_SIDRA,Faixa_Etaria_sidra40 a 59 anos,Outro,Micro_2251012,Micro 2251012,0.32823466067875773,0.0286817957036127,[0.272 — 0.384],0.2720183410996768,0.38445098025783864,8.738198350016267,Boa (**)
Distribuicao_PIT_por_Faixa_Etaria_SIDRA,Distribuicao_PIT_por_Faixa_Etaria_SIDRA,Faixa_Etaria_sidra60 anos ou mais,Outro,Micro_2251012,Micro 2251012,0.19941699642209448,0.02451787850171349,[0.151 — 0.247],0.15136195455873605,0.24747203828545292,12.294778750863296,Boa (**)
Distribuicao_PIT_por_Faixa_Etaria_SIDRA,Distribuicao_PIT_por_Faixa_Etaria_SIDRA,Faixa_Etaria_sidra14 a 17 anos,Outro,Micro_2251013,Micro 2251013,0.07327684989019903,0.01200545966980244,[0.050 — 0.097],0.04974614893738625,0.09680755084301182,16.38370056544721,Regular (*)
Distribuicao_PIT_por_Faixa_Etaria_SIDRA,Distribuicao_PIT_por_Faixa_Etaria_SIDRA,Faixa_Etaria_sidra18 a 24 anos,Outro,Micro_2251013,Micro 2251013,0.13866618096346658,0.02366519875408839,[0.092 — 0.185],0.09228239140545333,0.18504997052147984,17.066308879108234,Regular (*)
Distribuicao_PIT_por_Faixa_Etaria_SIDRA,Distribuicao_PIT_por_Faixa_Etaria_SIDRA,Faixa_Etaria_sidra25 a 39 anos,Outro,Micro_2251013,Micro 2251013,0.30564280271420313,0.03012462111970383,[0.247 — 0.365],0.24659854531958364,0.3646870601088226,9.856152623974072,Boa (**)
Distribuicao_PIT_por_Faixa_Etaria_SIDRA,Distribuicao_PIT_por_Faixa_Etaria_SIDRA,Faixa_Etaria_sidra40 a 59 anos,Outro,Micro_2251013,Micro 2251013,0.30285227095206857,0.01450594294751037,[0.274 — 0.331],0.2744206227749483,0.33128391912918886,4.789775193664035,Excelente (***)
Distribuicao_PIT_por_Faixa_Etaria_SIDRA,Distribuicao_PIT_por_Faixa_Etaria_SIDRA,Faixa_Etaria_sidra60 anos ou mais,Outro,Micro_2251013,Micro 2251013,0.17956189548006266,0.02292368309869221,[0.135 — 0.224],0.13463147660662592,0.2244923143534994,12.766451945389218,Boa (**)
Distribuicao_PIT_por_Faixa_Etaria_SIDRA,Distribuicao_PIT_por_Faixa_Etaria_SIDRA,Faixa_Etaria_sidra14 a 17 anos,Outro,Micro_2251020,Micro 2251020,0.07940631632384083,0.01175072861488397,[0.056 — 0.102],0.05637488823866825,0.10243774440901342,14.798229106814706,Boa (**)
Distribuicao_PIT_por_Faixa_Etaria_SIDRA,Distribuicao_PIT_por_Faixa_Etaria_SIDRA,Faixa_Etaria_sidra18 a 24 anos,Outro,Micro_2251020,Micro 2251020,0.1144887587475892,0.01134903246129259,[0.092 — 0.137],0.09224465512345573,0.13673286237172266,9.91279195044253,Boa (**)
Distribuicao_PIT_por_Faixa_Etaria_SIDRA,Distribuicao_PIT_por_Faixa_Etaria_SIDRA,Faixa_Etaria_sidra25 a 39 anos,Outro,Micro_2251020,Micro 2251020,0.25665250016095414,0.0147839198631333,[0.228 — 0.286],0.22767601722921288,0.2856289830926954,5.760286712134844,Boa (**)
Distribuicao_PIT_por_Faixa_Etaria_SIDRA,Distribuicao_PIT_por_Faixa_Etaria_SIDRA,Faixa_Etaria_sidra40 a 59 anos,Outro,Micro_2251020,Micro 2251020,0.3513099058470878,0.01661426397666454,[0.319 — 0.384],0.31874594845282533,0.3838738632413503,4.729232993474461,Excelente (***)
Distribuicao_PIT_por_Faixa_Etaria_SIDRA,Distribuicao_PIT_por_Faixa_Etaria_SIDRA,Faixa_Etaria_sidra60 anos ou mais,Outro,Micro_2251020,Micro 2251020,0.19814251892052795,0.0192731360227641,[0.160 — 0.236],0.1603671723159103,0.2359178655251456,9.726905728141203,Boa (**)
Distribuicao_PIT_por_Faixa_Etaria_SIDRA,Distribuicao_PIT_por_Faixa_Etaria_SIDRA,Faixa_Etaria_sidra14 a 17 anos,Outro,Micro_2251021,Micro 2251021,0.13097139461871446,0.01414446568451576,[0.103 — 0.159],0.10324824187706357,0.15869454736036534,10.799660281310514,Boa (**)
Distribuicao_PIT_por_Faixa_Etaria_SIDRA,Distribuicao_PIT_por_Faixa_Etaria_SIDRA,Faixa_Etaria_sidra18 a 24 anos,Outro,Micro_2251021,Micro 2251021,0.19052225782820884,0.01690740496692215,[0.157 — 0.224],0.15738374409304143,0.22366077156337624,8.87424134043557,Boa (**)
Distribuicao_PIT_por_Faixa_Etaria_SIDRA,Distribuicao_PIT_por_Faixa_Etaria_SIDRA,Faixa_Etaria_sidra25 a 39 anos,Outro,Micro_2251021,Micro 2251021,0.17984119272696128,0.01800526283569466,[0.145 — 0.215],0.14455087756899976,0.2151315078849228,10.011756796470223,Boa (**)
Distribuicao_PIT_por_Faixa_Etaria_SIDRA,Distribuicao_PIT_por_Faixa_Etaria_SIDRA,Faixa_Etaria_sidra40 a 59 anos,Outro,Micro_2251021,Micro 2251021,0.2745030578708821,0.02928101787154216,[0.217 — 0.332],0.21711226284265944,0.3318938528991047,10.666918648795185,Boa (**)
Distribuicao_PIT_por_Faixa_Etaria_SIDRA,Distribuicao_PIT_por_Faixa_Etaria_SIDRA,Faixa_Etaria_sidra60 anos ou mais,Outro,Micro_2251021,Micro 2251021,0.2241620969552334,0.01913826707088616,[0.187 — 0.262],0.18665109349629652,0.26167310041417025,8.537690952591417,Boa (**)
Distribuicao_PIT_por_Faixa_Etaria_SIDRA,Distribuicao_PIT_por_Faixa_Etaria_SIDRA,Faixa_Etaria_sidra14 a 17 anos,Outro,Micro_2251022,Micro 2251022,0.04114053695371653,0.00962058859333521,[0.022 — 0.060],0.022284183310779516,0.05999689059665354,23.384693797648918,Regular (*)
Distribuicao_PIT_por_Faixa_Etaria_SIDRA,Distribuicao_PIT_por_Faixa_Etaria_SIDRA,Faixa_Etaria_sidra18 a 24 anos,Outro,Micro_2251022,Micro 2251022,0.1666614303073979,0.04534132409510786,[0.078 — 0.256],0.0777924350809865,0.25553042553380934,27.205649208385086,Regular (*)
Distribuicao_PIT_por_Faixa_Etaria_SIDRA,Distribuicao_PIT_por_Faixa_Etaria_SIDRA,Faixa_Etaria_sidra25 a 39 anos,Outro,Micro_2251022,Micro 2251022,0.1675707683256809,0.03542083342127774,[0.098 — 0.237],0.09814593481997654,0.2369956018313853,21.13783553969022,Regular (*)
Distribuicao_PIT_por_Faixa_Etaria_SIDRA,Distribuicao_PIT_por_Faixa_Etaria_SIDRA,Faixa_Etaria_sidra40 a 59 anos,Outro,Micro_2251022,Micro 2251022,0.3879271642498291,0.06244815504716096,[0.266 — 0.510],0.2655287803573936,0.5103255481422646,16.0979072367677,Regular (*)
Distribuicao_PIT_por_Faixa_Etaria_SIDRA,Distribuicao_PIT_por_Faixa_Etaria_SIDRA,Faixa_Etaria_sidra60 anos ou mais,Outro,Micro_2251022,Micro 2251022,0.2367001001633756,0.01810768373486516,[0.201 — 0.272],0.20120904004303986,0.2721911602837113,7.650053262489894,Boa (**)
Distribuicao_PIT_por_Faixa_Etaria_SIDRA,Distribuicao_PIT_por_Faixa_Etaria_SIDRA,Faixa_Etaria_sidra14 a 17 anos,Outro,Micro_2252011,Micro 2252011,0.07036293223893719,0.01498118141876949,[0.041 — 0.100],0.040999816658148995,0.09972604781972538,21.29129776442042,Regular (*)
Distribuicao_PIT_por_Faixa_Etaria_SIDRA,Distribuicao_PIT_por_Faixa_Etaria_SIDRA,Faixa_Etaria_sidra18 a 24 anos,Outro,Micro_2252011,Micro 2252011,0.1683629043001152,0.02250821556111106,[0.124 — 0.212],0.12424680180033751,0.21247900679989287,13.36886866776131,Boa (**)
Distribuicao_PIT_por_Faixa_Etaria_SIDRA,Distribuicao_PIT_por_Faixa_Etaria_SIDRA,Faixa_Etaria_sidra25 a 39 anos,Outro,Micro_2252011,Micro 2252011,0.26837757218048053,0.02137213046503912,[0.226 — 0.310],0.22648819646900387,0.3102669478919572,7.963456220055018,Boa (**)
Distribuicao_PIT_por_Faixa_Etaria_SIDRA,Distribuicao_PIT_por_Faixa_Etaria_SIDRA,Faixa_Etaria_sidra40 a 59 anos,Outro,Micro_2252011,Micro 2252011,0.3034864139490799,0.02223629712636592,[0.260 — 0.347],0.2599032715814027,0.34706955631675707,7.326949775780347,Boa (**)
Distribuicao_PIT_por_Faixa_Etaria_SIDRA,Distribuicao_PIT_por_Faixa_Etaria_SIDRA,Faixa_Etaria_sidra60 anos ou mais,Outro,Micro_2252011,Micro 2252011,0.18941017733138713,0.02682977689346294,[0.137 — 0.242],0.13682381462019977,0.24199654004257448,14.164907752830121,Boa (**)
Distribuicao_PIT_por_Faixa_Etaria_SIDRA,Distribuicao_PIT_por_Faixa_Etaria_SIDRA,Faixa_Etaria_sidra14 a 17 anos,Outro,Micro_2252012,Micro 2252012,0.04684822245400482,0.01013415559400126,[0.027 — 0.067],0.02698527748976235,0.06671116741824729,21.631889243932118,Regular (*)
Distribuicao_PIT_por_Faixa_Etaria_SIDRA,Distribuicao_PIT_por_Faixa_Etaria_SIDRA,Faixa_Etaria_sidra18 a 24 anos,Outro,Micro_2252012,Micro 2252012,0.1168171323135038,0.01405062417916789,[0.089 — 0.144],0.08927790892233473,0.14435635570467287,12.02787973039779,Boa (**)
Distribuicao_PIT_por_Faixa_Etaria_SIDRA,Distribuicao_PIT_por_Faixa_Etaria_SIDRA,Faixa_Etaria_sidra25 a 39 anos,Outro,Micro_2252012,Micro 2252012,0.2958248575871815,0.03530608295787694,[0.227 — 0.365],0.22662493498974273,0.3650247801846203,11.934792514003664,Boa (**)
Distribuicao_PIT_por_Faixa_Etaria_SIDRA,Distribuicao_PIT_por_Faixa_Etaria_SIDRA,Faixa_Etaria_sidra40 a 59 anos,Outro,Micro_2252012,Micro 2252012,0.35912187570072035,0.02519895166564491,[0.310 — 0.409],0.30973193043605635,0.40851182096538435,7.016824473996911,Boa (**)
Distribuicao_PIT_por_Faixa_Etaria_SIDRA,Distribuicao_PIT_por_Faixa_Etaria_SIDRA,Faixa_Etaria_sidra60 anos ou mais,Outro,Micro_2252012,Micro 2252012,0.18138791194458947,0.03181990240214729,[0.119 — 0.244],0.11902090323638079,0.24375492065279816,17.542460278095966,Regular (*)
Distribuicao_PIT_por_Faixa_Etaria_SIDRA,Distribuicao_PIT_por_Faixa_Etaria_SIDRA,Faixa_Etaria_sidra14 a 17 anos,Outro,Micro_2252013,Micro 2252013,0.09521829474429196,0.01530307421445757,[0.065 — 0.125],0.06522426928395512,0.1252123202046288,16.071569287765406,Regular (*)
Distribuicao_PIT_por_Faixa_Etaria_SIDRA,Distribuicao_PIT_por_Faixa_Etaria_SIDRA,Faixa_Etaria_sidra18 a 24 anos,Outro,Micro_2252013,Micro 2252013,0.13392830186080978,0.02299150886255186,[0.089 — 0.179],0.08886494449020814,0.17899165923141142,17.167027837362326,Regular (*)
Distribuicao_PIT_por_Faixa_Etaria_SIDRA,Distribuicao_PIT_por_Faixa_Etaria_SIDRA,Faixa_Etaria_sidra25 a 39 anos,Outro,Micro_2252013,Micro 2252013,0.2824700703776959,0.04604924925306797,[0.192 — 0.373],0.19221354184168266,0.37272659891370913,16.302346365933452,Regular (*)
Distribuicao_PIT_por_Faixa_Etaria_SIDRA,Distribuicao_PIT_por_Faixa_Etaria_SIDRA,Faixa_Etaria_sidra40 a 59 anos,Outro,Micro_2252013,Micro 2252013,0.32051483872858,0.02990453560126412,[0.262 — 0.379],0.2619019489501023,0.37912772850705767,9.330156357156378,Boa (**)
Distribuicao_PIT_por_Faixa_Etaria_SIDRA,Distribuicao_PIT_por_Faixa_Etaria_SIDRA,Faixa_Etaria_sidra60 anos ou mais,Outro,Micro_2252013,Micro 2252013,0.16786849428862238,0.03163707490263692,[0.106 — 0.230],0.10585982747945402,0.22987716109779074,18.84634459652813,Regular (*)
Distribuicao_PIT_por_Faixa_Etaria_SIDRA,Distribuicao_PIT_por_Faixa_Etaria_SIDRA,Faixa_Etaria_sidra14 a 17 anos,Outro,Micro_2252020,Micro 2252020,0.08438407731133375,0.01239756290255252,[0.060 — 0.109],0.06008485402233081,0.1086833006003367,14.691827294398092,Boa (**)
Distribuicao_PIT_por_Faixa_Etaria_SIDRA,Distribuicao_PIT_por_Faixa_Etaria_SIDRA,Faixa_Etaria_sidra18 a 24 anos,Outro,Micro_2252020,Micro 2252020,0.10895352144336463,0.01462838828607674,[0.080 — 0.138],0.08028188040265423,0.13762516248407505,13.426264789138322,Boa (**)
Distribuicao_PIT_por_Faixa_Etaria_SIDRA,Distribuicao_PIT_por_Faixa_Etaria_SIDRA,Faixa_Etaria_sidra25 a 39 anos,Outro,Micro_2252020,Micro 2252020,0.2669004931635848,0.02599776821023023,[0.216 — 0.318],0.21594486747153352,0.317856118855636,9.74062202061802,Boa (**)
Distribuicao_PIT_por_Faixa_Etaria_SIDRA,Distribuicao_PIT_por_Faixa_Etaria_SIDRA,Faixa_Etaria_sidra40 a 59 anos,Outro,Micro_2252020,Micro 2252020,0.3151143912631807,0.01941720124845137,[0.277 — 0.353],0.27705667681621604,0.35317210571014535,6.1619531785313795,Boa (**)
Distribuicao_PIT_por_Faixa_Etaria_SIDRA,Distribuicao_PIT_por_Faixa_Etaria_SIDRA,Faixa_Etaria_sidra60 anos ou mais,Outro,Micro_2252020,Micro 2252020,0.2246475168185361,0.01932944956545161,[0.187 — 0.263],0.18676179567025092,0.26253323796682126,8.60434597239078,Boa (**)
Distribuicao_PIT_por_Faixa_Etaria_SIDRA,Distribuicao_PIT_por_Faixa_Etaria_SIDRA,Faixa_Etaria_sidra14 a 17 anos,Outro,Micro_2252021,Micro 2252021,0.07617423314373106,0.01297747324564576,[0.051 — 0.102],0.05073838558226537,0.10161008070519675,17.036565660147733,Regular (*)
Distribuicao_PIT_por_Faixa_Etaria_SIDRA,Distribuicao_PIT_por_Faixa_Etaria_SIDRA,Faixa_Etaria_sidra18 a 24 anos,Outro,Micro_2252021,Micro 2252021,0.06093698237850099,0.03026846197056437,[0.002 — 0.120],0.001610796916194826,0.12026316784080715,49.67174413487745,Baixa
Distribuicao_PIT_por_Faixa_Etaria_SIDRA,Distribuicao_PIT_por_Faixa_Etaria_SIDRA,Faixa_Etaria_sidra25 a 39 anos,Outro,Micro_2252021,Micro 2252021,0.29639250074263446,0.06234512552229539,[0.174 — 0.419],0.1741960547189355,0.4185889467663334,21.03465012309179,Regular (*)
Distribuicao_PIT_por_Faixa_Etaria_SIDRA,Distribuicao_PIT_por_Faixa_Etaria_SIDRA,Faixa_Etaria_sidra40 a 59 anos,Outro,Micro_2252021,Micro 2252021,0.33975023541909916,0.04038076687800841,[0.261 — 0.419],0.26060393233820267,0.41889653849999564,11.885427195715312,Boa (**)
Distribuicao_PIT_por_Faixa_Etaria_SIDRA,Distribuicao_PIT_por_Faixa_Etaria_SIDRA,Faixa_Etaria_sidra60 anos ou mais,Outro,Micro_2252021,Micro 2252021,0.2267460483160344,0.05197738290357581,[0.125 — 0.329],0.12487037782502582,0.328621718807043,22.923170343912986,Regular (*)
Distribuicao_PIT_por_Faixa_Etaria_SIDRA,Distribuicao_PIT_por_Faixa_Etaria_SIDRA,Faixa_Etaria_sidra14 a 17 anos,Outro,Micro_2252022,Micro 2252022,0.10259305471938354,0.03637335957024738,[0.031 — 0.174],0.031301269961698686,0.1738848394770684,35.45401749634728,Baixa
Distribuicao_PIT_por_Faixa_Etaria_SIDRA,Distribuicao_PIT_por_Faixa_Etaria_SIDRA,Faixa_Etaria_sidra18 a 24 anos,Outro,Micro_2252022,Micro 2252022,0.18261167889110497,0.02071820050229459,[0.142 — 0.223],0.14200400590660756,0.22321935187560238,11.345495878524435,Boa (**)
Distribuicao_PIT_por_Faixa_Etaria_SIDRA,Distribuicao_PIT_por_Faixa_Etaria_SIDRA,Faixa_Etaria_sidra25 a 39 anos,Outro,Micro_2252022,Micro 2252022,0.15529032326090134,0.04177623721092163,[0.073 — 0.237],0.07340889832749495,0.23717174819430772,26.90202218249871,Regular (*)
Distribuicao_PIT_por_Faixa_Etaria_SIDRA,Distribuicao_PIT_por_Faixa_Etaria_SIDRA,Faixa_Etaria_sidra40 a 59 anos,Outro,Micro_2252022,Micro 2252022,0.32942263966140356,0.05241794100262048,[0.227 — 0.432],0.22668347529626742,0.4321618040265397,15.912063923869399,Regular (*)
Distribuicao_PIT_por_Faixa_Etaria_SIDRA,Distribuicao_PIT_por_Faixa_Etaria_SIDRA,Faixa_Etaria_sidra60 anos ou mais,Outro,Micro_2252022,Micro 2252022,0.23008230346720665,0.06553975561258628,[0.102 — 0.359],0.10162438246653754,0.35854022446787576,28.48535268681695,Regular (*)
Distribuicao_PIT_por_Faixa_Etaria_SIDRA,Distribuicao_PIT_por_Faixa_Etaria_SIDRA,Faixa_Etaria_sidra14 a 17 anos,Outro,Micro_2253010,Micro 2253010,0.08118723630403778,0.02451564213277953,[0.033 — 0.129],0.033136577723789896,0.12923789488428566,30.196424030214548,Baixa
Distribuicao_PIT_por_Faixa_Etaria_SIDRA,Distribuicao_PIT_por_Faixa_Etaria_SIDRA,Faixa_Etaria_sidra18 a 24 anos,Outro,Micro_2253010,Micro 2253010,0.161344620644406,0.04067569554376077,[0.082 — 0.241],0.08162025737863489,0.24106898391017711,25.210444191633506,Regular (*)
Distribuicao_PIT_por_Faixa_Etaria_SIDRA,Distribuicao_PIT_por_Faixa_Etaria_SIDRA,Faixa_Etaria_sidra25 a 39 anos,Outro,Micro_2253010,Micro 2253010,0.24387752313815608,0.05902730591882121,[0.128 — 0.360],0.1281840035372665,0.35957104273904567,24.20366795564935,Regular (*)
Distribuicao_PIT_por_Faixa_Etaria_SIDRA,Distribuicao_PIT_por_Faixa_Etaria_SIDRA,Faixa_Etaria_sidra40 a 59 anos,Outro,Micro_2253010,Micro 2253010,0.37263658850019793,0.02170179465850442,[0.330 — 0.415],0.3301010709695293,0.41517210603086657,5.823849650902677,Boa (**)
Distribuicao_PIT_por_Faixa_Etaria_SIDRA,Distribuicao_PIT_por_Faixa_Etaria_SIDRA,Faixa_Etaria_sidra60 anos ou mais,Outro,Micro_2253010,Micro 2253010,0.14095403141320229,0.03949235354860105,[0.064 — 0.218],0.06354901845794424,0.21835904436846032,28.017895730013187,Regular (*)
Distribuicao_PIT_por_Faixa_Etaria_SIDRA,Distribuicao_PIT_por_Faixa_Etaria_SIDRA,Faixa_Etaria_sidra14 a 17 anos,Outro,Micro_2253011,Micro 2253011,0.05325663247259014,0.01230976349470926,[0.029 — 0.077],0.029129496022959993,0.07738376892222029,23.11404781563083,Regular (*)
Distribuicao_PIT_por_Faixa_Etaria_SIDRA,Distribuicao_PIT_por_Faixa_Etaria_SIDRA,Faixa_Etaria_sidra18 a 24 anos,Outro,Micro_2253011,Micro 2253011,0.13627801286371538,0.02642419484032616,[0.084 — 0.188],0.0844865909766761,0.18806943475075466,19.389917922234186,Regular (*)
Distribuicao_PIT_por_Faixa_Etaria_SIDRA,Distribuicao_PIT_por_Faixa_Etaria_SIDRA,Faixa_Etaria_sidra25 a 39 anos,Outro,Micro_2253011,Micro 2253011,0.2991449741756802,0.03258363359424696,[0.235 — 0.363],0.23528105233095617,0.3630088960204042,10.892255062627736,Boa (**)
Distribuicao_PIT_por_Faixa_Etaria_SIDRA,Distribuicao_PIT_por_Faixa_Etaria_SIDRA,Faixa_Etaria_sidra40 a 59 anos,Outro,Micro_2253011,Micro 2253011,0.3212370874635803,0.02088404692438455,[0.280 — 0.362],0.2803043554917866,0.362169819435374,6.501131948767355,Boa (**)
Distribuicao_PIT_por_Faixa_Etaria_SIDRA,Distribuicao_PIT_por_Faixa_Etaria_SIDRA,Faixa_Etaria_sidra60 anos ou mais,Outro,Micro_2253011,Micro 2253011,0.1900832930244339,0.03372010511287342,[0.124 — 0.256],0.12399188700320202,0.2561746990456658,17.739646960208614,Regular (*)
Distribuicao_PIT_por_Faixa_Etaria_SIDRA,Distribuicao_PIT_por_Faixa_Etaria_SIDRA,Faixa_Etaria_sidra14 a 17 anos,Outro,Micro_2253012,Micro 2253012,0.0557985924628137,0.01069826833217765,[0.035 — 0.077],0.0348299865317455,0.0767671983938819,19.173007525785497,Regular (*)
Distribuicao_PIT_por_Faixa_Etaria_SIDRA,Distribuicao_PIT_por_Faixa_Etaria_SIDRA,Faixa_Etaria_sidra18 a 24 anos,Outro,Micro_2253012,Micro 2253012,0.10955341166349158,0.02797813050828876,[0.055 — 0.164],0.05471627586724562,0.16439054745973755,25.538347079712537,Regular (*)
Distribuicao_PIT_por_Faixa_Etaria_SIDRA,Distribuicao_PIT_por_Faixa_Etaria_SIDRA,Faixa_Etaria_sidra25 a 39 anos,Outro,Micro_2253012,Micro 2253012,0.2340444284292126,0.02907545796752421,[0.177 — 0.291],0.17705653081286515,0.29103232604556006,12.423050684292688,Boa (**)
Distribuicao_PIT_por_Faixa_Etaria_SIDRA,Distribuicao_PIT_por_Faixa_Etaria_SIDRA,Faixa_Etaria_sidra40 a 59 anos,Outro,Micro_2253012,Micro 2253012,0.33899494748286035,0.02436616770278599,[0.291 — 0.387],0.2912372587853998,0.3867526361803209,7.18776721709634,Boa (**)
Distribuicao_PIT_por_Faixa_Etaria_SIDRA,Distribuicao_PIT_por_Faixa_Etaria_SIDRA,Faixa_Etaria_sidra60 anos ou mais,Outro,Micro_2253012,Micro 2253012,0.2616086199616217,0.02435993750016518,[0.214 — 0.309],0.21386314246129795,0.3093540974619455,9.311595888445423,Boa (**)
Distribuicao_PIT_por_Faixa_Etaria_SIDRA,Distribuicao_PIT_por_Faixa_Etaria_SIDRA,Faixa_Etaria_sidra14 a 17 anos,Outro,Micro_2253020,Micro 2253020,0.0529343745009247,0.01767818722237599,[0.018 — 0.088],0.018285127545067753,0.08758362145678164,33.39642224745128,Baixa
Distribuicao_PIT_por_Faixa_Etaria_SIDRA,Distribuicao_PIT_por_Faixa_Etaria_SIDRA,Faixa_Etaria_sidra18 a 24 anos,Outro,Micro_2253020,Micro 2253020,0.10593174654810218,0.01364213345114902,[0.079 — 0.133],0.0791931649838501,0.13267032811235427,12.878229516355901,Boa (**)
Distribuicao_PIT_por_Faixa_Etaria_SIDRA,Distribuicao_PIT_por_Faixa_Etaria_SIDRA,Faixa_Etaria_sidra25 a 39 anos,Outro,Micro_2253020,Micro 2253020,0.23969526600616617,0.0237024467894679,[0.193 — 0.286],0.19323847029880908,0.28615206171352325,9.888575266587932,Boa (**)
Distribuicao_PIT_por_Faixa_Etaria_SIDRA,Distribuicao_PIT_por_Faixa_Etaria_SIDRA,Faixa_Etaria_sidra40 a 59 anos,Outro,Micro_2253020,Micro 2253020,0.33818480647265814,0.01830007568861551,[0.302 — 0.374],0.30231665812297176,0.3740529548223445,5.4112648878254825,Boa (**)
Distribuicao_PIT_por_Faixa_Etaria_SIDRA,Distribuicao_PIT_por_Faixa_Etaria_SIDRA,Faixa_Etaria_sidra60 anos ou mais,Outro,Micro_2253020,Micro 2253020,0.26325380647214885,0.02329413141868021,[0.218 — 0.309],0.21759730889153564,0.3089103040527621,8.848544957751498,Boa (**)
Distribuicao_PIT_por_Faixa_Etaria_SIDRA,Distribuicao_PIT_por_Faixa_Etaria_SIDRA,Faixa_Etaria_sidra14 a 17 anos,Outro,Micro_2253021,Micro 2253021,0.11758492432018412,0.04086815547508263,[0.037 — 0.198],0.03748333958902217,0.19768650905134608,34.75628845395053,Baixa
Distribuicao_PIT_por_Faixa_Etaria_SIDRA,Distribuicao_PIT_por_Faixa_Etaria_SIDRA,Faixa_Etaria_sidra18 a 24 anos,Outro,Micro_2253021,Micro 2253021,0.04599343937322973,0.03498629992888309,[-0.023 — 0.115],-0.02257970848738112,0.11456658723384058,76.06802275640796,Baixa
Distribuicao_PIT_por_Faixa_Etaria_SIDRA,Distribuicao_PIT_por_Faixa_Etaria_SIDRA,Faixa_Etaria_sidra25 a 39 anos,Outro,Micro_2253021,Micro 2253021,0.300371396001809,0.05793380503239017,[0.187 — 0.414],0.1868211381383243,0.4139216538652937,19.287390811354506,Regular (*)
Distribuicao_PIT_por_Faixa_Etaria_SIDRA,Distribuicao_PIT_por_Faixa_Etaria_SIDRA,Faixa_Etaria_sidra40 a 59 anos,Outro,Micro_2253021,Micro 2253021,0.3219878158945142,0.05669225546955883,[0.211 — 0.433],0.2108709951741789,0.4331046366148495,17.60695674526134,Regular (*)
Distribuicao_PIT_por_Faixa_Etaria_SIDRA,Distribuicao_PIT_por_Faixa_Etaria_SIDRA,Faixa_Etaria_sidra60 anos ou mais,Outro,Micro_2253021,Micro 2253021,0.214062424410263,0.05637019304961346,[0.104 — 0.325],0.10357684603302061,0.3245480027875054,26.3335301395899,Regular (*)
Distribuicao_PIT_por_Faixa_Etaria_SIDRA,Distribuicao_PIT_por_Faixa_Etaria_SIDRA,Faixa_Etaria_sidra14 a 17 anos,Outro,Micro_2253022,Micro 2253022,0.04140952517726914,0.00137150739153506,[0.039 — 0.044],0.038721370689860424,0.044097679664677855,3.3120577588460716,Excelente (***)
Distribuicao_PIT_por_Faixa_Etaria_SIDRA,Distribuicao_PIT_por_Faixa_Etaria_SIDRA,Faixa_Etaria_sidra18 a 24 anos,Outro,Micro_2253022,Micro 2253022,0.1584196347536058,0.07538201240974486,[0.011 — 0.306],0.01067089043050587,0.3061683790767057,47.583755970015005,Baixa
Distribuicao_PIT_por_Faixa_Etaria_SIDRA,Distribuicao_PIT_por_Faixa_Etaria_SIDRA,Faixa_Etaria_sidra25 a 39 anos,Outro,Micro_2253022,Micro 2253022,0.2264440704027605,0.07263132254434224,[0.084 — 0.369],0.0840866782158497,0.3688014625896713,32.07472927648664,Baixa
Distribuicao_PIT_por_Faixa_Etaria_SIDRA,Distribuicao_PIT_por_Faixa_Etaria_SIDRA,Faixa_Etaria_sidra40 a 59 anos,Outro,Micro_2253022,Micro 2253022,0.3659877482993848,0.02398780535015927,[0.319 — 0.413],0.31897164981307263,0.41300384678569696,6.554264578970768,Boa (**)
Distribuicao_PIT_por_Faixa_Etaria_SIDRA,Distribuicao_PIT_por_Faixa_Etaria_SIDRA,Faixa_Etaria_sidra60 anos ou mais,Outro,Micro_2253022,Micro 2253022,0.2077390213669799,0.04312372428763966,[0.123 — 0.292],0.12321652176320616,0.29226152097075364,20.758605679315178,Regular (*)
Distribuicao_PIT_por_Faixa_Etaria_SIDRA,Distribuicao_PIT_por_Faixa_Etaria_SIDRA,Faixa_Etaria_sidra14 a 17 anos,Outro,Micro_2254020,Micro 2254020,0.05810736948736525,0.01870322324121442,[0.021 — 0.095],0.021449051934584983,0.09476568704014551,32.18735146026738,Baixa
Distribuicao_PIT_por_Faixa_Etaria_SIDRA,Distribuicao_PIT_por_Faixa_Etaria_SIDRA,Faixa_Etaria_sidra18 a 24 anos,Outro,Micro_2254020,Micro 2254020,0.1346520359803045,0.02632270244424554,[0.083 — 0.186],0.08305953918958325,0.18624453277102576,19.548685062657164,Regular (*)
Distribuicao_PIT_por_Faixa_Etaria_SIDRA,Distribuicao_PIT_por_Faixa_Etaria_SIDRA,Faixa_Etaria_sidra25 a 39 anos,Outro,Micro_2254020,Micro 2254020,0.2817988115363425,0.03718458745285959,[0.209 — 0.355],0.2089170201287377,0.3546806029439473,13.195437997105971,Boa (**)
Distribuicao_PIT_por_Faixa_Etaria_SIDRA,Distribuicao_PIT_por_Faixa_Etaria_SIDRA,Faixa_Etaria_sidra40 a 59 anos,Outro,Micro_2254020,Micro 2254020,0.3399275592823885,0.0233604419939029,[0.294 — 0.386],0.2941410929743388,0.38571402559043816,6.872182427108433,Boa (**)
Distribuicao_PIT_por_Faixa_Etaria_SIDRA,Distribuicao_PIT_por_Faixa_Etaria_SIDRA,Faixa_Etaria_sidra60 anos ou mais,Outro,Micro_2254020,Micro 2254020,0.1855142237135993,0.02832044317180273,[0.130 — 0.241],0.13000615509686594,0.24102229233033265,15.265914712569112,Regular (*)
Distribuicao_PIT_por_Faixa_Etaria_SIDRA,Distribuicao_PIT_por_Faixa_Etaria_SIDRA,Faixa_Etaria_sidra14 a 17 anos,Zona,Zona_Rural,Zona Rural,0.07952820969114875,0.005645263413878,[0.068 — 0.091],0.06846349339994787,0.09059292598234964,7.098441465992539,Boa (**)
Distribuicao_PIT_por_Faixa_Etaria_SIDRA,Distribuicao_PIT_por_Faixa_Etaria_SIDRA,Faixa_Etaria_sidra18 a 24 anos,Zona,Zona_Rural,Zona Rural,0.11411623563750356,0.00663609257988574,[0.101 — 0.127],0.10110949418092752,0.1271229770940796,5.815204596272918,Boa (**)
Distribuicao_PIT_por_Faixa_Etaria_SIDRA,Distribuicao_PIT_por_Faixa_Etaria_SIDRA,Faixa_Etaria_sidra25 a 39 anos,Zona,Zona_Rural,Zona Rural,0.25077201530752596,0.0096569702779145,[0.232 — 0.270],0.23184435356281355,0.2696996770522384,3.8508963075772207,Excelente (***)
Distribuicao_PIT_por_Faixa_Etaria_SIDRA,Distribuicao_PIT_por_Faixa_Etaria_SIDRA,Faixa_Etaria_sidra40 a 59 anos,Zona,Zona_Rural,Zona Rural,0.331535244032506,0.00807831150974241,[0.316 — 0.347],0.3157017534734109,0.3473687345916011,2.436637327448166,Excelente (***)
Distribuicao_PIT_por_Faixa_Etaria_SIDRA,Distribuicao_PIT_por_Faixa_Etaria_SIDRA,Faixa_Etaria_sidra60 anos ou mais,Zona,Zona_Rural,Zona Rural,0.2240482953313158,0.00881069746197626,[0.207 — 0.241],0.2067793283058423,0.24131726235678927,3.932499218057995,Excelente (***)
Distribuicao_PIT_por_Faixa_Etaria_SIDRA,Distribuicao_PIT_por_Faixa_Etaria_SIDRA,Faixa_Etaria_sidra14 a 17 anos,Zona,Zona_Urbana,Zona Urbana,0.06669143371370873,0.00380182866169944,[0.059 — 0.074],0.05923984953677782,0.07414301789063962,5.700625177769956,Boa (**)
Distribuicao_PIT_por_Faixa_Etaria_SIDRA,Distribuicao_PIT_por_Faixa_Etaria_SIDRA,Faixa_Etaria_sidra18 a 24 anos,Zona,Zona_Urbana,Zona Urbana,0.1367763558432673,0.00572665834635624,[0.126 — 0.148],0.12555210548440907,0.14800060620212555,4.186877410974778,Excelente (***)
Distribuicao_PIT_por_Faixa_Etaria_SIDRA,Distribuicao_PIT_por_Faixa_Etaria_SIDRA,Faixa_Etaria_sidra25 a 39 anos,Zona,Zona_Urbana,Zona Urbana,0.2722564630756795,0.00713430189441906,[0.258 — 0.286],0.25827323136261815,0.2862396947887409,2.6204343558359997,Excelente (***)
Distribuicao_PIT_por_Faixa_Etaria_SIDRA,Distribuicao_PIT_por_Faixa_Etaria_SIDRA,Faixa_Etaria_sidra40 a 59 anos,Zona,Zona_Urbana,Zona Urbana,0.33521842717161904,0.00596542769569715,[0.324 — 0.347],0.3235261888880526,0.34691066545518545,1.779564371216108,Excelente (***)
Distribuicao_PIT_por_Faixa_Etaria_SIDRA,Distribuicao_PIT_por_Faixa_Etaria_SIDRA,Faixa_Etaria_sidra60 anos ou mais,Zona,Zona_Urbana,Zona Urbana,0.1890573201957254,0.00692321553532464,[0.175 — 0.203],0.1754878177464891,0.2026268226449617,3.6619663963062847,Excelente (***)
Distribuicao_PIT_por_Instrucao_Projeto,Distribuicao_PIT_por_Instrucao_Projeto,Instrucao_projetoAté fundamental completo,Agregados nacionais,Brasil,Brasil,0.3543634755404945,0.00150066871740303,[0.351 — 0.357],0.3514221648543846,0.35730478622660444,0.42348289848837495,Excelente (***)
Distribuicao_PIT_por_Instrucao_Projeto,Distribuicao_PIT_por_Instrucao_Projeto,Instrucao_projetoAcima de fundamental completo,Agregados nacionais,Brasil,Brasil,0.6456365244595055,0.00150066871740303,[0.643 — 0.649],0.6426952137733956,0.6485778351456154,0.23243243846207653,Excelente (***)
Distribuicao_PIT_por_Instrucao_Projeto,Distribuicao_PIT_por_Instrucao_Projeto,Instrucao_projetoAté fundamental completo,Agregados nacionais,Nordeste,Nordeste,0.42773387342372743,0.00263349162893242,[0.423 — 0.433],0.4225722298310199,0.43289551701643497,0.6156846096506357,Excelente (***)
Distribuicao_PIT_por_Instrucao_Projeto,Distribuicao_PIT_por_Instrucao_Projeto,Instrucao_projetoAcima de fundamental completo,Agregados nacionais,Nordeste,Nordeste,0.5722661265762726,0.00263349162893242,[0.567 — 0.577],0.5671044829835651,0.5774277701689802,0.4601865297685802,Excelente (***)
Distribuicao_PIT_por_Instrucao_Projeto,Distribuicao_PIT_por_Instrucao_Projeto,Instrucao_projetoAté fundamental completo,Agregados nacionais,Piauí,Piauí,0.4659703062628756,0.00807038034631199,[0.450 — 0.482],0.4501523607841041,0.48178825174164713,1.7319516367978844,Excelente (***)
Distribuicao_PIT_por_Instrucao_Projeto,Distribuicao_PIT_por_Instrucao_Projeto,Instrucao_projetoAcima de fundamental completo,Agregados nacionais,Piauí,Piauí,0.5340296937371244,0.00807038034631199,[0.518 — 0.550],0.5182117482583529,0.5498476392158959,1.5112231475062183,Excelente (***)
Distribuicao_PIT_por_Instrucao_Projeto,Distribuicao_PIT_por_Instrucao_Projeto,Instrucao_projetoAté fundamental completo,Agregados nacionais,Teresina,Teresina,0.25534314537457375,0.01183718847105085,[0.232 — 0.279],0.2321422559713141,0.2785440347778334,4.635796450962634,Excelente (***)
Distribuicao_PIT_por_Instrucao_Projeto,Distribuicao_PIT_por_Instrucao_Projeto,Instrucao_projetoAcima de fundamental completo,Agregados nacionais,Teresina,Teresina,0.7446568546254264,0.01183718847105086,[0.721 — 0.768],0.7214559652221667,0.7678577440286861,1.5896165324369629,Excelente (***)
Distribuicao_PIT_por_Instrucao_Projeto,Distribuicao_PIT_por_Instrucao_Projeto,Instrucao_projetoAté fundamental completo,Estrato administrativo,Admin_Capital,Capital,0.25534314537457375,0.01183718847105085,[0.232 — 0.279],0.2321422559713141,0.2785440347778334,4.635796450962634,Excelente (***)
Distribuicao_PIT_por_Instrucao_Projeto,Distribuicao_PIT_por_Instrucao_Projeto,Instrucao_projetoAcima de fundamental completo,Estrato administrativo,Admin_Capital,Capital,0.7446568546254264,0.01183718847105086,[0.721 — 0.768],0.7214559652221667,0.7678577440286861,1.5896165324369629,Excelente (***)
Distribuicao_PIT_por_Instrucao_Projeto,Distribuicao_PIT_por_Instrucao_Projeto,Instrucao_projetoAté fundamental completo,Estrato administrativo,"Admin_Resto da RIDE (Região Integrada de Desenvolvimento Econômico, excluindo a capital)","Resto da RIDE (Região Integrada de Desenvolvimento Econômico, excluindo a capital)",0.4760182542150492,0.01954155848669839,[0.438 — 0.514],0.4377167995811203,0.514319708848978,4.105211998418482,Excelente (***)
Distribuicao_PIT_por_Instrucao_Projeto,Distribuicao_PIT_por_Instrucao_Projeto,Instrucao_projetoAcima de fundamental completo,Estrato administrativo,"Admin_Resto da RIDE (Região Integrada de Desenvolvimento Econômico, excluindo a capital)","Resto da RIDE (Região Integrada de Desenvolvimento Econômico, excluindo a capital)",0.5239817457849508,0.01954155848669839,[0.486 — 0.562],0.48568029115102196,0.5622832004188797,3.7294349743852546,Excelente (***)
Distribuicao_PIT_por_Instrucao_Projeto,Distribuicao_PIT_por_Instrucao_Projeto,Instrucao_projetoAté fundamental completo,Estrato administrativo,"Admin_Resto da UF  (Unidade da Federação, excluindo a região metropolitana e a RIDE)","Resto da UF  (Unidade da Federação, excluindo a região metropolitana e a RIDE)",0.5514463466779091,0.01079195551867738,[0.530 — 0.573],0.5302941138613015,0.5725985794945168,1.9570272944397227,Excelente (***)
Distribuicao_PIT_por_Instrucao_Projeto,Distribuicao_PIT_por_Instrucao_Projeto,Instrucao_projetoAcima de fundamental completo,Estrato administrativo,"Admin_Resto da UF  (Unidade da Federação, excluindo a região metropolitana e a RIDE)","Resto da UF  (Unidade da Federação, excluindo a região metropolitana e a RIDE)",0.4485536533220909,0.01079195551867736,[0.427 — 0.470],0.4274014205054833,0.4697058861386985,2.4059452952282676,Excelente (***)
Distribuicao_PIT_por_Instrucao_Projeto,Distribuicao_PIT_por_Instrucao_Projeto,Instrucao_projetoAté fundamental completo,Estrato agregado,Agreg_Alto Parnaíba e Chapadas Sul do Piauí,Alto Parnaíba e Chapadas Sul do Piauí,0.5422934231078349,0.01894091720332102,[0.505 — 0.579],0.5051692253893257,0.5794176208263441,3.492743300254745,Excelente (***)
Distribuicao_PIT_por_Instrucao_Projeto,Distribuicao_PIT_por_Instrucao_Projeto,Instrucao_projetoAcima de fundamental completo,Estrato agregado,Agreg_Alto Parnaíba e Chapadas Sul do Piauí,Alto Parnaíba e Chapadas Sul do Piauí,0.4577065768921651,0.01894091720332102,[0.421 — 0.495],0.4205823791736559,0.4948307746106743,4.1382226429714315,Excelente (***)
Distribuicao_PIT_por_Instrucao_Projeto,Distribuicao_PIT_por_Instrucao_Projeto,Instrucao_projetoAté fundamental completo,Estrato agregado,Agreg_Baixo Parnaíba do Piauí,Baixo Parnaíba do Piauí,0.5528502722297058,0.01860994072419604,[0.516 — 0.589],0.5163747884102816,0.5893257560491301,3.3661809822648916,Excelente (***)
Distribuicao_PIT_por_Instrucao_Projeto,Distribuicao_PIT_por_Instrucao_Projeto,Instrucao_projetoAcima de fundamental completo,Estrato agregado,Agreg_Baixo Parnaíba do Piauí,Baixo Parnaíba do Piauí,0.44714972777029416,0.01860994072419604,[0.411 — 0.484],0.41067424395086993,0.4836252115897184,4.161903623869849,Excelente (***)
Distribuicao_PIT_por_Instrucao_Projeto,Distribuicao_PIT_por_Instrucao_Projeto,Instrucao_projetoAté fundamental completo,Estrato agregado,Agreg_Centro-Leste do Piauí,Centro-Leste do Piauí,0.5563800963585208,0.01809973421347124,[0.521 — 0.592],0.5209046173001172,0.5918555754169245,3.2531239582316247,Excelente (***)
Distribuicao_PIT_por_Instrucao_Projeto,Distribuicao_PIT_por_Instrucao_Projeto,Instrucao_projetoAcima de fundamental completo,Estrato agregado,Agreg_Centro-Leste do Piauí,Centro-Leste do Piauí,0.44361990364147913,0.01809973421347125,[0.408 — 0.479],0.4081444245830755,0.4790953826998828,4.080009500227234,Excelente (***)
Distribuicao_PIT_por_Instrucao_Projeto,Distribuicao_PIT_por_Instrucao_Projeto,Instrucao_projetoAté fundamental completo,Estrato agregado,Agreg_Entorno metropolitano de Teresina (PI),Entorno metropolitano de Teresina (PI),0.4760182542150492,0.01954155848669839,[0.438 — 0.514],0.4377167995811203,0.514319708848978,4.105211998418482,Excelente (***)
Distribuicao_PIT_por_Instrucao_Projeto,Distribuicao_PIT_por_Instrucao_Projeto,Instrucao_projetoAcima de fundamental completo,Estrato agregado,Agreg_Entorno metropolitano de Teresina (PI),Entorno metropolitano de Teresina (PI),0.5239817457849508,0.01954155848669839,[0.486 — 0.562],0.48568029115102196,0.5622832004188797,3.7294349743852546,Excelente (***)
Distribuicao_PIT_por_Instrucao_Projeto,Distribuicao_PIT_por_Instrucao_Projeto,Instrucao_projetoAté fundamental completo,Estrato agregado,Agreg_Teresina,Teresina,0.25534314537457375,0.01183718847105085,[0.232 — 0.279],0.2321422559713141,0.2785440347778334,4.635796450962634,Excelente (***)
Distribuicao_PIT_por_Instrucao_Projeto,Distribuicao_PIT_por_Instrucao_Projeto,Instrucao_projetoAcima de fundamental completo,Estrato agregado,Agreg_Teresina,Teresina,0.7446568546254264,0.01183718847105086,[0.721 — 0.768],0.7214559652221667,0.7678577440286861,1.5896165324369629,Excelente (***)
Distribuicao_PIT_por_Instrucao_Projeto,Distribuicao_PIT_por_Instrucao_Projeto,Instrucao_projetoAté fundamental completo,Outro,Micro_2210011,Micro 2210011,0.23446887818342904,0.0187690815592853,[0.198 — 0.271],0.19768147832722985,0.2712562780396282,8.004935113222968,Boa (**)
Distribuicao_PIT_por_Instrucao_Projeto,Distribuicao_PIT_por_Instrucao_Projeto,Instrucao_projetoAcima de fundamental completo,Outro,Micro_2210011,Micro 2210011,0.765531121816571,0.01876908155928529,[0.729 — 0.802],0.7287437219603718,0.8023185216727702,2.4517725046562577,Excelente (***)
Distribuicao_PIT_por_Instrucao_Projeto,Distribuicao_PIT_por_Instrucao_Projeto,Instrucao_projetoAté fundamental completo,Outro,Micro_2210012,Micro 2210012,0.20557564668347247,0.02655204730779185,[0.154 — 0.258],0.15353363396020045,0.2576176594067445,12.9159497908205,Boa (**)
Distribuicao_PIT_por_Instrucao_Projeto,Distribuicao_PIT_por_Instrucao_Projeto,Instrucao_projetoAcima de fundamental completo,Outro,Micro_2210012,Micro 2210012,0.7944243533165276,0.02655204730779184,[0.742 — 0.846],0.7423823405932556,0.8464663660397996,3.342300270245182,Excelente (***)
Distribuicao_PIT_por_Instrucao_Projeto,Distribuicao_PIT_por_Instrucao_Projeto,Instrucao_projetoAté fundamental completo,Outro,Micro_2210013,Micro 2210013,0.16360132805914435,0.02253794104998005,[0.119 — 0.208],0.11942696360118345,0.20777569251710526,13.77613575473681,Boa (**)
Distribuicao_PIT_por_Instrucao_Projeto,Distribuicao_PIT_por_Instrucao_Projeto,Instrucao_projetoAcima de fundamental completo,Outro,Micro_2210013,Micro 2210013,0.8363986719408555,0.02253794104998004,[0.792 — 0.881],0.7922243074828946,0.8805730363988163,2.69464094170319,Excelente (***)
Distribuicao_PIT_por_Instrucao_Projeto,Distribuicao_PIT_por_Instrucao_Projeto,Instrucao_projetoAté fundamental completo,Outro,Micro_2210020,Micro 2210020,0.4480559420151766,0.0274209319293828,[0.394 — 0.502],0.3943109154335863,0.5018009685967669,6.119979528907574,Boa (**)
Distribuicao_PIT_por_Instrucao_Projeto,Distribuicao_PIT_por_Instrucao_Projeto,Instrucao_projetoAcima de fundamental completo,Outro,Micro_2210020,Micro 2210020,0.5519440579848234,0.02742093192938281,[0.498 — 0.606],0.4981990314032331,0.6056890845664137,4.968063616718344,Excelente (***)
Distribuicao_PIT_por_Instrucao_Projeto,Distribuicao_PIT_por_Instrucao_Projeto,Instrucao_projetoAté fundamental completo,Outro,Micro_2210030,Micro 2210030,0.38236203397621016,0.02246281573393032,[0.338 — 0.426],0.33833491513770675,0.42638915281471357,5.874750560440819,Boa (**)
Distribuicao_PIT_por_Instrucao_Projeto,Distribuicao_PIT_por_Instrucao_Projeto,Instrucao_projetoAcima de fundamental completo,Outro,Micro_2210030,Micro 2210030,0.6176379660237898,0.02246281573393032,[0.574 — 0.662],0.5736108471852864,0.6616650848622933,3.6368903742334244,Excelente (***)
Distribuicao_PIT_por_Instrucao_Projeto,Distribuicao_PIT_por_Instrucao_Projeto,Instrucao_projetoAté fundamental completo,Outro,Micro_2220010,Micro 2220010,0.3919346471094611,0.02561565739080155,[0.342 — 0.442],0.34172795862349004,0.4421413355954321,6.5356960859976,Boa (**)
Distribuicao_PIT_por_Instrucao_Projeto,Distribuicao_PIT_por_Instrucao_Projeto,Instrucao_projetoAcima de fundamental completo,Outro,Micro_2220010,Micro 2220010,0.6080653528905389,0.02561565739080155,[0.558 — 0.658],0.5578586644045678,0.65827204137651,4.212648734060131,Excelente (***)
Distribuicao_PIT_por_Instrucao_Projeto,Distribuicao_PIT_por_Instrucao_Projeto,Instrucao_projetoAté fundamental completo,Outro,Micro_2220020,Micro 2220020,0.6326159646871228,0.02477301691665884,[0.584 — 0.681],0.5840608515304715,0.6811710778437741,3.915964550295692,Excelente (***)
Distribuicao_PIT_por_Instrucao_Projeto,Distribuicao_PIT_por_Instrucao_Projeto,Instrucao_projetoAcima de fundamental completo,Outro,Micro_2220020,Micro 2220020,0.3673840353128772,0.02477301691665884,[0.319 — 0.416],0.3188289221562259,0.41593914846952856,6.7430847656625215,Boa (**)
Distribuicao_PIT_por_Instrucao_Projeto,Distribuicao_PIT_por_Instrucao_Projeto,Instrucao_projetoAté fundamental completo,Outro,Micro_2251011,Micro 2251011,0.4920575920950581,0.0474941428175122,[0.399 — 0.585],0.3989690721727342,0.585146112017382,9.652151207604383,Boa (**)
Distribuicao_PIT_por_Instrucao_Projeto,Distribuicao_PIT_por_Instrucao_Projeto,Instrucao_projetoAcima de fundamental completo,Outro,Micro_2251011,Micro 2251011,0.5079424079049418,0.04749414281751219,[0.415 — 0.601],0.4148538879826179,0.6010309278272657,9.35030075819155,Boa (**)
Distribuicao_PIT_por_Instrucao_Projeto,Distribuicao_PIT_por_Instrucao_Projeto,Instrucao_projetoAté fundamental completo,Outro,Micro_2251012,Micro 2251012,0.39095231292986926,0.04775868726333892,[0.297 — 0.485],0.297345285893725,0.4845593399660135,12.215987905385813,Boa (**)
Distribuicao_PIT_por_Instrucao_Projeto,Distribuicao_PIT_por_Instrucao_Projeto,Instrucao_projetoAcima de fundamental completo,Outro,Micro_2251012,Micro 2251012,0.6090476870701307,0.04775868726333888,[0.515 — 0.703],0.5154406600339865,0.7026547141062749,7.841534953212877,Boa (**)
Distribuicao_PIT_por_Instrucao_Projeto,Distribuicao_PIT_por_Instrucao_Projeto,Instrucao_projetoAté fundamental completo,Outro,Micro_2251013,Micro 2251013,0.5288941412311744,0.03038394578510181,[0.469 — 0.588],0.46934160749237486,0.5884466749699739,5.744806647767589,Boa (**)
Distribuicao_PIT_por_Instrucao_Projeto,Distribuicao_PIT_por_Instrucao_Projeto,Instrucao_projetoAcima de fundamental completo,Outro,Micro_2251013,Micro 2251013,0.47110585876882566,0.0303839457851018,[0.412 — 0.531],0.4115533250300261,0.5306583925076251,6.449494358763934,Boa (**)
Distribuicao_PIT_por_Instrucao_Projeto,Distribuicao_PIT_por_Instrucao_Projeto,Instrucao_projetoAté fundamental completo,Outro,Micro_2251020,Micro 2251020,0.6874249146274842,0.0216215208277628,[0.645 — 0.730],0.6450467338050692,0.7298030954498993,3.1452919973782896,Excelente (***)
Distribuicao_PIT_por_Instrucao_Projeto,Distribuicao_PIT_por_Instrucao_Projeto,Instrucao_projetoAcima de fundamental completo,Outro,Micro_2251020,Micro 2251020,0.3125750853725156,0.02162152082776282,[0.270 — 0.355],0.2701969045501005,0.35495326619493073,6.917224641239425,Boa (**)
Distribuicao_PIT_por_Instrucao_Projeto,Distribuicao_PIT_por_Instrucao_Projeto,Instrucao_projetoAté fundamental completo,Outro,Micro_2251021,Micro 2251021,0.6517981918613694,0.03039096507503282,[0.592 — 0.711],0.5922319003143052,0.7113644834084337,4.662634148806699,Excelente (***)
Distribuicao_PIT_por_Instrucao_Projeto,Distribuicao_PIT_por_Instrucao_Projeto,Instrucao_projetoAcima de fundamental completo,Outro,Micro_2251021,Micro 2251021,0.3482018081386306,0.03039096507503285,[0.289 — 0.408],0.2886355165915662,0.407768099685695,8.727974514978166,Boa (**)
Distribuicao_PIT_por_Instrucao_Projeto,Distribuicao_PIT_por_Instrucao_Projeto,Instrucao_projetoAté fundamental completo,Outro,Micro_2251022,Micro 2251022,0.5856394074709534,0.08325375325910175,[0.422 — 0.749],0.422462051083114,0.7488167638587928,14.215872804500604,Boa (**)
Distribuicao_PIT_por_Instrucao_Projeto,Distribuicao_PIT_por_Instrucao_Projeto,Instrucao_projetoAcima de fundamental completo,Outro,Micro_2251022,Micro 2251022,0.41436059252904667,0.0832537532591018,[0.251 — 0.578],0.2511832361412072,0.5775379489168861,20.092102086968058,Regular (*)
Distribuicao_PIT_por_Instrucao_Projeto,Distribuicao_PIT_por_Instrucao_Projeto,Instrucao_projetoAté fundamental completo,Outro,Micro_2252011,Micro 2252011,0.4899041384409307,0.03526393899830941,[0.421 — 0.559],0.4207868180042443,0.5590214588776172,7.198130456814113,Boa (**)
Distribuicao_PIT_por_Instrucao_Projeto,Distribuicao_PIT_por_Instrucao_Projeto,Instrucao_projetoAcima de fundamental completo,Outro,Micro_2252011,Micro 2252011,0.5100958615590693,0.03526393899830941,[0.441 — 0.579],0.44097854112238283,0.5792131819957558,6.913198411476591,Boa (**)
Distribuicao_PIT_por_Instrucao_Projeto,Distribuicao_PIT_por_Instrucao_Projeto,Instrucao_projetoAté fundamental completo,Outro,Micro_2252012,Micro 2252012,0.42021540621362713,0.03919698653174856,[0.343 — 0.497],0.34338931261139993,0.4970414998158543,9.32783185769771,Boa (**)
Distribuicao_PIT_por_Instrucao_Projeto,Distribuicao_PIT_por_Instrucao_Projeto,Instrucao_projetoAcima de fundamental completo,Outro,Micro_2252012,Micro 2252012,0.5797845937863729,0.03919698653174856,[0.503 — 0.657],0.5029585001841458,0.6566106873886001,6.760611949994494,Boa (**)
Distribuicao_PIT_por_Instrucao_Projeto,Distribuicao_PIT_por_Instrucao_Projeto,Instrucao_projetoAté fundamental completo,Outro,Micro_2252013,Micro 2252013,0.4785089994041614,0.06339739035114882,[0.354 — 0.603],0.35425011431590975,0.6027678844924131,13.248944205875155,Boa (**)
Distribuicao_PIT_por_Instrucao_Projeto,Distribuicao_PIT_por_Instrucao_Projeto,Instrucao_projetoAcima de fundamental completo,Outro,Micro_2252013,Micro 2252013,0.5214910005958386,0.06339739035114879,[0.397 — 0.646],0.397232115507587,0.6457498856840903,12.15694811199292,Boa (**)
Distribuicao_PIT_por_Instrucao_Projeto,Distribuicao_PIT_por_Instrucao_Projeto,Instrucao_projetoAté fundamental completo,Outro,Micro_2252020,Micro 2252020,0.6664486462404294,0.02251670871417855,[0.622 — 0.711],0.6223158971606395,0.7105813953202194,3.3786112165130535,Excelente (***)
Distribuicao_PIT_por_Instrucao_Projeto,Distribuicao_PIT_por_Instrucao_Projeto,Instrucao_projetoAcima de fundamental completo,Outro,Micro_2252020,Micro 2252020,0.3335513537595706,0.02251670871417854,[0.289 — 0.378],0.2894186046797807,0.37768410283936055,6.7505973099449506,Boa (**)
Distribuicao_PIT_por_Instrucao_Projeto,Distribuicao_PIT_por_Instrucao_Projeto,Instrucao_projetoAté fundamental completo,Outro,Micro_2252021,Micro 2252021,0.6530774723057313,0.04895315041997306,[0.557 — 0.749],0.5571292974825841,0.7490256471288785,7.495764667420063,Boa (**)
Distribuicao_PIT_por_Instrucao_Projeto,Distribuicao_PIT_por_Instrucao_Projeto,Instrucao_projetoAcima de fundamental completo,Outro,Micro_2252021,Micro 2252021,0.34692252769426873,0.04895315041997308,[0.251 — 0.443],0.2509743528711215,0.44287070251741595,14.110686540112455,Boa (**)
Distribuicao_PIT_por_Instrucao_Projeto,Distribuicao_PIT_por_Instrucao_Projeto,Instrucao_projetoAté fundamental completo,Outro,Micro_2252022,Micro 2252022,0.7457371613110823,0.0569107845880807,[0.634 — 0.857],0.6341920235184441,0.8572822991037204,7.6314803044045325,Boa (**)
Distribuicao_PIT_por_Instrucao_Projeto,Distribuicao_PIT_por_Instrucao_Projeto,Instrucao_projetoAcima de fundamental completo,Outro,Micro_2252022,Micro 2252022,0.25426283868891775,0.05691078458808067,[0.143 — 0.366],0.1427177008962796,0.3658079764815559,22.382659173293174,Regular (*)
Distribuicao_PIT_por_Instrucao_Projeto,Distribuicao_PIT_por_Instrucao_Projeto,Instrucao_projetoAté fundamental completo,Outro,Micro_2253010,Micro 2253010,0.4577176539593545,0.06984967796458216,[0.321 — 0.595],0.32081228514877347,0.5946230227699355,15.260429079011411,Regular (*)
Distribuicao_PIT_por_Instrucao_Projeto,Distribuicao_PIT_por_Instrucao_Projeto,Instrucao_projetoAcima de fundamental completo,Outro,Micro_2253010,Micro 2253010,0.5422823460406456,0.06984967796458212,[0.405 — 0.679],0.40537697723006466,0.6791877148512266,12.880684476375464,Boa (**)
Distribuicao_PIT_por_Instrucao_Projeto,Distribuicao_PIT_por_Instrucao_Projeto,Instrucao_projetoAté fundamental completo,Outro,Micro_2253011,Micro 2253011,0.4405844237510621,0.03599776935713025,[0.370 — 0.511],0.37002879581108683,0.5111400516910374,8.170458921505046,Boa (**)
Distribuicao_PIT_por_Instrucao_Projeto,Distribuicao_PIT_por_Instrucao_Projeto,Instrucao_projetoAcima de fundamental completo,Outro,Micro_2253011,Micro 2253011,0.5594155762489379,0.03599776935713024,[0.489 — 0.630],0.4888599483089626,0.6299712041889132,6.434888638336979,Boa (**)
Distribuicao_PIT_por_Instrucao_Projeto,Distribuicao_PIT_por_Instrucao_Projeto,Instrucao_projetoAté fundamental completo,Outro,Micro_2253012,Micro 2253012,0.43179907185247207,0.05375194283356126,[0.326 — 0.537],0.326445263898692,0.5371528798062521,12.44836923871992,Boa (**)
Distribuicao_PIT_por_Instrucao_Projeto,Distribuicao_PIT_por_Instrucao_Projeto,Instrucao_projetoAcima de fundamental completo,Outro,Micro_2253012,Micro 2253012,0.5682009281475279,0.05375194283356128,[0.463 — 0.674],0.46284712019374774,0.673554736101308,9.460023764622417,Boa (**)
Distribuicao_PIT_por_Instrucao_Projeto,Distribuicao_PIT_por_Instrucao_Projeto,Instrucao_projetoAté fundamental completo,Outro,Micro_2253020,Micro 2253020,0.7314827385978361,0.04428135608396221,[0.645 — 0.818],0.6446912806732701,0.8182741965224021,6.05364333939639,Boa (**)
Distribuicao_PIT_por_Instrucao_Projeto,Distribuicao_PIT_por_Instrucao_Projeto,Instrucao_projetoAcima de fundamental completo,Outro,Micro_2253020,Micro 2253020,0.2685172614021641,0.04428135608396222,[0.182 — 0.355],0.18172580347759815,0.35530871932673,16.491064988794548,Regular (*)
Distribuicao_PIT_por_Instrucao_Projeto,Distribuicao_PIT_por_Instrucao_Projeto,Instrucao_projetoAté fundamental completo,Outro,Micro_2253021,Micro 2253021,0.6526630651574052,0.02436715085841469,[0.605 — 0.700],0.6049034494749125,0.700422680839898,3.7334962186864322,Excelente (***)
Distribuicao_PIT_por_Instrucao_Projeto,Distribuicao_PIT_por_Instrucao_Projeto,Instrucao_projetoAcima de fundamental completo,Outro,Micro_2253021,Micro 2253021,0.3473369348425946,0.02436715085841465,[0.300 — 0.395],0.2995773191601019,0.3950965505250873,7.015421745878337,Boa (**)
Distribuicao_PIT_por_Instrucao_Projeto,Distribuicao_PIT_por_Instrucao_Projeto,Instrucao_projetoAté fundamental completo,Outro,Micro_2253022,Micro 2253022,0.6772161467063875,0.05958694018006478,[0.560 — 0.794],0.5604257439534606,0.7940065494593145,8.798806772381813,Boa (**)
Distribuicao_PIT_por_Instrucao_Projeto,Distribuicao_PIT_por_Instrucao_Projeto,Instrucao_projetoAcima de fundamental completo,Outro,Micro_2253022,Micro 2253022,0.32278385329361253,0.05958694018006474,[0.206 — 0.440],0.20599345054068563,0.43957425604653944,18.46032246410508,Regular (*)
Distribuicao_PIT_por_Instrucao_Projeto,Distribuicao_PIT_por_Instrucao_Projeto,Instrucao_projetoAté fundamental completo,Outro,Micro_2254020,Micro 2254020,0.6722700349566616,0.033505150112704,[0.607 — 0.738],0.6065999407357617,0.7379401291775615,4.983882721303194,Excelente (***)
Distribuicao_PIT_por_Instrucao_Projeto,Distribuicao_PIT_por_Instrucao_Projeto,Instrucao_projetoAcima de fundamental completo,Outro,Micro_2254020,Micro 2254020,0.32772996504333834,0.03350515011270399,[0.262 — 0.393],0.26205987082243853,0.39340005926423816,10.22340148490033,Boa (**)
Distribuicao_PIT_por_Instrucao_Projeto,Distribuicao_PIT_por_Instrucao_Projeto,Instrucao_projetoAté fundamental completo,Zona,Zona_Rural,Zona Rural,0.6688605768953112,0.01198299007585732,[0.645 — 0.692],0.6453739163466309,0.6923472374439915,1.7915527525152488,Excelente (***)
Distribuicao_PIT_por_Instrucao_Projeto,Distribuicao_PIT_por_Instrucao_Projeto,Instrucao_projetoAcima de fundamental completo,Zona,Zona_Rural,Zona Rural,0.33113942310468886,0.01198299007585732,[0.308 — 0.355],0.3076527625560085,0.35462608365336923,3.6187144265419975,Excelente (***)
Distribuicao_PIT_por_Instrucao_Projeto,Distribuicao_PIT_por_Instrucao_Projeto,Instrucao_projetoAté fundamental completo,Zona,Zona_Urbana,Zona Urbana,0.3770415202783276,0.01039096932089121,[0.357 — 0.397],0.3566752204093808,0.3974078201472744,2.755921765120382,Excelente (***)
Distribuicao_PIT_por_Instrucao_Projeto,Distribuicao_PIT_por_Instrucao_Projeto,Instrucao_projetoAcima de fundamental completo,Zona,Zona_Urbana,Zona Urbana,0.6229584797216724,0.01039096932089121,[0.603 — 0.643],0.6025921798527256,0.6433247795906192,1.668003512133541,Excelente (***)
Distribuicao_PIT_por_Instrucao_SIDRA,Distribuicao_PIT_por_Instrucao_SIDRA,Instrucao_sidraSem instrução e menos de 1 ano de estudo,Agregados nacionais,Brasil,Brasil,0.04007003840102441,4.415895234367976e-4,[0.039 — 0.041],0.03920452293508829,0.04093555386696053,1.1020441732980923,Excelente (***)
Distribuicao_PIT_por_Instrucao_SIDRA,Distribuicao_PIT_por_Instrucao_SIDRA,Instrucao_sidraFundamental incompleto ou equivalente,Agregados nacionais,Brasil,Brasil,0.2347903304976008,0.00113053091007835,[0.233 — 0.237],0.23257448991384724,0.23700617108135438,0.48150658831748705,Excelente (***)
Distribuicao_PIT_por_Instrucao_SIDRA,Distribuicao_PIT_por_Instrucao_SIDRA,Instrucao_sidraFundamental completo ou equivalente,Agregados nacionais,Brasil,Brasil,0.07950310664186931,6.572137324793412e-4,[0.078 — 0.081],0.0782149677262098,0.08079124555752883,0.8266516369477666,Excelente (***)
Distribuicao_PIT_por_Instrucao_SIDRA,Distribuicao_PIT_por_Instrucao_SIDRA,Instrucao_sidraMédio incompleto ou equivalente,Agregados nacionais,Brasil,Brasil,0.08128064844893977,6.154466577093667e-4,[0.080 — 0.082],0.08007437299982942,0.08248692389805012,0.7571871896371352,Excelente (***)
Distribuicao_PIT_por_Instrucao_SIDRA,Distribuicao_PIT_por_Instrucao_SIDRA,Instrucao_sidraMédio completo ou equivalente,Agregados nacionais,Brasil,Brasil,0.32187106486647016,0.00131151575998261,[0.319 — 0.324],0.31930049397690424,0.3244416357560361,0.40746618852698013,Excelente (***)
Distribuicao_PIT_por_Instrucao_SIDRA,Distribuicao_PIT_por_Instrucao_SIDRA,Instrucao_sidraSuperior incompleto ou equivalente,Agregados nacionais,Brasil,Brasil,0.0589771497985749,6.249311369806978e-4,[0.058 — 0.060],0.057752284770092734,0.06020201482705707,1.0596156971217323,Excelente (***)
Distribuicao_PIT_por_Instrucao_SIDRA,Distribuicao_PIT_por_Instrucao_SIDRA,Instrucao_sidraSuperior completo,Agregados nacionais,Brasil,Brasil,0.1835076613455207,0.00166650676647894,[0.180 — 0.187],0.180241308083222,0.18677401460781942,0.9081401584324742,Excelente (***)
Distribuicao_PIT_por_Instrucao_SIDRA,Distribuicao_PIT_por_Instrucao_SIDRA,Instrucao_sidraSem instrução e menos de 1 ano de estudo,Agregados nacionais,Nordeste,Nordeste,0.07324028498029385,0.00108339510097653,[0.071 — 0.075],0.07111683058237984,0.07536373937820785,1.479233868721333,Excelente (***)
Distribuicao_PIT_por_Instrucao_SIDRA,Distribuicao_PIT_por_Instrucao_SIDRA,Instrucao_sidraFundamental incompleto ou equivalente,Agregados nacionais,Nordeste,Nordeste,0.2814159703630044,0.00223525074848378,[0.277 — 0.286],0.2770348788959762,0.2857970618300326,0.7942870994849662,Excelente (***)
Distribuicao_PIT_por_Instrucao_SIDRA,Distribuicao_PIT_por_Instrucao_SIDRA,Instrucao_sidraFundamental completo ou equivalente,Agregados nacionais,Nordeste,Nordeste,0.07307761808042913,9.814468883670878e-4,[0.071 — 0.075],0.07115398217922964,0.07500125398162863,1.343019811191586,Excelente (***)
Distribuicao_PIT_por_Instrucao_SIDRA,Distribuicao_PIT_por_Instrucao_SIDRA,Instrucao_sidraMédio incompleto ou equivalente,Agregados nacionais,Nordeste,Nordeste,0.08535905952089701,0.00115282615531987,[0.083 — 0.088],0.08309952025647006,0.08761859878532395,1.3505609853136247,Excelente (***)
Distribuicao_PIT_por_Instrucao_SIDRA,Distribuicao_PIT_por_Instrucao_SIDRA,Instrucao_sidraMédio completo ou equivalente,Agregados nacionais,Nordeste,Nordeste,0.31218740801426853,0.00222176681445289,[0.308 — 0.317],0.3078327450579409,0.31654207097059617,0.7116772673775953,Excelente (***)
Distribuicao_PIT_por_Instrucao_SIDRA,Distribuicao_PIT_por_Instrucao_SIDRA,Instrucao_sidraSuperior incompleto ou equivalente,Agregados nacionais,Nordeste,Nordeste,0.04851589934744602,0.00108483361483619,[0.046 — 0.051],0.046389625462367086,0.05064217323252495,2.2360373185441076,Excelente (***)
Distribuicao_PIT_por_Instrucao_SIDRA,Distribuicao_PIT_por_Instrucao_SIDRA,Instrucao_sidraSuperior completo,Agregados nacionais,Nordeste,Nordeste,0.12620375969366107,0.00229578041213735,[0.122 — 0.131],0.12170403008587187,0.1307034893014503,1.8191061959722759,Excelente (***)
Distribuicao_PIT_por_Instrucao_SIDRA,Distribuicao_PIT_por_Instrucao_SIDRA,Instrucao_sidraSem instrução e menos de 1 ano de estudo,Agregados nacionais,Piauí,Piauí,0.08146867730190978,0.00422665566530226,[0.073 — 0.090],0.07318443219791734,0.08975292240590221,5.18807449105741,Boa (**)
Distribuicao_PIT_por_Instrucao_SIDRA,Distribuicao_PIT_por_Instrucao_SIDRA,Instrucao_sidraFundamental incompleto ou equivalente,Agregados nacionais,Piauí,Piauí,0.308938523115679,0.00735336767434783,[0.295 — 0.323],0.29452592247395726,0.3233511237574007,2.3802041908494633,Excelente (***)
Distribuicao_PIT_por_Instrucao_SIDRA,Distribuicao_PIT_por_Instrucao_SIDRA,Instrucao_sidraFundamental completo ou equivalente,Agregados nacionais,Piauí,Piauí,0.07556310584528686,0.00330306194076035,[0.069 — 0.082],0.06908910444139657,0.08203710724917715,4.371262805850342,Excelente (***)
Distribuicao_PIT_por_Instrucao_SIDRA,Distribuicao_PIT_por_Instrucao_SIDRA,Instrucao_sidraMédio incompleto ou equivalente,Agregados nacionais,Piauí,Piauí,0.08402293890084404,0.00333482549270135,[0.077 — 0.091],0.0774866809351494,0.09055919686653868,3.968946499999002,Excelente (***)
Distribuicao_PIT_por_Instrucao_SIDRA,Distribuicao_PIT_por_Instrucao_SIDRA,Instrucao_sidraMédio completo ou equivalente,Agregados nacionais,Piauí,Piauí,0.2634370075331976,0.00606365531764402,[0.252 — 0.275],0.2515522431106153,0.2753217719557799,2.301747721181465,Excelente (***)
Distribuicao_PIT_por_Instrucao_SIDRA,Distribuicao_PIT_por_Instrucao_SIDRA,Instrucao_sidraSuperior incompleto ou equivalente,Agregados nacionais,Piauí,Piauí,0.0503846209594298,0.00300508463218301,[0.044 — 0.056],0.044494655080351095,0.0562745868385085,5.964289449756373,Boa (**)
Distribuicao_PIT_por_Instrucao_SIDRA,Distribuicao_PIT_por_Instrucao_SIDRA,Instrucao_sidraSuperior completo,Agregados nacionais,Piauí,Piauí,0.13618512634365293,0.00682876820686129,[0.123 — 0.150],0.1228007406582048,0.14956951202910107,5.014327474814985,Boa (**)
Distribuicao_PIT_por_Instrucao_SIDRA,Distribuicao_PIT_por_Instrucao_SIDRA,Instrucao_sidraSem instrução e menos de 1 ano de estudo,Agregados nacionais,Teresina,Teresina,0.02614794472531985,0.00311341560919913,[0.020 — 0.032],0.020045650131289554,0.032250239319350144,11.906922864894675,Boa (**)
Distribuicao_PIT_por_Instrucao_SIDRA,Distribuicao_PIT_por_Instrucao_SIDRA,Instrucao_sidraFundamental incompleto ou equivalente,Agregados nacionais,Teresina,Teresina,0.16946606121975058,0.00915980486555966,[0.152 — 0.187],0.15151284368325366,0.1874192787562475,5.4050969259750055,Boa (**)
Distribuicao_PIT_por_Instrucao_SIDRA,Distribuicao_PIT_por_Instrucao_SIDRA,Instrucao_sidraFundamental completo ou equivalente,Agregados nacionais,Teresina,Teresina,0.05972913942950334,0.00478141114450031,[0.050 — 0.069],0.05035757358628273,0.06910070527272395,8.005156595540235,Boa (**)
Distribuicao_PIT_por_Instrucao_SIDRA,Distribuicao_PIT_por_Instrucao_SIDRA,Instrucao_sidraMédio incompleto ou equivalente,Agregados nacionais,Teresina,Teresina,0.08031106617595471,0.00530371563672997,[0.070 — 0.091],0.06991578352796397,0.09070634882394545,6.603966164650312,Boa (**)
Distribuicao_PIT_por_Instrucao_SIDRA,Distribuicao_PIT_por_Instrucao_SIDRA,Instrucao_sidraMédio completo ou equivalente,Agregados nacionais,Teresina,Teresina,0.34229365025012,0.01035599334815578,[0.322 — 0.363],0.32199590328773464,0.36259139721250533,3.025470481438517,Excelente (***)
Distribuicao_PIT_por_Instrucao_SIDRA,Distribuicao_PIT_por_Instrucao_SIDRA,Instrucao_sidraSuperior incompleto ou equivalente,Agregados nacionais,Teresina,Teresina,0.08148483109405205,0.00599492171560353,[0.070 — 0.093],0.06973478453146914,0.09323487765663496,7.357101481481903,Boa (**)
Distribuicao_PIT_por_Instrucao_SIDRA,Distribuicao_PIT_por_Instrucao_SIDRA,Instrucao_sidraSuperior completo,Agregados nacionais,Teresina,Teresina,0.2405673071052996,0.0149832153372561,[0.211 — 0.270],0.21120020504427767,0.26993440916632155,6.228284099592028,Boa (**)
Distribuicao_PIT_por_Instrucao_SIDRA,Distribuicao_PIT_por_Instrucao_SIDRA,Instrucao_sidraSem instrução e menos de 1 ano de estudo,Estrato administrativo,Admin_Capital,Capital,0.02614794472531985,0.00311341560919913,[0.020 — 0.032],0.020045650131289554,0.032250239319350144,11.906922864894675,Boa (**)
Distribuicao_PIT_por_Instrucao_SIDRA,Distribuicao_PIT_por_Instrucao_SIDRA,Instrucao_sidraFundamental incompleto ou equivalente,Estrato administrativo,Admin_Capital,Capital,0.16946606121975058,0.00915980486555966,[0.152 — 0.187],0.15151284368325366,0.1874192787562475,5.4050969259750055,Boa (**)
Distribuicao_PIT_por_Instrucao_SIDRA,Distribuicao_PIT_por_Instrucao_SIDRA,Instrucao_sidraFundamental completo ou equivalente,Estrato administrativo,Admin_Capital,Capital,0.05972913942950334,0.00478141114450031,[0.050 — 0.069],0.05035757358628273,0.06910070527272395,8.005156595540235,Boa (**)
Distribuicao_PIT_por_Instrucao_SIDRA,Distribuicao_PIT_por_Instrucao_SIDRA,Instrucao_sidraMédio incompleto ou equivalente,Estrato administrativo,Admin_Capital,Capital,0.08031106617595471,0.00530371563672997,[0.070 — 0.091],0.06991578352796397,0.09070634882394545,6.603966164650312,Boa (**)
Distribuicao_PIT_por_Instrucao_SIDRA,Distribuicao_PIT_por_Instrucao_SIDRA,Instrucao_sidraMédio completo ou equivalente,Estrato administrativo,Admin_Capital,Capital,0.34229365025012,0.01035599334815578,[0.322 — 0.363],0.32199590328773464,0.36259139721250533,3.025470481438517,Excelente (***)
Distribuicao_PIT_por_Instrucao_SIDRA,Distribuicao_PIT_por_Instrucao_SIDRA,Instrucao_sidraSuperior incompleto ou equivalente,Estrato administrativo,Admin_Capital,Capital,0.08148483109405205,0.00599492171560353,[0.070 — 0.093],0.06973478453146914,0.09323487765663496,7.357101481481903,Boa (**)
Distribuicao_PIT_por_Instrucao_SIDRA,Distribuicao_PIT_por_Instrucao_SIDRA,Instrucao_sidraSuperior completo,Estrato administrativo,Admin_Capital,Capital,0.2405673071052996,0.0149832153372561,[0.211 — 0.270],0.21120020504427767,0.26993440916632155,6.228284099592028,Boa (**)
Distribuicao_PIT_por_Instrucao_SIDRA,Distribuicao_PIT_por_Instrucao_SIDRA,Instrucao_sidraSem instrução e menos de 1 ano de estudo,Estrato administrativo,"Admin_Resto da RIDE (Região Integrada de Desenvolvimento Econômico, excluindo a capital)","Resto da RIDE (Região Integrada de Desenvolvimento Econômico, excluindo a capital)",0.06051256063567195,0.01012248681028328,[0.041 — 0.080],0.04067248648751673,0.08035263478382718,16.727910212274356,Regular (*)
Distribuicao_PIT_por_Instrucao_SIDRA,Distribuicao_PIT_por_Instrucao_SIDRA,Instrucao_sidraFundamental incompleto ou equivalente,Estrato administrativo,"Admin_Resto da RIDE (Região Integrada de Desenvolvimento Econômico, excluindo a capital)","Resto da RIDE (Região Integrada de Desenvolvimento Econômico, excluindo a capital)",0.32636719254906466,0.014809297912807,[0.297 — 0.355],0.29734096863996295,0.35539341645816636,4.537618440487284,Excelente (***)
Distribuicao_PIT_por_Instrucao_SIDRA,Distribuicao_PIT_por_Instrucao_SIDRA,Instrucao_sidraFundamental completo ou equivalente,Estrato administrativo,"Admin_Resto da RIDE (Região Integrada de Desenvolvimento Econômico, excluindo a capital)","Resto da RIDE (Região Integrada de Desenvolvimento Econômico, excluindo a capital)",0.08913850103031254,0.01067575741501087,[0.068 — 0.110],0.06821401649689124,0.11006298556373384,11.976595176735652,Boa (**)
Distribuicao_PIT_por_Instrucao_SIDRA,Distribuicao_PIT_por_Instrucao_SIDRA,Instrucao_sidraMédio incompleto ou equivalente,Estrato administrativo,"Admin_Resto da RIDE (Região Integrada de Desenvolvimento Econômico, excluindo a capital)","Resto da RIDE (Região Integrada de Desenvolvimento Econômico, excluindo a capital)",0.09599769358800134,0.01006880026911013,[0.076 — 0.116],0.07626284506054548,0.1157325421154572,10.488585603236428,Boa (**)
Distribuicao_PIT_por_Instrucao_SIDRA,Distribuicao_PIT_por_Instrucao_SIDRA,Instrucao_sidraMédio completo ou equivalente,Estrato administrativo,"Admin_Resto da RIDE (Região Integrada de Desenvolvimento Econômico, excluindo a capital)","Resto da RIDE (Região Integrada de Desenvolvimento Econômico, excluindo a capital)",0.32234867000649664,0.01157668491950757,[0.300 — 0.345],0.2996583675642618,0.3450389724487315,3.5913549509213896,Excelente (***)
Distribuicao_PIT_por_Instrucao_SIDRA,Distribuicao_PIT_por_Instrucao_SIDRA,Instrucao_sidraSuperior incompleto ou equivalente,Estrato administrativo,"Admin_Resto da RIDE (Região Integrada de Desenvolvimento Econômico, excluindo a capital)","Resto da RIDE (Região Integrada de Desenvolvimento Econômico, excluindo a capital)",0.04026091479687163,0.00951164066581966,[0.022 — 0.059],0.0216180990918651,0.058903730501878165,23.62499887001757,Regular (*)
Distribuicao_PIT_por_Instrucao_SIDRA,Distribuicao_PIT_por_Instrucao_SIDRA,Instrucao_sidraSuperior completo,Estrato administrativo,"Admin_Resto da RIDE (Região Integrada de Desenvolvimento Econômico, excluindo a capital)","Resto da RIDE (Região Integrada de Desenvolvimento Econômico, excluindo a capital)",0.06537446739358126,0.01005037870777006,[0.046 — 0.085],0.04567572512635194,0.08507320966081057,15.373553481151342,Regular (*)
Distribuicao_PIT_por_Instrucao_SIDRA,Distribuicao_PIT_por_Instrucao_SIDRA,Instrucao_sidraSem instrução e menos de 1 ano de estudo,Estrato administrativo,"Admin_Resto da UF  (Unidade da Federação, excluindo a região metropolitana e a RIDE)","Resto da UF  (Unidade da Federação, excluindo a região metropolitana e a RIDE)",0.10622639434561436,0.0061584495359759,[0.094 — 0.118],0.0941558332551016,0.11829695543612712,5.797475828784126,Boa (**)
Distribuicao_PIT_por_Instrucao_SIDRA,Distribuicao_PIT_por_Instrucao_SIDRA,Instrucao_sidraFundamental incompleto ou equivalente,Estrato administrativo,"Admin_Resto da UF  (Unidade da Federação, excluindo a região metropolitana e a RIDE)","Resto da UF  (Unidade da Federação, excluindo a região metropolitana e a RIDE)",0.36448497020586984,0.00992671374419434,[0.345 — 0.384],0.34502861126724893,0.38394132914449075,2.7234905567128034,Excelente (***)
Distribuicao_PIT_por_Instrucao_SIDRA,Distribuicao_PIT_por_Instrucao_SIDRA,Instrucao_sidraFundamental completo ou equivalente,Estrato administrativo,"Admin_Resto da UF  (Unidade da Federação, excluindo a região metropolitana e a RIDE)","Resto da UF  (Unidade da Federação, excluindo a região metropolitana e a RIDE)",0.08073498212642499,0.00435674252674069,[0.072 — 0.089],0.07219576677401324,0.08927419747883675,5.396350394824334,Boa (**)
Distribuicao_PIT_por_Instrucao_SIDRA,Distribuicao_PIT_por_Instrucao_SIDRA,Instrucao_sidraMédio incompleto ou equivalente,Estrato administrativo,"Admin_Resto da UF  (Unidade da Federação, excluindo a região metropolitana e a RIDE)","Resto da UF  (Unidade da Federação, excluindo a região metropolitana e a RIDE)",0.08437545353516296,0.00441972393025576,[0.076 — 0.093],0.07571279463186167,0.09303811243846424,5.238163168407583,Boa (**)
Distribuicao_PIT_por_Instrucao_SIDRA,Distribuicao_PIT_por_Instrucao_SIDRA,Instrucao_sidraMédio completo ou equivalente,Estrato administrativo,"Admin_Resto da UF  (Unidade da Federação, excluindo a região metropolitana e a RIDE)","Resto da UF  (Unidade da Federação, excluindo a região metropolitana e a RIDE)",0.2253061210649959,0.00786320224949345,[0.210 — 0.241],0.20989424465598874,0.24071799747400305,3.4900082662312966,Excelente (***)
Distribuicao_PIT_por_Instrucao_SIDRA,Distribuicao_PIT_por_Instrucao_SIDRA,Instrucao_sidraSuperior incompleto ou equivalente,Estrato administrativo,"Admin_Resto da UF  (Unidade da Federação, excluindo a região metropolitana e a RIDE)","Resto da UF  (Unidade da Federação, excluindo a região metropolitana e a RIDE)",0.03860864160876637,0.00376935140566143,[0.031 — 0.046],0.031220712853669966,0.045996570363862774,9.762973387816814,Boa (**)
Distribuicao_PIT_por_Instrucao_SIDRA,Distribuicao_PIT_por_Instrucao_SIDRA,Instrucao_sidraSuperior completo,Estrato administrativo,"Admin_Resto da UF  (Unidade da Federação, excluindo a região metropolitana e a RIDE)","Resto da UF  (Unidade da Federação, excluindo a região metropolitana e a RIDE)",0.10026343711316564,0.00776384995733883,[0.085 — 0.115],0.08504629119678153,0.11548058302954975,7.743450834002334,Boa (**)
Distribuicao_PIT_por_Instrucao_SIDRA,Distribuicao_PIT_por_Instrucao_SIDRA,Instrucao_sidraSem instrução e menos de 1 ano de estudo,Estrato agregado,Agreg_Alto Parnaíba e Chapadas Sul do Piauí,Alto Parnaíba e Chapadas Sul do Piauí,0.10395376821528889,0.01284442079563185,[0.079 — 0.129],0.07877870345585046,0.12912883297472733,12.355897257164337,Boa (**)
Distribuicao_PIT_por_Instrucao_SIDRA,Distribuicao_PIT_por_Instrucao_SIDRA,Instrucao_sidraFundamental incompleto ou equivalente,Estrato agregado,Agreg_Alto Parnaíba e Chapadas Sul do Piauí,Alto Parnaíba e Chapadas Sul do Piauí,0.365971798821389,0.02441307824888548,[0.318 — 0.414],0.31812216545357347,0.4138214321892046,6.670753956317868,Boa (**)
Distribuicao_PIT_por_Instrucao_SIDRA,Distribuicao_PIT_por_Instrucao_SIDRA,Instrucao_sidraFundamental completo ou equivalente,Estrato agregado,Agreg_Alto Parnaíba e Chapadas Sul do Piauí,Alto Parnaíba e Chapadas Sul do Piauí,0.07236785607115699,0.00953029611011056,[0.054 — 0.091],0.0536884756953403,0.09104723644697368,13.169239255533183,Boa (**)
Distribuicao_PIT_por_Instrucao_SIDRA,Distribuicao_PIT_por_Instrucao_SIDRA,Instrucao_sidraMédio incompleto ou equivalente,Estrato agregado,Agreg_Alto Parnaíba e Chapadas Sul do Piauí,Alto Parnaíba e Chapadas Sul do Piauí,0.08435961818201895,0.00994250177610999,[0.065 — 0.104],0.06487231470084337,0.10384692166319454,11.78585440566777,Boa (**)
Distribuicao_PIT_por_Instrucao_SIDRA,Distribuicao_PIT_por_Instrucao_SIDRA,Instrucao_sidraMédio completo ou equivalente,Estrato agregado,Agreg_Alto Parnaíba e Chapadas Sul do Piauí,Alto Parnaíba e Chapadas Sul do Piauí,0.242448183009756,0.01957321041070222,[0.204 — 0.281],0.20408469060477966,0.28081167541473234,8.0731520309701,Boa (**)
Distribuicao_PIT_por_Instrucao_SIDRA,Distribuicao_PIT_por_Instrucao_SIDRA,Instrucao_sidraSuperior incompleto ou equivalente,Estrato agregado,Agreg_Alto Parnaíba e Chapadas Sul do Piauí,Alto Parnaíba e Chapadas Sul do Piauí,0.03075908543478721,0.00531666654740042,[0.020 — 0.041],0.020338419001882387,0.04117975186769204,17.284865503144957,Regular (*)
Distribuicao_PIT_por_Instrucao_SIDRA,Distribuicao_PIT_por_Instrucao_SIDRA,Instrucao_sidraSuperior completo,Estrato agregado,Agreg_Alto Parnaíba e Chapadas Sul do Piauí,Alto Parnaíba e Chapadas Sul do Piauí,0.10013969026560296,0.01374912051029552,[0.073 — 0.127],0.07319141406542375,0.1270879664657822,13.729941119079147,Boa (**)
Distribuicao_PIT_por_Instrucao_SIDRA,Distribuicao_PIT_por_Instrucao_SIDRA,Instrucao_sidraSem instrução e menos de 1 ano de estudo,Estrato agregado,Agreg_Baixo Parnaíba do Piauí,Baixo Parnaíba do Piauí,0.08854222634953673,0.00993660408960788,[0.069 — 0.108],0.06906648233390529,0.10801797036516818,11.22244662154903,Boa (**)
Distribuicao_PIT_por_Instrucao_SIDRA,Distribuicao_PIT_por_Instrucao_SIDRA,Instrucao_sidraFundamental incompleto ou equivalente,Estrato agregado,Agreg_Baixo Parnaíba do Piauí,Baixo Parnaíba do Piauí,0.37691269088491913,0.01607303776266412,[0.345 — 0.408],0.34540953687009746,0.4084158448997408,4.26439282925913,Excelente (***)
Distribuicao_PIT_por_Instrucao_SIDRA,Distribuicao_PIT_por_Instrucao_SIDRA,Instrucao_sidraFundamental completo ou equivalente,Estrato agregado,Agreg_Baixo Parnaíba do Piauí,Baixo Parnaíba do Piauí,0.08739535499525,0.00818502577877511,[0.071 — 0.103],0.07135270446885078,0.10343800552164922,9.365515797973442,Boa (**)
Distribuicao_PIT_por_Instrucao_SIDRA,Distribuicao_PIT_por_Instrucao_SIDRA,Instrucao_sidraMédio incompleto ou equivalente,Estrato agregado,Agreg_Baixo Parnaíba do Piauí,Baixo Parnaíba do Piauí,0.08362373296871706,0.00727943462782616,[0.069 — 0.098],0.06935604109817778,0.09789142483925634,8.704986454681872,Boa (**)
Distribuicao_PIT_por_Instrucao_SIDRA,Distribuicao_PIT_por_Instrucao_SIDRA,Instrucao_sidraMédio completo ou equivalente,Estrato agregado,Agreg_Baixo Parnaíba do Piauí,Baixo Parnaíba do Piauí,0.21941812549022496,0.01296941639079381,[0.194 — 0.245],0.1939980693642691,0.24483818161618082,5.910822709754484,Boa (**)
Distribuicao_PIT_por_Instrucao_SIDRA,Distribuicao_PIT_por_Instrucao_SIDRA,Instrucao_sidraSuperior incompleto ou equivalente,Estrato agregado,Agreg_Baixo Parnaíba do Piauí,Baixo Parnaíba do Piauí,0.04086538514774263,0.00779281183856423,[0.026 — 0.056],0.025591473944156735,0.05613929635132852,19.06946872124292,Regular (*)
Distribuicao_PIT_por_Instrucao_SIDRA,Distribuicao_PIT_por_Instrucao_SIDRA,Instrucao_sidraSuperior completo,Estrato agregado,Agreg_Baixo Parnaíba do Piauí,Baixo Parnaíba do Piauí,0.10324248416360954,0.01049088542132394,[0.083 — 0.124],0.08268034873781462,0.12380461958940446,10.161403521343901,Boa (**)
Distribuicao_PIT_por_Instrucao_SIDRA,Distribuicao_PIT_por_Instrucao_SIDRA,Instrucao_sidraSem instrução e menos de 1 ano de estudo,Estrato agregado,Agreg_Centro-Leste do Piauí,Centro-Leste do Piauí,0.12730353347765033,0.00983933758614608,[0.108 — 0.147],0.10801843180880402,0.14658863514649664,7.729037299560498,Boa (**)
Distribuicao_PIT_por_Instrucao_SIDRA,Distribuicao_PIT_por_Instrucao_SIDRA,Instrucao_sidraFundamental incompleto ou equivalente,Estrato agregado,Agreg_Centro-Leste do Piauí,Centro-Leste do Piauí,0.3497508739546584,0.01351655665774182,[0.323 — 0.376],0.32325842290548445,0.3762433250038324,3.864624126570189,Excelente (***)
Distribuicao_PIT_por_Instrucao_SIDRA,Distribuicao_PIT_por_Instrucao_SIDRA,Instrucao_sidraFundamental completo ou equivalente,Estrato agregado,Agreg_Centro-Leste do Piauí,Centro-Leste do Piauí,0.07932568892621202,0.00586278053419187,[0.068 — 0.091],0.06783463907919596,0.09081673877322807,7.390771657395086,Boa (**)
Distribuicao_PIT_por_Instrucao_SIDRA,Distribuicao_PIT_por_Instrucao_SIDRA,Instrucao_sidraMédio incompleto ou equivalente,Estrato agregado,Agreg_Centro-Leste do Piauí,Centro-Leste do Piauí,0.08521422633711948,0.00654359172559205,[0.072 — 0.098],0.07238878655495906,0.09803966611927989,7.678989773027663,Boa (**)
Distribuicao_PIT_por_Instrucao_SIDRA,Distribuicao_PIT_por_Instrucao_SIDRA,Instrucao_sidraMédio completo ou equivalente,Estrato agregado,Agreg_Centro-Leste do Piauí,Centro-Leste do Piauí,0.21965336664686047,0.01138943903052722,[0.197 — 0.242],0.1973300661470271,0.24197666714669383,5.185187554551881,Boa (**)
Distribuicao_PIT_por_Instrucao_SIDRA,Distribuicao_PIT_por_Instrucao_SIDRA,Instrucao_sidraSuperior incompleto ou equivalente,Estrato agregado,Agreg_Centro-Leste do Piauí,Centro-Leste do Piauí,0.04168088212293013,0.00515199406526958,[0.032 — 0.052],0.03158297375500175,0.051778790490858505,12.3605686896806,Boa (**)
Distribuicao_PIT_por_Instrucao_SIDRA,Distribuicao_PIT_por_Instrucao_SIDRA,Instrucao_sidraSuperior completo,Estrato agregado,Agreg_Centro-Leste do Piauí,Centro-Leste do Piauí,0.09707142853456904,0.01632151388908177,[0.065 — 0.129],0.06508126131196879,0.1290615957571693,16.813921599257558,Regular (*)
Distribuicao_PIT_por_Instrucao_SIDRA,Distribuicao_PIT_por_Instrucao_SIDRA,Instrucao_sidraSem instrução e menos de 1 ano de estudo,Estrato agregado,Agreg_Entorno metropolitano de Teresina (PI),Entorno metropolitano de Teresina (PI),0.06051256063567195,0.01012248681028328,[0.041 — 0.080],0.04067248648751673,0.08035263478382718,16.727910212274356,Regular (*)
Distribuicao_PIT_por_Instrucao_SIDRA,Distribuicao_PIT_por_Instrucao_SIDRA,Instrucao_sidraFundamental incompleto ou equivalente,Estrato agregado,Agreg_Entorno metropolitano de Teresina (PI),Entorno metropolitano de Teresina (PI),0.32636719254906466,0.014809297912807,[0.297 — 0.355],0.29734096863996295,0.35539341645816636,4.537618440487284,Excelente (***)
Distribuicao_PIT_por_Instrucao_SIDRA,Distribuicao_PIT_por_Instrucao_SIDRA,Instrucao_sidraFundamental completo ou equivalente,Estrato agregado,Agreg_Entorno metropolitano de Teresina (PI),Entorno metropolitano de Teresina (PI),0.08913850103031254,0.01067575741501087,[0.068 — 0.110],0.06821401649689124,0.11006298556373384,11.976595176735652,Boa (**)
Distribuicao_PIT_por_Instrucao_SIDRA,Distribuicao_PIT_por_Instrucao_SIDRA,Instrucao_sidraMédio incompleto ou equivalente,Estrato agregado,Agreg_Entorno metropolitano de Teresina (PI),Entorno metropolitano de Teresina (PI),0.09599769358800134,0.01006880026911013,[0.076 — 0.116],0.07626284506054548,0.1157325421154572,10.488585603236428,Boa (**)
Distribuicao_PIT_por_Instrucao_SIDRA,Distribuicao_PIT_por_Instrucao_SIDRA,Instrucao_sidraMédio completo ou equivalente,Estrato agregado,Agreg_Entorno metropolitano de Teresina (PI),Entorno metropolitano de Teresina (PI),0.32234867000649664,0.01157668491950757,[0.300 — 0.345],0.2996583675642618,0.3450389724487315,3.5913549509213896,Excelente (***)
Distribuicao_PIT_por_Instrucao_SIDRA,Distribuicao_PIT_por_Instrucao_SIDRA,Instrucao_sidraSuperior incompleto ou equivalente,Estrato agregado,Agreg_Entorno metropolitano de Teresina (PI),Entorno metropolitano de Teresina (PI),0.04026091479687163,0.00951164066581966,[0.022 — 0.059],0.0216180990918651,0.058903730501878165,23.62499887001757,Regular (*)
Distribuicao_PIT_por_Instrucao_SIDRA,Distribuicao_PIT_por_Instrucao_SIDRA,Instrucao_sidraSuperior completo,Estrato agregado,Agreg_Entorno metropolitano de Teresina (PI),Entorno metropolitano de Teresina (PI),0.06537446739358126,0.01005037870777006,[0.046 — 0.085],0.04567572512635194,0.08507320966081057,15.373553481151342,Regular (*)
Distribuicao_PIT_por_Instrucao_SIDRA,Distribuicao_PIT_por_Instrucao_SIDRA,Instrucao_sidraSem instrução e menos de 1 ano de estudo,Estrato agregado,Agreg_Teresina,Teresina,0.02614794472531985,0.00311341560919913,[0.020 — 0.032],0.020045650131289554,0.032250239319350144,11.906922864894675,Boa (**)
Distribuicao_PIT_por_Instrucao_SIDRA,Distribuicao_PIT_por_Instrucao_SIDRA,Instrucao_sidraFundamental incompleto ou equivalente,Estrato agregado,Agreg_Teresina,Teresina,0.16946606121975058,0.00915980486555966,[0.152 — 0.187],0.15151284368325366,0.1874192787562475,5.4050969259750055,Boa (**)
Distribuicao_PIT_por_Instrucao_SIDRA,Distribuicao_PIT_por_Instrucao_SIDRA,Instrucao_sidraFundamental completo ou equivalente,Estrato agregado,Agreg_Teresina,Teresina,0.05972913942950334,0.00478141114450031,[0.050 — 0.069],0.05035757358628273,0.06910070527272395,8.005156595540235,Boa (**)
Distribuicao_PIT_por_Instrucao_SIDRA,Distribuicao_PIT_por_Instrucao_SIDRA,Instrucao_sidraMédio incompleto ou equivalente,Estrato agregado,Agreg_Teresina,Teresina,0.08031106617595471,0.00530371563672997,[0.070 — 0.091],0.06991578352796397,0.09070634882394545,6.603966164650312,Boa (**)
Distribuicao_PIT_por_Instrucao_SIDRA,Distribuicao_PIT_por_Instrucao_SIDRA,Instrucao_sidraMédio completo ou equivalente,Estrato agregado,Agreg_Teresina,Teresina,0.34229365025012,0.01035599334815578,[0.322 — 0.363],0.32199590328773464,0.36259139721250533,3.025470481438517,Excelente (***)
Distribuicao_PIT_por_Instrucao_SIDRA,Distribuicao_PIT_por_Instrucao_SIDRA,Instrucao_sidraSuperior incompleto ou equivalente,Estrato agregado,Agreg_Teresina,Teresina,0.08148483109405205,0.00599492171560353,[0.070 — 0.093],0.06973478453146914,0.09323487765663496,7.357101481481903,Boa (**)
Distribuicao_PIT_por_Instrucao_SIDRA,Distribuicao_PIT_por_Instrucao_SIDRA,Instrucao_sidraSuperior completo,Estrato agregado,Agreg_Teresina,Teresina,0.2405673071052996,0.0149832153372561,[0.211 — 0.270],0.21120020504427767,0.26993440916632155,6.228284099592028,Boa (**)
Distribuicao_PIT_por_Instrucao_SIDRA,Distribuicao_PIT_por_Instrucao_SIDRA,Instrucao_sidraSem instrução e menos de 1 ano de estudo,Outro,Micro_2210011,Micro 2210011,0.01928668466765337,0.00399291418879617,[0.011 — 0.027],0.011460572857612875,0.02711279647769386,20.70295780535511,Regular (*)
Distribuicao_PIT_por_Instrucao_SIDRA,Distribuicao_PIT_por_Instrucao_SIDRA,Instrucao_sidraFundamental incompleto ou equivalente,Outro,Micro_2210011,Micro 2210011,0.15801181635089342,0.01485847779733653,[0.129 — 0.187],0.1288891998681138,0.18713443283367304,9.403396619617757,Boa (**)
Distribuicao_PIT_por_Instrucao_SIDRA,Distribuicao_PIT_por_Instrucao_SIDRA,Instrucao_sidraFundamental completo ou equivalente,Outro,Micro_2210011,Micro 2210011,0.05717037716488222,0.00677178967486282,[0.044 — 0.070],0.04389766940215109,0.07044308492761335,11.844927409404072,Boa (**)
Distribuicao_PIT_por_Instrucao_SIDRA,Distribuicao_PIT_por_Instrucao_SIDRA,Instrucao_sidraMédio incompleto ou equivalente,Outro,Micro_2210011,Micro 2210011,0.08367216153251299,0.00831550441074832,[0.067 — 0.100],0.06737377288744628,0.09997055017757969,9.9381971953923,Boa (**)
Distribuicao_PIT_por_Instrucao_SIDRA,Distribuicao_PIT_por_Instrucao_SIDRA,Instrucao_sidraMédio completo ou equivalente,Outro,Micro_2210011,Micro 2210011,0.36767836158221545,0.01510000034402796,[0.338 — 0.397],0.33808236090792065,0.39727436225651025,4.106850421941813,Excelente (***)
Distribuicao_PIT_por_Instrucao_SIDRA,Distribuicao_PIT_por_Instrucao_SIDRA,Instrucao_sidraSuperior incompleto ou equivalente,Outro,Micro_2210011,Micro 2210011,0.0889355705405315,0.00902545571467378,[0.071 — 0.107],0.07124567733977089,0.10662546374129211,10.148308106440401,Boa (**)
Distribuicao_PIT_por_Instrucao_SIDRA,Distribuicao_PIT_por_Instrucao_SIDRA,Instrucao_sidraSuperior completo,Outro,Micro_2210011,Micro 2210011,0.2252450281613111,0.02476623734834897,[0.177 — 0.274],0.1767032029585471,0.27378685336407504,10.995242625560829,Boa (**)
Distribuicao_PIT_por_Instrucao_SIDRA,Distribuicao_PIT_por_Instrucao_SIDRA,Instrucao_sidraSem instrução e menos de 1 ano de estudo,Outro,Micro_2210012,Micro 2210012,0.02807018221683031,0.00919666978558522,[0.010 — 0.046],0.010044709437083278,0.04609565499657734,32.76312819968473,Baixa
Distribuicao_PIT_por_Instrucao_SIDRA,Distribuicao_PIT_por_Instrucao_SIDRA,Instrucao_sidraFundamental incompleto ou equivalente,Outro,Micro_2210012,Micro 2210012,0.11826126634659966,0.01649551202852709,[0.086 — 0.151],0.08593006277068656,0.15059246992251274,13.948364107806954,Boa (**)
Distribuicao_PIT_por_Instrucao_SIDRA,Distribuicao_PIT_por_Instrucao_SIDRA,Instrucao_sidraFundamental completo ou equivalente,Outro,Micro_2210012,Micro 2210012,0.05924419812004249,0.01190669179732653,[0.036 — 0.083],0.03590708219728249,0.08258131404280249,20.09765036097005,Regular (*)
Distribuicao_PIT_por_Instrucao_SIDRA,Distribuicao_PIT_por_Instrucao_SIDRA,Instrucao_sidraMédio incompleto ou equivalente,Outro,Micro_2210012,Micro 2210012,0.05063982220656349,0.00915166467300226,[0.033 — 0.069],0.03270255944747906,0.06857708496564792,18.072071097864363,Regular (*)
Distribuicao_PIT_por_Instrucao_SIDRA,Distribuicao_PIT_por_Instrucao_SIDRA,Instrucao_sidraMédio completo ou equivalente,Outro,Micro_2210012,Micro 2210012,0.28230775953324927,0.02283553927123892,[0.238 — 0.327],0.23755010256162098,0.3270654165048775,8.088881194407774,Boa (**)
Distribuicao_PIT_por_Instrucao_SIDRA,Distribuicao_PIT_por_Instrucao_SIDRA,Instrucao_sidraSuperior incompleto ou equivalente,Outro,Micro_2210012,Micro 2210012,0.0922350377614858,0.01235410842998298,[0.068 — 0.116],0.06802098523871916,0.11644909028425243,13.394159887406296,Boa (**)
Distribuicao_PIT_por_Instrucao_SIDRA,Distribuicao_PIT_por_Instrucao_SIDRA,Instrucao_sidraSuperior completo,Outro,Micro_2210012,Micro 2210012,0.36924173381522896,0.03242975955624819,[0.306 — 0.433],0.3056794050849825,0.43280406254547543,8.782799068015496,Boa (**)
Distribuicao_PIT_por_Instrucao_SIDRA,Distribuicao_PIT_por_Instrucao_SIDRA,Instrucao_sidraSem instrução e menos de 1 ano de estudo,Outro,Micro_2210013,Micro 2210013,0.02156877147283744,0.00516536275451279,[0.011 — 0.032],0.011444660473992372,0.031692882471682504,23.948340131554417,Regular (*)
Distribuicao_PIT_por_Instrucao_SIDRA,Distribuicao_PIT_por_Instrucao_SIDRA,Instrucao_sidraFundamental incompleto ou equivalente,Outro,Micro_2210013,Micro 2210013,0.11604544082728364,0.01508050659024747,[0.086 — 0.146],0.0864876479103986,0.14560323374416867,12.995346032329316,Boa (**)
Distribuicao_PIT_por_Instrucao_SIDRA,Distribuicao_PIT_por_Instrucao_SIDRA,Instrucao_sidraFundamental completo ou equivalente,Outro,Micro_2210013,Micro 2210013,0.0259871157590233,0.01119255796142575,[0.004 — 0.048],0.004049702154628829,0.047924529363417775,43.069642915410675,Baixa
Distribuicao_PIT_por_Instrucao_SIDRA,Distribuicao_PIT_por_Instrucao_SIDRA,Instrucao_sidraMédio incompleto ou equivalente,Outro,Micro_2210013,Micro 2210013,0.03315363081857062,0.01206481818373357,[0.010 — 0.057],0.009506587178452822,0.056800674458688416,36.39063923271898,Baixa
Distribuicao_PIT_por_Instrucao_SIDRA,Distribuicao_PIT_por_Instrucao_SIDRA,Instrucao_sidraMédio completo ou equivalente,Outro,Micro_2210013,Micro 2210013,0.3060264450249633,0.03593696943551677,[0.236 — 0.376],0.23558998493135042,0.37646290511857616,11.7430928012072,Boa (**)
Distribuicao_PIT_por_Instrucao_SIDRA,Distribuicao_PIT_por_Instrucao_SIDRA,Instrucao_sidraSuperior incompleto ou equivalente,Outro,Micro_2210013,Micro 2210013,0.07562333543889539,0.01974733412793107,[0.037 — 0.114],0.03691856054815049,0.1143281103296403,26.11275211986274,Regular (*)
Distribuicao_PIT_por_Instrucao_SIDRA,Distribuicao_PIT_por_Instrucao_SIDRA,Instrucao_sidraSuperior completo,Outro,Micro_2210013,Micro 2210013,0.42159526065842623,0.05402544746914388,[0.316 — 0.527],0.3157053836189042,0.5274851376979482,12.81452912558117,Boa (**)
Distribuicao_PIT_por_Instrucao_SIDRA,Distribuicao_PIT_por_Instrucao_SIDRA,Instrucao_sidraSem instrução e menos de 1 ano de estudo,Outro,Micro_2210020,Micro 2210020,0.07119067240374449,0.01635996009738562,[0.039 — 0.103],0.03912515061286868,0.10325619419462032,22.98048261800814,Regular (*)
Distribuicao_PIT_por_Instrucao_SIDRA,Distribuicao_PIT_por_Instrucao_SIDRA,Instrucao_sidraFundamental incompleto ou equivalente,Outro,Micro_2210020,Micro 2210020,0.30334197627312987,0.03271550829473706,[0.239 — 0.367],0.23921958001544524,0.3674643725308145,10.785025104893473,Boa (**)
Distribuicao_PIT_por_Instrucao_SIDRA,Distribuicao_PIT_por_Instrucao_SIDRA,Instrucao_sidraFundamental completo ou equivalente,Outro,Micro_2210020,Micro 2210020,0.07352329333830222,0.00725190820205837,[0.059 — 0.088],0.05930955326226782,0.08773703341433663,9.863415895545122,Boa (**)
Distribuicao_PIT_por_Instrucao_SIDRA,Distribuicao_PIT_por_Instrucao_SIDRA,Instrucao_sidraMédio incompleto ou equivalente,Outro,Micro_2210020,Micro 2210020,0.10611220464241156,0.01700610090694873,[0.073 — 0.139],0.07278024686479204,0.13944416242003108,16.02652679233057,Regular (*)
Distribuicao_PIT_por_Instrucao_SIDRA,Distribuicao_PIT_por_Instrucao_SIDRA,Instrucao_sidraMédio completo ou equivalente,Outro,Micro_2210020,Micro 2210020,0.345346323800786,0.03269146022734241,[0.281 — 0.409],0.2812710617551949,0.4094215858463771,9.466282967066002,Boa (**)
Distribuicao_PIT_por_Instrucao_SIDRA,Distribuicao_PIT_por_Instrucao_SIDRA,Instrucao_sidraSuperior incompleto ou equivalente,Outro,Micro_2210020,Micro 2210020,0.0405588576544063,0.00792889277092775,[0.025 — 0.056],0.025018227823387907,0.05609948748542469,19.54910278412725,Regular (*)
Distribuicao_PIT_por_Instrucao_SIDRA,Distribuicao_PIT_por_Instrucao_SIDRA,Instrucao_sidraSuperior completo,Outro,Micro_2210020,Micro 2210020,0.05992667188721956,0.01664756387559871,[0.027 — 0.093],0.02729744669104609,0.09255589708339304,27.779890575149896,Regular (*)
Distribuicao_PIT_por_Instrucao_SIDRA,Distribuicao_PIT_por_Instrucao_SIDRA,Instrucao_sidraSem instrução e menos de 1 ano de estudo,Outro,Micro_2210030,Micro 2210030,0.03496194821337502,0.00952463727665671,[0.016 — 0.054],0.016293659151127866,0.053630237275622175,27.242867641491937,Regular (*)
Distribuicao_PIT_por_Instrucao_SIDRA,Distribuicao_PIT_por_Instrucao_SIDRA,Instrucao_sidraFundamental incompleto ou equivalente,Outro,Micro_2210030,Micro 2210030,0.26317905132834957,0.01927775326449339,[0.225 — 0.301],0.2253946549299425,0.3009634477267566,7.32495735021171,Boa (**)
Distribuicao_PIT_por_Instrucao_SIDRA,Distribuicao_PIT_por_Instrucao_SIDRA,Instrucao_sidraFundamental completo ou equivalente,Outro,Micro_2210030,Micro 2210030,0.08422103443448553,0.01000273417103613,[0.065 — 0.104],0.064615675459254715,0.10382639340971635,11.876764798961393,Boa (**)
Distribuicao_PIT_por_Instrucao_SIDRA,Distribuicao_PIT_por_Instrucao_SIDRA,Instrucao_sidraMédio incompleto ou equivalente,Outro,Micro_2210030,Micro 2210030,0.1283510988602743,0.01152709475006599,[0.106 — 0.151],0.10575799315014495,0.15094420457040364,8.98090850208819,Boa (**)
Distribuicao_PIT_por_Instrucao_SIDRA,Distribuicao_PIT_por_Instrucao_SIDRA,Instrucao_sidraMédio completo ou equivalente,Outro,Micro_2210030,Micro 2210030,0.3629791486107204,0.0192839744593645,[0.325 — 0.401],0.325182558670366,0.4007757385510748,5.312694829213383,Boa (**)
Distribuicao_PIT_por_Instrucao_SIDRA,Distribuicao_PIT_por_Instrucao_SIDRA,Instrucao_sidraSuperior incompleto ou equivalente,Outro,Micro_2210030,Micro 2210030,0.06053590558528415,0.0108800790028667,[0.039 — 0.082],0.03921095073966542,0.08186086043090288,17.97293506667483,Regular (*)
Distribuicao_PIT_por_Instrucao_SIDRA,Distribuicao_PIT_por_Instrucao_SIDRA,Instrucao_sidraSuperior completo,Outro,Micro_2210030,Micro 2210030,0.06577181296751103,0.00848588059048208,[0.049 — 0.082],0.049139487010166155,0.0824041389248559,12.902001948271986,Boa (**)
Distribuicao_PIT_por_Instrucao_SIDRA,Distribuicao_PIT_por_Instrucao_SIDRA,Instrucao_sidraSem instrução e menos de 1 ano de estudo,Outro,Micro_2220010,Micro 2220010,0.0481697043307329,0.01308837517799534,[0.023 — 0.074],0.022516488981862034,0.07382291967960376,27.171383673295217,Regular (*)
Distribuicao_PIT_por_Instrucao_SIDRA,Distribuicao_PIT_por_Instrucao_SIDRA,Instrucao_sidraFundamental incompleto ou equivalente,Outro,Micro_2220010,Micro 2220010,0.260052011686732,0.01727257882971107,[0.226 — 0.294],0.22619775718049828,0.29390626619296567,6.6419708571676965,Boa (**)
Distribuicao_PIT_por_Instrucao_SIDRA,Distribuicao_PIT_por_Instrucao_SIDRA,Instrucao_sidraFundamental completo ou equivalente,Outro,Micro_2220010,Micro 2220010,0.083712931091996165,0.01285697820475507,[0.059 — 0.109],0.05851325381067623,0.1089126083733161,15.358413613096308,Regular (*)
Distribuicao_PIT_por_Instrucao_SIDRA,Distribuicao_PIT_por_Instrucao_SIDRA,Instrucao_sidraMédio incompleto ou equivalente,Outro,Micro_2220010,Micro 2220010,0.094357387236675,0.01052805047627075,[0.074 — 0.115],0.07372240830318433,0.11499236617016567,11.157632470114313,Boa (**)
Distribuicao_PIT_por_Instrucao_SIDRA,Distribuicao_PIT_por_Instrucao_SIDRA,Instrucao_sidraMédio completo ou equivalente,Outro,Micro_2220010,Micro 2220010,0.36667177141307905,0.01555232910602326,[0.336 — 0.397],0.33618920636527344,0.39715433646088466,4.2414852515337405,Excelente (***)
Distribuicao_PIT_por_Instrucao_SIDRA,Distribuicao_PIT_por_Instrucao_SIDRA,Instrucao_sidraSuperior incompleto ou equivalente,Outro,Micro_2220010,Micro 2220010,0.05578394244877292,0.01404165072078561,[0.028 — 0.083],0.028262307036033125,0.08330557786151271,25.17149219720394,Regular (*)
Distribuicao_PIT_por_Instrucao_SIDRA,Distribuicao_PIT_por_Instrucao_SIDRA,Instrucao_sidraSuperior completo,Outro,Micro_2220010,Micro 2220010,0.09125225179201198,0.01684071007593686,[0.058 — 0.124],0.05824446004317573,0.12426004354084821,18.455117265841604,Regular (*)
Distribuicao_PIT_por_Instrucao_SIDRA,Distribuicao_PIT_por_Instrucao_SIDRA,Instrucao_sidraSem instrução e menos de 1 ano de estudo,Outro,Micro_2220020,Micro 2220020,0.08349995502292819,0.01570223858401547,[0.053 — 0.114],0.05272356739825786,0.1142763426475985,18.805086277835485,Regular (*)
Distribuicao_PIT_por_Instrucao_SIDRA,Distribuicao_PIT_por_Instrucao_SIDRA,Instrucao_sidraFundamental incompleto ou equivalente,Outro,Micro_2220020,Micro 2220020,0.44987290133177704,0.0275199177093798,[0.396 — 0.504],0.39593386262139263,0.5038119400421615,6.117265038172219,Boa (**)
Distribuicao_PIT_por_Instrucao_SIDRA,Distribuicao_PIT_por_Instrucao_SIDRA,Instrucao_sidraFundamental completo ou equivalente,Outro,Micro_2220020,Micro 2220020,0.09924310833241752,0.01850147511052003,[0.063 — 0.136],0.06298021711579826,0.13550599954903678,18.642579239405553,Regular (*)
Distribuicao_PIT_por_Instrucao_SIDRA,Distribuicao_PIT_por_Instrucao_SIDRA,Instrucao_sidraMédio incompleto ou equivalente,Outro,Micro_2220020,Micro 2220020,0.09905260795160542,0.02126769826959582,[0.057 — 0.141],0.05736791934319761,0.14073729656001321,21.471113895342032,Regular (*)
Distribuicao_PIT_por_Instrucao_SIDRA,Distribuicao_PIT_por_Instrucao_SIDRA,Instrucao_sidraMédio completo ou equivalente,Outro,Micro_2220020,Micro 2220020,0.23980111477880148,0.01505765212200904,[0.210 — 0.269],0.21028811661966376,0.26931411293793917,6.279225238756123,Boa (**)
Distribuicao_PIT_por_Instrucao_SIDRA,Distribuicao_PIT_por_Instrucao_SIDRA,Instrucao_sidraSuperior incompleto ou equivalente,Outro,Micro_2220020,Micro 2220020,0.01135075414177672,0.00561630832944756,[0.000 — 0.022],3.4278981605950255e-4,0.02235871846749394,49.479605137218186,Baixa
Distribuicao_PIT_por_Instrucao_SIDRA,Distribuicao_PIT_por_Instrucao_SIDRA,Instrucao_sidraSuperior completo,Outro,Micro_2220020,Micro 2220020,0.01717955844069357,0.00877431489454237,[-0.000 — 0.034],-1.8098752609475854e-5,0.034377215633996615,51.074158423993445,Baixa
Distribuicao_PIT_por_Instrucao_SIDRA,Distribuicao_PIT_por_Instrucao_SIDRA,Instrucao_sidraSem instrução e menos de 1 ano de estudo,Outro,Micro_2251011,Micro 2251011,0.11951535332485108,0.01901070177004734,[0.082 — 0.157],0.0822543778555583,0.15677632879414388,15.906493384473311,Regular (*)
Distribuicao_PIT_por_Instrucao_SIDRA,Distribuicao_PIT_por_Instrucao_SIDRA,Instrucao_sidraFundamental incompleto ou equivalente,Outro,Micro_2251011,Micro 2251011,0.30551250334630586,0.03297796489628212,[0.241 — 0.370],0.24087569214959292,0.3701493145430188,10.794309409622034,Boa (**)
Distribuicao_PIT_por_Instrucao_SIDRA,Distribuicao_PIT_por_Instrucao_SIDRA,Instrucao_sidraFundamental completo ou equivalente,Outro,Micro_2251011,Micro 2251011,0.06702973542390116,0.01609982399645372,[0.035 — 0.099],0.03547408039085186,0.09858539045695044,24.01892815873016,Regular (*)
Distribuicao_PIT_por_Instrucao_SIDRA,Distribuicao_PIT_por_Instrucao_SIDRA,Instrucao_sidraMédio incompleto ou equivalente,Outro,Micro_2251011,Micro 2251011,0.09632132395356412,0.01180672825858745,[0.073 — 0.119],0.07318013656673271,0.11946251134039552,12.257647397246531,Boa (**)
Distribuicao_PIT_por_Instrucao_SIDRA,Distribuicao_PIT_por_Instrucao_SIDRA,Instrucao_sidraMédio completo ou equivalente,Outro,Micro_2251011,Micro 2251011,0.22096099050286236,0.02972515309718847,[0.163 — 0.279],0.16269969043237295,0.27922229057335174,13.452670097803262,Boa (**)
Distribuicao_PIT_por_Instrucao_SIDRA,Distribuicao_PIT_por_Instrucao_SIDRA,Instrucao_sidraSuperior incompleto ou equivalente,Outro,Micro_2251011,Micro 2251011,0.05232084876983227,0.01112283850457992,[0.031 — 0.074],0.030520085300855627,0.07412161223880892,21.25890303024528,Regular (*)
Distribuicao_PIT_por_Instrucao_SIDRA,Distribuicao_PIT_por_Instrucao_SIDRA,Instrucao_sidraSuperior completo,Outro,Micro_2251011,Micro 2251011,0.13833924467868314,0.04950488809172614,[0.041 — 0.235],0.041309664018899905,0.23536882533846637,35.785136897855566,Baixa
Distribuicao_PIT_por_Instrucao_SIDRA,Distribuicao_PIT_por_Instrucao_SIDRA,Instrucao_sidraSem instrução e menos de 1 ano de estudo,Outro,Micro_2251012,Micro 2251012,0.08045164354221541,0.01631264431036564,[0.048 — 0.112],0.048478860693898757,0.11242442639053207,20.276334444063785,Regular (*)
Distribuicao_PIT_por_Instrucao_SIDRA,Distribuicao_PIT_por_Instrucao_SIDRA,Instrucao_sidraFundamental incompleto ou equivalente,Outro,Micro_2251012,Micro 2251012,0.2358877251054353,0.03158645144093415,[0.174 — 0.298],0.17397828028120435,0.2977971699296662,13.390459985493472,Boa (**)
Distribuicao_PIT_por_Instrucao_SIDRA,Distribuicao_PIT_por_Instrucao_SIDRA,Instrucao_sidraFundamental completo ou equivalente,Outro,Micro_2251012,Micro 2251012,0.0746129442822186,0.01564605302351864,[0.044 — 0.105],0.043946680356122064,0.10527920820831513,20.969622863746622,Regular (*)
Distribuicao_PIT_por_Instrucao_SIDRA,Distribuicao_PIT_por_Instrucao_SIDRA,Instrucao_sidraMédio incompleto ou equivalente,Outro,Micro_2251012,Micro 2251012,0.08803753994723341,0.01775741660358875,[0.053 — 0.123],0.053233003404199467,0.12284207649026736,20.17027805891886,Regular (*)
Distribuicao_PIT_por_Instrucao_SIDRA,Distribuicao_PIT_por_Instrucao_SIDRA,Instrucao_sidraMédio completo ou equivalente,Outro,Micro_2251012,Micro 2251012,0.2447351409394467,0.02615883268602535,[0.193 — 0.296],0.193463828874837,0.29600645300405637,10.688629587729565,Boa (**)
Distribuicao_PIT_por_Instrucao_SIDRA,Distribuicao_PIT_por_Instrucao_SIDRA,Instrucao_sidraSuperior incompleto ou equivalente,Outro,Micro_2251012,Micro 2251012,0.0810572339728148,0.01443323684742591,[0.053 — 0.109],0.05276808975186001,0.10934637819376958,17.806229179084212,Regular (*)
Distribuicao_PIT_por_Instrucao_SIDRA,Distribuicao_PIT_por_Instrucao_SIDRA,Instrucao_sidraSuperior completo,Outro,Micro_2251012,Micro 2251012,0.19521777221063571,0.05137223825768317,[0.095 — 0.296],0.09452818522557671,0.2959073591956947,26.31534909754715,Regular (*)
Distribuicao_PIT_por_Instrucao_SIDRA,Distribuicao_PIT_por_Instrucao_SIDRA,Instrucao_sidraSem instrução e menos de 1 ano de estudo,Outro,Micro_2251013,Micro 2251013,0.10556638632156408,0.0205697359204342,[0.065 — 0.146],0.06524970391751306,0.1458830687256151,19.485118925807555,Regular (*)
Distribuicao_PIT_por_Instrucao_SIDRA,Distribuicao_PIT_por_Instrucao_SIDRA,Instrucao_sidraFundamental incompleto ou equivalente,Outro,Micro_2251013,Micro 2251013,0.33813917758001,0.0278147380666398,[0.284 — 0.393],0.283622290969396,0.392656064190624,8.22582531421054,Boa (**)
Distribuicao_PIT_por_Instrucao_SIDRA,Distribuicao_PIT_por_Instrucao_SIDRA,Instrucao_sidraFundamental completo ou equivalente,Outro,Micro_2251013,Micro 2251013,0.08518857732960028,0.00975496520341855,[0.066 — 0.104],0.06606884553089992,0.10430830912830064,11.45102490170242,Boa (**)
Distribuicao_PIT_por_Instrucao_SIDRA,Distribuicao_PIT_por_Instrucao_SIDRA,Instrucao_sidraMédio incompleto ou equivalente,Outro,Micro_2251013,Micro 2251013,0.09576143588936668,0.01978846746493511,[0.057 — 0.135],0.05697603965809387,0.1345468321206395,20.664338709161328,Regular (*)
Distribuicao_PIT_por_Instrucao_SIDRA,Distribuicao_PIT_por_Instrucao_SIDRA,Instrucao_sidraMédio completo ou equivalente,Outro,Micro_2251013,Micro 2251013,0.2647269020874113,0.03770843610101178,[0.191 — 0.339],0.1908183673294282,0.3386354368453944,14.24427808570837,Boa (**)
Distribuicao_PIT_por_Instrucao_SIDRA,Distribuicao_PIT_por_Instrucao_SIDRA,Instrucao_sidraSuperior incompleto ou equivalente,Outro,Micro_2251013,Micro 2251013,0.0336938497106454,0.00863556121721072,[0.017 — 0.051],0.01676814972491239,0.05061954969637841,25.62948814507936,Regular (*)
Distribuicao_PIT_por_Instrucao_SIDRA,Distribuicao_PIT_por_Instrucao_SIDRA,Instrucao_sidraSuperior completo,Outro,Micro_2251013,Micro 2251013,0.0769236710814023,0.02251238778387573,[0.033 — 0.121],0.03279939102500587,0.12104795113779873,29.265878067692103,Regular (*)
Distribuicao_PIT_por_Instrucao_SIDRA,Distribuicao_PIT_por_Instrucao_SIDRA,Instrucao_sidraSem instrução e menos de 1 ano de estudo,Outro,Micro_2251020,Micro 2251020,0.17312483900499165,0.01996010799079996,[0.134 — 0.212],0.13400302734302372,0.21224665066695958,11.529314976127983,Boa (**)
Distribuicao_PIT_por_Instrucao_SIDRA,Distribuicao_PIT_por_Instrucao_SIDRA,Instrucao_sidraFundamental incompleto ou equivalente,Outro,Micro_2251020,Micro 2251020,0.43837106707444656,0.02122426680935898,[0.397 — 0.480],0.39677150412810297,0.47997063002079016,4.841621266431472,Excelente (***)
Distribuicao_PIT_por_Instrucao_SIDRA,Distribuicao_PIT_por_Instrucao_SIDRA,Instrucao_sidraFundamental completo ou equivalente,Outro,Micro_2251020,Micro 2251020,0.07592900854804607,0.0084612706066095,[0.059 — 0.093],0.05934491815909145,0.09251309893700069,11.143660069333592,Boa (**)
Distribuicao_PIT_por_Instrucao_SIDRA,Distribuicao_PIT_por_Instrucao_SIDRA,Instrucao_sidraMédio incompleto ou equivalente,Outro,Micro_2251020,Micro 2251020,0.07704563342955949,0.00959791486158126,[0.058 — 0.096],0.058233720300860214,0.09585754655825876,12.457441693118593,Boa (**)
Distribuicao_PIT_por_Instrucao_SIDRA,Distribuicao_PIT_por_Instrucao_SIDRA,Instrucao_sidraMédio completo ou equivalente,Outro,Micro_2251020,Micro 2251020,0.17030767276062275,0.01768685104376377,[0.136 — 0.205],0.13564144471484577,0.20497390080639974,10.385234415494397,Boa (**)
Distribuicao_PIT_por_Instrucao_SIDRA,Distribuicao_PIT_por_Instrucao_SIDRA,Instrucao_sidraSuperior incompleto ou equivalente,Outro,Micro_2251020,Micro 2251020,0.01950910330749034,0.00688737963893248,[0.006 — 0.033],0.006009839215182678,0.033008367399798,35.303414669438624,Baixa
Distribuicao_PIT_por_Instrucao_SIDRA,Distribuicao_PIT_por_Instrucao_SIDRA,Instrucao_sidraSuperior completo,Outro,Micro_2251020,Micro 2251020,0.04571267587484305,0.01488996333391718,[0.017 — 0.075],0.016528347740365382,0.07489700400932073,32.57294185683743,Baixa
Distribuicao_PIT_por_Instrucao_SIDRA,Distribuicao_PIT_por_Instrucao_SIDRA,Instrucao_sidraSem instrução e menos de 1 ano de estudo,Outro,Micro_2251021,Micro 2251021,0.13620652784964746,0.02728840842864938,[0.083 — 0.190],0.08272124732949468,0.18969180836980024,20.034581939253222,Regular (*)
Distribuicao_PIT_por_Instrucao_SIDRA,Distribuicao_PIT_por_Instrucao_SIDRA,Instrucao_sidraFundamental incompleto ou equivalente,Outro,Micro_2251021,Micro 2251021,0.4149545433789241,0.02027956943827148,[0.375 — 0.455],0.375206587279912,0.45470249947793623,4.887178550483488,Excelente (***)
Distribuicao_PIT_por_Instrucao_SIDRA,Distribuicao_PIT_por_Instrucao_SIDRA,Instrucao_sidraFundamental completo ou equivalente,Outro,Micro_2251021,Micro 2251021,0.10063712063279784,0.03601103236894272,[0.030 — 0.171],0.0300554971896701,0.17121874407592558,35.78305116691371,Baixa
Distribuicao_PIT_por_Instrucao_SIDRA,Distribuicao_PIT_por_Instrucao_SIDRA,Instrucao_sidraMédio incompleto ou equivalente,Outro,Micro_2251021,Micro 2251021,0.07955097712554114,0.02153643892455076,[0.037 — 0.122],0.037339556833421654,0.12176239741766062,27.072500807329664,Regular (*)
Distribuicao_PIT_por_Instrucao_SIDRA,Distribuicao_PIT_por_Instrucao_SIDRA,Instrucao_sidraMédio completo ou equivalente,Outro,Micro_2251021,Micro 2251021,0.2098798122964162,0.03363003580501109,[0.144 — 0.276],0.14396494211859445,0.27579468247423794,16.023473356987246,Regular (*)
Distribuicao_PIT_por_Instrucao_SIDRA,Distribuicao_PIT_por_Instrucao_SIDRA,Instrucao_sidraSuperior incompleto ou equivalente,Outro,Micro_2251021,Micro 2251021,0.04252375784774539,0.01121032507846341,[0.021 — 0.064],0.020551520693957107,0.06449599500153368,26.362498626300923,Regular (*)
Distribuicao_PIT_por_Instrucao_SIDRA,Distribuicao_PIT_por_Instrucao_SIDRA,Instrucao_sidraSuperior completo,Outro,Micro_2251021,Micro 2251021,0.01624726086892785,0.01011555214706875,[-0.004 — 0.036],-0.0035792213393269004,0.0360737430771826,62.26004634673088,Baixa
Distribuicao_PIT_por_Instrucao_SIDRA,Distribuicao_PIT_por_Instrucao_SIDRA,Instrucao_sidraSem instrução e menos de 1 ano de estudo,Outro,Micro_2251022,Micro 2251022,0.12659467304391123,0.08623838685981564,[-0.042 — 0.296],-0.042432565201327405,0.29562191128914983,68.12165534793283,Baixa
Distribuicao_PIT_por_Instrucao_SIDRA,Distribuicao_PIT_por_Instrucao_SIDRA,Instrucao_sidraFundamental incompleto ou equivalente,Outro,Micro_2251022,Micro 2251022,0.3404951067405321,0.07574797104760331,[0.192 — 0.489],0.19202908348722963,0.4889611299938346,22.246419859808917,Regular (*)
Distribuicao_PIT_por_Instrucao_SIDRA,Distribuicao_PIT_por_Instrucao_SIDRA,Instrucao_sidraFundamental completo ou equivalente,Outro,Micro_2251022,Micro 2251022,0.11854962768651002,0.01446816146039514,[0.090 — 0.147],0.09019203122413555,0.1469072241488845,12.204307801501008,Boa (**)
Distribuicao_PIT_por_Instrucao_SIDRA,Distribuicao_PIT_por_Instrucao_SIDRA,Instrucao_sidraMédio incompleto ou equivalente,Outro,Micro_2251022,Micro 2251022,0.04533362596875015,0.01554600955678646,[0.015 — 0.076],0.014863447237448691,0.07580380470005162,34.29244677560713,Baixa
Distribuicao_PIT_por_Instrucao_SIDRA,Distribuicao_PIT_por_Instrucao_SIDRA,Instrucao_sidraMédio completo ou equivalente,Outro,Micro_2251022,Micro 2251022,0.2863959998619328,0.05112224279157305,[0.186 — 0.387],0.18619640399044962,0.386595595733416,17.85019442178603,Regular (*)
Distribuicao_PIT_por_Instrucao_SIDRA,Distribuicao_PIT_por_Instrucao_SIDRA,Instrucao_sidraSuperior incompleto ou equivalente,Outro,Micro_2251022,Micro 2251022,0.00488792364638595,0.00777745896022134,[-0.010 — 0.020],-0.010355895915647877,0.020131743208419775,159.1158030050626,Baixa
Distribuicao_PIT_por_Instrucao_SIDRA,Distribuicao_PIT_por_Instrucao_SIDRA,Instrucao_sidraSuperior completo,Outro,Micro_2251022,Micro 2251022,0.07774304305197774,0.05462310928113724,[-0.029 — 0.185],-0.029318251139051246,0.1848043372430067,70.26108978602383,Baixa
Distribuicao_PIT_por_Instrucao_SIDRA,Distribuicao_PIT_por_Instrucao_SIDRA,Instrucao_sidraSem instrução e menos de 1 ano de estudo,Outro,Micro_2252011,Micro 2252011,0.07822947036322385,0.01742660571139392,[0.044 — 0.112],0.044073323168891766,0.11238561755755594,22.276267026328064,Regular (*)
Distribuicao_PIT_por_Instrucao_SIDRA,Distribuicao_PIT_por_Instrucao_SIDRA,Instrucao_sidraFundamental incompleto ou equivalente,Outro,Micro_2252011,Micro 2252011,0.3198240433232294,0.03358079556695993,[0.254 — 0.386],0.2540056840119879,0.38564240263447086,10.499772067799661,Boa (**)
Distribuicao_PIT_por_Instrucao_SIDRA,Distribuicao_PIT_por_Instrucao_SIDRA,Instrucao_sidraFundamental completo ou equivalente,Outro,Micro_2252011,Micro 2252011,0.09185062475447744,0.01812482188916461,[0.056 — 0.127],0.05632597385171481,0.12737527565724008,19.73293261489882,Regular (*)
Distribuicao_PIT_por_Instrucao_SIDRA,Distribuicao_PIT_por_Instrucao_SIDRA,Instrucao_sidraMédio incompleto ou equivalente,Outro,Micro_2252011,Micro 2252011,0.07420225943665203,0.01136468970476253,[0.052 — 0.096],0.05192746761531747,0.09647705125798658,15.3158270260824,Regular (*)
Distribuicao_PIT_por_Instrucao_SIDRA,Distribuicao_PIT_por_Instrucao_SIDRA,Instrucao_sidraMédio completo ou equivalente,Outro,Micro_2252011,Micro 2252011,0.2540030816831243,0.02487497253015014,[0.205 — 0.303],0.20524813552403004,0.30275802784221856,9.793177454902827,Boa (**)
Distribuicao_PIT_por_Instrucao_SIDRA,Distribuicao_PIT_por_Instrucao_SIDRA,Instrucao_sidraSuperior incompleto ou equivalente,Outro,Micro_2252011,Micro 2252011,0.04843252946282483,0.0181826027164892,[0.013 — 0.084],0.012794628138505994,0.08407043078714366,37.542129056971,Baixa
Distribuicao_PIT_por_Instrucao_SIDRA,Distribuicao_PIT_por_Instrucao_SIDRA,Instrucao_sidraSuperior completo,Outro,Micro_2252011,Micro 2252011,0.13345799097646807,0.02443139568396409,[0.086 — 0.181],0.08557245543589846,0.18134352651703767,18.306431488446385,Regular (*)
Distribuicao_PIT_por_Instrucao_SIDRA,Distribuicao_PIT_por_Instrucao_SIDRA,Instrucao_sidraSem instrução e menos de 1 ano de estudo,Outro,Micro_2252012,Micro 2252012,0.07520449359108687,0.01526521284423898,[0.045 — 0.105],0.04528467641637847,0.10512431076579527,20.29827223788153,Regular (*)
Distribuicao_PIT_por_Instrucao_SIDRA,Distribuicao_PIT_por_Instrucao_SIDRA,Instrucao_sidraFundamental incompleto ou equivalente,Outro,Micro_2252012,Micro 2252012,0.2900139181422799,0.02684974756669882,[0.237 — 0.343],0.23738841291155022,0.34263942337300957,9.258089314708826,Boa (**)
Distribuicao_PIT_por_Instrucao_SIDRA,Distribuicao_PIT_por_Instrucao_SIDRA,Instrucao_sidraFundamental completo ou equivalente,Outro,Micro_2252012,Micro 2252012,0.05499699448026033,0.00895667844327665,[0.037 — 0.073],0.037441904731438096,0.07255208422908258,16.28575984546102,Regular (*)
Distribuicao_PIT_por_Instrucao_SIDRA,Distribuicao_PIT_por_Instrucao_SIDRA,Instrucao_sidraMédio incompleto ou equivalente,Outro,Micro_2252012,Micro 2252012,0.0840502399592245,0.01837081182485159,[0.048 — 0.120],0.04804344878251539,0.12005703113593362,21.856941555150666,Regular (*)
Distribuicao_PIT_por_Instrucao_SIDRA,Distribuicao_PIT_por_Instrucao_SIDRA,Instrucao_sidraMédio completo ou equivalente,Outro,Micro_2252012,Micro 2252012,0.284916408607831,0.03402240831389576,[0.218 — 0.352],0.21823248831259534,0.3516003289030667,11.94118951594866,Boa (**)
Distribuicao_PIT_por_Instrucao_SIDRA,Distribuicao_PIT_por_Instrucao_SIDRA,Instrucao_sidraSuperior incompleto ou equivalente,Outro,Micro_2252012,Micro 2252012,0.05345355723141142,0.01170423443624749,[0.031 — 0.076],0.030513257736366334,0.0763938567264565,21.896081462974408,Regular (*)
Distribuicao_PIT_por_Instrucao_SIDRA,Distribuicao_PIT_por_Instrucao_SIDRA,Instrucao_sidraSuperior completo,Outro,Micro_2252012,Micro 2252012,0.15736438798790592,0.02926681052193364,[0.100 — 0.215],0.10000143936491598,0.21472733661089585,18.598115428875122,Regular (*)
Distribuicao_PIT_por_Instrucao_SIDRA,Distribuicao_PIT_por_Instrucao_SIDRA,Instrucao_sidraSem instrução e menos de 1 ano de estudo,Outro,Micro_2252013,Micro 2252013,0.07725116718997221,0.01822547517424615,[0.042 — 0.113],0.04152923584844976,0.11297309853149468,23.592491657021792,Regular (*)
Distribuicao_PIT_por_Instrucao_SIDRA,Distribuicao_PIT_por_Instrucao_SIDRA,Instrucao_sidraFundamental incompleto ou equivalente,Outro,Micro_2252013,Micro 2252013,0.32397580251313257,0.04361138067906992,[0.238 — 0.409],0.23849749638215553,0.4094541086441096,13.461308017688173,Boa (**)
Distribuicao_PIT_por_Instrucao_SIDRA,Distribuicao_PIT_por_Instrucao_SIDRA,Instrucao_sidraFundamental completo ou equivalente,Outro,Micro_2252013,Micro 2252013,0.07728202970105662,0.01770371736586851,[0.043 — 0.112],0.04258274366395434,0.11198131573815889,22.907935304430108,Regular (*)
Distribuicao_PIT_por_Instrucao_SIDRA,Distribuicao_PIT_por_Instrucao_SIDRA,Instrucao_sidraMédio incompleto ou equivalente,Outro,Micro_2252013,Micro 2252013,0.09453294371813407,0.01890767492845132,[0.057 — 0.132],0.05747390085836949,0.13159198657789867,20.001149001376433,Regular (*)
Distribuicao_PIT_por_Instrucao_SIDRA,Distribuicao_PIT_por_Instrucao_SIDRA,Instrucao_sidraMédio completo ou equivalente,Outro,Micro_2252013,Micro 2252013,0.2735025996155,0.05144584344201659,[0.173 — 0.374],0.17266874646914748,0.3743364527618525,18.81000162862841,Regular (*)
Distribuicao_PIT_por_Instrucao_SIDRA,Distribuicao_PIT_por_Instrucao_SIDRA,Instrucao_sidraSuperior incompleto ou equivalente,Outro,Micro_2252013,Micro 2252013,0.04816017118430624,0.01723952693996913,[0.014 — 0.082],0.014370698381966744,0.08194964398664573,35.79623268778352,Baixa
Distribuicao_PIT_por_Instrucao_SIDRA,Distribuicao_PIT_por_Instrucao_SIDRA,Instrucao_sidraSuperior completo,Outro,Micro_2252013,Micro 2252013,0.10529528607789829,0.04770224786784581,[0.012 — 0.199],0.011798880256920496,0.19879169189887608,45.30330810113884,Baixa
Distribuicao_PIT_por_Instrucao_SIDRA,Distribuicao_PIT_por_Instrucao_SIDRA,Instrucao_sidraSem instrução e menos de 1 ano de estudo,Outro,Micro_2252020,Micro 2252020,0.09392001897768504,0.01687487374852252,[0.061 — 0.127],0.0608452664305809,0.12699477152478916,17.967281025072953,Regular (*)
Distribuicao_PIT_por_Instrucao_SIDRA,Distribuicao_PIT_por_Instrucao_SIDRA,Instrucao_sidraFundamental incompleto ou equivalente,Outro,Micro_2252020,Micro 2252020,0.4845234499966101,0.02287901623832181,[0.440 — 0.529],0.43968057816949935,0.5293663218237209,4.721962629152805,Excelente (***)
Distribuicao_PIT_por_Instrucao_SIDRA,Distribuicao_PIT_por_Instrucao_SIDRA,Instrucao_sidraFundamental completo ou equivalente,Outro,Micro_2252020,Micro 2252020,0.08800517726613422,0.01441342182997337,[0.060 — 0.116],0.05975487047938641,0.11625548405288202,16.377924887743944,Regular (*)
Distribuicao_PIT_por_Instrucao_SIDRA,Distribuicao_PIT_por_Instrucao_SIDRA,Instrucao_sidraMédio incompleto ou equivalente,Outro,Micro_2252020,Micro 2252020,0.10042949607087769,0.01482117808280023,[0.071 — 0.129],0.07137998702858923,0.12947900511316612,14.757793937689629,Boa (**)
Distribuicao_PIT_por_Instrucao_SIDRA,Distribuicao_PIT_por_Instrucao_SIDRA,Instrucao_sidraMédio completo ou equivalente,Outro,Micro_2252020,Micro 2252020,0.15138762808421632,0.01711547236870781,[0.118 — 0.185],0.11784130224154901,0.18493395392688364,11.305727281219138,Boa (**)
Distribuicao_PIT_por_Instrucao_SIDRA,Distribuicao_PIT_por_Instrucao_SIDRA,Instrucao_sidraSuperior incompleto ou equivalente,Outro,Micro_2252020,Micro 2252020,0.0272652250209979,0.00689246269824213,[0.014 — 0.041],0.013755998132443324,0.04077445190955247,25.27931712624416,Regular (*)
Distribuicao_PIT_por_Instrucao_SIDRA,Distribuicao_PIT_por_Instrucao_SIDRA,Instrucao_sidraSuperior completo,Outro,Micro_2252020,Micro 2252020,0.0544690045834787,0.00849685489904391,[0.038 — 0.071],0.037815168981352634,0.07112284018560476,15.599431206828296,Regular (*)
Distribuicao_PIT_por_Instrucao_SIDRA,Distribuicao_PIT_por_Instrucao_SIDRA,Instrucao_sidraSem instrução e menos de 1 ano de estudo,Outro,Micro_2252021,Micro 2252021,0.12895152949878044,0.05131095427553579,[0.028 — 0.230],0.028382059118730305,0.22952099987883057,39.79088458661598,Baixa
Distribuicao_PIT_por_Instrucao_SIDRA,Distribuicao_PIT_por_Instrucao_SIDRA,Instrucao_sidraFundamental incompleto ou equivalente,Outro,Micro_2252021,Micro 2252021,0.429052227398419,0.02932094903013395,[0.372 — 0.487],0.3715831672993564,0.4865212874974815,6.833888081160441,Boa (**)
Distribuicao_PIT_por_Instrucao_SIDRA,Distribuicao_PIT_por_Instrucao_SIDRA,Instrucao_sidraFundamental completo ou equivalente,Outro,Micro_2252021,Micro 2252021,0.0950737154085319,0.03042806625086007,[0.035 — 0.155],0.03543470555684617,0.15471272526021765,32.00470931435741,Baixa
Distribuicao_PIT_por_Instrucao_SIDRA,Distribuicao_PIT_por_Instrucao_SIDRA,Instrucao_sidraMédio incompleto ou equivalente,Outro,Micro_2252021,Micro 2252021,0.08013471396518101,0.01011588589370599,[0.060 — 0.100],0.06030757761351728,0.09996185031684475,12.6236001766992,Boa (**)
Distribuicao_PIT_por_Instrucao_SIDRA,Distribuicao_PIT_por_Instrucao_SIDRA,Instrucao_sidraMédio completo ou equivalente,Outro,Micro_2252021,Micro 2252021,0.16705669912954485,0.02777650954336726,[0.113 — 0.221],0.11261474042454503,0.22149865783454467,16.626995318414522,Regular (*)
Distribuicao_PIT_por_Instrucao_SIDRA,Distribuicao_PIT_por_Instrucao_SIDRA,Instrucao_sidraSuperior incompleto ou equivalente,Outro,Micro_2252021,Micro 2252021,0.04126192872981532,0.01682584408864537,[0.008 — 0.074],0.0082832743160704,0.07424058314356025,40.778132788754576,Baixa
Distribuicao_PIT_por_Instrucao_SIDRA,Distribuicao_PIT_por_Instrucao_SIDRA,Instrucao_sidraSuperior completo,Outro,Micro_2252021,Micro 2252021,0.05846918586972758,0.0307780067406957,[-0.002 — 0.119],-0.001855707342035988,0.11879407908149114,52.639704628812034,Baixa
Distribuicao_PIT_por_Instrucao_SIDRA,Distribuicao_PIT_por_Instrucao_SIDRA,Instrucao_sidraSem instrução e menos de 1 ano de estudo,Outro,Micro_2252022,Micro 2252022,0.15524288434392264,0.04791528902709176,[0.061 — 0.249],0.0613289178508228,0.2491568508370225,30.86472480177641,Baixa
Distribuicao_PIT_por_Instrucao_SIDRA,Distribuicao_PIT_por_Instrucao_SIDRA,Instrucao_sidraFundamental incompleto ou equivalente,Outro,Micro_2252022,Micro 2252022,0.4122102188306176,0.01762588808363699,[0.378 — 0.447],0.3776634781866891,0.4467569594745461,4.275946417252623,Excelente (***)
Distribuicao_PIT_por_Instrucao_SIDRA,Distribuicao_PIT_por_Instrucao_SIDRA,Instrucao_sidraFundamental completo ou equivalente,Outro,Micro_2252022,Micro 2252022,0.178284058136542,0.03819598867224723,[0.103 — 0.253],0.10341992033893742,0.25314819593414656,21.424231123903496,Regular (*)
Distribuicao_PIT_por_Instrucao_SIDRA,Distribuicao_PIT_por_Instrucao_SIDRA,Instrucao_sidraMédio incompleto ou equivalente,Outro,Micro_2252022,Micro 2252022,0.02287916261715847,0.01589027656147162,[-0.008 — 0.054],-0.008265779443325905,0.05402410467764285,69.45305135230142,Baixa
Distribuicao_PIT_por_Instrucao_SIDRA,Distribuicao_PIT_por_Instrucao_SIDRA,Instrucao_sidraMédio completo ou equivalente,Outro,Micro_2252022,Micro 2252022,0.1694412076243378,0.02532816812962711,[0.120 — 0.219],0.11979799809026866,0.21908441715840693,14.948056901117768,Boa (**)
Distribuicao_PIT_por_Instrucao_SIDRA,Distribuicao_PIT_por_Instrucao_SIDRA,Instrucao_sidraSuperior incompleto ou equivalente,Outro,Micro_2252022,Micro 2252022,0.01113926786147216,0.01520078763385989,[-0.019 — 0.041],-0.018654275900893226,0.040932811623837544,136.4612811442974,Baixa
Distribuicao_PIT_por_Instrucao_SIDRA,Distribuicao_PIT_por_Instrucao_SIDRA,Instrucao_sidraSuperior completo,Outro,Micro_2252022,Micro 2252022,0.05080320058594931,0.03079509170680867,[-0.010 — 0.111],-0.009555179159395681,0.11116158033129431,60.61644020775672,Baixa
Distribuicao_PIT_por_Instrucao_SIDRA,Distribuicao_PIT_por_Instrucao_SIDRA,Instrucao_sidraSem instrução e menos de 1 ano de estudo,Outro,Micro_2253010,Micro 2253010,0.04583614561059929,0.01353184250583987,[0.019 — 0.072],0.019313734299153142,0.07235855692204543,29.522208566138087,Regular (*)
Distribuicao_PIT_por_Instrucao_SIDRA,Distribuicao_PIT_por_Instrucao_SIDRA,Instrucao_sidraFundamental incompleto ou equivalente,Outro,Micro_2253010,Micro 2253010,0.3346412348018373,0.06563752747972891,[0.206 — 0.463],0.2059916809415686,0.46329078866210593,19.614297538256796,Regular (*)
Distribuicao_PIT_por_Instrucao_SIDRA,Distribuicao_PIT_por_Instrucao_SIDRA,Instrucao_sidraFundamental completo ou equivalente,Outro,Micro_2253010,Micro 2253010,0.07724027354691786,0.01250223673400643,[0.053 — 0.102],0.052735889548265254,0.10174465754557047,16.186163202040227,Regular (*)
Distribuicao_PIT_por_Instrucao_SIDRA,Distribuicao_PIT_por_Instrucao_SIDRA,Instrucao_sidraMédio incompleto ou equivalente,Outro,Micro_2253010,Micro 2253010,0.06780533041477495,0.03269759433438124,[0.004 — 0.132],0.0037180455193877165,0.13189261531016216,48.222749058761835,Baixa
Distribuicao_PIT_por_Instrucao_SIDRA,Distribuicao_PIT_por_Instrucao_SIDRA,Instrucao_sidraMédio completo ou equivalente,Outro,Micro_2253010,Micro 2253010,0.2658533550101686,0.06373577135190327,[0.141 — 0.391],0.1409312431604382,0.390775466859899,23.974033109142233,Regular (*)
Distribuicao_PIT_por_Instrucao_SIDRA,Distribuicao_PIT_por_Instrucao_SIDRA,Instrucao_sidraSuperior incompleto ou equivalente,Outro,Micro_2253010,Micro 2253010,0.04731043619259909,0.01889257779562977,[0.010 — 0.084],0.010280983713164736,0.08433988867203343,39.93321414057306,Baixa
Distribuicao_PIT_por_Instrucao_SIDRA,Distribuicao_PIT_por_Instrucao_SIDRA,Instrucao_sidraSuperior completo,Outro,Micro_2253010,Micro 2253010,0.16131322442310292,0.05638493468444007,[0.051 — 0.272],0.050798752441600384,0.27182769640460547,34.95369637925652,Baixa
Distribuicao_PIT_por_Instrucao_SIDRA,Distribuicao_PIT_por_Instrucao_SIDRA,Instrucao_sidraSem instrução e menos de 1 ano de estudo,Outro,Micro_2253011,Micro 2253011,0.0816956432718963,0.02501489163433954,[0.033 — 0.131],0.0326664556685908,0.1307248308752018,30.619615235889558,Baixa
Distribuicao_PIT_por_Instrucao_SIDRA,Distribuicao_PIT_por_Instrucao_SIDRA,Instrucao_sidraFundamental incompleto ou equivalente,Outro,Micro_2253011,Micro 2253011,0.2969111737261811,0.03727207338712701,[0.224 — 0.370],0.22385790988741217,0.36996443756495,12.553274071625289,Boa (**)
Distribuicao_PIT_por_Instrucao_SIDRA,Distribuicao_PIT_por_Instrucao_SIDRA,Instrucao_sidraFundamental completo ou equivalente,Outro,Micro_2253011,Micro 2253011,0.06197760675298466,0.01677659984818287,[0.029 — 0.095],0.02909547105054623,0.09485974245542309,27.068808763537746,Regular (*)
Distribuicao_PIT_por_Instrucao_SIDRA,Distribuicao_PIT_por_Instrucao_SIDRA,Instrucao_sidraMédio incompleto ou equivalente,Outro,Micro_2253011,Micro 2253011,0.1047871791897508,0.01769340386707933,[0.070 — 0.139],0.07010810761027533,0.13946625076922628,16.88508461043669,Regular (*)
Distribuicao_PIT_por_Instrucao_SIDRA,Distribuicao_PIT_por_Instrucao_SIDRA,Instrucao_sidraMédio completo ou equivalente,Outro,Micro_2253011,Micro 2253011,0.29510178946481713,0.03910490881255071,[0.218 — 0.372],0.21845616819221775,0.3717474107374165,13.251328934151688,Boa (**)
Distribuicao_PIT_por_Instrucao_SIDRA,Distribuicao_PIT_por_Instrucao_SIDRA,Instrucao_sidraSuperior incompleto ou equivalente,Outro,Micro_2253011,Micro 2253011,0.03566350878289051,0.00998428868515312,[0.016 — 0.055],0.0160943029599904,0.05523271460579063,27.995811477593758,Regular (*)
Distribuicao_PIT_por_Instrucao_SIDRA,Distribuicao_PIT_por_Instrucao_SIDRA,Instrucao_sidraSuperior completo,Outro,Micro_2253011,Micro 2253011,0.12386309881147946,0.02668148941317355,[0.072 — 0.176],0.0715673795616593,0.17615881806129963,21.541112461414333,Regular (*)
Distribuicao_PIT_por_Instrucao_SIDRA,Distribuicao_PIT_por_Instrucao_SIDRA,Instrucao_sidraSem instrução e menos de 1 ano de estudo,Outro,Micro_2253012,Micro 2253012,0.10564285600200368,0.0189240840662601,[0.069 — 0.143],0.06855165123213389,0.14273406077187348,17.91326435353203,Regular (*)
Distribuicao_PIT_por_Instrucao_SIDRA,Distribuicao_PIT_por_Instrucao_SIDRA,Instrucao_sidraFundamental incompleto ou equivalente,Outro,Micro_2253012,Micro 2253012,0.2659187796416124,0.03339930904560041,[0.200 — 0.331],0.20045613391223563,0.33138142537098925,12.559966276399795,Boa (**)
Distribuicao_PIT_por_Instrucao_SIDRA,Distribuicao_PIT_por_Instrucao_SIDRA,Instrucao_sidraFundamental completo ou equivalente,Outro,Micro_2253012,Micro 2253012,0.06023743620885598,0.01983693498813425,[0.021 — 0.099],0.021357043632112854,0.0991178287855991,32.93124049860851,Baixa
Distribuicao_PIT_por_Instrucao_SIDRA,Distribuicao_PIT_por_Instrucao_SIDRA,Instrucao_sidraMédio incompleto ou equivalente,Outro,Micro_2253012,Micro 2253012,0.08083197499285119,0.01277410767816254,[0.056 — 0.106],0.05579472394365261,0.10586922604204976,15.803285369796155,Regular (*)
Distribuicao_PIT_por_Instrucao_SIDRA,Distribuicao_PIT_por_Instrucao_SIDRA,Instrucao_sidraMédio completo ou equivalente,Outro,Micro_2253012,Micro 2253012,0.289056278232755,0.03072252531241262,[0.229 — 0.349],0.22884012862042624,0.3492724278450837,10.628561849701155,Boa (**)
Distribuicao_PIT_por_Instrucao_SIDRA,Distribuicao_PIT_por_Instrucao_SIDRA,Instrucao_sidraSuperior incompleto ou equivalente,Outro,Micro_2253012,Micro 2253012,0.03814409830320378,0.01097289523332323,[0.017 — 0.060],0.01663722364589025,0.059650972960517315,28.76695405433558,Regular (*)
Distribuicao_PIT_por_Instrucao_SIDRA,Distribuicao_PIT_por_Instrucao_SIDRA,Instrucao_sidraSuperior completo,Outro,Micro_2253012,Micro 2253012,0.16016857661871797,0.03167259343422991,[0.098 — 0.222],0.09809029348762735,0.2222468597498086,19.774536368408054,Regular (*)
Distribuicao_PIT_por_Instrucao_SIDRA,Distribuicao_PIT_por_Instrucao_SIDRA,Instrucao_sidraSem instrução e menos de 1 ano de estudo,Outro,Micro_2253020,Micro 2253020,0.16798502872476517,0.02585406767595359,[0.117 — 0.219],0.11731105607989614,0.2186590013696342,15.390697535501301,Regular (*)
Distribuicao_PIT_por_Instrucao_SIDRA,Distribuicao_PIT_por_Instrucao_SIDRA,Instrucao_sidraFundamental incompleto ou equivalente,Outro,Micro_2253020,Micro 2253020,0.4779770767367388,0.06613319311145988,[0.348 — 0.608],0.34835601823827744,0.6075981352352001,13.836059579042292,Boa (**)
Distribuicao_PIT_por_Instrucao_SIDRA,Distribuicao_PIT_por_Instrucao_SIDRA,Instrucao_sidraFundamental completo ou equivalente,Outro,Micro_2253020,Micro 2253020,0.08552063313633197,0.02303834646306933,[0.040 — 0.131],0.04036547406871609,0.13067579220394787,26.93893346924005,Regular (*)
Distribuicao_PIT_por_Instrucao_SIDRA,Distribuicao_PIT_por_Instrucao_SIDRA,Instrucao_sidraMédio incompleto ou equivalente,Outro,Micro_2253020,Micro 2253020,0.0660702141132015,0.01736925054395072,[0.032 — 0.100],0.032026483047058095,0.10011394517934491,26.289078637146666,Regular (*)
Distribuicao_PIT_por_Instrucao_SIDRA,Distribuicao_PIT_por_Instrucao_SIDRA,Instrucao_sidraMédio completo ou equivalente,Outro,Micro_2253020,Micro 2253020,0.15371407638599946,0.02201428124531899,[0.111 — 0.197],0.11056608514517424,0.19686206762682468,14.321577934110458,Boa (**)
Distribuicao_PIT_por_Instrucao_SIDRA,Distribuicao_PIT_por_Instrucao_SIDRA,Instrucao_sidraSuperior incompleto ou equivalente,Outro,Micro_2253020,Micro 2253020,0.01436411085495333,0.00923329828076911,[-0.004 — 0.032],-0.0037331537753541276,0.03246137548526079,64.28033293536643,Baixa
Distribuicao_PIT_por_Instrucao_SIDRA,Distribuicao_PIT_por_Instrucao_SIDRA,Instrucao_sidraSuperior completo,Outro,Micro_2253020,Micro 2253020,0.03436886004800973,0.01794459692402458,[-0.001 — 0.070],-8.025499230784466e-4,0.0695402700190979,52.21178968100146,Baixa
Distribuicao_PIT_por_Instrucao_SIDRA,Distribuicao_PIT_por_Instrucao_SIDRA,Instrucao_sidraSem instrução e menos de 1 ano de estudo,Outro,Micro_2253021,Micro 2253021,0.099647031522617,0.05021094013282752,[0.001 — 0.198],0.0012335888622750646,0.19806047418295894,50.388796701315776,Baixa
Distribuicao_PIT_por_Instrucao_SIDRA,Distribuicao_PIT_por_Instrucao_SIDRA,Instrucao_sidraFundamental incompleto ou equivalente,Outro,Micro_2253021,Micro 2253021,0.4567263958077258,0.06371210987202999,[0.332 — 0.582],0.331850660458547,0.5816021311569046,13.94973236862179,Boa (**)
Distribuicao_PIT_por_Instrucao_SIDRA,Distribuicao_PIT_por_Instrucao_SIDRA,Instrucao_sidraFundamental completo ou equivalente,Outro,Micro_2253021,Micro 2253021,0.09628963782706255,0.03633670855619479,[0.025 — 0.168],0.02506968905692078,0.16750958659720433,37.73688361094056,Baixa
Distribuicao_PIT_por_Instrucao_SIDRA,Distribuicao_PIT_por_Instrucao_SIDRA,Instrucao_sidraMédio incompleto ou equivalente,Outro,Micro_2253021,Micro 2253021,0.0726116008528872,0.010228953567066471,[0.053 — 0.093],0.05256285186143692,0.09266034984433749,14.087216707686379,Boa (**)
Distribuicao_PIT_por_Instrucao_SIDRA,Distribuicao_PIT_por_Instrucao_SIDRA,Instrucao_sidraMédio completo ou equivalente,Outro,Micro_2253021,Micro 2253021,0.19525662807094304,0.04882527827800891,[0.100 — 0.291],0.09955908264604559,0.2909541734958405,25.00569571460033,Regular (*)
Distribuicao_PIT_por_Instrucao_SIDRA,Distribuicao_PIT_por_Instrucao_SIDRA,Instrucao_sidraSuperior incompleto ou equivalente,Outro,Micro_2253021,Micro 2253021,0.0253646641781797,0.02637682722182329,[-0.026 — 0.077],-0.02633391717659395,0.07706324553295335,103.99044527667873,Baixa
Distribuicao_PIT_por_Instrucao_SIDRA,Distribuicao_PIT_por_Instrucao_SIDRA,Instrucao_sidraSuperior completo,Outro,Micro_2253021,Micro 2253021,0.05410404174058466,0.00581641380803478,[0.043 — 0.066],0.042703870676836495,0.06550421280433283,10.750423851739264,Boa (**)
Distribuicao_PIT_por_Instrucao_SIDRA,Distribuicao_PIT_por_Instrucao_SIDRA,Instrucao_sidraSem instrução e menos de 1 ano de estudo,Outro,Micro_2253022,Micro 2253022,0.10652481913828724,0.02689458771043066,[0.054 — 0.159],0.053811427225843145,0.15923821105073133,25.247250291518387,Regular (*)
Distribuicao_PIT_por_Instrucao_SIDRA,Distribuicao_PIT_por_Instrucao_SIDRA,Instrucao_sidraFundamental incompleto ou equivalente,Outro,Micro_2253022,Micro 2253022,0.5155856564100096,0.02021569813971036,[0.476 — 0.555],0.47596288805617737,0.5552084247638419,3.9209194220938937,Excelente (***)
Distribuicao_PIT_por_Instrucao_SIDRA,Distribuicao_PIT_por_Instrucao_SIDRA,Instrucao_sidraFundamental completo ou equivalente,Outro,Micro_2253022,Micro 2253022,0.05510567115809061,0.02938000359602203,[-0.002 — 0.113],-0.0024791358901125604,0.11269047820629378,53.31575313135163,Baixa
Distribuicao_PIT_por_Instrucao_SIDRA,Distribuicao_PIT_por_Instrucao_SIDRA,Instrucao_sidraMédio incompleto ou equivalente,Outro,Micro_2253022,Micro 2253022,0.10259157962844132,0.0381173345271767,[0.028 — 0.177],0.027881603955174986,0.17730155530170766,37.15444743635616,Baixa
Distribuicao_PIT_por_Instrucao_SIDRA,Distribuicao_PIT_por_Instrucao_SIDRA,Instrucao_sidraMédio completo ou equivalente,Outro,Micro_2253022,Micro 2253022,0.19216613930383655,0.00343940202769451,[0.185 — 0.199],0.18542491132955533,0.19890736727811778,1.7898064873210697,Excelente (***)
Distribuicao_PIT_por_Instrucao_SIDRA,Distribuicao_PIT_por_Instrucao_SIDRA,Instrucao_sidraSuperior incompleto ou equivalente,Outro,Micro_2253022,Micro 2253022,0.00708491257719488,0.01063006901432165,[-0.014 — 0.028],-0.013750022690875552,0.027919847845265314,150.0381112469619,Baixa
Distribuicao_PIT_por_Instrucao_SIDRA,Distribuicao_PIT_por_Instrucao_SIDRA,Instrucao_sidraSuperior completo,Outro,Micro_2253022,Micro 2253022,0.02094122178413982,0.01365770911478108,[-0.006 — 0.048],-0.005827888080831095,0.04771033164911073,65.2192563335773,Baixa
Distribuicao_PIT_por_Instrucao_SIDRA,Distribuicao_PIT_por_Instrucao_SIDRA,Instrucao_sidraSem instrução e menos de 1 ano de estudo,Outro,Micro_2254020,Micro 2254020,0.11165326921788464,0.0202312387963927,[0.072 — 0.151],0.07200004117695495,0.15130649725881434,18.119701230523447,Regular (*)
Distribuicao_PIT_por_Instrucao_SIDRA,Distribuicao_PIT_por_Instrucao_SIDRA,Instrucao_sidraFundamental incompleto ou equivalente,Outro,Micro_2254020,Micro 2254020,0.4896232351296802,0.02781262820956806,[0.435 — 0.544],0.4351104838389268,0.5441359864204336,5.680414288795279,Boa (**)
Distribuicao_PIT_por_Instrucao_SIDRA,Distribuicao_PIT_por_Instrucao_SIDRA,Instrucao_sidraFundamental completo ou equivalente,Outro,Micro_2254020,Micro 2254020,0.07099353060909686,0.01502924305732038,[0.042 — 0.100],0.04153621421674891,0.1004508470014448,21.169876928750163,Regular (*)
Distribuicao_PIT_por_Instrucao_SIDRA,Distribuicao_PIT_por_Instrucao_SIDRA,Instrucao_sidraMédio incompleto ou equivalente,Outro,Micro_2254020,Micro 2254020,0.07965628725223782,0.01552296593101318,[0.049 — 0.110],0.04923127402745199,0.11008130047702365,19.487433404796413,Regular (*)
Distribuicao_PIT_por_Instrucao_SIDRA,Distribuicao_PIT_por_Instrucao_SIDRA,Instrucao_sidraMédio completo ou equivalente,Outro,Micro_2254020,Micro 2254020,0.19296136333951777,0.02174035787482606,[0.150 — 0.236],0.1503502619048587,0.23557246477417684,11.266689610071653,Boa (**)
Distribuicao_PIT_por_Instrucao_SIDRA,Distribuicao_PIT_por_Instrucao_SIDRA,Instrucao_sidraSuperior incompleto ou equivalente,Outro,Micro_2254020,Micro 2254020,0.03224417091440597,0.00695780312250227,[0.019 — 0.046],0.018606876794301522,0.04588146503451042,21.578483568308094,Regular (*)
Distribuicao_PIT_por_Instrucao_SIDRA,Distribuicao_PIT_por_Instrucao_SIDRA,Instrucao_sidraSuperior completo,Outro,Micro_2254020,Micro 2254020,0.02286814353717677,0.00908752878678241,[0.005 — 0.041],0.005056587115083246,0.04067969995927029,39.738812956149246,Baixa
Distribuicao_PIT_por_Instrucao_SIDRA,Distribuicao_PIT_por_Instrucao_SIDRA,Instrucao_sidraSem instrução e menos de 1 ano de estudo,Zona,Zona_Rural,Zona Rural,0.13066320164341447,0.00904881190455198,[0.113 — 0.148],0.11292753031049259,0.14839887297633636,6.925294796653292,Boa (**)
Distribuicao_PIT_por_Instrucao_SIDRA,Distribuicao_PIT_por_Instrucao_SIDRA,Instrucao_sidraFundamental incompleto ou equivalente,Zona,Zona_Rural,Zona Rural,0.4492037114895068,0.01317343353746103,[0.423 — 0.475],0.42338378175608316,0.4750236412229304,2.932619032416155,Excelente (***)
Distribuicao_PIT_por_Instrucao_SIDRA,Distribuicao_PIT_por_Instrucao_SIDRA,Instrucao_sidraFundamental completo ou equivalente,Zona,Zona_Rural,Zona Rural,0.08899366376238997,0.00580409873632228,[0.078 — 0.100],0.07761763023919831,0.10036969728558164,6.521923574041208,Boa (**)
Distribuicao_PIT_por_Instrucao_SIDRA,Distribuicao_PIT_por_Instrucao_SIDRA,Instrucao_sidraMédio incompleto ou equivalente,Zona,Zona_Rural,Zona Rural,0.0824568239672965,0.00586212753024021,[0.071 — 0.094],0.07096705400802569,0.09394659392656732,7.109329765799869,Boa (**)
Distribuicao_PIT_por_Instrucao_SIDRA,Distribuicao_PIT_por_Instrucao_SIDRA,Instrucao_sidraMédio completo ou equivalente,Zona,Zona_Rural,Zona Rural,0.18096806099813537,0.00853805299388715,[0.164 — 0.198],0.16423347713011655,0.1977026448661542,4.717988879803007,Excelente (***)
Distribuicao_PIT_por_Instrucao_SIDRA,Distribuicao_PIT_por_Instrucao_SIDRA,Instrucao_sidraSuperior incompleto ou equivalente,Zona,Zona_Rural,Zona Rural,0.02314205267064964,0.00350099987141726,[0.016 — 0.030],0.01628009292267181,0.03000401241862747,15.128303099307484,Regular (*)
Distribuicao_PIT_por_Instrucao_SIDRA,Distribuicao_PIT_por_Instrucao_SIDRA,Instrucao_sidraSuperior completo,Zona,Zona_Rural,Zona Rural,0.04457248546860733,0.00543556167733951,[0.034 — 0.055],0.03391878458102189,0.055226186356192766,12.194881259578422,Boa (**)
Distribuicao_PIT_por_Instrucao_SIDRA,Distribuicao_PIT_por_Instrucao_SIDRA,Instrucao_sidraSem instrução e menos de 1 ano de estudo,Zona,Zona_Urbana,Zona Urbana,0.05990623710632793,0.00448911821669094,[0.051 — 0.069],0.05110756540161369,0.06870490881104217,7.4935740142102025,Boa (**)
Distribuicao_PIT_por_Instrucao_SIDRA,Distribuicao_PIT_por_Instrucao_SIDRA,Instrucao_sidraFundamental incompleto ou equivalente,Zona,Zona_Urbana,Zona Urbana,0.24745892195443775,0.00856729829861936,[0.231 — 0.264],0.2306670172891438,0.2642508266197317,3.462109278968238,Excelente (***)
Distribuicao_PIT_por_Instrucao_SIDRA,Distribuicao_PIT_por_Instrucao_SIDRA,Instrucao_sidraFundamental completo ou equivalente,Zona,Zona_Urbana,Zona Urbana,0.06967636121756196,0.00389406418411785,[0.062 — 0.077],0.06204399541669098,0.07730872701843294,5.58878809982452,Boa (**)
Distribuicao_PIT_por_Instrucao_SIDRA,Distribuicao_PIT_por_Instrucao_SIDRA,Instrucao_sidraMédio incompleto ou equivalente,Zona,Zona_Urbana,Zona Urbana,0.08470938236271398,0.00402659453359125,[0.077 — 0.093],0.07681725707687513,0.09260150764855284,4.75342213729044,Excelente (***)
Distribuicao_PIT_por_Instrucao_SIDRA,Distribuicao_PIT_por_Instrucao_SIDRA,Instrucao_sidraMédio completo ou equivalente,Zona,Zona_Urbana,Zona Urbana,0.2995839517603755,0.00787515068626709,[0.284 — 0.315],0.284148656415292,0.315019247105459,2.6286957762564294,Excelente (***)
Distribuicao_PIT_por_Instrucao_SIDRA,Distribuicao_PIT_por_Instrucao_SIDRA,Instrucao_sidraSuperior incompleto ou equivalente,Zona,Zona_Urbana,Zona Urbana,0.06232530454899106,0.00403048947369729,[0.054 — 0.070],0.05442554518054437,0.07022506391743774,6.46685885109331,Boa (**)
Distribuicao_PIT_por_Instrucao_SIDRA,Distribuicao_PIT_por_Instrucao_SIDRA,Instrucao_sidraSuperior completo,Zona,Zona_Urbana,Zona Urbana,0.17633984104959186,0.00949890268937906,[0.158 — 0.195],0.1577219917784089,0.1949576903207748,5.386702535763143,Boa (**)
Distribuicao_PIT_por_Raca,Distribuicao_PIT_por_Raca,Raca_pitBranca,Agregados nacionais,Brasil,Brasil,0.42406222161833806,0.00186088838875025,[0.420 — 0.428],0.4204148803763876,0.42770956286028855,0.4388243738498063,Excelente (***)
Distribuicao_PIT_por_Raca,Distribuicao_PIT_por_Raca,Raca_pitPreta,Agregados nacionais,Brasil,Brasil,0.109680339584328,0.00101505967296104,[0.108 — 0.112],0.10769082262532437,0.11166985654333164,0.9254709429310335,Excelente (***)
Distribuicao_PIT_por_Raca,Distribuicao_PIT_por_Raca,Raca_pitAmarela,Agregados nacionais,Brasil,Brasil,0.00595526241465068,3.487806600602525e-4,[0.005 — 0.007],0.005271652320932585,0.0066388725083687756,5.856679954223496,Boa (**)
Distribuicao_PIT_por_Raca,Distribuicao_PIT_por_Raca,Raca_pitParda,Agregados nacionais,Brasil,Brasil,0.4562049756555896,0.00168820386774703,[0.453 — 0.460],0.4528960960748054,0.4595138552363738,0.3700538042841369,Excelente (***)
Distribuicao_PIT_por_Raca,Distribuicao_PIT_por_Raca,Raca_pitIndígena,Agregados nacionais,Brasil,Brasil,0.00409720072709357,2.02669712670485e-4,[0.004 — 0.004],0.0036999680902594194,0.00449443336392772,4.946540971993159,Excelente (***)
Distribuicao_PIT_por_Raca,Distribuicao_PIT_por_Raca,Raca_pitBranca,Agregados nacionais,Nordeste,Nordeste,0.24623131062776257,0.00250013982782468,[0.241 — 0.251],0.2413310365652262,0.25113158469029895,1.015362271130595,Excelente (***)
Distribuicao_PIT_por_Raca,Distribuicao_PIT_por_Raca,Raca_pitPreta,Agregados nacionais,Nordeste,Nordeste,0.1410981941383383,0.00212415931782708,[0.137 — 0.145],0.13693484187539723,0.14526154640127936,1.5054475578507187,Excelente (***)
Distribuicao_PIT_por_Raca,Distribuicao_PIT_por_Raca,Raca_pitAmarela,Agregados nacionais,Nordeste,Nordeste,0.00295594138773658,2.1151880268421763e-4,[0.003 — 0.003],0.0025413645344755133,0.0033705182409976466,7.155717077535884,Boa (**)
Distribuicao_PIT_por_Raca,Distribuicao_PIT_por_Raca,Raca_pitParda,Agregados nacionais,Nordeste,Nordeste,0.605228416485831,0.00247898701090945,[0.600 — 0.610],0.6003696019444485,0.6100872310272135,0.40959527731749945,Excelente (***)
Distribuicao_PIT_por_Raca,Distribuicao_PIT_por_Raca,Raca_pitIndígena,Agregados nacionais,Nordeste,Nordeste,0.00448613736033142,3.860139241857724e-4,[0.004 — 0.005],0.0037295500689273064,0.005242724651735534,8.6045944022823,Boa (**)
Distribuicao_PIT_por_Raca,Distribuicao_PIT_por_Raca,Raca_pitBranca,Agregados nacionais,Piauí,Piauí,0.1944306900054955,0.00680643956194604,[0.181 — 0.208],0.18109006846408127,0.20777131154690975,3.500702261434992,Excelente (***)
Distribuicao_PIT_por_Raca,Distribuicao_PIT_por_Raca,Raca_pitPreta,Agregados nacionais,Piauí,Piauí,0.13661186120386873,0.00585033941064,[0.125 — 0.148],0.12514519595901433,0.14807852644872313,4.282453484701022,Excelente (***)
Distribuicao_PIT_por_Raca,Distribuicao_PIT_por_Raca,Raca_pitAmarela,Agregados nacionais,Piauí,Piauí,3.1389206801418334e-4,1.4680845683913657e-4,[0.000 — 0.001],2.614749260947569e-5,6.01636643418891e-4,46.770362108195414,Baixa
Distribuicao_PIT_por_Raca,Distribuicao_PIT_por_Raca,Raca_pitParda,Agregados nacionais,Piauí,Piauí,0.6671213099805741,0.00754258475794632,[0.652 — 0.682],0.6523378438549993,0.6819047761061489,1.1306166727256775,Excelente (***)
Distribuicao_PIT_por_Raca,Distribuicao_PIT_por_Raca,Raca_pitIndígena,Agregados nacionais,Piauí,Piauí,0.00152224674204748,5.619350569638522e-4,[0.000 — 0.003],4.208540303983297e-4,0.0026236394536966303,36.91484707715834,Baixa
Distribuicao_PIT_por_Raca,Distribuicao_PIT_por_Raca,Raca_pitBranca,Agregados nacionais,Teresina,Teresina,0.21895327335002704,0.01300716083161045,[0.193 — 0.244],0.19345923812007057,0.2444473085799835,5.940610356081184,Boa (**)
Distribuicao_PIT_por_Raca,Distribuicao_PIT_por_Raca,Raca_pitPreta,Agregados nacionais,Teresina,Teresina,0.13905940316583806,0.00933600738504782,[0.121 — 0.157],0.12076082869114434,0.15735797764053178,6.713682909967604,Boa (**)
Distribuicao_PIT_por_Raca,Distribuicao_PIT_por_Raca,Raca_pitAmarela,Agregados nacionais,Teresina,Teresina,5.613301336800244e-4,3.958169083285964e-4,[-0.000 — 0.001],-2.1447100664402456e-4,0.0013371312740040734,70.51410294574073,Baixa
Distribuicao_PIT_por_Raca,Distribuicao_PIT_por_Raca,Raca_pitParda,Agregados nacionais,Teresina,Teresina,0.6410324286996715,0.01282282613697982,[0.616 — 0.666],0.615899689471191,0.666165167928152,2.0003396962289113,Excelente (***)
Distribuicao_PIT_por_Raca,Distribuicao_PIT_por_Raca,Raca_pitIndígena,Agregados nacionais,Teresina,Teresina,3.935646507834848e-4,4.122793209371764e-4,[-0.000 — 0.001],-4.14502818253381e-4,0.0012016321198203505,104.755170495225,Baixa
Distribuicao_PIT_por_Raca,Distribuicao_PIT_por_Raca,Raca_pitBranca,Estrato administrativo,Admin_Capital,Capital,0.21895327335002704,0.01300716083161045,[0.193 — 0.244],0.19345923812007057,0.2444473085799835,5.940610356081184,Boa (**)
Distribuicao_PIT_por_Raca,Distribuicao_PIT_por_Raca,Raca_pitPreta,Estrato administrativo,Admin_Capital,Capital,0.13905940316583806,0.00933600738504782,[0.121 — 0.157],0.12076082869114434,0.15735797764053178,6.713682909967604,Boa (**)
Distribuicao_PIT_por_Raca,Distribuicao_PIT_por_Raca,Raca_pitAmarela,Estrato administrativo,Admin_Capital,Capital,5.613301336800244e-4,3.958169083285964e-4,[-0.000 — 0.001],-2.1447100664402456e-4,0.0013371312740040734,70.51410294574073,Baixa
Distribuicao_PIT_por_Raca,Distribuicao_PIT_por_Raca,Raca_pitParda,Estrato administrativo,Admin_Capital,Capital,0.6410324286996715,0.01282282613697982,[0.616 — 0.666],0.615899689471191,0.666165167928152,2.0003396962289113,Excelente (***)
Distribuicao_PIT_por_Raca,Distribuicao_PIT_por_Raca,Raca_pitIndígena,Estrato administrativo,Admin_Capital,Capital,3.935646507834848e-4,4.122793209371764e-4,[-0.000 — 0.001],-4.14502818253381e-4,0.0012016321198203505,104.755170495225,Baixa
Distribuicao_PIT_por_Raca,Distribuicao_PIT_por_Raca,Raca_pitBranca,Estrato administrativo,"Admin_Resto da RIDE (Região Integrada de Desenvolvimento Econômico, excluindo a capital)","Resto da RIDE (Região Integrada de Desenvolvimento Econômico, excluindo a capital)",0.10346857973330166,0.01584579147727969,[0.072 — 0.135],0.07241082843783347,0.13452633102876985,15.3145926213769,Regular (*)
Distribuicao_PIT_por_Raca,Distribuicao_PIT_por_Raca,Raca_pitPreta,Estrato administrativo,"Admin_Resto da RIDE (Região Integrada de Desenvolvimento Econômico, excluindo a capital)","Resto da RIDE (Região Integrada de Desenvolvimento Econômico, excluindo a capital)",0.10095480055104712,0.01511846099304207,[0.071 — 0.131],0.07132261700468466,0.13058698409740957,14.975475074508736,Boa (**)
Distribuicao_PIT_por_Raca,Distribuicao_PIT_por_Raca,Raca_pitAmarela,Estrato administrativo,"Admin_Resto da RIDE (Região Integrada de Desenvolvimento Econômico, excluindo a capital)","Resto da RIDE (Região Integrada de Desenvolvimento Econômico, excluindo a capital)",7.65873099809062e-4,7.081327104765745e-4,[-0.001 — 0.002],-6.220670127250241e-4,0.002153813212343148,92.46084118284314,Baixa
Distribuicao_PIT_por_Raca,Distribuicao_PIT_por_Raca,Raca_pitParda,Estrato administrativo,"Admin_Resto da RIDE (Região Integrada de Desenvolvimento Econômico, excluindo a capital)","Resto da RIDE (Região Integrada de Desenvolvimento Econômico, excluindo a capital)",0.7948107466158422,0.02124399178898685,[0.753 — 0.836],0.7531725227094279,0.8364489705222564,2.6728365059782915,Excelente (***)
Distribuicao_PIT_por_Raca,Distribuicao_PIT_por_Raca,Raca_pitIndígena,Estrato administrativo,"Admin_Resto da RIDE (Região Integrada de Desenvolvimento Econômico, excluindo a capital)","Resto da RIDE (Região Integrada de Desenvolvimento Econômico, excluindo a capital)",0,0,[0.000 — 0.000],0,0,NA,NA
Distribuicao_PIT_por_Raca,Distribuicao_PIT_por_Raca,Raca_pitBranca,Estrato administrativo,"Admin_Resto da UF  (Unidade da Federação, excluindo a região metropolitana e a RIDE)","Resto da UF  (Unidade da Federação, excluindo a região metropolitana e a RIDE)",0.19326079258143852,0.00860335572745809,[0.176 — 0.210],0.17639821535562067,0.21012336980725638,4.4516819022320355,Excelente (***)
Distribuicao_PIT_por_Raca,Distribuicao_PIT_por_Raca,Raca_pitPreta,Estrato administrativo,"Admin_Resto da UF  (Unidade da Federação, excluindo a região metropolitana e a RIDE)","Resto da UF  (Unidade da Federação, excluindo a região metropolitana e a RIDE)",0.13909448681221737,0.00814892963725537,[0.123 — 0.155],0.12312258472319684,0.1550663889012379,5.858556887489525,Boa (**)
Distribuicao_PIT_por_Raca,Distribuicao_PIT_por_Raca,Raca_pitAmarela,Estrato administrativo,"Admin_Resto da UF  (Unidade da Federação, excluindo a região metropolitana e a RIDE)","Resto da UF  (Unidade da Federação, excluindo a região metropolitana e a RIDE)",1.681188734539584e-4,1.2384513182449685e-4,[-0.000 — 0.000],-7.461758492205545e-5,4.1085533182997225e-4,73.66521633183172,Baixa
Distribuicao_PIT_por_Raca,Distribuicao_PIT_por_Raca,Raca_pitParda,Estrato administrativo,"Admin_Resto da UF  (Unidade da Federação, excluindo a região metropolitana e a RIDE)","Resto da UF  (Unidade da Federação, excluindo a região metropolitana e a RIDE)",0.6653421735168242,0.01061268091333061,[0.645 — 0.686],0.6445413189266962,0.6861430281069523,1.595071128173758,Excelente (***)
Distribuicao_PIT_por_Raca,Distribuicao_PIT_por_Raca,Raca_pitIndígena,Estrato administrativo,"Admin_Resto da UF  (Unidade da Federação, excluindo a região metropolitana e a RIDE)","Resto da UF  (Unidade da Federação, excluindo a região metropolitana e a RIDE)",0.00213442821606597,8.358925102483801e-4,[0.000 — 0.004],4.960788959791451e-4,0.003772777536152795,39.16236226435571,Baixa
Distribuicao_PIT_por_Raca,Distribuicao_PIT_por_Raca,Raca_pitBranca,Estrato agregado,Agreg_Alto Parnaíba e Chapadas Sul do Piauí,Alto Parnaíba e Chapadas Sul do Piauí,0.13851134402312212,0.01486265890593318,[0.109 — 0.168],0.1093805325674931,0.16764215547875116,10.730282787128331,Boa (**)
Distribuicao_PIT_por_Raca,Distribuicao_PIT_por_Raca,Raca_pitPreta,Estrato agregado,Agreg_Alto Parnaíba e Chapadas Sul do Piauí,Alto Parnaíba e Chapadas Sul do Piauí,0.1760624907160111,0.01640619838443375,[0.144 — 0.208],0.14390634188252094,0.20821863954950126,9.318395029919778,Boa (**)
Distribuicao_PIT_por_Raca,Distribuicao_PIT_por_Raca,Raca_pitAmarela,Estrato agregado,Agreg_Alto Parnaíba e Chapadas Sul do Piauí,Alto Parnaíba e Chapadas Sul do Piauí,3.7894984700545504e-4,3.846904201931636e-4,[-0.000 — 0.001],-3.750433765731456e-4,0.0011329430705840557,101.5148635718082,Baixa
Distribuicao_PIT_por_Raca,Distribuicao_PIT_por_Raca,Raca_pitParda,Estrato agregado,Agreg_Alto Parnaíba e Chapadas Sul do Piauí,Alto Parnaíba e Chapadas Sul do Piauí,0.6832020220277654,0.01942170924261068,[0.645 — 0.721],0.6451354719122484,0.7212685721432823,2.84274762316517,Excelente (***)
Distribuicao_PIT_por_Raca,Distribuicao_PIT_por_Raca,Raca_pitIndígena,Estrato agregado,Agreg_Alto Parnaíba e Chapadas Sul do Piauí,Alto Parnaíba e Chapadas Sul do Piauí,0.00184519338609604,0.00103971018170832,[-0.000 — 0.004],-1.9263857005226708e-4,0.0038830253422443475,56.34694929771465,Baixa
Distribuicao_PIT_por_Raca,Distribuicao_PIT_por_Raca,Raca_pitBranca,Estrato agregado,Agreg_Baixo Parnaíba do Piauí,Baixo Parnaíba do Piauí,0.1988888426717412,0.01516415643313283,[0.169 — 0.229],0.16916709606280086,0.22861058928068154,7.6244379671718026,Boa (**)
Distribuicao_PIT_por_Raca,Distribuicao_PIT_por_Raca,Raca_pitPreta,Estrato agregado,Agreg_Baixo Parnaíba do Piauí,Baixo Parnaíba do Piauí,0.09703472490448384,0.01085138362215311,[0.076 — 0.118],0.07576601300506375,0.11830343680390393,11.182990040765995,Boa (**)
Distribuicao_PIT_por_Raca,Distribuicao_PIT_por_Raca,Raca_pitAmarela,Estrato agregado,Agreg_Baixo Parnaíba do Piauí,Baixo Parnaíba do Piauí,0,0,[0.000 — 0.000],0,0,NA,NA
Distribuicao_PIT_por_Raca,Distribuicao_PIT_por_Raca,Raca_pitParda,Estrato agregado,Agreg_Baixo Parnaíba do Piauí,Baixo Parnaíba do Piauí,0.702597178155074,0.01730774848974543,[0.669 — 0.737],0.668673991115173,0.7365203651949751,2.4633956736338245,Excelente (***)
Distribuicao_PIT_por_Raca,Distribuicao_PIT_por_Raca,Raca_pitIndígena,Estrato agregado,Agreg_Baixo Parnaíba do Piauí,Baixo Parnaíba do Piauí,0.00147925426870097,0.00101808924154825,[-0.001 — 0.003],-5.162006447335999e-4,0.00347470918213554,68.82449238712022,Baixa
Distribuicao_PIT_por_Raca,Distribuicao_PIT_por_Raca,Raca_pitBranca,Estrato agregado,Agreg_Centro-Leste do Piauí,Centro-Leste do Piauí,0.22582184496912625,0.01567077998295358,[0.195 — 0.257],0.19510711620253723,0.25653657373571526,6.939443783703054,Boa (**)
Distribuicao_PIT_por_Raca,Distribuicao_PIT_por_Raca,Raca_pitPreta,Estrato agregado,Agreg_Centro-Leste do Piauí,Centro-Leste do Piauí,0.15922822473820722,0.01550450748070896,[0.129 — 0.190],0.12883939007601766,0.18961705940039678,9.737285902797995,Boa (**)
Distribuicao_PIT_por_Raca,Distribuicao_PIT_por_Raca,Raca_pitAmarela,Estrato agregado,Agreg_Centro-Leste do Piauí,Centro-Leste do Piauí,2.039531192466186e-4,2.1479653259586504e-4,[-0.000 — 0.001],-2.1704808464127686e-4,6.24954323134514e-4,105.31662050048602,Baixa
Distribuicao_PIT_por_Raca,Distribuicao_PIT_por_Raca,Raca_pitParda,Estrato agregado,Agreg_Centro-Leste do Piauí,Centro-Leste do Piauí,0.6116855250866968,0.02014136932306945,[0.572 — 0.651],0.5722084412134807,0.651162608959913,3.292765399379808,Excelente (***)
Distribuicao_PIT_por_Raca,Distribuicao_PIT_por_Raca,Raca_pitIndígena,Estrato agregado,Agreg_Centro-Leste do Piauí,Centro-Leste do Piauí,0.0030604520867231,0.00181778856468942,[-0.001 — 0.007],-5.024135000681633e-4,0.006623317673514363,59.39607983328274,Baixa
Distribuicao_PIT_por_Raca,Distribuicao_PIT_por_Raca,Raca_pitBranca,Estrato agregado,Agreg_Entorno metropolitano de Teresina (PI),Entorno metropolitano de Teresina (PI),0.10346857973330166,0.01584579147727969,[0.072 — 0.135],0.07241082843783347,0.13452633102876985,15.3145926213769,Regular (*)
Distribuicao_PIT_por_Raca,Distribuicao_PIT_por_Raca,Raca_pitPreta,Estrato agregado,Agreg_Entorno metropolitano de Teresina (PI),Entorno metropolitano de Teresina (PI),0.10095480055104712,0.01511846099304207,[0.071 — 0.131],0.07132261700468466,0.13058698409740957,14.975475074508736,Boa (**)
Distribuicao_PIT_por_Raca,Distribuicao_PIT_por_Raca,Raca_pitAmarela,Estrato agregado,Agreg_Entorno metropolitano de Teresina (PI),Entorno metropolitano de Teresina (PI),7.65873099809062e-4,7.081327104765745e-4,[-0.001 — 0.002],-6.220670127250241e-4,0.002153813212343148,92.46084118284314,Baixa
Distribuicao_PIT_por_Raca,Distribuicao_PIT_por_Raca,Raca_pitParda,Estrato agregado,Agreg_Entorno metropolitano de Teresina (PI),Entorno metropolitano de Teresina (PI),0.7948107466158422,0.02124399178898685,[0.753 — 0.836],0.7531725227094279,0.8364489705222564,2.6728365059782915,Excelente (***)
Distribuicao_PIT_por_Raca,Distribuicao_PIT_por_Raca,Raca_pitIndígena,Estrato agregado,Agreg_Entorno metropolitano de Teresina (PI),Entorno metropolitano de Teresina (PI),0,0,[0.000 — 0.000],0,0,NA,NA
Distribuicao_PIT_por_Raca,Distribuicao_PIT_por_Raca,Raca_pitBranca,Estrato agregado,Agreg_Teresina,Teresina,0.21895327335002704,0.01300716083161045,[0.193 — 0.244],0.19345923812007057,0.2444473085799835,5.940610356081184,Boa (**)
Distribuicao_PIT_por_Raca,Distribuicao_PIT_por_Raca,Raca_pitPreta,Estrato agregado,Agreg_Teresina,Teresina,0.13905940316583806,0.00933600738504782,[0.121 — 0.157],0.12076082869114434,0.15735797764053178,6.713682909967604,Boa (**)
Distribuicao_PIT_por_Raca,Distribuicao_PIT_por_Raca,Raca_pitAmarela,Estrato agregado,Agreg_Teresina,Teresina,5.613301336800244e-4,3.958169083285964e-4,[-0.000 — 0.001],-2.1447100664402456e-4,0.0013371312740040734,70.51410294574073,Baixa
Distribuicao_PIT_por_Raca,Distribuicao_PIT_por_Raca,Raca_pitParda,Estrato agregado,Agreg_Teresina,Teresina,0.6410324286996715,0.01282282613697982,[0.616 — 0.666],0.615899689471191,0.666165167928152,2.0003396962289113,Excelente (***)
Distribuicao_PIT_por_Raca,Distribuicao_PIT_por_Raca,Raca_pitIndígena,Estrato agregado,Agreg_Teresina,Teresina,3.935646507834848e-4,4.122793209371764e-4,[-0.000 — 0.001],-4.14502818253381e-4,0.0012016321198203505,104.755170495225,Baixa
Distribuicao_PIT_por_Raca,Distribuicao_PIT_por_Raca,Raca_pitBranca,Outro,Micro_2210011,Micro 2210011,0.1998342484253361,0.01679210403017104,[0.167 — 0.233],0.16692172452620085,0.23274677232447133,8.403016080822132,Boa (**)
Distribuicao_PIT_por_Raca,Distribuicao_PIT_por_Raca,Raca_pitPreta,Outro,Micro_2210011,Micro 2210011,0.14315823028901722,0.01314015012555361,[0.117 — 0.169],0.11740353604293215,0.16891292453510232,9.17875982332655,Boa (**)
Distribuicao_PIT_por_Raca,Distribuicao_PIT_por_Raca,Raca_pitAmarela,Outro,Micro_2210011,Micro 2210011,6.214377208494667e-4,6.663168500822471e-4,[-0.001 — 0.002],-6.845433053117377e-4,0.001927418747010671,107.22182251367578,Baixa
Distribuicao_PIT_por_Raca,Distribuicao_PIT_por_Raca,Raca_pitParda,Outro,Micro_2210011,Micro 2210011,0.6555756046596325,0.01812471179639987,[0.620 — 0.691],0.6200511695386888,0.6911000397805762,2.764701991284441,Excelente (***)
Distribuicao_PIT_por_Raca,Distribuicao_PIT_por_Raca,Raca_pitIndígena,Outro,Micro_2210011,Micro 2210011,8.104789051648121e-4,8.489338870778882e-4,[-0.001 — 0.002],-8.534315135078486e-4,0.002474389323837473,104.74472335652662,Baixa
Distribuicao_PIT_por_Raca,Distribuicao_PIT_por_Raca,Raca_pitBranca,Outro,Micro_2210012,Micro 2210012,0.31009257881476815,0.03307746980224782,[0.245 — 0.375],0.24526073800236242,0.3749244196271739,10.666965952128264,Boa (**)
Distribuicao_PIT_por_Raca,Distribuicao_PIT_por_Raca,Raca_pitPreta,Outro,Micro_2210012,Micro 2210012,0.13438408902790588,0.0263296156546783,[0.083 — 0.186],0.08277804234473643,0.18599013571107534,19.592807336894438,Regular (*)
Distribuicao_PIT_por_Raca,Distribuicao_PIT_por_Raca,Raca_pitAmarela,Outro,Micro_2210012,Micro 2210012,0,0,[0.000 — 0.000],0,0,NA,NA
Distribuicao_PIT_por_Raca,Distribuicao_PIT_por_Raca,Raca_pitParda,Outro,Micro_2210012,Micro 2210012,0.555523332157326,0.03099210794375617,[0.495 — 0.616],0.49477880058756385,0.6162678637270881,5.578903018060654,Boa (**)
Distribuicao_PIT_por_Raca,Distribuicao_PIT_por_Raca,Raca_pitIndígena,Outro,Micro_2210012,Micro 2210012,0,0,[0.000 — 0.000],0,0,NA,NA
Distribuicao_PIT_por_Raca,Distribuicao_PIT_por_Raca,Raca_pitBranca,Outro,Micro_2210013,Micro 2210013,0.32361552448569403,0.04147171523928876,[0.242 — 0.405],0.24233096261668807,0.4049000863547,12.815119208263473,Boa (**)
Distribuicao_PIT_por_Raca,Distribuicao_PIT_por_Raca,Raca_pitPreta,Outro,Micro_2210013,Micro 2210013,0.1118307431477188,0.02349204676666192,[0.066 — 0.158],0.06578633148506144,0.15787515481037617,21.006787673431575,Regular (*)
Distribuicao_PIT_por_Raca,Distribuicao_PIT_por_Raca,Raca_pitAmarela,Outro,Micro_2210013,Micro 2210013,0,0,[0.000 — 0.000],0,0,NA,NA
Distribuicao_PIT_por_Raca,Distribuicao_PIT_por_Raca,Raca_pitParda,Outro,Micro_2210013,Micro 2210013,0.564553732366587,0.04463596986909345,[0.477 — 0.652],0.4770672314231639,0.6520402333100102,7.906416574730844,Boa (**)
Distribuicao_PIT_por_Raca,Distribuicao_PIT_por_Raca,Raca_pitIndígena,Outro,Micro_2210013,Micro 2210013,0,0,[0.000 — 0.000],0,0,NA,NA
Distribuicao_PIT_por_Raca,Distribuicao_PIT_por_Raca,Raca_pitBranca,Outro,Micro_2210020,Micro 2210020,0.06459668407309949,0.02785527439383962,[0.010 — 0.119],0.010000346261173833,0.11919302188502515,43.121833254347514,Baixa
Distribuicao_PIT_por_Raca,Distribuicao_PIT_por_Raca,Raca_pitPreta,Outro,Micro_2210020,Micro 2210020,0.11058168764050456,0.03119630300500233,[0.049 — 0.172],0.0494369337507,0.17172644153030914,28.21109323852962,Regular (*)
Distribuicao_PIT_por_Raca,Distribuicao_PIT_por_Raca,Raca_pitAmarela,Outro,Micro_2210020,Micro 2210020,0,0,[0.000 — 0.000],0,0,NA,NA
Distribuicao_PIT_por_Raca,Distribuicao_PIT_por_Raca,Raca_pitParda,Outro,Micro_2210020,Micro 2210020,0.8248216282863959,0.04225996475959231,[0.742 — 0.908],0.741992097357595,0.9076511592151969,5.123527719246316,Boa (**)
Distribuicao_PIT_por_Raca,Distribuicao_PIT_por_Raca,Raca_pitIndígena,Outro,Micro_2210020,Micro 2210020,0,0,[0.000 — 0.000],0,0,NA,NA
Distribuicao_PIT_por_Raca,Distribuicao_PIT_por_Raca,Raca_pitBranca,Outro,Micro_2210030,Micro 2210030,0.13979433182009296,0.02252737890706882,[0.096 — 0.184],0.09564066916223807,0.18394799447794785,16.114658308221127,Regular (*)
Distribuicao_PIT_por_Raca,Distribuicao_PIT_por_Raca,Raca_pitPreta,Outro,Micro_2210030,Micro 2210030,0.1562638481667854,0.01370134460218431,[0.129 — 0.183],0.12940921274650416,0.18311848358706664,8.768083445353545,Boa (**)
Distribuicao_PIT_por_Raca,Distribuicao_PIT_por_Raca,Raca_pitAmarela,Outro,Micro_2210030,Micro 2210030,0.00155111480048626,0.00146602300649884,[-0.001 — 0.004],-0.0013222902922514661,0.004424519893223986,94.51415240440329,Baixa
Distribuicao_PIT_por_Raca,Distribuicao_PIT_por_Raca,Raca_pitParda,Outro,Micro_2210030,Micro 2210030,0.7023907052126354,0.02837046113833137,[0.647 — 0.758],0.6467846013815058,0.7579968090437649,4.039128212800418,Excelente (***)
Distribuicao_PIT_por_Raca,Distribuicao_PIT_por_Raca,Raca_pitIndígena,Outro,Micro_2210030,Micro 2210030,0,0,[0.000 — 0.000],0,0,NA,NA
Distribuicao_PIT_por_Raca,Distribuicao_PIT_por_Raca,Raca_pitBranca,Outro,Micro_2220010,Micro 2220010,0.12458316432207842,0.02564473519235137,[0.074 — 0.175],0.07431948334506974,0.1748468452990871,20.584430755068446,Regular (*)
Distribuicao_PIT_por_Raca,Distribuicao_PIT_por_Raca,Raca_pitPreta,Outro,Micro_2220010,Micro 2220010,0.0872918324455171,0.01664790997690197,[0.055 — 0.120],0.05466192889078923,0.11992173600024496,19.071555162154155,Regular (*)
Distribuicao_PIT_por_Raca,Distribuicao_PIT_por_Raca,Raca_pitAmarela,Outro,Micro_2220010,Micro 2220010,0,0,[0.000 — 0.000],0,0,NA,NA
Distribuicao_PIT_por_Raca,Distribuicao_PIT_por_Raca,Raca_pitParda,Outro,Micro_2220010,Micro 2220010,0.7881250032324045,0.02808934193113427,[0.733 — 0.843],0.7330698930473813,0.8431801134174277,3.564071919546905,Excelente (***)
Distribuicao_PIT_por_Raca,Distribuicao_PIT_por_Raca,Raca_pitIndígena,Outro,Micro_2220010,Micro 2220010,0,0,[0.000 — 0.000],0,0,NA,NA
Distribuicao_PIT_por_Raca,Distribuicao_PIT_por_Raca,Raca_pitBranca,Outro,Micro_2220020,Micro 2220020,0.06414467679917521,0.01426598903679703,[0.036 — 0.092],0.03618333828705303,0.09210601531129739,22.240331931924967,Regular (*)
Distribuicao_PIT_por_Raca,Distribuicao_PIT_por_Raca,Raca_pitPreta,Outro,Micro_2220020,Micro 2220020,0.12640077744511843,0.03118892333351127,[0.065 — 0.188],0.06527048771143634,0.18753106717880053,24.67462935269769,Regular (*)
Distribuicao_PIT_por_Raca,Distribuicao_PIT_por_Raca,Raca_pitAmarela,Outro,Micro_2220020,Micro 2220020,0.00219223880973444,0.00199145044736838,[-0.002 — 0.006],-0.0017110040671075842,0.006095481686576464,90.84094481520546,Baixa
Distribuicao_PIT_por_Raca,Distribuicao_PIT_por_Raca,Raca_pitParda,Outro,Micro_2220020,Micro 2220020,0.8072623069459719,0.03671002711477757,[0.735 — 0.879],0.7353106538010079,0.8792139600909359,4.54747196777447,Excelente (***)
Distribuicao_PIT_por_Raca,Distribuicao_PIT_por_Raca,Raca_pitIndígena,Outro,Micro_2220020,Micro 2220020,0,0,[0.000 — 0.000],0,0,NA,NA
Distribuicao_PIT_por_Raca,Distribuicao_PIT_por_Raca,Raca_pitBranca,Outro,Micro_2251011,Micro 2251011,0.3426785950387175,0.03164229608386445,[0.281 — 0.405],0.28065969471434316,0.40469749536309185,9.23381166550229,Boa (**)
Distribuicao_PIT_por_Raca,Distribuicao_PIT_por_Raca,Raca_pitPreta,Outro,Micro_2251011,Micro 2251011,0.14439519966932807,0.05529231175673511,[0.036 — 0.253],0.03602226862612726,0.2527681307125289,38.29234758728625,Baixa
Distribuicao_PIT_por_Raca,Distribuicao_PIT_por_Raca,Raca_pitAmarela,Outro,Micro_2251011,Micro 2251011,0.00140976939380734,0.00152241437089379,[-0.002 — 0.004],-0.0015741627731444881,0.004393701560759168,107.99031228662382,Baixa
Distribuicao_PIT_por_Raca,Distribuicao_PIT_por_Raca,Raca_pitParda,Outro,Micro_2251011,Micro 2251011,0.5039752993286855,0.06401260401614564,[0.379 — 0.629],0.37851059545704,0.6294400032003309,12.701535988254363,Boa (**)
Distribuicao_PIT_por_Raca,Distribuicao_PIT_por_Raca,Raca_pitIndígena,Outro,Micro_2251011,Micro 2251011,0.0075411365694615104,0.00614411725887204,[-0.005 — 0.020],-0.0045013332579276885,0.01958360639685071,81.47468491358688,Baixa
Distribuicao_PIT_por_Raca,Distribuicao_PIT_por_Raca,Raca_pitBranca,Outro,Micro_2251012,Micro 2251012,0.2924904718596923,0.04541463567004669,[0.203 — 0.382],0.20347778594640079,0.3815031577729838,15.526876954758407,Regular (*)
Distribuicao_PIT_por_Raca,Distribuicao_PIT_por_Raca,Raca_pitPreta,Outro,Micro_2251012,Micro 2251012,0.11052921681161886,0.02868576851315379,[0.054 — 0.167],0.054305110525837426,0.1667533230974003,25.953109359351163,Regular (*)
Distribuicao_PIT_por_Raca,Distribuicao_PIT_por_Raca,Raca_pitAmarela,Outro,Micro_2251012,Micro 2251012,0,0,[0.000 — 0.000],0,0,NA,NA
Distribuicao_PIT_por_Raca,Distribuicao_PIT_por_Raca,Raca_pitParda,Outro,Micro_2251012,Micro 2251012,0.5879374672433748,0.04923292672278914,[0.491 — 0.684],0.4914409308667081,0.6844340036200415,8.373837264296906,Boa (**)
Distribuicao_PIT_por_Raca,Distribuicao_PIT_por_Raca,Raca_pitIndígena,Outro,Micro_2251012,Micro 2251012,0.00904284408531394,0.00651536852584588,[-0.004 — 0.022],-0.0037272782253439853,0.021812966395971863,72.04999294886866,Baixa
Distribuicao_PIT_por_Raca,Distribuicao_PIT_por_Raca,Raca_pitBranca,Outro,Micro_2251013,Micro 2251013,0.1527436353345314,0.02556942954784493,[0.103 — 0.203],0.10262755342075533,0.20285971724830745,16.740094925620998,Regular (*)
Distribuicao_PIT_por_Raca,Distribuicao_PIT_por_Raca,Raca_pitPreta,Outro,Micro_2251013,Micro 2251013,0.219660983545612,0.01849372794127667,[0.183 — 0.256],0.18341327678070973,0.2559086903105143,8.419213846156934,Boa (**)
Distribuicao_PIT_por_Raca,Distribuicao_PIT_por_Raca,Raca_pitAmarela,Outro,Micro_2251013,Micro 2251013,0,0,[0.000 — 0.000],0,0,NA,NA
Distribuicao_PIT_por_Raca,Distribuicao_PIT_por_Raca,Raca_pitParda,Outro,Micro_2251013,Micro 2251013,0.6275953811198566,0.02809881570241159,[0.573 — 0.683],0.5725217023431298,0.6826690598965833,4.477218371536318,Excelente (***)
Distribuicao_PIT_por_Raca,Distribuicao_PIT_por_Raca,Raca_pitIndígena,Outro,Micro_2251013,Micro 2251013,0,0,[0.000 — 0.000],0,0,NA,NA
Distribuicao_PIT_por_Raca,Distribuicao_PIT_por_Raca,Raca_pitBranca,Outro,Micro_2251020,Micro 2251020,0.18441895621069507,0.02369613917573489,[0.138 — 0.231],0.13797452342625469,0.23086338899513545,12.849079976714819,Boa (**)
Distribuicao_PIT_por_Raca,Distribuicao_PIT_por_Raca,Raca_pitPreta,Outro,Micro_2251020,Micro 2251020,0.16914424941065592,0.03630406533692008,[0.098 — 0.240],0.09798828135029257,0.24030021747101926,21.46337546999866,Regular (*)
Distribuicao_PIT_por_Raca,Distribuicao_PIT_por_Raca,Raca_pitAmarela,Outro,Micro_2251020,Micro 2251020,0,0,[0.000 — 0.000],0,0,NA,NA
Distribuicao_PIT_por_Raca,Distribuicao_PIT_por_Raca,Raca_pitParda,Outro,Micro_2251020,Micro 2251020,0.6464367943786489,0.03659177823583314,[0.575 — 0.718],0.5747169090364159,0.7181566797208818,5.660534572603488,Boa (**)
Distribuicao_PIT_por_Raca,Distribuicao_PIT_por_Raca,Raca_pitIndígena,Outro,Micro_2251020,Micro 2251020,0,0,[0.000 — 0.000],0,0,NA,NA
Distribuicao_PIT_por_Raca,Distribuicao_PIT_por_Raca,Raca_pitBranca,Outro,Micro_2251021,Micro 2251021,0.18535983575576712,0.05326145236290253,[0.081 — 0.290],0.08096738912447816,0.2897522823870561,28.73408478473223,Regular (*)
Distribuicao_PIT_por_Raca,Distribuicao_PIT_por_Raca,Raca_pitPreta,Outro,Micro_2251021,Micro 2251021,0.16978321226029305,0.04692627570289007,[0.078 — 0.262],0.07780771188262851,0.2617587126379576,27.638937370879656,Regular (*)
Distribuicao_PIT_por_Raca,Distribuicao_PIT_por_Raca,Raca_pitAmarela,Outro,Micro_2251021,Micro 2251021,0,0,[0.000 — 0.000],0,0,NA,NA
Distribuicao_PIT_por_Raca,Distribuicao_PIT_por_Raca,Raca_pitParda,Outro,Micro_2251021,Micro 2251021,0.6448569519839399,0.04888293381079849,[0.549 — 0.741],0.5490464017147748,0.740667502253105,7.580430614946043,Boa (**)
Distribuicao_PIT_por_Raca,Distribuicao_PIT_por_Raca,Raca_pitIndígena,Outro,Micro_2251021,Micro 2251021,0,0,[0.000 — 0.000],0,0,NA,NA
Distribuicao_PIT_por_Raca,Distribuicao_PIT_por_Raca,Raca_pitBranca,Outro,Micro_2251022,Micro 2251022,0.22774598071104435,0.09818406289334398,[0.035 — 0.420],0.03530521744009013,0.42018674398199857,43.11121653466907,Baixa
Distribuicao_PIT_por_Raca,Distribuicao_PIT_por_Raca,Raca_pitPreta,Outro,Micro_2251022,Micro 2251022,0.04604364256905255,0.01712524444406701,[0.012 — 0.080],0.012478163458681212,0.07960912167942388,37.19350487612692,Baixa
Distribuicao_PIT_por_Raca,Distribuicao_PIT_por_Raca,Raca_pitAmarela,Outro,Micro_2251022,Micro 2251022,0,0,[0.000 — 0.000],0,0,NA,NA
Distribuicao_PIT_por_Raca,Distribuicao_PIT_por_Raca,Raca_pitParda,Outro,Micro_2251022,Micro 2251022,0.7262103767199032,0.09225118303999504,[0.545 — 0.907],0.545398057961513,0.9070226954782934,12.703093483278055,Boa (**)
Distribuicao_PIT_por_Raca,Distribuicao_PIT_por_Raca,Raca_pitIndígena,Outro,Micro_2251022,Micro 2251022,0,0,[0.000 — 0.000],0,0,NA,NA
Distribuicao_PIT_por_Raca,Distribuicao_PIT_por_Raca,Raca_pitBranca,Outro,Micro_2252011,Micro 2252011,0.21778542912262797,0.0329405643215372,[0.153 — 0.282],0.15322192305241505,0.2823489351928409,15.12523792534781,Regular (*)
Distribuicao_PIT_por_Raca,Distribuicao_PIT_por_Raca,Raca_pitPreta,Outro,Micro_2252011,Micro 2252011,0.09042195191265436,0.01642491571069303,[0.058 — 0.123],0.058229117119696014,0.1226147867056127,18.164743586335256,Regular (*)
Distribuicao_PIT_por_Raca,Distribuicao_PIT_por_Raca,Raca_pitAmarela,Outro,Micro_2252011,Micro 2252011,0,0,[0.000 — 0.000],0,0,NA,NA
Distribuicao_PIT_por_Raca,Distribuicao_PIT_por_Raca,Raca_pitParda,Outro,Micro_2252011,Micro 2252011,0.6895386915106213,0.03364686275829267,[0.624 — 0.755],0.6235908405043676,0.755486542516875,4.879619254516393,Excelente (***)
Distribuicao_PIT_por_Raca,Distribuicao_PIT_por_Raca,Raca_pitIndígena,Outro,Micro_2252011,Micro 2252011,0.00225392745409632,0.00243034344343626,[-0.003 — 0.007],-0.0025095456950387494,0.00701740060323139,107.8270482494598,Baixa
Distribuicao_PIT_por_Raca,Distribuicao_PIT_por_Raca,Raca_pitBranca,Outro,Micro_2252012,Micro 2252012,0.261625865476637,0.03153338948713805,[0.200 — 0.323],0.19982042208184644,0.32343130887142757,12.052856253218568,Boa (**)
Distribuicao_PIT_por_Raca,Distribuicao_PIT_por_Raca,Raca_pitPreta,Outro,Micro_2252012,Micro 2252012,0.08431745759408274,0.02276379255971816,[0.040 — 0.129],0.03970042417703515,0.12893449101113033,26.997721716547208,Regular (*)
Distribuicao_PIT_por_Raca,Distribuicao_PIT_por_Raca,Raca_pitAmarela,Outro,Micro_2252012,Micro 2252012,0,0,[0.000 — 0.000],0,0,NA,NA
Distribuicao_PIT_por_Raca,Distribuicao_PIT_por_Raca,Raca_pitParda,Outro,Micro_2252012,Micro 2252012,0.6540566769292802,0.03093356811190858,[0.593 — 0.715],0.5934268834299393,0.714686470428621,4.72949351379426,Excelente (***)
Distribuicao_PIT_por_Raca,Distribuicao_PIT_por_Raca,Raca_pitIndígena,Outro,Micro_2252012,Micro 2252012,0,0,[0.000 — 0.000],0,0,NA,NA
Distribuicao_PIT_por_Raca,Distribuicao_PIT_por_Raca,Raca_pitBranca,Outro,Micro_2252013,Micro 2252013,0.21650987905161112,0.02995416743833087,[0.158 — 0.275],0.15779971087248262,0.2752200472307396,13.835011856983423,Boa (**)
Distribuicao_PIT_por_Raca,Distribuicao_PIT_por_Raca,Raca_pitPreta,Outro,Micro_2252013,Micro 2252013,0.09473417112956237,0.02264924255541249,[0.050 — 0.139],0.050341655720953886,0.13912668653817084,23.90820786771486,Regular (*)
Distribuicao_PIT_por_Raca,Distribuicao_PIT_por_Raca,Raca_pitAmarela,Outro,Micro_2252013,Micro 2252013,0,0,[0.000 — 0.000],0,0,NA,NA
Distribuicao_PIT_por_Raca,Distribuicao_PIT_por_Raca,Raca_pitParda,Outro,Micro_2252013,Micro 2252013,0.6887559498188265,0.03933039878629256,[0.612 — 0.766],0.6116683681976931,0.7658435314399599,5.710353398273831,Boa (**)
Distribuicao_PIT_por_Raca,Distribuicao_PIT_por_Raca,Raca_pitIndígena,Outro,Micro_2252013,Micro 2252013,0,0,[0.000 — 0.000],0,0,NA,NA
Distribuicao_PIT_por_Raca,Distribuicao_PIT_por_Raca,Raca_pitBranca,Outro,Micro_2252020,Micro 2252020,0.1438924872288719,0.01727310177512991,[0.110 — 0.178],0.11003720774961728,0.17774776670812653,12.004172078599026,Boa (**)
Distribuicao_PIT_por_Raca,Distribuicao_PIT_por_Raca,Raca_pitPreta,Outro,Micro_2252020,Micro 2252020,0.12010388988865288,0.02667608182349174,[0.068 — 0.172],0.06781876951460906,0.1723890102626967,22.210839172838508,Regular (*)
Distribuicao_PIT_por_Raca,Distribuicao_PIT_por_Raca,Raca_pitAmarela,Outro,Micro_2252020,Micro 2252020,0,0,[0.000 — 0.000],0,0,NA,NA
Distribuicao_PIT_por_Raca,Distribuicao_PIT_por_Raca,Raca_pitParda,Outro,Micro_2252020,Micro 2252020,0.7339988017440626,0.02869335093341075,[0.678 — 0.790],0.6777598339145775,0.7902377695735477,3.909182258231507,Excelente (***)
Distribuicao_PIT_por_Raca,Distribuicao_PIT_por_Raca,Raca_pitIndígena,Outro,Micro_2252020,Micro 2252020,0.00200482113841259,0.00190344854842688,[-0.002 — 0.006],-0.0017259380165040947,0.005735580293329275,94.9435594007166,Baixa
Distribuicao_PIT_por_Raca,Distribuicao_PIT_por_Raca,Raca_pitBranca,Outro,Micro_2252021,Micro 2252021,0.1843793252147624,0.08517296400667784,[0.017 — 0.351],0.017440315761673847,0.351318334667851,46.194422236587315,Baixa
Distribuicao_PIT_por_Raca,Distribuicao_PIT_por_Raca,Raca_pitPreta,Outro,Micro_2252021,Micro 2252021,0.06113762407314154,0.03781263217894518,[-0.013 — 0.135],-0.012975134997591002,0.13525038314387408,61.848383466305975,Baixa
Distribuicao_PIT_por_Raca,Distribuicao_PIT_por_Raca,Raca_pitAmarela,Outro,Micro_2252021,Micro 2252021,0,0,[0.000 — 0.000],0,0,NA,NA
Distribuicao_PIT_por_Raca,Distribuicao_PIT_por_Raca,Raca_pitParda,Outro,Micro_2252021,Micro 2252021,0.7544830507120961,0.07364926153900588,[0.610 — 0.899],0.6101304980956446,0.8988356033285476,9.761552823419192,Boa (**)
Distribuicao_PIT_por_Raca,Distribuicao_PIT_por_Raca,Raca_pitIndígena,Outro,Micro_2252021,Micro 2252021,0,0,[0.000 — 0.000],0,0,NA,NA
Distribuicao_PIT_por_Raca,Distribuicao_PIT_por_Raca,Raca_pitBranca,Outro,Micro_2252022,Micro 2252022,0.20611828148438024,0.03511298071969362,[0.137 — 0.275],0.13729683927378075,0.27493972369497977,17.035354878191384,Regular (*)
Distribuicao_PIT_por_Raca,Distribuicao_PIT_por_Raca,Raca_pitPreta,Outro,Micro_2252022,Micro 2252022,0.09050782701080493,0.04299217148170099,[0.006 — 0.175],0.0062431709066709945,0.17477248311493887,47.50105366751158,Baixa
Distribuicao_PIT_por_Raca,Distribuicao_PIT_por_Raca,Raca_pitAmarela,Outro,Micro_2252022,Micro 2252022,0,0,[0.000 — 0.000],0,0,NA,NA
Distribuicao_PIT_por_Raca,Distribuicao_PIT_por_Raca,Raca_pitParda,Outro,Micro_2252022,Micro 2252022,0.7033738915048149,0.04286499640449692,[0.619 — 0.787],0.6193584985520009,0.7873892844576289,6.094197825965721,Boa (**)
Distribuicao_PIT_por_Raca,Distribuicao_PIT_por_Raca,Raca_pitIndígena,Outro,Micro_2252022,Micro 2252022,0,0,[0.000 — 0.000],0,0,NA,NA
Distribuicao_PIT_por_Raca,Distribuicao_PIT_por_Raca,Raca_pitBranca,Outro,Micro_2253010,Micro 2253010,0.1342087916402935,0.02633151013145078,[0.083 — 0.186],0.08259903178264998,0.18581855149793702,19.619810155227768,Regular (*)
Distribuicao_PIT_por_Raca,Distribuicao_PIT_por_Raca,Raca_pitPreta,Outro,Micro_2253010,Micro 2253010,0.14575463528945629,0.03926799714933107,[0.069 — 0.223],0.06878936087676739,0.22271990970214517,26.94116524757389,Regular (*)
Distribuicao_PIT_por_Raca,Distribuicao_PIT_por_Raca,Raca_pitAmarela,Outro,Micro_2253010,Micro 2253010,0,0,[0.000 — 0.000],0,0,NA,NA
Distribuicao_PIT_por_Raca,Distribuicao_PIT_por_Raca,Raca_pitParda,Outro,Micro_2253010,Micro 2253010,0.7200365730702503,0.06229113230389385,[0.598 — 0.842],0.5979459537546183,0.8421271923858822,8.651106712299796,Boa (**)
Distribuicao_PIT_por_Raca,Distribuicao_PIT_por_Raca,Raca_pitIndígena,Outro,Micro_2253010,Micro 2253010,0,0,[0.000 — 0.000],0,0,NA,NA
Distribuicao_PIT_por_Raca,Distribuicao_PIT_por_Raca,Raca_pitBranca,Outro,Micro_2253011,Micro 2253011,0.14727363549319053,0.03274983437489507,[0.083 — 0.211],0.0830839601183962,0.21146331086798487,22.237404722998992,Regular (*)
Distribuicao_PIT_por_Raca,Distribuicao_PIT_por_Raca,Raca_pitPreta,Outro,Micro_2253011,Micro 2253011,0.15524399505611716,0.01909967245754988,[0.118 — 0.193],0.1178086370393194,0.19267935307291492,12.303002412844236,Boa (**)
Distribuicao_PIT_por_Raca,Distribuicao_PIT_por_Raca,Raca_pitAmarela,Outro,Micro_2253011,Micro 2253011,0,0,[0.000 — 0.000],0,0,NA,NA
Distribuicao_PIT_por_Raca,Distribuicao_PIT_por_Raca,Raca_pitParda,Outro,Micro_2253011,Micro 2253011,0.6974823694506922,0.0329718079862645,[0.633 — 0.762],0.6328576257976137,0.7621071131037707,4.727260419819889,Excelente (***)
Distribuicao_PIT_por_Raca,Distribuicao_PIT_por_Raca,Raca_pitIndígena,Outro,Micro_2253011,Micro 2253011,0,0,[0.000 — 0.000],0,0,NA,NA
Distribuicao_PIT_por_Raca,Distribuicao_PIT_por_Raca,Raca_pitBranca,Outro,Micro_2253012,Micro 2253012,0.14931371922428108,0.02742988949845531,[0.096 — 0.203],0.09555113580730867,0.20307630264125348,18.37064245734408,Regular (*)
Distribuicao_PIT_por_Raca,Distribuicao_PIT_por_Raca,Raca_pitPreta,Outro,Micro_2253012,Micro 2253012,0.14234086381535258,0.03083532749576852,[0.082 — 0.203],0.08190362192364628,0.20277810570705887,21.663018383651742,Regular (*)
Distribuicao_PIT_por_Raca,Distribuicao_PIT_por_Raca,Raca_pitAmarela,Outro,Micro_2253012,Micro 2253012,0,0,[0.000 — 0.000],0,0,NA,NA
Distribuicao_PIT_por_Raca,Distribuicao_PIT_por_Raca,Raca_pitParda,Outro,Micro_2253012,Micro 2253012,0.7067761299324611,0.0462935342740301,[0.616 — 0.798],0.6160408027553621,0.7975114571095601,6.549957237301417,Boa (**)
Distribuicao_PIT_por_Raca,Distribuicao_PIT_por_Raca,Raca_pitIndígena,Outro,Micro_2253012,Micro 2253012,0.00156928702790521,0.00171854769394578,[-0.002 — 0.005],-0.0017990664522285185,0.004937640508038938,109.51136811726616,Baixa
Distribuicao_PIT_por_Raca,Distribuicao_PIT_por_Raca,Raca_pitBranca,Outro,Micro_2253020,Micro 2253020,0.11914692910324684,0.02199661705337757,[0.076 — 0.162],0.07603355967862681,0.1622602985278669,18.4617574443034,Regular (*)
Distribuicao_PIT_por_Raca,Distribuicao_PIT_por_Raca,Raca_pitPreta,Outro,Micro_2253020,Micro 2253020,0.23266523435533115,0.04861034164461786,[0.137 — 0.328],0.13738896473188014,0.3279415039787822,20.892825599538924,Regular (*)
Distribuicao_PIT_por_Raca,Distribuicao_PIT_por_Raca,Raca_pitAmarela,Outro,Micro_2253020,Micro 2253020,0.00145118734705508,0.0015227176460761,[-0.002 — 0.004],-0.001533339239254076,0.004435713933364236,104.92908783736144,Baixa
Distribuicao_PIT_por_Raca,Distribuicao_PIT_por_Raca,Raca_pitParda,Outro,Micro_2253020,Micro 2253020,0.6402538530657496,0.0479359337089939,[0.546 — 0.734],0.5462994229961216,0.7342082831353776,7.4870199498934085,Boa (**)
Distribuicao_PIT_por_Raca,Distribuicao_PIT_por_Raca,Raca_pitIndígena,Outro,Micro_2253020,Micro 2253020,0.00648279612861745,0.0039245558173445,[-0.001 — 0.014],-0.00120933327337777,0.01417492553061267,60.53801075156544,Baixa
Distribuicao_PIT_por_Raca,Distribuicao_PIT_por_Raca,Raca_pitBranca,Outro,Micro_2253021,Micro 2253021,0.08630834031999894,0.04918626376987865,[-0.010 — 0.183],-0.010096736668963213,0.1827134173089611,56.989004292649405,Baixa
Distribuicao_PIT_por_Raca,Distribuicao_PIT_por_Raca,Raca_pitPreta,Outro,Micro_2253021,Micro 2253021,0.2710758478343732,0.04388084099434693,[0.185 — 0.357],0.18506939948545326,0.3570822961832932,16.18766162493312,Regular (*)
Distribuicao_PIT_por_Raca,Distribuicao_PIT_por_Raca,Raca_pitAmarela,Outro,Micro_2253021,Micro 2253021,0,0,[0.000 — 0.000],0,0,NA,NA
Distribuicao_PIT_por_Raca,Distribuicao_PIT_por_Raca,Raca_pitParda,Outro,Micro_2253021,Micro 2253021,0.6426158118456278,0.03672822675140389,[0.571 — 0.715],0.5706284874128762,0.7146031362783793,5.715425309240122,Boa (**)
Distribuicao_PIT_por_Raca,Distribuicao_PIT_por_Raca,Raca_pitIndígena,Outro,Micro_2253021,Micro 2253021,0,0,[0.000 — 0.000],0,0,NA,NA
Distribuicao_PIT_por_Raca,Distribuicao_PIT_por_Raca,Raca_pitBranca,Outro,Micro_2253022,Micro 2253022,0.1702266725976769,0.0227604019951349,[0.126 — 0.215],0.1256162846872125,0.2148370605081413,13.37064377033797,Boa (**)
Distribuicao_PIT_por_Raca,Distribuicao_PIT_por_Raca,Raca_pitPreta,Outro,Micro_2253022,Micro 2253022,0.09085022792937232,0.03824796525392399,[0.016 — 0.166],0.015884216031681303,0.16581623982706334,42.10002123897615,Baixa
Distribuicao_PIT_por_Raca,Distribuicao_PIT_por_Raca,Raca_pitAmarela,Outro,Micro_2253022,Micro 2253022,0,0,[0.000 — 0.000],0,0,NA,NA
Distribuicao_PIT_por_Raca,Distribuicao_PIT_por_Raca,Raca_pitParda,Outro,Micro_2253022,Micro 2253022,0.7389230994729509,0.03342378017753067,[0.673 — 0.804],0.6734124903249907,0.804433708620911,4.5233096923578024,Excelente (***)
Distribuicao_PIT_por_Raca,Distribuicao_PIT_por_Raca,Raca_pitIndígena,Outro,Micro_2253022,Micro 2253022,0,0,[0.000 — 0.000],0,0,NA,NA
Distribuicao_PIT_por_Raca,Distribuicao_PIT_por_Raca,Raca_pitBranca,Outro,Micro_2254020,Micro 2254020,0.2623921709686916,0.0599979052883784,[0.145 — 0.380],0.14479627660346994,0.37998806533391327,22.86573759684975,Regular (*)
Distribuicao_PIT_por_Raca,Distribuicao_PIT_por_Raca,Raca_pitPreta,Outro,Micro_2254020,Micro 2254020,0.06470707919513717,0.01659595685824674,[0.032 — 0.097],0.03217900375297356,0.09723515463730079,25.647822563893364,Regular (*)
Distribuicao_PIT_por_Raca,Distribuicao_PIT_por_Raca,Raca_pitAmarela,Outro,Micro_2254020,Micro 2254020,0,0,[0.000 — 0.000],0,0,NA,NA
Distribuicao_PIT_por_Raca,Distribuicao_PIT_por_Raca,Raca_pitParda,Outro,Micro_2254020,Micro 2254020,0.6729007498361712,0.04989815206243155,[0.575 — 0.771],0.5751003717938054,0.7707011278785371,7.41538065971543,Boa (**)
Distribuicao_PIT_por_Raca,Distribuicao_PIT_por_Raca,Raca_pitIndígena,Outro,Micro_2254020,Micro 2254020,0,0,[0.000 — 0.000],0,0,NA,NA
Distribuicao_PIT_por_Raca,Distribuicao_PIT_por_Raca,Raca_pitBranca,Zona,Zona_Rural,Zona Rural,0.15052830478801665,0.01051067418666599,[0.130 — 0.171],0.12992738338215132,0.171129226193882,6.982523453956235,Boa (**)
Distribuicao_PIT_por_Raca,Distribuicao_PIT_por_Raca,Raca_pitPreta,Zona,Zona_Rural,Zona Rural,0.1494261574136395,0.01395400163734585,[0.122 — 0.177],0.12207631420444162,0.17677600062283735,9.338392875029617,Boa (**)
Distribuicao_PIT_por_Raca,Distribuicao_PIT_por_Raca,Raca_pitAmarela,Zona,Zona_Rural,Zona Rural,3.707509898729771e-4,2.571075929690227e-4,[-0.000 — 0.001],-1.331798923463074e-4,8.746818720922616e-4,69.3477832809321,Baixa
Distribuicao_PIT_por_Raca,Distribuicao_PIT_por_Raca,Raca_pitParda,Zona,Zona_Rural,Zona Rural,0.6982163951361956,0.01545591821621522,[0.668 — 0.729],0.6679227954324137,0.7285099948399775,2.213628657803195,Excelente (***)
Distribuicao_PIT_por_Raca,Distribuicao_PIT_por_Raca,Raca_pitIndígena,Zona,Zona_Rural,Zona Rural,0.00145839167227527,7.272311864941523e-4,[0.000 — 0.003],3.301854674673155e-5,0.0028837647978038087,49.865286556359884,Baixa
Distribuicao_PIT_por_Raca,Distribuicao_PIT_por_Raca,Raca_pitBranca,Zona,Zona_Urbana,Zona Urbana,0.2136735339676358,0.00931017021983969,[0.195 — 0.232],0.19542560033675002,0.23192146759852159,4.357193914923436,Excelente (***)
Distribuicao_PIT_por_Raca,Distribuicao_PIT_por_Raca,Raca_pitPreta,Zona,Zona_Urbana,Zona Urbana,0.1309952300976597,0.00588414017502375,[0.119 — 0.143],0.11946231535461316,0.14252814484070625,4.491873612983465,Excelente (***)
Distribuicao_PIT_por_Raca,Distribuicao_PIT_por_Raca,Raca_pitAmarela,Zona,Zona_Urbana,Zona Urbana,2.8897024757631144e-4,1.7268554683451092e-4,[-0.000 — 0.001],-4.9493424219329975e-5,6.274339193719529e-4,59.75893652820019,Baixa
Distribuicao_PIT_por_Raca,Distribuicao_PIT_por_Raca,Raca_pitParda,Zona,Zona_Urbana,Zona Urbana,0.6534920306447246,0.01022905956230072,[0.633 — 0.674],0.6334430739026152,0.673540987386834,1.565292166181261,Excelente (***)
Distribuicao_PIT_por_Raca,Distribuicao_PIT_por_Raca,Raca_pitIndígena,Zona,Zona_Urbana,Zona Urbana,0.00155023504240363,7.21635517091822e-4,[0.000 — 0.003],1.3582942890365875e-4,0.002964640655903601,46.55007127002694,Baixa
Distribuicao_PIT_por_Sexo,Distribuicao_PIT_por_Sexo,Sexo_pitMasculino,Agregados nacionais,Brasil,Brasil,0.48209981400759194,1.0419856597732254e-12,[0.482 — 0.482],0.48209981400554963,0.48209981400963425,2.161348396116196e-10,Excelente (***)
Distribuicao_PIT_por_Sexo,Distribuicao_PIT_por_Sexo,Sexo_pitFeminino,Agregados nacionais,Brasil,Brasil,0.5179001859924082,1.0420221129833001e-12,[0.518 — 0.518],0.5179001859903658,0.5179001859944505,2.0120133978839217e-10,Excelente (***)
Distribuicao_PIT_por_Sexo,Distribuicao_PIT_por_Sexo,Sexo_pitMasculino,Agregados nacionais,Nordeste,Nordeste,0.4750388208192536,0.00125035647026954,[0.473 — 0.477],0.47258812213752527,0.4774895195009819,0.2632114293550096,Excelente (***)
Distribuicao_PIT_por_Sexo,Distribuicao_PIT_por_Sexo,Sexo_pitFeminino,Agregados nacionais,Nordeste,Nordeste,0.5249611791807464,0.00125035647026954,[0.523 — 0.527],0.522510480499018,0.5274118778624747,0.23818074933099712,Excelente (***)
Distribuicao_PIT_por_Sexo,Distribuicao_PIT_por_Sexo,Sexo_pitMasculino,Agregados nacionais,Piauí,Piauí,0.4780267760578812,0.00363200648039907,[0.471 — 0.485],0.470908043356299,0.4851455087594634,0.7597914305869957,Excelente (***)
Distribuicao_PIT_por_Sexo,Distribuicao_PIT_por_Sexo,Sexo_pitFeminino,Agregados nacionais,Piauí,Piauí,0.5219732239421188,0.00363200648039907,[0.515 — 0.529],0.5148544912405366,0.5290919566437009,0.6958223743679658,Excelente (***)
Distribuicao_PIT_por_Sexo,Distribuicao_PIT_por_Sexo,Sexo_pitMasculino,Agregados nacionais,Teresina,Teresina,0.4537553525578003,0.00587184119173251,[0.442 — 0.465],0.44224654382200457,0.46526416129359605,1.2940544191122334,Excelente (***)
Distribuicao_PIT_por_Sexo,Distribuicao_PIT_por_Sexo,Sexo_pitFeminino,Agregados nacionais,Teresina,Teresina,0.5462446474421997,0.0058718411917325,[0.535 — 0.558],0.534735838706404,0.5577534561779954,1.0749471357252656,Excelente (***)
Distribuicao_PIT_por_Sexo,Distribuicao_PIT_por_Sexo,Sexo_pitMasculino,Estrato administrativo,Admin_Capital,Capital,0.4537553525578003,0.00587184119173251,[0.442 — 0.465],0.44224654382200457,0.46526416129359605,1.2940544191122334,Excelente (***)
Distribuicao_PIT_por_Sexo,Distribuicao_PIT_por_Sexo,Sexo_pitFeminino,Estrato administrativo,Admin_Capital,Capital,0.5462446474421997,0.0058718411917325,[0.535 — 0.558],0.534735838706404,0.5577534561779954,1.0749471357252656,Excelente (***)
Distribuicao_PIT_por_Sexo,Distribuicao_PIT_por_Sexo,Sexo_pitMasculino,Estrato administrativo,"Admin_Resto da RIDE (Região Integrada de Desenvolvimento Econômico, excluindo a capital)","Resto da RIDE (Região Integrada de Desenvolvimento Econômico, excluindo a capital)",0.4902964673866771,0.01461784394887118,[0.462 — 0.519],0.4616454932468896,0.5189474415264645,2.9814295882622943,Excelente (***)
Distribuicao_PIT_por_Sexo,Distribuicao_PIT_por_Sexo,Sexo_pitFeminino,Estrato administrativo,"Admin_Resto da RIDE (Região Integrada de Desenvolvimento Econômico, excluindo a capital)","Resto da RIDE (Região Integrada de Desenvolvimento Econômico, excluindo a capital)",0.5097035326133229,0.01461784394887118,[0.481 — 0.538],0.4810525584735354,0.5383545067531104,2.8679110529062655,Excelente (***)
Distribuicao_PIT_por_Sexo,Distribuicao_PIT_por_Sexo,Sexo_pitMasculino,Estrato administrativo,"Admin_Resto da UF  (Unidade da Federação, excluindo a região metropolitana e a RIDE)","Resto da UF  (Unidade da Federação, excluindo a região metropolitana e a RIDE)",0.4867897791160949,0.00477143253748954,[0.477 — 0.496],0.4774377713426154,0.4961417868895744,0.9801833855578133,Excelente (***)
Distribuicao_PIT_por_Sexo,Distribuicao_PIT_por_Sexo,Sexo_pitFeminino,Estrato administrativo,"Admin_Resto da UF  (Unidade da Federação, excluindo a região metropolitana e a RIDE)","Resto da UF  (Unidade da Federação, excluindo a região metropolitana e a RIDE)",0.5132102208839051,0.00477143253748953,[0.504 — 0.523],0.5038582131104257,0.5225622286573846,0.9297228198751892,Excelente (***)
Distribuicao_PIT_por_Sexo,Distribuicao_PIT_por_Sexo,Sexo_pitMasculino,Estrato agregado,Agreg_Alto Parnaíba e Chapadas Sul do Piauí,Alto Parnaíba e Chapadas Sul do Piauí,0.5069696860223246,0.01103728622219579,[0.485 — 0.529],0.48533660502682086,0.5286027670178284,2.177109702316552,Excelente (***)
Distribuicao_PIT_por_Sexo,Distribuicao_PIT_por_Sexo,Sexo_pitFeminino,Estrato agregado,Agreg_Alto Parnaíba e Chapadas Sul do Piauí,Alto Parnaíba e Chapadas Sul do Piauí,0.4930303139776754,0.01103728622219579,[0.471 — 0.515],0.4713972329821716,0.5146633949731791,2.2386627980638862,Excelente (***)
Distribuicao_PIT_por_Sexo,Distribuicao_PIT_por_Sexo,Sexo_pitMasculino,Estrato agregado,Agreg_Baixo Parnaíba do Piauí,Baixo Parnaíba do Piauí,0.4734206154814757,0.00774174670558456,[0.458 — 0.489],0.45824679193852996,0.4885944390244214,1.6352787463028178,Excelente (***)
Distribuicao_PIT_por_Sexo,Distribuicao_PIT_por_Sexo,Sexo_pitFeminino,Estrato agregado,Agreg_Baixo Parnaíba do Piauí,Baixo Parnaíba do Piauí,0.5265793845185244,0.00774174670558457,[0.511 — 0.542],0.5114055609755787,0.5417532080614701,1.4701955551608241,Excelente (***)
Distribuicao_PIT_por_Sexo,Distribuicao_PIT_por_Sexo,Sexo_pitMasculino,Estrato agregado,Agreg_Centro-Leste do Piauí,Centro-Leste do Piauí,0.48722250244285537,0.00695039960537845,[0.474 — 0.501],0.4735997192163136,0.5008452856693971,1.4265350164514699,Excelente (***)
Distribuicao_PIT_por_Sexo,Distribuicao_PIT_por_Sexo,Sexo_pitFeminino,Estrato agregado,Agreg_Centro-Leste do Piauí,Centro-Leste do Piauí,0.5127774975571446,0.00695039960537845,[0.499 — 0.526],0.4991547143306029,0.5264002807836864,1.3554416171711763,Excelente (***)
Distribuicao_PIT_por_Sexo,Distribuicao_PIT_por_Sexo,Sexo_pitMasculino,Estrato agregado,Agreg_Entorno metropolitano de Teresina (PI),Entorno metropolitano de Teresina (PI),0.4902964673866771,0.01461784394887118,[0.462 — 0.519],0.4616454932468896,0.5189474415264645,2.9814295882622943,Excelente (***)
Distribuicao_PIT_por_Sexo,Distribuicao_PIT_por_Sexo,Sexo_pitFeminino,Estrato agregado,Agreg_Entorno metropolitano de Teresina (PI),Entorno metropolitano de Teresina (PI),0.5097035326133229,0.01461784394887118,[0.481 — 0.538],0.4810525584735354,0.5383545067531104,2.8679110529062655,Excelente (***)
Distribuicao_PIT_por_Sexo,Distribuicao_PIT_por_Sexo,Sexo_pitMasculino,Estrato agregado,Agreg_Teresina,Teresina,0.4537553525578003,0.00587184119173251,[0.442 — 0.465],0.44224654382200457,0.46526416129359605,1.2940544191122334,Excelente (***)
Distribuicao_PIT_por_Sexo,Distribuicao_PIT_por_Sexo,Sexo_pitFeminino,Estrato agregado,Agreg_Teresina,Teresina,0.5462446474421997,0.0058718411917325,[0.535 — 0.558],0.534735838706404,0.5577534561779954,1.0749471357252656,Excelente (***)
Distribuicao_PIT_por_Sexo,Distribuicao_PIT_por_Sexo,Sexo_pitMasculino,Outro,Micro_2210011,Micro 2210011,0.4414706150806859,0.00863312509264304,[0.425 — 0.458],0.4245496898991056,0.45839154026226625,1.9555378767543103,Excelente (***)
Distribuicao_PIT_por_Sexo,Distribuicao_PIT_por_Sexo,Sexo_pitFeminino,Outro,Micro_2210011,Micro 2210011,0.5585293849193141,0.00863312509264304,[0.542 — 0.575],0.5416084597377337,0.5754503101008945,1.5456886111534116,Excelente (***)
Distribuicao_PIT_por_Sexo,Distribuicao_PIT_por_Sexo,Sexo_pitMasculino,Outro,Micro_2210012,Micro 2210012,0.4683110850417528,0.01249324909035305,[0.444 — 0.493],0.44382431682466084,0.49279785325884473,2.667724401449776,Excelente (***)
Distribuicao_PIT_por_Sexo,Distribuicao_PIT_por_Sexo,Sexo_pitFeminino,Outro,Micro_2210012,Micro 2210012,0.5316889149582471,0.01249324909035306,[0.507 — 0.556],0.5072021467411552,0.556175683175339,2.3497290876064514,Excelente (***)
Distribuicao_PIT_por_Sexo,Distribuicao_PIT_por_Sexo,Sexo_pitMasculino,Outro,Micro_2210013,Micro 2210013,0.4533132700681696,0.01905579182042297,[0.416 — 0.491],0.4159639181001406,0.49066262203619865,4.203669532453207,Excelente (***)
Distribuicao_PIT_por_Sexo,Distribuicao_PIT_por_Sexo,Sexo_pitFeminino,Outro,Micro_2210013,Micro 2210013,0.5466867299318303,0.01905579182042298,[0.509 — 0.584],0.5093373779638013,0.5840360818998593,3.485687648353777,Excelente (***)
Distribuicao_PIT_por_Sexo,Distribuicao_PIT_por_Sexo,Sexo_pitMasculino,Outro,Micro_2210020,Micro 2210020,0.4737588140106632,0.01725256622478947,[0.440 — 0.508],0.43994378421007585,0.5075738438112506,3.6416348814148187,Excelente (***)
Distribuicao_PIT_por_Sexo,Distribuicao_PIT_por_Sexo,Sexo_pitFeminino,Outro,Micro_2210020,Micro 2210020,0.5262411859893368,0.01725256622478947,[0.492 — 0.560],0.4924261561887494,0.56005621578992415,3.278452292242109,Excelente (***)
Distribuicao_PIT_por_Sexo,Distribuicao_PIT_por_Sexo,Sexo_pitMasculino,Outro,Micro_2210030,Micro 2210030,0.4667100077810918,0.01518779317747193,[0.437 — 0.496],0.4369419331532468,0.49647808240893676,3.2542248771737703,Excelente (***)
Distribuicao_PIT_por_Sexo,Distribuicao_PIT_por_Sexo,Sexo_pitFeminino,Outro,Micro_2210030,Micro 2210030,0.5332899922189083,0.01518779317747194,[0.504 — 0.563],0.5035219175910632,0.5630580668467533,2.8479426576671174,Excelente (***)
Distribuicao_PIT_por_Sexo,Distribuicao_PIT_por_Sexo,Sexo_pitMasculino,Outro,Micro_2220010,Micro 2220010,0.4780579048721008,0.02114398023147791,[0.437 — 0.520],0.4366157036184041,0.5195001061257976,4.422891038091871,Excelente (***)
Distribuicao_PIT_por_Sexo,Distribuicao_PIT_por_Sexo,Sexo_pitFeminino,Outro,Micro_2220010,Micro 2220010,0.5219420951278991,0.0211439802314779,[0.480 — 0.563],0.48049989387420244,0.5633842963815958,4.0510203006899985,Excelente (***)
Distribuicao_PIT_por_Sexo,Distribuicao_PIT_por_Sexo,Sexo_pitMasculino,Outro,Micro_2220020,Micro 2220020,0.5130896245218759,0.01261196100966284,[0.488 — 0.538],0.4883701809429367,0.5378090681008151,2.4580424952882907,Excelente (***)
Distribuicao_PIT_por_Sexo,Distribuicao_PIT_por_Sexo,Sexo_pitFeminino,Outro,Micro_2220020,Micro 2220020,0.4869103754781241,0.01261196100966283,[0.462 — 0.512],0.462190931899185,0.5116298190570633,2.5902017383134317,Excelente (***)
Distribuicao_PIT_por_Sexo,Distribuicao_PIT_por_Sexo,Sexo_pitMasculino,Outro,Micro_2251011,Micro 2251011,0.4678061999711507,0.019524842512988,[0.430 — 0.506],0.42953750864569423,0.5060748912966072,4.173703237407303,Excelente (***)
Distribuicao_PIT_por_Sexo,Distribuicao_PIT_por_Sexo,Sexo_pitFeminino,Outro,Micro_2251011,Micro 2251011,0.5321938000288492,0.019524842512988,[0.494 — 0.570],0.49392510870339273,0.5704624913543057,3.6687467069194715,Excelente (***)
Distribuicao_PIT_por_Sexo,Distribuicao_PIT_por_Sexo,Sexo_pitMasculino,Outro,Micro_2251012,Micro 2251012,0.4507966841864794,0.01683252041288596,[0.418 — 0.484],0.4178049441772229,0.48378842419573587,3.7339494728676654,Excelente (***)
Distribuicao_PIT_por_Sexo,Distribuicao_PIT_por_Sexo,Sexo_pitFeminino,Outro,Micro_2251012,Micro 2251012,0.5492033158135204,0.01683252041288596,[0.516 — 0.582],0.5162115758042639,0.582195055822777,3.064897812561891,Excelente (***)
Distribuicao_PIT_por_Sexo,Distribuicao_PIT_por_Sexo,Sexo_pitMasculino,Outro,Micro_2251013,Micro 2251013,0.48397634282383856,0.01481444422095183,[0.455 — 0.513],0.45494003215077294,0.5130126534969042,3.0609851990935235,Excelente (***)
Distribuicao_PIT_por_Sexo,Distribuicao_PIT_por_Sexo,Sexo_pitFeminino,Outro,Micro_2251013,Micro 2251013,0.5160236571761615,0.01481444422095184,[0.487 — 0.545],0.4869873465030959,0.5450599678492271,2.870884699748261,Excelente (***)
Distribuicao_PIT_por_Sexo,Distribuicao_PIT_por_Sexo,Sexo_pitMasculino,Outro,Micro_2251020,Micro 2251020,0.5199073546329818,0.01130288567685186,[0.498 — 0.542],0.4977536987063521,0.5420610105596114,2.174019193252403,Excelente (***)
Distribuicao_PIT_por_Sexo,Distribuicao_PIT_por_Sexo,Sexo_pitFeminino,Outro,Micro_2251020,Micro 2251020,0.48009264536701823,0.01130288567685186,[0.458 — 0.502],0.4579389894403886,0.5022463012936479,2.3543134405258592,Excelente (***)
Distribuicao_PIT_por_Sexo,Distribuicao_PIT_por_Sexo,Sexo_pitMasculino,Outro,Micro_2251021,Micro 2251021,0.5089548305743455,0.01647197261277151,[0.477 — 0.541],0.47666976425331337,0.5412398968953777,3.2364311375497135,Excelente (***)
Distribuicao_PIT_por_Sexo,Distribuicao_PIT_por_Sexo,Sexo_pitFeminino,Outro,Micro_2251021,Micro 2251021,0.49104516942565446,0.01647197261277151,[0.459 — 0.523],0.4587601031046223,0.5233302357466866,3.3544719790315356,Excelente (***)
Distribuicao_PIT_por_Sexo,Distribuicao_PIT_por_Sexo,Sexo_pitMasculino,Outro,Micro_2251022,Micro 2251022,0.4584272157479634,0.05471907637893059,[0.351 — 0.566],0.3511778260452595,0.5656766054506673,11.936262616880567,Boa (**)
Distribuicao_PIT_por_Sexo,Distribuicao_PIT_por_Sexo,Sexo_pitFeminino,Outro,Micro_2251022,Micro 2251022,0.5415727842520367,0.05471907637893063,[0.434 — 0.649],0.43432339454933266,0.6488221739547407,10.103734524714504,Boa (**)
Distribuicao_PIT_por_Sexo,Distribuicao_PIT_por_Sexo,Sexo_pitMasculino,Outro,Micro_2252011,Micro 2252011,0.4465841318298092,0.0141740354470467,[0.419 — 0.474],0.4188030223535977,0.47436524130602076,3.1738779855367425,Excelente (***)
Distribuicao_PIT_por_Sexo,Distribuicao_PIT_por_Sexo,Sexo_pitFeminino,Outro,Micro_2252011,Micro 2252011,0.5534158681701907,0.0141740354470467,[0.526 — 0.581],0.5256347586939792,0.5811969776464022,2.561190645637178,Excelente (***)
Distribuicao_PIT_por_Sexo,Distribuicao_PIT_por_Sexo,Sexo_pitMasculino,Outro,Micro_2252012,Micro 2252012,0.47406667378137096,0.01763246039271318,[0.440 — 0.509],0.43950705141165314,0.5086262961510888,3.7194051739745118,Excelente (***)
Distribuicao_PIT_por_Sexo,Distribuicao_PIT_por_Sexo,Sexo_pitFeminino,Outro,Micro_2252012,Micro 2252012,0.525933326218629,0.01763246039271317,[0.491 — 0.560],0.49137370384891116,0.5604929485883468,3.3526037453240614,Excelente (***)
Distribuicao_PIT_por_Sexo,Distribuicao_PIT_por_Sexo,Sexo_pitMasculino,Outro,Micro_2252013,Micro 2252013,0.4828499081282052,0.02347898613521407,[0.437 — 0.529],0.43683109530318565,0.5288687209532248,4.8625847784110965,Excelente (***)
Distribuicao_PIT_por_Sexo,Distribuicao_PIT_por_Sexo,Sexo_pitFeminino,Outro,Micro_2252013,Micro 2252013,0.5171500918717948,0.02347898613521407,[0.471 — 0.563],0.47113127904677526,0.5631689046968145,4.540071925779465,Excelente (***)
Distribuicao_PIT_por_Sexo,Distribuicao_PIT_por_Sexo,Sexo_pitMasculino,Outro,Micro_2252020,Micro 2252020,0.4979227075087992,0.01302884122779858,[0.472 — 0.523],0.472386178702314,0.5234592363152843,2.6166392958827522,Excelente (***)
Distribuicao_PIT_por_Sexo,Distribuicao_PIT_por_Sexo,Sexo_pitFeminino,Outro,Micro_2252020,Micro 2252020,0.5020772924912007,0.01302884122779858,[0.477 — 0.528],0.4765407636847155,0.527613821297686,2.594987150913008,Excelente (***)
Distribuicao_PIT_por_Sexo,Distribuicao_PIT_por_Sexo,Sexo_pitMasculino,Outro,Micro_2252021,Micro 2252021,0.5057834683694811,0.03822866485871454,[0.431 — 0.581],0.4308552852464006,0.5807116514925615,7.558306518390993,Boa (**)
Distribuicao_PIT_por_Sexo,Distribuicao_PIT_por_Sexo,Sexo_pitFeminino,Outro,Micro_2252021,Micro 2252021,0.494216531630519,0.03822866485871452,[0.419 — 0.569],0.4192883485074385,0.5691447147535994,7.735205605646279,Boa (**)
Distribuicao_PIT_por_Sexo,Distribuicao_PIT_por_Sexo,Sexo_pitMasculino,Outro,Micro_2252022,Micro 2252022,0.4693005613725222,0.02703420417202452,[0.416 — 0.522],0.41631352119535414,0.5222876015496902,5.760530968247716,Boa (**)
Distribuicao_PIT_por_Sexo,Distribuicao_PIT_por_Sexo,Sexo_pitFeminino,Outro,Micro_2252022,Micro 2252022,0.5306994386274779,0.02703420417202452,[0.478 — 0.584],0.4777123984503099,0.583686478804646,5.094070617813684,Boa (**)
Distribuicao_PIT_por_Sexo,Distribuicao_PIT_por_Sexo,Sexo_pitMasculino,Outro,Micro_2253010,Micro 2253010,0.5229608695106183,0.02179964778640946,[0.480 — 0.566],0.48023355984925575,0.5656881791719808,4.168504577944686,Excelente (***)
Distribuicao_PIT_por_Sexo,Distribuicao_PIT_por_Sexo,Sexo_pitFeminino,Outro,Micro_2253010,Micro 2253010,0.47703913048938174,0.02179964778640946,[0.434 — 0.520],0.4343118208280192,0.5197664401507442,4.5697818885519474,Excelente (***)
Distribuicao_PIT_por_Sexo,Distribuicao_PIT_por_Sexo,Sexo_pitMasculino,Outro,Micro_2253011,Micro 2253011,0.48564109703877423,0.023447331302944,[0.440 — 0.532],0.439684327685004,0.5315978663925445,4.82811925224523,Excelente (***)
Distribuicao_PIT_por_Sexo,Distribuicao_PIT_por_Sexo,Sexo_pitFeminino,Outro,Micro_2253011,Micro 2253011,0.5143589029612258,0.02344733130294399,[0.468 — 0.560],0.46840213360745553,0.560315672314996,4.5585545750165695,Excelente (***)
Distribuicao_PIT_por_Sexo,Distribuicao_PIT_por_Sexo,Sexo_pitMasculino,Outro,Micro_2253012,Micro 2253012,0.4750835733828704,0.01881381263680788,[0.438 — 0.512],0.43820850061472694,0.5119586461510138,3.9601059036503052,Excelente (***)
Distribuicao_PIT_por_Sexo,Distribuicao_PIT_por_Sexo,Sexo_pitFeminino,Outro,Micro_2253012,Micro 2253012,0.5249164266171296,0.01881381263680788,[0.488 — 0.562],0.4880413538489861,0.5617914993852731,3.5841539115198136,Excelente (***)
Distribuicao_PIT_por_Sexo,Distribuicao_PIT_por_Sexo,Sexo_pitMasculino,Outro,Micro_2253020,Micro 2253020,0.5333777435002183,0.01791737367885138,[0.498 — 0.568],0.49825969108966955,0.5684957959107669,3.3592278450298796,Excelente (***)
Distribuicao_PIT_por_Sexo,Distribuicao_PIT_por_Sexo,Sexo_pitFeminino,Outro,Micro_2253020,Micro 2253020,0.4666222564997817,0.01791737367885137,[0.432 — 0.502],0.43150420408923296,0.5017403089103304,3.8398026303444777,Excelente (***)
Distribuicao_PIT_por_Sexo,Distribuicao_PIT_por_Sexo,Sexo_pitMasculino,Outro,Micro_2253021,Micro 2253021,0.5365454335395973,0.0144974099771329,[0.508 — 0.565],0.5081305099844168,0.5649603570947778,2.7019911215147796,Excelente (***)
Distribuicao_PIT_por_Sexo,Distribuicao_PIT_por_Sexo,Sexo_pitFeminino,Outro,Micro_2253021,Micro 2253021,0.4634545664604027,0.01449740997713288,[0.435 — 0.492],0.43503964290522223,0.4918694900155831,3.1281189195859467,Excelente (***)
Distribuicao_PIT_por_Sexo,Distribuicao_PIT_por_Sexo,Sexo_pitMasculino,Outro,Micro_2253022,Micro 2253022,0.5582317302374125,0.04132857493202105,[0.477 — 0.639],0.4772277233706512,0.6392357371041737,7.4034800770719835,Boa (**)
Distribuicao_PIT_por_Sexo,Distribuicao_PIT_por_Sexo,Sexo_pitFeminino,Outro,Micro_2253022,Micro 2253022,0.4417682697625877,0.04132857493202108,[0.361 — 0.523],0.3607642628958264,0.522772276629349,9.355261063505447,Boa (**)
Distribuicao_PIT_por_Sexo,Distribuicao_PIT_por_Sexo,Sexo_pitMasculino,Outro,Micro_2254020,Micro 2254020,0.49471773783261686,0.01717371370448854,[0.461 — 0.528],0.4610572589718193,0.5283782166934143,3.471416606109059,Excelente (***)
Distribuicao_PIT_por_Sexo,Distribuicao_PIT_por_Sexo,Sexo_pitFeminino,Outro,Micro_2254020,Micro 2254020,0.5052822621673833,0.01717371370448855,[0.472 — 0.539],0.4716217833065857,0.5389427410281808,3.398835658869709,Excelente (***)
Distribuicao_PIT_por_Sexo,Distribuicao_PIT_por_Sexo,Sexo_pitMasculino,Zona,Zona_Rural,Zona Rural,0.5098622084177942,0.00605451584472342,[0.498 — 0.522],0.4979953573621363,0.521729059473452,1.18748080260975,Excelente (***)
Distribuicao_PIT_por_Sexo,Distribuicao_PIT_por_Sexo,Sexo_pitFeminino,Zona,Zona_Rural,Zona Rural,0.4901377915822059,0.00605451584472343,[0.478 — 0.502],0.47827094052654795,0.5020046426378638,1.2352681120912847,Excelente (***)
Distribuicao_PIT_por_Sexo,Distribuicao_PIT_por_Sexo,Sexo_pitMasculino,Zona,Zona_Urbana,Zona Urbana,0.46407299531602814,0.00452044590321053,[0.455 — 0.473],0.4552129213457355,0.4729330692863208,0.9740807909178515,Excelente (***)
Distribuicao_PIT_por_Sexo,Distribuicao_PIT_por_Sexo,Sexo_pitFeminino,Zona,Zona_Urbana,Zona Urbana,0.5359270046839719,0.00452044590321054,[0.527 — 0.545],0.5270669307136793,0.5447870786542646,0.8434816427800982,Excelente (***)
Empregados_Setor_Privado,Empregados_Setor_Privado,emp_privado,Agregados nacionais,Brasil,Brasil,52986718.9897,200931.7270986489,[52592892.805 — 53380545.175],52592892.80458664,53380545.17481335,0.3792114909732526,Excelente (***)
Empregados_Setor_Privado,Empregados_Setor_Privado,emp_privado,Agregados nacionais,Nordeste,Nordeste,10570519.90027297,92127.57429226562,[10389949.855 — 10751089.946],10389949.85466013,10751089.94588581,0.8715519686963226,Excelente (***)
Empregados_Setor_Privado,Empregados_Setor_Privado,emp_privado,Agregados nacionais,Piauí,Piauí,540535.79583578,14835.844925168672,[511457.540 — 569614.052],511457.53978244937,569614.0518891106,2.744655402928384,Excelente (***)
Empregados_Setor_Privado,Empregados_Setor_Privado,emp_privado,Agregados nacionais,Teresina,Teresina,203237.31049793,9019.46512891452,[185559.159 — 220915.462],185559.15884525754,220915.46215060249,4.437898290829028,Excelente (***)
Empregados_Setor_Privado,Empregados_Setor_Privado,emp_privado,Estrato administrativo,Admin_Capital,Capital,203237.31049793,9019.46512891452,[185559.159 — 220915.462],185559.15884525754,220915.46215060249,4.437898290829028,Excelente (***)
Empregados_Setor_Privado,Empregados_Setor_Privado,emp_privado,Estrato administrativo,"Admin_Resto da RIDE (Região Integrada de Desenvolvimento Econômico, excluindo a capital)","Resto da RIDE (Região Integrada de Desenvolvimento Econômico, excluindo a capital)",33051.53531365,1899.808608657196,[29327.910 — 36775.160],29327.910440681895,36775.1601866181,5.7480192391322635,Boa (**)
Empregados_Setor_Privado,Empregados_Setor_Privado,emp_privado,Estrato administrativo,"Admin_Resto da UF  (Unidade da Federação, excluindo a região metropolitana e a RIDE)","Resto da UF  (Unidade da Federação, excluindo a região metropolitana e a RIDE)",304246.9500242,11271.77853936512,[282154.264 — 326339.636],282154.2640870444,326339.63596135564,3.7048123369744723,Excelente (***)
Empregados_Setor_Privado,Empregados_Setor_Privado,emp_privado,Estrato agregado,Agreg_Alto Parnaíba e Chapadas Sul do Piauí,Alto Parnaíba e Chapadas Sul do Piauí,70795.1527998,8500.086968421785,[54134.982 — 87455.323],54134.98234169329,87455.3232579067,12.006594565109546,Boa (**)
Empregados_Setor_Privado,Empregados_Setor_Privado,emp_privado,Estrato agregado,Agreg_Baixo Parnaíba do Piauí,Baixo Parnaíba do Piauí,125801.3499421,8549.025222519836,[109045.261 — 142557.439],109045.26050596112,142557.43937823887,6.7956545986625105,Boa (**)
Empregados_Setor_Privado,Empregados_Setor_Privado,emp_privado,Estrato agregado,Agreg_Centro-Leste do Piauí,Centro-Leste do Piauí,107650.4472823,7940.225407454294,[92087.605 — 123213.289],92087.60548368958,123213.28908091041,7.375933503213446,Boa (**)
Empregados_Setor_Privado,Empregados_Setor_Privado,emp_privado,Estrato agregado,Agreg_Entorno metropolitano de Teresina (PI),Entorno metropolitano de Teresina (PI),33051.53531365,1899.808608657196,[29327.910 — 36775.160],29327.910440681895,36775.1601866181,5.7480192391322635,Boa (**)
Empregados_Setor_Privado,Empregados_Setor_Privado,emp_privado,Estrato agregado,Agreg_Teresina,Teresina,203237.31049793,9019.46512891452,[185559.159 — 220915.462],185559.15884525754,220915.46215060249,4.437898290829028,Excelente (***)
Empregados_Setor_Privado,Empregados_Setor_Privado,emp_privado,Outro,Micro_2210011,Micro 2210011,106973.99111237,8928.4954889058,[89474.140 — 124473.842],89474.13995411462,124473.84227062538,8.346417102010275,Boa (**)
Empregados_Setor_Privado,Empregados_Setor_Privado,emp_privado,Outro,Micro_2210012,Micro 2210012,38125.13437115,6634.3427564993945,[25121.823 — 51128.446],25121.82256841119,51128.44617388881,17.4014934397706,Regular (*)
Empregados_Setor_Privado,Empregados_Setor_Privado,emp_privado,Outro,Micro_2210013,Micro 2210013,16518.32041605,3848.755942918336,[8974.759 — 24061.882],8974.75876793006,24061.88206416994,23.299923030786463,Regular (*)
Empregados_Setor_Privado,Empregados_Setor_Privado,emp_privado,Outro,Micro_2210020,Micro 2210020,6593.29729762,1024.3684625202457,[4585.535 — 8601.059],4585.5351110803185,8601.059484159681,15.536512556320108,Regular (*)
Empregados_Setor_Privado,Empregados_Setor_Privado,emp_privado,Outro,Micro_2210030,Micro 2210030,35026.567300740004,2746.974458838827,[29642.497 — 40410.637],29642.497361415903,40410.637240064105,7.842545446298393,Boa (**)
Empregados_Setor_Privado,Empregados_Setor_Privado,emp_privado,Outro,Micro_2220010,Micro 2220010,23477.98690272,1952.3812203086488,[19651.320 — 27304.654],19651.31971091505,27304.65409452495,8.315794826865924,Boa (**)
Empregados_Setor_Privado,Empregados_Setor_Privado,emp_privado,Outro,Micro_2220020,Micro 2220020,9573.54841093,1402.5687978047629,[6824.514 — 12322.583],6824.513567232664,12322.583254627334,14.650459135961205,Boa (**)
Empregados_Setor_Privado,Empregados_Setor_Privado,emp_privado,Outro,Micro_2251011,Micro 2251011,17448.10402458,2661.1231854719363,[12232.303 — 22663.905],12232.302581055004,22663.905468104997,15.251646721747427,Regular (*)
Empregados_Setor_Privado,Empregados_Setor_Privado,emp_privado,Outro,Micro_2251012,Micro 2251012,28641.71682327,4694.75650931348,[19439.994 — 37843.440],19439.994065015577,37843.43958152442,16.391323670581155,Regular (*)
Empregados_Setor_Privado,Empregados_Setor_Privado,emp_privado,Outro,Micro_2251013,Micro 2251013,24383.93272997,4121.204391810985,[16306.372 — 32461.493],16306.372122020472,32461.49333791953,16.90131135715307,Regular (*)
Empregados_Setor_Privado,Empregados_Setor_Privado,emp_privado,Outro,Micro_2251020,Micro 2251020,27432.75682765,4352.37707694677,[18902.098 — 35963.416],18902.09775683433,35963.41589846567,15.86562044890773,Regular (*)
Empregados_Setor_Privado,Empregados_Setor_Privado,emp_privado,Outro,Micro_2251021,Micro 2251021,7017.59250131,1937.0936615677092,[3220.889 — 10814.296],3220.8889246372905,10814.29607798271,27.60339334616686,Regular (*)
Empregados_Setor_Privado,Empregados_Setor_Privado,emp_privado,Outro,Micro_2251022,Micro 2251022,2726.34437552,1216.4136453243402,[342.174 — 5110.515],342.17363068429313,5110.515120355707,44.617021101464175,Baixa
Empregados_Setor_Privado,Empregados_Setor_Privado,emp_privado,Outro,Micro_2252011,Micro 2252011,53448.52523671,6879.674060085862,[39964.364 — 66932.686],39964.36407894171,66932.68639447828,12.871588186236247,Boa (**)
Empregados_Setor_Privado,Empregados_Setor_Privado,emp_privado,Outro,Micro_2252012,Micro 2252012,21706.03868413,3501.883085815341,[14842.348 — 28569.730],14842.34783593193,28569.729532328067,16.133220514232676,Regular (*)
Empregados_Setor_Privado,Empregados_Setor_Privado,emp_privado,Outro,Micro_2252013,Micro 2252013,9080.68890746,1568.7612934920007,[6005.917 — 12155.461],6005.916772215679,12155.461042704323,17.27579602692067,Regular (*)
Empregados_Setor_Privado,Empregados_Setor_Privado,emp_privado,Outro,Micro_2252020,Micro 2252020,30969.08730968,4655.156085358959,[21844.981 — 40093.193],21844.98138237644,40093.193236983556,15.0316218195552,Regular (*)
Empregados_Setor_Privado,Empregados_Setor_Privado,emp_privado,Outro,Micro_2252021,Micro 2252021,8078.81046026,1975.3076826907732,[4207.207 — 11950.414],4207.207402186084,11950.413518333915,24.45047686670448,Regular (*)
Empregados_Setor_Privado,Empregados_Setor_Privado,emp_privado,Outro,Micro_2252022,Micro 2252022,2518.1993438600002,1271.9588838765555,[25.160 — 5011.239],25.1599314619516,5011.238756258049,50.510651072080904,Baixa
Empregados_Setor_Privado,Empregados_Setor_Privado,emp_privado,Outro,Micro_2253010,Micro 2253010,7964.76992322,4701.86616042955,[-1250.888 — 17180.428],-1250.8877512219178,17180.427597661917,59.03329544676512,Baixa
Empregados_Setor_Privado,Empregados_Setor_Privado,emp_privado,Outro,Micro_2253011,Micro 2253011,33150.19447569,6294.364231228558,[20813.241 — 45487.148],20813.240582482023,45487.14836889797,18.98741268575181,Regular (*)
Empregados_Setor_Privado,Empregados_Setor_Privado,emp_privado,Outro,Micro_2253012,Micro 2253012,7502.37624788,918.2436115278184,[5702.619 — 9302.134],5702.6187692854755,9302.133726474523,12.239370316668577,Boa (**)
Empregados_Setor_Privado,Empregados_Setor_Privado,emp_privado,Outro,Micro_2253020,Micro 2253020,15322.0966624,2832.1682170473537,[9771.047 — 20873.146],9771.046956987186,20873.146367812813,18.48420800005404,Regular (*)
Empregados_Setor_Privado,Empregados_Setor_Privado,emp_privado,Outro,Micro_2253021,Micro 2253021,2203.44020838,1255.7467522658424,[-257.823 — 4664.704],-257.8234260610511,4664.703842821051,56.99028035750899,Baixa
Empregados_Setor_Privado,Empregados_Setor_Privado,emp_privado,Outro,Micro_2253022,Micro 2253022,1877.41206109,250.98909310257113,[1385.473 — 2369.351],1385.4734386089606,2369.3506835710396,13.368886793922602,Boa (**)
Empregados_Setor_Privado,Empregados_Setor_Privado,emp_privado,Outro,Micro_2254020,Micro 2254020,2774.86322114,494.2020365535085,[1806.227 — 3743.499],1806.2272294951233,3743.4992127848764,17.80996024555311,Regular (*)
Empregados_Setor_Privado,Empregados_Setor_Privado,emp_privado,Zona,Zona_Rural,Zona Rural,117087.44867984,7230.188392310584,[102916.279 — 131258.618],102916.27943091127,131258.61792876874,6.175032827028771,Boa (**)
Empregados_Setor_Privado,Empregados_Setor_Privado,emp_privado,Zona,Zona_Urbana,Zona Urbana,423448.34715594,14994.917950435707,[394058.308 — 452838.386],394058.307973086,452838.386338794,3.5411445223834224,Excelente (***)
Empregados_Setor_Publico,Empregados_Setor_Publico,emp_publico,Agregados nacionais,Brasil,Brasil,13018195.63882171,114438.34822912417,[12793896.476 — 13242494.801],12793896.476292627,13242494.801350793,0.8790645908550972,Excelente (***)
Empregados_Setor_Publico,Empregados_Setor_Publico,emp_publico,Agregados nacionais,Nordeste,Nordeste,3829408.1782075,56838.26775294471,[3718005.173 — 3940811.183],3718005.1734117283,3940811.1830032715,1.484257230044096,Excelente (***)
Empregados_Setor_Publico,Empregados_Setor_Publico,emp_publico,Agregados nacionais,Piauí,Piauí,272653.0166432,14563.412754465797,[244108.728 — 301197.306],244108.72764444706,301197.30564195296,5.341372317741055,Boa (**)
Empregados_Setor_Publico,Empregados_Setor_Publico,emp_publico,Agregados nacionais,Teresina,Teresina,72632.47544018,6853.158271645801,[59200.285 — 86064.666],59200.28522775423,86064.66565260576,9.435391304114441,Boa (**)
Empregados_Setor_Publico,Empregados_Setor_Publico,emp_publico,Estrato administrativo,Admin_Capital,Capital,72632.47544018,6853.158271645801,[59200.285 — 86064.666],59200.28522775423,86064.66565260576,9.435391304114441,Boa (**)
Empregados_Setor_Publico,Empregados_Setor_Publico,emp_publico,Estrato administrativo,"Admin_Resto da RIDE (Região Integrada de Desenvolvimento Econômico, excluindo a capital)","Resto da RIDE (Região Integrada de Desenvolvimento Econômico, excluindo a capital)",13030.26488826,2152.9064765914195,[8810.568 — 17249.962],8810.568194140818,17249.961582379183,16.522353881931775,Regular (*)
Empregados_Setor_Publico,Empregados_Setor_Publico,emp_publico,Estrato administrativo,"Admin_Resto da UF  (Unidade da Federação, excluindo a região metropolitana e a RIDE)","Resto da UF  (Unidade da Federação, excluindo a região metropolitana e a RIDE)",186990.27631476,11217.149708577354,[165004.663 — 208975.890],165004.6628859484,208975.8897435716,5.998787706851435,Boa (**)
Empregados_Setor_Publico,Empregados_Setor_Publico,emp_publico,Estrato agregado,Agreg_Alto Parnaíba e Chapadas Sul do Piauí,Alto Parnaíba e Chapadas Sul do Piauí,56619.65152473,7135.541877029017,[42633.989 — 70605.314],42633.989445753126,70605.31360370688,12.602588827153763,Boa (**)
Empregados_Setor_Publico,Empregados_Setor_Publico,emp_publico,Estrato agregado,Agreg_Baixo Parnaíba do Piauí,Baixo Parnaíba do Piauí,61696.7476952,6109.221664968074,[49722.673 — 73670.822],49722.67323186257,73670.82215853743,9.902015735334086,Boa (**)
Empregados_Setor_Publico,Empregados_Setor_Publico,emp_publico,Estrato agregado,Agreg_Centro-Leste do Piauí,Centro-Leste do Piauí,68673.87709483,6794.8605191351035,[55355.950 — 81991.804],55355.95047732519,81991.8037123348,9.894388967951024,Boa (**)
Empregados_Setor_Publico,Empregados_Setor_Publico,emp_publico,Estrato agregado,Agreg_Entorno metropolitano de Teresina (PI),Entorno metropolitano de Teresina (PI),13030.26488826,2152.9064765914195,[8810.568 — 17249.962],8810.568194140818,17249.961582379183,16.522353881931775,Regular (*)
Empregados_Setor_Publico,Empregados_Setor_Publico,emp_publico,Estrato agregado,Agreg_Teresina,Teresina,72632.47544018,6853.158271645801,[59200.285 — 86064.666],59200.28522775423,86064.66565260576,9.435391304114441,Boa (**)
Empregados_Setor_Publico,Empregados_Setor_Publico,emp_publico,Outro,Micro_2210011,Micro 2210011,36684.86777307,5497.161223735637,[25910.432 — 47459.304],25910.431774548153,47459.30377159185,14.984819511251036,Boa (**)
Empregados_Setor_Publico,Empregados_Setor_Publico,emp_publico,Outro,Micro_2210012,Micro 2210012,19820.09634115,3799.394434734575,[12373.283 — 27266.909],12373.283249070235,27266.909433229768,19.169404473813607,Regular (*)
Empregados_Setor_Publico,Empregados_Setor_Publico,emp_publico,Outro,Micro_2210013,Micro 2210013,9418.8982893,1993.2816425471715,[5512.066 — 13325.730],5512.066269907544,13325.730308692455,21.16257741960721,Regular (*)
Empregados_Setor_Publico,Empregados_Setor_Publico,emp_publico,Outro,Micro_2210020,Micro 2210020,627.03214197,242.73047771260332,[151.280 — 1102.784],151.28040565329752,1102.7838782867025,38.711010403708556,Baixa
Empregados_Setor_Publico,Empregados_Setor_Publico,emp_publico,Outro,Micro_2210030,Micro 2210030,6081.58089469,1094.158298747123,[3937.031 — 8226.131],3937.030629145639,8226.13116023436,17.9913466201274,Regular (*)
Empregados_Setor_Publico,Empregados_Setor_Publico,emp_publico,Outro,Micro_2220010,Micro 2220010,11089.39581628,1995.7786388617449,[7177.670 — 15001.122],7177.669684110981,15001.121948449021,17.997181018029888,Regular (*)
Empregados_Setor_Publico,Empregados_Setor_Publico,emp_publico,Outro,Micro_2220020,Micro 2220020,1940.86907198,667.4893029491294,[632.590 — 3249.148],632.5900381997062,3249.1481057602937,34.391258667859674,Baixa
Empregados_Setor_Publico,Empregados_Setor_Publico,emp_publico,Outro,Micro_2251011,Micro 2251011,11221.71621718,2721.8489196740434,[5886.892 — 16556.540],5886.892334618874,16556.540099741123,24.25519294015831,Regular (*)
Empregados_Setor_Publico,Empregados_Setor_Publico,emp_publico,Outro,Micro_2251012,Micro 2251012,20883.87314575,3491.352430012918,[14040.822 — 27726.924],14040.822382924682,27726.923908575318,16.717935440646126,Regular (*)
Empregados_Setor_Publico,Empregados_Setor_Publico,emp_publico,Outro,Micro_2251013,Micro 2251013,13701.59111873,3332.3477887047316,[7170.189 — 20232.993],7170.189452868727,20232.992784591275,24.320881858380886,Regular (*)
Empregados_Setor_Publico,Empregados_Setor_Publico,emp_publico,Outro,Micro_2251020,Micro 2251020,17613.9143551,4232.121737182006,[9318.956 — 25908.873],9318.955750223271,25908.872959976732,24.027150648411215,Regular (*)
Empregados_Setor_Publico,Empregados_Setor_Publico,emp_publico,Outro,Micro_2251021,Micro 2251021,3180.55644111,1189.4461770779503,[849.242 — 5511.871],849.2419340372171,5511.870948182783,37.3974239760021,Baixa
Empregados_Setor_Publico,Empregados_Setor_Publico,emp_publico,Outro,Micro_2251022,Micro 2251022,2072.22581696,1860.6508241340373,[-1574.650 — 5719.101],-1574.649798342713,5719.1014322627125,89.78996443851145,Baixa
Empregados_Setor_Publico,Empregados_Setor_Publico,emp_publico,Outro,Micro_2252011,Micro 2252011,31132.74932562,4437.596554418796,[22435.060 — 39830.439],22435.060078959163,39830.43857228084,14.25378949994299,Boa (**)
Empregados_Setor_Publico,Empregados_Setor_Publico,emp_publico,Outro,Micro_2252012,Micro 2252012,11150.66817733,1516.278844647239,[8178.762 — 14122.575],8178.761641821412,14122.574712838588,13.598098522292396,Boa (**)
Empregados_Setor_Publico,Empregados_Setor_Publico,emp_publico,Outro,Micro_2252013,Micro 2252013,1846.90279736,1091.7817956903586,[-292.990 — 3986.795],-292.98952219310286,3986.795116913103,59.11419903911421,Baixa
Empregados_Setor_Publico,Empregados_Setor_Publico,emp_publico,Outro,Micro_2252020,Micro 2252020,13239.05838943,2604.0768196800054,[8135.068 — 18343.049],8135.06782285719,18343.04895600281,19.669652803700053,Regular (*)
Empregados_Setor_Publico,Empregados_Setor_Publico,emp_publico,Outro,Micro_2252021,Micro 2252021,2753.56850698,1442.1262959165847,[-72.999 — 5580.136],-72.99903301650556,5580.136046976506,52.372994979458454,Baixa
Empregados_Setor_Publico,Empregados_Setor_Publico,emp_publico,Outro,Micro_2252022,Micro 2252022,1573.80049848,1205.711216631599,[-789.393 — 3936.994],-789.3934861179341,3936.994483077934,76.61143949287683,Baixa
Empregados_Setor_Publico,Empregados_Setor_Publico,emp_publico,Outro,Micro_2253010,Micro 2253010,13251.72371634,4703.530877935318,[4032.803 — 22470.644],4032.8031955867773,22470.644237093224,35.4937288055262,Baixa
Empregados_Setor_Publico,Empregados_Setor_Publico,emp_publico,Outro,Micro_2253011,Micro 2253011,29202.13314334,5177.586138834288,[19054.064 — 39350.202],19054.064311224796,39350.2019754552,17.730164140475186,Regular (*)
Empregados_Setor_Publico,Empregados_Setor_Publico,emp_publico,Outro,Micro_2253012,Micro 2253012,5305.22978022,1224.8842469592234,[2904.457 — 7706.003],2904.456656179922,7706.002904260078,23.088241182805643,Regular (*)
Empregados_Setor_Publico,Empregados_Setor_Publico,emp_publico,Outro,Micro_2253020,Micro 2253020,5738.26632086,2716.8848541288257,[413.172 — 11063.361],413.17200676750144,11063.360634952498,47.34678912082358,Baixa
Empregados_Setor_Publico,Empregados_Setor_Publico,emp_publico,Outro,Micro_2253021,Micro 2253021,2205.82073945,390.73704494430007,[1439.976 — 2971.665],1439.9761313591719,2971.6653475408284,17.713907479250853,Regular (*)
Empregados_Setor_Publico,Empregados_Setor_Publico,emp_publico,Outro,Micro_2253022,Micro 2253022,350.11813148,194.9946066130279,[-32.071 — 732.308],-32.071297481534714,732.3075604415346,55.69394700833045,Baixa
Empregados_Setor_Publico,Empregados_Setor_Publico,emp_publico,Outro,Micro_2254020,Micro 2254020,566.35969304,175.22733640215122,[222.914 — 909.805],222.91411369178365,909.8052723882164,30.939231473482614,Baixa
Empregados_Setor_Publico,Empregados_Setor_Publico,emp_publico,Zona,Zona_Rural,Zona Rural,51861.59010684,6265.043009797974,[39582.106 — 64141.074],39582.10580763597,64141.07440604403,12.080314153290262,Boa (**)
Empregados_Setor_Publico,Empregados_Setor_Publico,emp_publico,Zona,Zona_Urbana,Zona Urbana,220791.42653636,13183.49216797682,[194951.782 — 246631.071],194951.78188712543,246631.07118559457,5.971016345512744,Boa (**)
Gini_Rendimento_Habitual_Trabalho,Gini_Rendimento_Habitual_Trabalho,VD4019,Agregados nacionais,Brasil,Brasil,0.48375040587964824,0.00283164894678646,[0.478 — 0.489],0.47820037394394677,0.4893004378153497,0.5853532963217695,Excelente (***)
Gini_Rendimento_Habitual_Trabalho,Gini_Rendimento_Habitual_Trabalho,VD4019,Agregados nacionais,Nordeste,Nordeste,0.4991027492907046,0.00545169646473284,[0.488 — 0.510],0.4884174242198282,0.5097880743615809,1.0922994258157201,Excelente (***)
Gini_Rendimento_Habitual_Trabalho,Gini_Rendimento_Habitual_Trabalho,VD4019,Agregados nacionais,Piauí,Piauí,0.507416642348097,0.01207523107217427,[0.484 — 0.531],0.4837491894466355,0.5310840952495586,2.3797467533377517,Excelente (***)
Gini_Rendimento_Habitual_Trabalho,Gini_Rendimento_Habitual_Trabalho,VD4019,Agregados nacionais,Teresina,Teresina,0.4949960293749076,0.01905951336567636,[0.458 — 0.532],0.4576393831781819,0.5323526755716332,3.8504376266906934,Excelente (***)
Gini_Rendimento_Habitual_Trabalho,Gini_Rendimento_Habitual_Trabalho,VD4019,Estrato administrativo,Admin_Capital,Capital,0.4949960293749076,0.01905951336567636,[0.458 — 0.532],0.4576393831781819,0.5323526755716332,3.8504376266906934,Excelente (***)
Gini_Rendimento_Habitual_Trabalho,Gini_Rendimento_Habitual_Trabalho,VD4019,Estrato administrativo,"Admin_Resto da RIDE (Região Integrada de Desenvolvimento Econômico, excluindo a capital)","Resto da RIDE (Região Integrada de Desenvolvimento Econômico, excluindo a capital)",0.3950589322814395,0.03559008507892613,[0.325 — 0.465],0.3253023655267443,0.4648154990361347,9.008804046878707,Boa (**)
Gini_Rendimento_Habitual_Trabalho,Gini_Rendimento_Habitual_Trabalho,VD4019,Estrato administrativo,"Admin_Resto da UF  (Unidade da Federação, excluindo a região metropolitana e a RIDE)","Resto da UF  (Unidade da Federação, excluindo a região metropolitana e a RIDE)",0.49196050783310374,0.01288775727450037,[0.467 — 0.517],0.466700503575083,0.5172205120911245,2.6196731382496474,Excelente (***)
Gini_Rendimento_Habitual_Trabalho,Gini_Rendimento_Habitual_Trabalho,VD4019,Estrato agregado,Agreg_Alto Parnaíba e Chapadas Sul do Piauí,Alto Parnaíba e Chapadas Sul do Piauí,0.4769837158256731,0.01780154320246051,[0.442 — 0.512],0.4420926911488505,0.5118747405024957,3.732107116412875,Excelente (***)
Gini_Rendimento_Habitual_Trabalho,Gini_Rendimento_Habitual_Trabalho,VD4019,Estrato agregado,Agreg_Baixo Parnaíba do Piauí,Baixo Parnaíba do Piauí,0.470010263549661,0.01484640224552097,[0.441 — 0.499],0.4409113151484399,0.49910921195088215,3.1587400099300824,Excelente (***)
Gini_Rendimento_Habitual_Trabalho,Gini_Rendimento_Habitual_Trabalho,VD4019,Estrato agregado,Agreg_Centro-Leste do Piauí,Centro-Leste do Piauí,0.5140788850816822,0.02872070276597085,[0.458 — 0.570],0.4577863076603793,0.5703714625029851,5.586827936223719,Boa (**)
Gini_Rendimento_Habitual_Trabalho,Gini_Rendimento_Habitual_Trabalho,VD4019,Estrato agregado,Agreg_Entorno metropolitano de Teresina (PI),Entorno metropolitano de Teresina (PI),0.3950589322814395,0.03559008507892613,[0.325 — 0.465],0.3253023655267443,0.4648154990361347,9.008804046878707,Boa (**)
Gini_Rendimento_Habitual_Trabalho,Gini_Rendimento_Habitual_Trabalho,VD4019,Estrato agregado,Agreg_Teresina,Teresina,0.4949960293749076,0.01905951336567636,[0.458 — 0.532],0.4576393831781819,0.5323526755716332,3.8504376266906934,Excelente (***)
Gini_Rendimento_Habitual_Trabalho,Gini_Rendimento_Habitual_Trabalho,VD4019,Outro,Micro_2210011,Micro 2210011,0.46341265110718366,0.04186502535959527,[0.381 — 0.545],0.38135720140237694,0.5454681008119904,9.03407044662495,Boa (**)
Gini_Rendimento_Habitual_Trabalho,Gini_Rendimento_Habitual_Trabalho,VD4019,Outro,Micro_2210012,Micro 2210012,0.4953904081250702,0.0334256034470923,[0.430 — 0.561],0.4298762253687693,0.5609045908813711,6.747325523237302,Boa (**)
Gini_Rendimento_Habitual_Trabalho,Gini_Rendimento_Habitual_Trabalho,VD4019,Outro,Micro_2210013,Micro 2210013,0.5181974206989286,0.02063540013302273,[0.478 — 0.559],0.4777520364382041,0.5586428049596531,3.982150298083372,Excelente (***)
Gini_Rendimento_Habitual_Trabalho,Gini_Rendimento_Habitual_Trabalho,VD4019,Outro,Micro_2210020,Micro 2210020,0.357628871983414,0.04910534853263856,[0.261 — 0.454],0.2613823888594424,0.4538753551073855,13.730812129428957,Boa (**)
Gini_Rendimento_Habitual_Trabalho,Gini_Rendimento_Habitual_Trabalho,VD4019,Outro,Micro_2210030,Micro 2210030,0.39373519541659463,0.02318049161673548,[0.348 — 0.439],0.3483014318477931,0.43916895898539615,5.887330339419918,Boa (**)
Gini_Rendimento_Habitual_Trabalho,Gini_Rendimento_Habitual_Trabalho,VD4019,Outro,Micro_2220010,Micro 2220010,0.3967989520113244,0.04178807543408907,[0.315 — 0.479],0.31489432416050983,0.478703579862139,10.531296824820359,Boa (**)
Gini_Rendimento_Habitual_Trabalho,Gini_Rendimento_Habitual_Trabalho,VD4019,Outro,Micro_2220020,Micro 2220020,0.3336645109401746,0.03813643415151877,[0.259 — 0.408],0.2589171000031978,0.40841192187715136,11.42957458797785,Boa (**)
Gini_Rendimento_Habitual_Trabalho,Gini_Rendimento_Habitual_Trabalho,VD4019,Outro,Micro_2251011,Micro 2251011,0.5316363711321497,0.07582758184588653,[0.383 — 0.680],0.3830143107142121,0.6802584315500873,14.263053839677564,Boa (**)
Gini_Rendimento_Habitual_Trabalho,Gini_Rendimento_Habitual_Trabalho,VD4019,Outro,Micro_2251012,Micro 2251012,0.5183668924356728,0.04560815926801175,[0.429 — 0.608],0.4289749002703698,0.6077588846009758,8.798432140160559,Boa (**)
Gini_Rendimento_Habitual_Trabalho,Gini_Rendimento_Habitual_Trabalho,VD4019,Outro,Micro_2251013,Micro 2251013,0.4576574906705162,0.04585118573436313,[0.368 — 0.548],0.36778916663116445,0.5475258147098679,10.018668254983949,Boa (**)
Gini_Rendimento_Habitual_Trabalho,Gini_Rendimento_Habitual_Trabalho,VD4019,Outro,Micro_2251020,Micro 2251020,0.47694761947863373,0.01542527590739545,[0.447 — 0.507],0.44671407870013863,0.5071811602571288,3.234165614298966,Excelente (***)
Gini_Rendimento_Habitual_Trabalho,Gini_Rendimento_Habitual_Trabalho,VD4019,Outro,Micro_2251021,Micro 2251021,0.4089506884289691,0.04290635653326722,[0.325 — 0.493],0.3248542296237653,0.49304714723417287,10.491816677970858,Boa (**)
Gini_Rendimento_Habitual_Trabalho,Gini_Rendimento_Habitual_Trabalho,VD4019,Outro,Micro_2251022,Micro 2251022,0.46899877482522245,0.06950497067814962,[0.333 — 0.605],0.3327690322960492,0.6052285173543956,14.819861886430601,Boa (**)
Gini_Rendimento_Habitual_Trabalho,Gini_Rendimento_Habitual_Trabalho,VD4019,Outro,Micro_2252011,Micro 2252011,0.43553379567440054,0.02409628734011017,[0.388 — 0.483],0.3883050724877846,0.48276251886101645,5.532587270936891,Boa (**)
Gini_Rendimento_Habitual_Trabalho,Gini_Rendimento_Habitual_Trabalho,VD4019,Outro,Micro_2252012,Micro 2252012,0.460718669171823,0.02565574964407975,[0.410 — 0.511],0.41043339986942673,0.5110039384742193,5.568636862534335,Boa (**)
Gini_Rendimento_Habitual_Trabalho,Gini_Rendimento_Habitual_Trabalho,VD4019,Outro,Micro_2252013,Micro 2252013,0.4829016110084945,0.04885294708496034,[0.387 — 0.579],0.38714983472197223,0.5786533872950168,10.116542577469469,Boa (**)
Gini_Rendimento_Habitual_Trabalho,Gini_Rendimento_Habitual_Trabalho,VD4019,Outro,Micro_2252020,Micro 2252020,0.4801765458313896,0.02372357631795053,[0.434 — 0.527],0.43367833624820656,0.5266747554145726,4.940594563375631,Excelente (***)
Gini_Rendimento_Habitual_Trabalho,Gini_Rendimento_Habitual_Trabalho,VD4019,Outro,Micro_2252021,Micro 2252021,0.5019476196006709,0.03748832736916671,[0.428 — 0.575],0.4284704979571041,0.5754247412442377,7.468573593195023,Boa (**)
Gini_Rendimento_Habitual_Trabalho,Gini_Rendimento_Habitual_Trabalho,VD4019,Outro,Micro_2252022,Micro 2252022,0.49028112518171674,0.21502615885039897,[0.069 — 0.912],0.06882985383493478,0.9117323965284987,43.85772729282657,Baixa
Gini_Rendimento_Habitual_Trabalho,Gini_Rendimento_Habitual_Trabalho,VD4019,Outro,Micro_2253010,Micro 2253010,0.5245513222429139,0.07085060970119474,[0.386 — 0.663],0.3856841272285722,0.6634185172572555,13.506897551653601,Boa (**)
Gini_Rendimento_Habitual_Trabalho,Gini_Rendimento_Habitual_Trabalho,VD4019,Outro,Micro_2253011,Micro 2253011,0.4434155047778318,0.01939464883716252,[0.405 — 0.481],0.40540199305699326,0.48142901649867037,4.373922117784308,Excelente (***)
Gini_Rendimento_Habitual_Trabalho,Gini_Rendimento_Habitual_Trabalho,VD4019,Outro,Micro_2253012,Micro 2253012,0.4752660294226452,0.02899838456148852,[0.418 — 0.532],0.41842919568212766,0.5321028631631627,6.101505844361706,Boa (**)
Gini_Rendimento_Habitual_Trabalho,Gini_Rendimento_Habitual_Trabalho,VD4019,Outro,Micro_2253020,Micro 2253020,0.4951944807825701,0.03867703678771938,[0.419 — 0.571],0.4193874886786401,0.5710014728865,7.810474124549398,Boa (**)
Gini_Rendimento_Habitual_Trabalho,Gini_Rendimento_Habitual_Trabalho,VD4019,Outro,Micro_2253021,Micro 2253021,0.4385697178015529,0.09702550211734962,[0.248 — 0.629],0.24839973365154766,0.6287397019515581,22.123164956239044,Regular (*)
Gini_Rendimento_Habitual_Trabalho,Gini_Rendimento_Habitual_Trabalho,VD4019,Outro,Micro_2253022,Micro 2253022,0.35585535048479366,0.03803125430135909,[0.281 — 0.430],0.2813140920541298,0.4303966089154575,10.687279044574668,Boa (**)
Gini_Rendimento_Habitual_Trabalho,Gini_Rendimento_Habitual_Trabalho,VD4019,Outro,Micro_2254020,Micro 2254020,0.4620039121840298,0.03927266873465594,[0.385 — 0.539],0.3850294814641042,0.5389783429039554,8.500505666500173,Boa (**)
Gini_Rendimento_Habitual_Trabalho,Gini_Rendimento_Habitual_Trabalho,VD4019,Zona,Zona_Rural,Zona Rural,0.4611504925549392,0.01332476002033294,[0.435 — 0.487],0.4350339629150866,0.48726702219479173,2.889460216448862,Excelente (***)
Gini_Rendimento_Habitual_Trabalho,Gini_Rendimento_Habitual_Trabalho,VD4019,Zona,Zona_Urbana,Zona Urbana,0.49528430780366817,0.01278125726860893,[0.470 — 0.520],0.47023304355719464,0.5203355720501417,2.580589989876168,Excelente (***)
Motivo_Desistencia_Desalentado,Motivo da Desistência (Desalentados),V4074AConseguiu proposta de trabalho para começar após a semana de referência,Agregados nacionais,Brasil,Brasil,0,0,[0.000 — 0.000],0,0,NA,NA
Motivo_Desistencia_Desalentado,Motivo da Desistência (Desalentados),V4074AEstava aguardando resposta de medida tomada para conseguir trabalho,Agregados nacionais,Brasil,Brasil,0,0,[0.000 — 0.000],0,0,NA,NA
Motivo_Desistencia_Desalentado,Motivo da Desistência (Desalentados),V4074ANão conseguia trabalho adequado,Agregados nacionais,Brasil,Brasil,0.28188302169023355,0.00914498428779535,[0.264 — 0.300],0.26395885248615464,0.29980719089431246,3.2442479979673777,Excelente (***)
Motivo_Desistencia_Desalentado,Motivo da Desistência (Desalentados),V4074ANão tinha experiência profissional ou qualificação,Agregados nacionais,Brasil,Brasil,0.0773960549491225,0.00490375315560335,[0.068 — 0.087],0.06778469876413992,0.08700741113410507,6.335921331942447,Boa (**)
Motivo_Desistencia_Desalentado,Motivo da Desistência (Desalentados),V4074ANão conseguia trabalho por ser considerado muito jovem ou muito idoso,Agregados nacionais,Brasil,Brasil,0.0825984631881739,0.00523642351958813,[0.072 — 0.093],0.07233507308978117,0.09286185328656664,6.3396137379198345,Boa (**)
Motivo_Desistencia_Desalentado,Motivo da Desistência (Desalentados),V4074ANão havia trabalho na localidade,Agregados nacionais,Brasil,Brasil,0.5581224601724701,0.01014637661209056,[0.538 — 0.578],0.5382355620127727,0.5780093583321676,1.8179480913481143,Excelente (***)
Motivo_Desistencia_Desalentado,Motivo da Desistência (Desalentados),"V4074ATinha que cuidar dos afazeres domésticos, do(s) filho(s) ou de outro(s) parente(s)",Agregados nacionais,Brasil,Brasil,0,0,[0.000 — 0.000],0,0,NA,NA
Motivo_Desistencia_Desalentado,Motivo da Desistência (Desalentados),V4074AEstava estudando (curso de qualquer tipo ou por conta própria),Agregados nacionais,Brasil,Brasil,0,0,[0.000 — 0.000],0,0,NA,NA
Motivo_Desistencia_Desalentado,Motivo da Desistência (Desalentados),V4074APor problema de saúde ou gravidez,Agregados nacionais,Brasil,Brasil,0,0,[0.000 — 0.000],0,0,NA,NA
Motivo_Desistencia_Desalentado,Motivo da Desistência (Desalentados),"V4074AOutro motivo, especifique",Agregados nacionais,Brasil,Brasil,0,0,[0.000 — 0.000],0,0,NA,NA
Motivo_Desistencia_Desalentado,Motivo da Desistência (Desalentados),V4074AConseguiu proposta de trabalho para começar após a semana de referência,Agregados nacionais,Nordeste,Nordeste,0,0,[0.000 — 0.000],0,0,NA,NA
Motivo_Desistencia_Desalentado,Motivo da Desistência (Desalentados),V4074AEstava aguardando resposta de medida tomada para conseguir trabalho,Agregados nacionais,Nordeste,Nordeste,0,0,[0.000 — 0.000],0,0,NA,NA
Motivo_Desistencia_Desalentado,Motivo da Desistência (Desalentados),V4074ANão conseguia trabalho adequado,Agregados nacionais,Nordeste,Nordeste,0.2319040059026053,0.01046313652566464,[0.211 — 0.252],0.2113962583123026,0.252411753492908,4.511839493647614,Excelente (***)
Motivo_Desistencia_Desalentado,Motivo da Desistência (Desalentados),V4074ANão tinha experiência profissional ou qualificação,Agregados nacionais,Nordeste,Nordeste,0.04967179246854165,0.00507221655370778,[0.040 — 0.060],0.0397302480232744,0.0596133369138089,10.21146268663475,Boa (**)
Motivo_Desistencia_Desalentado,Motivo da Desistência (Desalentados),V4074ANão conseguia trabalho por ser considerado muito jovem ou muito idoso,Agregados nacionais,Nordeste,Nordeste,0.04389736609856651,0.00460952989902556,[0.035 — 0.053],0.03486268749647641,0.05293204470065661,10.500698125430553,Boa (**)
Motivo_Desistencia_Desalentado,Motivo da Desistência (Desalentados),V4074ANão havia trabalho na localidade,Agregados nacionais,Nordeste,Nordeste,0.6745268355302866,0.01126640841686039,[0.652 — 0.697],0.6524446750332402,0.696608996027333,1.6702683753127747,Excelente (***)
Motivo_Desistencia_Desalentado,Motivo da Desistência (Desalentados),"V4074ATinha que cuidar dos afazeres domésticos, do(s) filho(s) ou de outro(s) parente(s)",Agregados nacionais,Nordeste,Nordeste,0,0,[0.000 — 0.000],0,0,NA,NA
Motivo_Desistencia_Desalentado,Motivo da Desistência (Desalentados),V4074AEstava estudando (curso de qualquer tipo ou por conta própria),Agregados nacionais,Nordeste,Nordeste,0,0,[0.000 — 0.000],0,0,NA,NA
Motivo_Desistencia_Desalentado,Motivo da Desistência (Desalentados),V4074APor problema de saúde ou gravidez,Agregados nacionais,Nordeste,Nordeste,0,0,[0.000 — 0.000],0,0,NA,NA
Motivo_Desistencia_Desalentado,Motivo da Desistência (Desalentados),"V4074AOutro motivo, especifique",Agregados nacionais,Nordeste,Nordeste,0,0,[0.000 — 0.000],0,0,NA,NA
Motivo_Desistencia_Desalentado,Motivo da Desistência (Desalentados),V4074AConseguiu proposta de trabalho para começar após a semana de referência,Agregados nacionais,Piauí,Piauí,0,0,[0.000 — 0.000],0,0,NA,NA
Motivo_Desistencia_Desalentado,Motivo da Desistência (Desalentados),V4074AEstava aguardando resposta de medida tomada para conseguir trabalho,Agregados nacionais,Piauí,Piauí,0,0,[0.000 — 0.000],0,0,NA,NA
Motivo_Desistencia_Desalentado,Motivo da Desistência (Desalentados),V4074ANão conseguia trabalho adequado,Agregados nacionais,Piauí,Piauí,0.21763096107825455,0.04230939296734238,[0.135 — 0.301],0.1347045508622635,0.30055737129424565,19.440888721770154,Regular (*)
Motivo_Desistencia_Desalentado,Motivo da Desistência (Desalentados),V4074ANão tinha experiência profissional ou qualificação,Agregados nacionais,Piauí,Piauí,0.03167965056580891,0.01049055804252118,[0.011 — 0.052],0.011118156802467399,0.05224114432915042,33.114500492134184,Baixa
Motivo_Desistencia_Desalentado,Motivo da Desistência (Desalentados),V4074ANão conseguia trabalho por ser considerado muito jovem ou muito idoso,Agregados nacionais,Piauí,Piauí,0.01919655651915945,0.00798723260434402,[0.004 — 0.035],0.003541580614645174,0.034851532423673726,41.60763205824037,Baixa
Motivo_Desistencia_Desalentado,Motivo da Desistência (Desalentados),V4074ANão havia trabalho na localidade,Agregados nacionais,Piauí,Piauí,0.731492831836777,0.0426691584467918,[0.648 — 0.815],0.6478612812810651,0.815124382392489,5.833161528001528,Boa (**)
Motivo_Desistencia_Desalentado,Motivo da Desistência (Desalentados),"V4074ATinha que cuidar dos afazeres domésticos, do(s) filho(s) ou de outro(s) parente(s)",Agregados nacionais,Piauí,Piauí,0,0,[0.000 — 0.000],0,0,NA,NA
Motivo_Desistencia_Desalentado,Motivo da Desistência (Desalentados),V4074AEstava estudando (curso de qualquer tipo ou por conta própria),Agregados nacionais,Piauí,Piauí,0,0,[0.000 — 0.000],0,0,NA,NA
Motivo_Desistencia_Desalentado,Motivo da Desistência (Desalentados),V4074APor problema de saúde ou gravidez,Agregados nacionais,Piauí,Piauí,0,0,[0.000 — 0.000],0,0,NA,NA
Motivo_Desistencia_Desalentado,Motivo da Desistência (Desalentados),"V4074AOutro motivo, especifique",Agregados nacionais,Piauí,Piauí,0,0,[0.000 — 0.000],0,0,NA,NA
Motivo_Desistencia_Desalentado,Motivo da Desistência (Desalentados),V4074AConseguiu proposta de trabalho para começar após a semana de referência,Agregados nacionais,Teresina,Teresina,0,0,[0.000 — 0.000],0,0,NA,NA
Motivo_Desistencia_Desalentado,Motivo da Desistência (Desalentados),V4074AEstava aguardando resposta de medida tomada para conseguir trabalho,Agregados nacionais,Teresina,Teresina,0,0,[0.000 — 0.000],0,0,NA,NA
Motivo_Desistencia_Desalentado,Motivo da Desistência (Desalentados),V4074ANão conseguia trabalho adequado,Agregados nacionais,Teresina,Teresina,0.2924079163493846,0.10154786802440276,[0.093 — 0.491],0.09337409502155522,0.491441737677214,34.72815281206954,Baixa
Motivo_Desistencia_Desalentado,Motivo da Desistência (Desalentados),V4074ANão tinha experiência profissional ou qualificação,Agregados nacionais,Teresina,Teresina,0.1429618753288186,0.07856984864034011,[-0.011 — 0.297],-0.011035028006248004,0.2969587786638852,54.95860239635637,Baixa
Motivo_Desistencia_Desalentado,Motivo da Desistência (Desalentados),V4074ANão conseguia trabalho por ser considerado muito jovem ou muito idoso,Agregados nacionais,Teresina,Teresina,0.14383240690015694,0.07862053862917802,[-0.010 — 0.298],-0.010263848813031967,0.29792866261334583,54.66121322975109,Baixa
Motivo_Desistencia_Desalentado,Motivo da Desistência (Desalentados),V4074ANão havia trabalho na localidade,Agregados nacionais,Teresina,Teresina,0.4207978014216398,0.10313037224412692,[0.219 — 0.623],0.21866227182315104,0.6229333310201286,24.50829635889428,Regular (*)
Motivo_Desistencia_Desalentado,Motivo da Desistência (Desalentados),"V4074ATinha que cuidar dos afazeres domésticos, do(s) filho(s) ou de outro(s) parente(s)",Agregados nacionais,Teresina,Teresina,0,0,[0.000 — 0.000],0,0,NA,NA
Motivo_Desistencia_Desalentado,Motivo da Desistência (Desalentados),V4074AEstava estudando (curso de qualquer tipo ou por conta própria),Agregados nacionais,Teresina,Teresina,0,0,[0.000 — 0.000],0,0,NA,NA
Motivo_Desistencia_Desalentado,Motivo da Desistência (Desalentados),V4074APor problema de saúde ou gravidez,Agregados nacionais,Teresina,Teresina,0,0,[0.000 — 0.000],0,0,NA,NA
Motivo_Desistencia_Desalentado,Motivo da Desistência (Desalentados),"V4074AOutro motivo, especifique",Agregados nacionais,Teresina,Teresina,0,0,[0.000 — 0.000],0,0,NA,NA
Motivo_Desistencia_Desalentado,Motivo da Desistência (Desalentados),V4074AConseguiu proposta de trabalho para começar após a semana de referência,Estrato administrativo,Admin_Capital,Capital,0,0,[0.000 — 0.000],0,0,NA,NA
Motivo_Desistencia_Desalentado,Motivo da Desistência (Desalentados),V4074AEstava aguardando resposta de medida tomada para conseguir trabalho,Estrato administrativo,Admin_Capital,Capital,0,0,[0.000 — 0.000],0,0,NA,NA
Motivo_Desistencia_Desalentado,Motivo da Desistência (Desalentados),V4074ANão conseguia trabalho adequado,Estrato administrativo,Admin_Capital,Capital,0.2924079163493846,0.10154786802440276,[0.093 — 0.491],0.09337409502155522,0.491441737677214,34.72815281206954,Baixa
Motivo_Desistencia_Desalentado,Motivo da Desistência (Desalentados),V4074ANão tinha experiência profissional ou qualificação,Estrato administrativo,Admin_Capital,Capital,0.1429618753288186,0.07856984864034011,[-0.011 — 0.297],-0.011035028006248004,0.2969587786638852,54.95860239635637,Baixa
Motivo_Desistencia_Desalentado,Motivo da Desistência (Desalentados),V4074ANão conseguia trabalho por ser considerado muito jovem ou muito idoso,Estrato administrativo,Admin_Capital,Capital,0.14383240690015694,0.07862053862917802,[-0.010 — 0.298],-0.010263848813031967,0.29792866261334583,54.66121322975109,Baixa
Motivo_Desistencia_Desalentado,Motivo da Desistência (Desalentados),V4074ANão havia trabalho na localidade,Estrato administrativo,Admin_Capital,Capital,0.4207978014216398,0.10313037224412692,[0.219 — 0.623],0.21866227182315104,0.6229333310201286,24.50829635889428,Regular (*)
Motivo_Desistencia_Desalentado,Motivo da Desistência (Desalentados),"V4074ATinha que cuidar dos afazeres domésticos, do(s) filho(s) ou de outro(s) parente(s)",Estrato administrativo,Admin_Capital,Capital,0,0,[0.000 — 0.000],0,0,NA,NA
Motivo_Desistencia_Desalentado,Motivo da Desistência (Desalentados),V4074AEstava estudando (curso de qualquer tipo ou por conta própria),Estrato administrativo,Admin_Capital,Capital,0,0,[0.000 — 0.000],0,0,NA,NA
Motivo_Desistencia_Desalentado,Motivo da Desistência (Desalentados),V4074APor problema de saúde ou gravidez,Estrato administrativo,Admin_Capital,Capital,0,0,[0.000 — 0.000],0,0,NA,NA
Motivo_Desistencia_Desalentado,Motivo da Desistência (Desalentados),"V4074AOutro motivo, especifique",Estrato administrativo,Admin_Capital,Capital,0,0,[0.000 — 0.000],0,0,NA,NA
Motivo_Desistencia_Desalentado,Motivo da Desistência (Desalentados),V4074AConseguiu proposta de trabalho para começar após a semana de referência,Estrato administrativo,"Admin_Resto da RIDE (Região Integrada de Desenvolvimento Econômico, excluindo a capital)","Resto da RIDE (Região Integrada de Desenvolvimento Econômico, excluindo a capital)",0,0,[0.000 — 0.000],0,0,NA,NA
Motivo_Desistencia_Desalentado,Motivo da Desistência (Desalentados),V4074AEstava aguardando resposta de medida tomada para conseguir trabalho,Estrato administrativo,"Admin_Resto da RIDE (Região Integrada de Desenvolvimento Econômico, excluindo a capital)","Resto da RIDE (Região Integrada de Desenvolvimento Econômico, excluindo a capital)",0,0,[0.000 — 0.000],0,0,NA,NA
Motivo_Desistencia_Desalentado,Motivo da Desistência (Desalentados),V4074ANão conseguia trabalho adequado,Estrato administrativo,"Admin_Resto da RIDE (Região Integrada de Desenvolvimento Econômico, excluindo a capital)","Resto da RIDE (Região Integrada de Desenvolvimento Econômico, excluindo a capital)",0.4263506164244664,0.28802715783846067,[-0.138 — 0.991],-0.13818261293891648,0.9908838457878493,67.55640703746664,Baixa
Motivo_Desistencia_Desalentado,Motivo da Desistência (Desalentados),V4074ANão tinha experiência profissional ou qualificação,Estrato administrativo,"Admin_Resto da RIDE (Região Integrada de Desenvolvimento Econômico, excluindo a capital)","Resto da RIDE (Região Integrada de Desenvolvimento Econômico, excluindo a capital)",0,0,[0.000 — 0.000],0,0,NA,NA
Motivo_Desistencia_Desalentado,Motivo da Desistência (Desalentados),V4074ANão conseguia trabalho por ser considerado muito jovem ou muito idoso,Estrato administrativo,"Admin_Resto da RIDE (Região Integrada de Desenvolvimento Econômico, excluindo a capital)","Resto da RIDE (Região Integrada de Desenvolvimento Econômico, excluindo a capital)",0,0,[0.000 — 0.000],0,0,NA,NA
Motivo_Desistencia_Desalentado,Motivo da Desistência (Desalentados),V4074ANão havia trabalho na localidade,Estrato administrativo,"Admin_Resto da RIDE (Região Integrada de Desenvolvimento Econômico, excluindo a capital)","Resto da RIDE (Região Integrada de Desenvolvimento Econômico, excluindo a capital)",0.5736493835755337,0.2880271578384607,[0.009 — 1.138],0.009116154212150729,1.1381826129389168,50.209616899298126,Baixa
Motivo_Desistencia_Desalentado,Motivo da Desistência (Desalentados),"V4074ATinha que cuidar dos afazeres domésticos, do(s) filho(s) ou de outro(s) parente(s)",Estrato administrativo,"Admin_Resto da RIDE (Região Integrada de Desenvolvimento Econômico, excluindo a capital)","Resto da RIDE (Região Integrada de Desenvolvimento Econômico, excluindo a capital)",0,0,[0.000 — 0.000],0,0,NA,NA
Motivo_Desistencia_Desalentado,Motivo da Desistência (Desalentados),V4074AEstava estudando (curso de qualquer tipo ou por conta própria),Estrato administrativo,"Admin_Resto da RIDE (Região Integrada de Desenvolvimento Econômico, excluindo a capital)","Resto da RIDE (Região Integrada de Desenvolvimento Econômico, excluindo a capital)",0,0,[0.000 — 0.000],0,0,NA,NA
Motivo_Desistencia_Desalentado,Motivo da Desistência (Desalentados),V4074APor problema de saúde ou gravidez,Estrato administrativo,"Admin_Resto da RIDE (Região Integrada de Desenvolvimento Econômico, excluindo a capital)","Resto da RIDE (Região Integrada de Desenvolvimento Econômico, excluindo a capital)",0,0,[0.000 — 0.000],0,0,NA,NA
Motivo_Desistencia_Desalentado,Motivo da Desistência (Desalentados),"V4074AOutro motivo, especifique",Estrato administrativo,"Admin_Resto da RIDE (Região Integrada de Desenvolvimento Econômico, excluindo a capital)","Resto da RIDE (Região Integrada de Desenvolvimento Econômico, excluindo a capital)",0,0,[0.000 — 0.000],0,0,NA,NA
Motivo_Desistencia_Desalentado,Motivo da Desistência (Desalentados),V4074AConseguiu proposta de trabalho para começar após a semana de referência,Estrato administrativo,"Admin_Resto da UF  (Unidade da Federação, excluindo a região metropolitana e a RIDE)","Resto da UF  (Unidade da Federação, excluindo a região metropolitana e a RIDE)",0,0,[0.000 — 0.000],0,0,NA,NA
Motivo_Desistencia_Desalentado,Motivo da Desistência (Desalentados),V4074AEstava aguardando resposta de medida tomada para conseguir trabalho,Estrato administrativo,"Admin_Resto da UF  (Unidade da Federação, excluindo a região metropolitana e a RIDE)","Resto da UF  (Unidade da Federação, excluindo a região metropolitana e a RIDE)",0,0,[0.000 — 0.000],0,0,NA,NA
Motivo_Desistencia_Desalentado,Motivo da Desistência (Desalentados),V4074ANão conseguia trabalho adequado,Estrato administrativo,"Admin_Resto da UF  (Unidade da Federação, excluindo a região metropolitana e a RIDE)","Resto da UF  (Unidade da Federação, excluindo a região metropolitana e a RIDE)",0.20893360952852225,0.04240549778132081,[0.126 — 0.292],0.12581883387713347,0.29204838517991105,20.296159089489088,Regular (*)
Motivo_Desistencia_Desalentado,Motivo da Desistência (Desalentados),V4074ANão tinha experiência profissional ou qualificação,Estrato administrativo,"Admin_Resto da UF  (Unidade da Federação, excluindo a região metropolitana e a RIDE)","Resto da UF  (Unidade da Federação, excluindo a região metropolitana e a RIDE)",0.02937978087841353,0.01124617839402856,[0.007 — 0.051],0.007337271226117551,0.051422290530709514,38.27863264389275,Baixa
Motivo_Desistencia_Desalentado,Motivo da Desistência (Desalentados),V4074ANão conseguia trabalho por ser considerado muito jovem ou muito idoso,Estrato administrativo,"Admin_Resto da UF  (Unidade da Federação, excluindo a região metropolitana e a RIDE)","Resto da UF  (Unidade da Federação, excluindo a região metropolitana e a RIDE)",0.01611434773433683,0.00783707392121897,[0.001 — 0.031],7.536828487476454e-4,0.03147501261992601,48.63413679797632,Baixa
Motivo_Desistencia_Desalentado,Motivo da Desistência (Desalentados),V4074ANão havia trabalho na localidade,Estrato administrativo,"Admin_Resto da UF  (Unidade da Federação, excluindo a região metropolitana e a RIDE)","Resto da UF  (Unidade da Federação, excluindo a região metropolitana e a RIDE)",0.7455722618587274,0.04323549963607593,[0.661 — 0.830],0.6608306825720186,0.8303138411454362,5.798968369382321,Boa (**)
Motivo_Desistencia_Desalentado,Motivo da Desistência (Desalentados),"V4074ATinha que cuidar dos afazeres domésticos, do(s) filho(s) ou de outro(s) parente(s)",Estrato administrativo,"Admin_Resto da UF  (Unidade da Federação, excluindo a região metropolitana e a RIDE)","Resto da UF  (Unidade da Federação, excluindo a região metropolitana e a RIDE)",0,0,[0.000 — 0.000],0,0,NA,NA
Motivo_Desistencia_Desalentado,Motivo da Desistência (Desalentados),V4074AEstava estudando (curso de qualquer tipo ou por conta própria),Estrato administrativo,"Admin_Resto da UF  (Unidade da Federação, excluindo a região metropolitana e a RIDE)","Resto da UF  (Unidade da Federação, excluindo a região metropolitana e a RIDE)",0,0,[0.000 — 0.000],0,0,NA,NA
Motivo_Desistencia_Desalentado,Motivo da Desistência (Desalentados),V4074APor problema de saúde ou gravidez,Estrato administrativo,"Admin_Resto da UF  (Unidade da Federação, excluindo a região metropolitana e a RIDE)","Resto da UF  (Unidade da Federação, excluindo a região metropolitana e a RIDE)",0,0,[0.000 — 0.000],0,0,NA,NA
Motivo_Desistencia_Desalentado,Motivo da Desistência (Desalentados),"V4074AOutro motivo, especifique",Estrato administrativo,"Admin_Resto da UF  (Unidade da Federação, excluindo a região metropolitana e a RIDE)","Resto da UF  (Unidade da Federação, excluindo a região metropolitana e a RIDE)",0,0,[0.000 — 0.000],0,0,NA,NA
Motivo_Desistencia_Desalentado,Motivo da Desistência (Desalentados),V4074AConseguiu proposta de trabalho para começar após a semana de referência,Estrato agregado,Agreg_Alto Parnaíba e Chapadas Sul do Piauí,Alto Parnaíba e Chapadas Sul do Piauí,0,0,[0.000 — 0.000],0,0,NA,NA
Motivo_Desistencia_Desalentado,Motivo da Desistência (Desalentados),V4074AEstava aguardando resposta de medida tomada para conseguir trabalho,Estrato agregado,Agreg_Alto Parnaíba e Chapadas Sul do Piauí,Alto Parnaíba e Chapadas Sul do Piauí,0,0,[0.000 — 0.000],0,0,NA,NA
Motivo_Desistencia_Desalentado,Motivo da Desistência (Desalentados),V4074ANão conseguia trabalho adequado,Estrato agregado,Agreg_Alto Parnaíba e Chapadas Sul do Piauí,Alto Parnaíba e Chapadas Sul do Piauí,0.10347551299142352,0.0553416087857062,[-0.005 — 0.212],-0.004994040228560634,0.21194506621140768,53.4828068842656,Baixa
Motivo_Desistencia_Desalentado,Motivo da Desistência (Desalentados),V4074ANão tinha experiência profissional ou qualificação,Estrato agregado,Agreg_Alto Parnaíba e Chapadas Sul do Piauí,Alto Parnaíba e Chapadas Sul do Piauí,0.03198151369817942,0.03165256137597932,[-0.030 — 0.094],-0.03005750659874005,0.09402053399509888,98.97142979127086,Baixa
Motivo_Desistencia_Desalentado,Motivo da Desistência (Desalentados),V4074ANão conseguia trabalho por ser considerado muito jovem ou muito idoso,Estrato agregado,Agreg_Alto Parnaíba e Chapadas Sul do Piauí,Alto Parnaíba e Chapadas Sul do Piauí,0.00761190759198362,0.00971138967778878,[-0.011 — 0.027],-0.011422416176482389,0.026646231360449628,127.58154983405477,Baixa
Motivo_Desistencia_Desalentado,Motivo da Desistência (Desalentados),V4074ANão havia trabalho na localidade,Estrato agregado,Agreg_Alto Parnaíba e Chapadas Sul do Piauí,Alto Parnaíba e Chapadas Sul do Piauí,0.8569310657184134,0.06760686120542513,[0.724 — 0.989],0.7244216177557801,0.9894405136810467,7.88941653652695,Boa (**)
Motivo_Desistencia_Desalentado,Motivo da Desistência (Desalentados),"V4074ATinha que cuidar dos afazeres domésticos, do(s) filho(s) ou de outro(s) parente(s)",Estrato agregado,Agreg_Alto Parnaíba e Chapadas Sul do Piauí,Alto Parnaíba e Chapadas Sul do Piauí,0,0,[0.000 — 0.000],0,0,NA,NA
Motivo_Desistencia_Desalentado,Motivo da Desistência (Desalentados),V4074AEstava estudando (curso de qualquer tipo ou por conta própria),Estrato agregado,Agreg_Alto Parnaíba e Chapadas Sul do Piauí,Alto Parnaíba e Chapadas Sul do Piauí,0,0,[0.000 — 0.000],0,0,NA,NA
Motivo_Desistencia_Desalentado,Motivo da Desistência (Desalentados),V4074APor problema de saúde ou gravidez,Estrato agregado,Agreg_Alto Parnaíba e Chapadas Sul do Piauí,Alto Parnaíba e Chapadas Sul do Piauí,0,0,[0.000 — 0.000],0,0,NA,NA
Motivo_Desistencia_Desalentado,Motivo da Desistência (Desalentados),"V4074AOutro motivo, especifique",Estrato agregado,Agreg_Alto Parnaíba e Chapadas Sul do Piauí,Alto Parnaíba e Chapadas Sul do Piauí,0,0,[0.000 — 0.000],0,0,NA,NA
Motivo_Desistencia_Desalentado,Motivo da Desistência (Desalentados),V4074AConseguiu proposta de trabalho para começar após a semana de referência,Estrato agregado,Agreg_Baixo Parnaíba do Piauí,Baixo Parnaíba do Piauí,0,0,[0.000 — 0.000],0,0,NA,NA
Motivo_Desistencia_Desalentado,Motivo da Desistência (Desalentados),V4074AEstava aguardando resposta de medida tomada para conseguir trabalho,Estrato agregado,Agreg_Baixo Parnaíba do Piauí,Baixo Parnaíba do Piauí,0,0,[0.000 — 0.000],0,0,NA,NA
Motivo_Desistencia_Desalentado,Motivo da Desistência (Desalentados),V4074ANão conseguia trabalho adequado,Estrato agregado,Agreg_Baixo Parnaíba do Piauí,Baixo Parnaíba do Piauí,0.3452863996765023,0.10578087213548064,[0.138 — 0.553],0.13795589029096028,0.5526169090620443,30.63569032391267,Baixa
Motivo_Desistencia_Desalentado,Motivo da Desistência (Desalentados),V4074ANão tinha experiência profissional ou qualificação,Estrato agregado,Agreg_Baixo Parnaíba do Piauí,Baixo Parnaíba do Piauí,0.0654867536954603,0.03403493717509132,[-0.001 — 0.132],-0.0012217231677186802,0.13219523055863927,51.97224668269166,Baixa
Motivo_Desistencia_Desalentado,Motivo da Desistência (Desalentados),V4074ANão conseguia trabalho por ser considerado muito jovem ou muito idoso,Estrato agregado,Agreg_Baixo Parnaíba do Piauí,Baixo Parnaíba do Piauí,0.027347112899457,0.01859163210229207,[-0.009 — 0.064],-0.009092486021035458,0.06378671181994945,67.98389347586752,Baixa
Motivo_Desistencia_Desalentado,Motivo da Desistência (Desalentados),V4074ANão havia trabalho na localidade,Estrato agregado,Agreg_Baixo Parnaíba do Piauí,Baixo Parnaíba do Piauí,0.5618797337285804,0.09807551765771266,[0.370 — 0.754],0.36965171911946354,0.7541077483376972,17.454895019418633,Regular (*)
Motivo_Desistencia_Desalentado,Motivo da Desistência (Desalentados),"V4074ATinha que cuidar dos afazeres domésticos, do(s) filho(s) ou de outro(s) parente(s)",Estrato agregado,Agreg_Baixo Parnaíba do Piauí,Baixo Parnaíba do Piauí,0,0,[0.000 — 0.000],0,0,NA,NA
Motivo_Desistencia_Desalentado,Motivo da Desistência (Desalentados),V4074AEstava estudando (curso de qualquer tipo ou por conta própria),Estrato agregado,Agreg_Baixo Parnaíba do Piauí,Baixo Parnaíba do Piauí,0,0,[0.000 — 0.000],0,0,NA,NA
Motivo_Desistencia_Desalentado,Motivo da Desistência (Desalentados),V4074APor problema de saúde ou gravidez,Estrato agregado,Agreg_Baixo Parnaíba do Piauí,Baixo Parnaíba do Piauí,0,0,[0.000 — 0.000],0,0,NA,NA
Motivo_Desistencia_Desalentado,Motivo da Desistência (Desalentados),"V4074AOutro motivo, especifique",Estrato agregado,Agreg_Baixo Parnaíba do Piauí,Baixo Parnaíba do Piauí,0,0,[0.000 — 0.000],0,0,NA,NA
Motivo_Desistencia_Desalentado,Motivo da Desistência (Desalentados),V4074AConseguiu proposta de trabalho para começar após a semana de referência,Estrato agregado,Agreg_Centro-Leste do Piauí,Centro-Leste do Piauí,0,0,[0.000 — 0.000],0,0,NA,NA
Motivo_Desistencia_Desalentado,Motivo da Desistência (Desalentados),V4074AEstava aguardando resposta de medida tomada para conseguir trabalho,Estrato agregado,Agreg_Centro-Leste do Piauí,Centro-Leste do Piauí,0,0,[0.000 — 0.000],0,0,NA,NA
Motivo_Desistencia_Desalentado,Motivo da Desistência (Desalentados),V4074ANão conseguia trabalho adequado,Estrato agregado,Agreg_Centro-Leste do Piauí,Centro-Leste do Piauí,0.18290517288347424,0.04521106308456216,[0.094 — 0.272],0.09429148923773241,0.2715188565292161,24.718307509741866,Regular (*)
Motivo_Desistencia_Desalentado,Motivo da Desistência (Desalentados),V4074ANão tinha experiência profissional ou qualificação,Estrato agregado,Agreg_Centro-Leste do Piauí,Centro-Leste do Piauí,0.00603947067890576,0.00633211401365519,[-0.006 — 0.018],-0.006371472787858412,0.018450414145669933,104.84551296476286,Baixa
Motivo_Desistencia_Desalentado,Motivo da Desistência (Desalentados),V4074ANão conseguia trabalho por ser considerado muito jovem ou muito idoso,Estrato agregado,Agreg_Centro-Leste do Piauí,Centro-Leste do Piauí,0.01387032966643789,0.00992061772103757,[-0.006 — 0.033],-0.005574081066795746,0.03331474039967153,71.52402256914297,Baixa
Motivo_Desistencia_Desalentado,Motivo da Desistência (Desalentados),V4074ANão havia trabalho na localidade,Estrato agregado,Agreg_Centro-Leste do Piauí,Centro-Leste do Piauí,0.7971850267711821,0.04704129470881137,[0.705 — 0.889],0.7049840891419118,0.8893859644004524,5.900925522816392,Boa (**)
Motivo_Desistencia_Desalentado,Motivo da Desistência (Desalentados),"V4074ATinha que cuidar dos afazeres domésticos, do(s) filho(s) ou de outro(s) parente(s)",Estrato agregado,Agreg_Centro-Leste do Piauí,Centro-Leste do Piauí,0,0,[0.000 — 0.000],0,0,NA,NA
Motivo_Desistencia_Desalentado,Motivo da Desistência (Desalentados),V4074AEstava estudando (curso de qualquer tipo ou por conta própria),Estrato agregado,Agreg_Centro-Leste do Piauí,Centro-Leste do Piauí,0,0,[0.000 — 0.000],0,0,NA,NA
Motivo_Desistencia_Desalentado,Motivo da Desistência (Desalentados),V4074APor problema de saúde ou gravidez,Estrato agregado,Agreg_Centro-Leste do Piauí,Centro-Leste do Piauí,0,0,[0.000 — 0.000],0,0,NA,NA
Motivo_Desistencia_Desalentado,Motivo da Desistência (Desalentados),"V4074AOutro motivo, especifique",Estrato agregado,Agreg_Centro-Leste do Piauí,Centro-Leste do Piauí,0,0,[0.000 — 0.000],0,0,NA,NA
Motivo_Desistencia_Desalentado,Motivo da Desistência (Desalentados),V4074AConseguiu proposta de trabalho para começar após a semana de referência,Estrato agregado,Agreg_Entorno metropolitano de Teresina (PI),Entorno metropolitano de Teresina (PI),0,0,[0.000 — 0.000],0,0,NA,NA
Motivo_Desistencia_Desalentado,Motivo da Desistência (Desalentados),V4074AEstava aguardando resposta de medida tomada para conseguir trabalho,Estrato agregado,Agreg_Entorno metropolitano de Teresina (PI),Entorno metropolitano de Teresina (PI),0,0,[0.000 — 0.000],0,0,NA,NA
Motivo_Desistencia_Desalentado,Motivo da Desistência (Desalentados),V4074ANão conseguia trabalho adequado,Estrato agregado,Agreg_Entorno metropolitano de Teresina (PI),Entorno metropolitano de Teresina (PI),0.4263506164244664,0.28802715783846067,[-0.138 — 0.991],-0.13818261293891648,0.9908838457878493,67.55640703746664,Baixa
Motivo_Desistencia_Desalentado,Motivo da Desistência (Desalentados),V4074ANão tinha experiência profissional ou qualificação,Estrato agregado,Agreg_Entorno metropolitano de Teresina (PI),Entorno metropolitano de Teresina (PI),0,0,[0.000 — 0.000],0,0,NA,NA
Motivo_Desistencia_Desalentado,Motivo da Desistência (Desalentados),V4074ANão conseguia trabalho por ser considerado muito jovem ou muito idoso,Estrato agregado,Agreg_Entorno metropolitano de Teresina (PI),Entorno metropolitano de Teresina (PI),0,0,[0.000 — 0.000],0,0,NA,NA
Motivo_Desistencia_Desalentado,Motivo da Desistência (Desalentados),V4074ANão havia trabalho na localidade,Estrato agregado,Agreg_Entorno metropolitano de Teresina (PI),Entorno metropolitano de Teresina (PI),0.5736493835755337,0.2880271578384607,[0.009 — 1.138],0.009116154212150729,1.1381826129389168,50.209616899298126,Baixa
Motivo_Desistencia_Desalentado,Motivo da Desistência (Desalentados),"V4074ATinha que cuidar dos afazeres domésticos, do(s) filho(s) ou de outro(s) parente(s)",Estrato agregado,Agreg_Entorno metropolitano de Teresina (PI),Entorno metropolitano de Teresina (PI),0,0,[0.000 — 0.000],0,0,NA,NA
Motivo_Desistencia_Desalentado,Motivo da Desistência (Desalentados),V4074AEstava estudando (curso de qualquer tipo ou por conta própria),Estrato agregado,Agreg_Entorno metropolitano de Teresina (PI),Entorno metropolitano de Teresina (PI),0,0,[0.000 — 0.000],0,0,NA,NA
Motivo_Desistencia_Desalentado,Motivo da Desistência (Desalentados),V4074APor problema de saúde ou gravidez,Estrato agregado,Agreg_Entorno metropolitano de Teresina (PI),Entorno metropolitano de Teresina (PI),0,0,[0.000 — 0.000],0,0,NA,NA
Motivo_Desistencia_Desalentado,Motivo da Desistência (Desalentados),"V4074AOutro motivo, especifique",Estrato agregado,Agreg_Entorno metropolitano de Teresina (PI),Entorno metropolitano de Teresina (PI),0,0,[0.000 — 0.000],0,0,NA,NA
Motivo_Desistencia_Desalentado,Motivo da Desistência (Desalentados),V4074AConseguiu proposta de trabalho para começar após a semana de referência,Estrato agregado,Agreg_Teresina,Teresina,0,0,[0.000 — 0.000],0,0,NA,NA
Motivo_Desistencia_Desalentado,Motivo da Desistência (Desalentados),V4074AEstava aguardando resposta de medida tomada para conseguir trabalho,Estrato agregado,Agreg_Teresina,Teresina,0,0,[0.000 — 0.000],0,0,NA,NA
Motivo_Desistencia_Desalentado,Motivo da Desistência (Desalentados),V4074ANão conseguia trabalho adequado,Estrato agregado,Agreg_Teresina,Teresina,0.2924079163493846,0.10154786802440276,[0.093 — 0.491],0.09337409502155522,0.491441737677214,34.72815281206954,Baixa
Motivo_Desistencia_Desalentado,Motivo da Desistência (Desalentados),V4074ANão tinha experiência profissional ou qualificação,Estrato agregado,Agreg_Teresina,Teresina,0.1429618753288186,0.07856984864034011,[-0.011 — 0.297],-0.011035028006248004,0.2969587786638852,54.95860239635637,Baixa
Motivo_Desistencia_Desalentado,Motivo da Desistência (Desalentados),V4074ANão conseguia trabalho por ser considerado muito jovem ou muito idoso,Estrato agregado,Agreg_Teresina,Teresina,0.14383240690015694,0.07862053862917802,[-0.010 — 0.298],-0.010263848813031967,0.29792866261334583,54.66121322975109,Baixa
Motivo_Desistencia_Desalentado,Motivo da Desistência (Desalentados),V4074ANão havia trabalho na localidade,Estrato agregado,Agreg_Teresina,Teresina,0.4207978014216398,0.10313037224412692,[0.219 — 0.623],0.21866227182315104,0.6229333310201286,24.50829635889428,Regular (*)
Motivo_Desistencia_Desalentado,Motivo da Desistência (Desalentados),"V4074ATinha que cuidar dos afazeres domésticos, do(s) filho(s) ou de outro(s) parente(s)",Estrato agregado,Agreg_Teresina,Teresina,0,0,[0.000 — 0.000],0,0,NA,NA
Motivo_Desistencia_Desalentado,Motivo da Desistência (Desalentados),V4074AEstava estudando (curso de qualquer tipo ou por conta própria),Estrato agregado,Agreg_Teresina,Teresina,0,0,[0.000 — 0.000],0,0,NA,NA
Motivo_Desistencia_Desalentado,Motivo da Desistência (Desalentados),V4074APor problema de saúde ou gravidez,Estrato agregado,Agreg_Teresina,Teresina,0,0,[0.000 — 0.000],0,0,NA,NA
Motivo_Desistencia_Desalentado,Motivo da Desistência (Desalentados),"V4074AOutro motivo, especifique",Estrato agregado,Agreg_Teresina,Teresina,0,0,[0.000 — 0.000],0,0,NA,NA
Motivo_Desistencia_Desalentado,Motivo da Desistência (Desalentados),V4074AConseguiu proposta de trabalho para começar após a semana de referência,Outro,Micro_2210011,Micro 2210011,0,0,[0.000 — 0.000],0,0,NA,NA
Motivo_Desistencia_Desalentado,Motivo da Desistência (Desalentados),V4074AEstava aguardando resposta de medida tomada para conseguir trabalho,Outro,Micro_2210011,Micro 2210011,0,0,[0.000 — 0.000],0,0,NA,NA
Motivo_Desistencia_Desalentado,Motivo da Desistência (Desalentados),V4074ANão conseguia trabalho adequado,Outro,Micro_2210011,Micro 2210011,0.1863972121365123,0.22587125587972087,[-0.256 — 0.629],-0.2563104493877406,0.6291048736607652,121.17737883026858,Baixa
Motivo_Desistencia_Desalentado,Motivo da Desistência (Desalentados),V4074ANão tinha experiência profissional ou qualificação,Outro,Micro_2210011,Micro 2210011,0.3892976907177435,0.20165168654487275,[-0.006 — 0.785],-0.005939614910207114,0.7845349963456941,51.798839641994775,Baixa
Motivo_Desistencia_Desalentado,Motivo da Desistência (Desalentados),V4074ANão conseguia trabalho por ser considerado muito jovem ou muito idoso,Outro,Micro_2210011,Micro 2210011,0.1532672944652786,0.22737277391776448,[-0.292 — 0.599],-0.29238334241353975,0.5989179313440969,148.35048449900958,Baixa
Motivo_Desistencia_Desalentado,Motivo da Desistência (Desalentados),V4074ANão havia trabalho na localidade,Outro,Micro_2210011,Micro 2210011,0.27103780268046546,0.18571416866291385,[-0.093 — 0.635],-0.0929619678988457,0.6350375732597766,68.5196554968599,Baixa
Motivo_Desistencia_Desalentado,Motivo da Desistência (Desalentados),"V4074ATinha que cuidar dos afazeres domésticos, do(s) filho(s) ou de outro(s) parente(s)",Outro,Micro_2210011,Micro 2210011,0,0,[0.000 — 0.000],0,0,NA,NA
Motivo_Desistencia_Desalentado,Motivo da Desistência (Desalentados),V4074AEstava estudando (curso de qualquer tipo ou por conta própria),Outro,Micro_2210011,Micro 2210011,0,0,[0.000 — 0.000],0,0,NA,NA
Motivo_Desistencia_Desalentado,Motivo da Desistência (Desalentados),V4074APor problema de saúde ou gravidez,Outro,Micro_2210011,Micro 2210011,0,0,[0.000 — 0.000],0,0,NA,NA
Motivo_Desistencia_Desalentado,Motivo da Desistência (Desalentados),"V4074AOutro motivo, especifique",Outro,Micro_2210011,Micro 2210011,0,0,[0.000 — 0.000],0,0,NA,NA
Motivo_Desistencia_Desalentado,Motivo da Desistência (Desalentados),V4074AConseguiu proposta de trabalho para começar após a semana de referência,Outro,Micro_2210013,Micro 2210013,0,0,[0.000 — 0.000],0,0,NA,NA
Motivo_Desistencia_Desalentado,Motivo da Desistência (Desalentados),V4074AEstava aguardando resposta de medida tomada para conseguir trabalho,Outro,Micro_2210013,Micro 2210013,0,0,[0.000 — 0.000],0,0,NA,NA
Motivo_Desistencia_Desalentado,Motivo da Desistência (Desalentados),V4074ANão conseguia trabalho adequado,Outro,Micro_2210013,Micro 2210013,0,0,[0.000 — 0.000],0,0,NA,NA
Motivo_Desistencia_Desalentado,Motivo da Desistência (Desalentados),V4074ANão tinha experiência profissional ou qualificação,Outro,Micro_2210013,Micro 2210013,0,0,[0.000 — 0.000],0,0,NA,NA
Motivo_Desistencia_Desalentado,Motivo da Desistência (Desalentados),V4074ANão conseguia trabalho por ser considerado muito jovem ou muito idoso,Outro,Micro_2210013,Micro 2210013,0.3655206400303752,0.3791060362874955,[-0.378 — 1.109],-0.37752719109311594,1.1085684711538664,103.71672479452634,Baixa
Motivo_Desistencia_Desalentado,Motivo da Desistência (Desalentados),V4074ANão havia trabalho na localidade,Outro,Micro_2210013,Micro 2210013,0.6344793599696249,0.3791060362874955,[-0.109 — 1.378],-0.10856847115386625,1.3775271910931162,59.75072795207158,Baixa
Motivo_Desistencia_Desalentado,Motivo da Desistência (Desalentados),"V4074ATinha que cuidar dos afazeres domésticos, do(s) filho(s) ou de outro(s) parente(s)",Outro,Micro_2210013,Micro 2210013,0,0,[0.000 — 0.000],0,0,NA,NA
Motivo_Desistencia_Desalentado,Motivo da Desistência (Desalentados),V4074AEstava estudando (curso de qualquer tipo ou por conta própria),Outro,Micro_2210013,Micro 2210013,0,0,[0.000 — 0.000],0,0,NA,NA
Motivo_Desistencia_Desalentado,Motivo da Desistência (Desalentados),V4074APor problema de saúde ou gravidez,Outro,Micro_2210013,Micro 2210013,0,0,[0.000 — 0.000],0,0,NA,NA
Motivo_Desistencia_Desalentado,Motivo da Desistência (Desalentados),"V4074AOutro motivo, especifique",Outro,Micro_2210013,Micro 2210013,0,0,[0.000 — 0.000],0,0,NA,NA
Motivo_Desistencia_Desalentado,Motivo da Desistência (Desalentados),V4074AConseguiu proposta de trabalho para começar após a semana de referência,Outro,Micro_2210020,Micro 2210020,0,0,[0.000 — 0.000],0,0,NA,NA
Motivo_Desistencia_Desalentado,Motivo da Desistência (Desalentados),V4074AEstava aguardando resposta de medida tomada para conseguir trabalho,Outro,Micro_2210020,Micro 2210020,0,0,[0.000 — 0.000],0,0,NA,NA
Motivo_Desistencia_Desalentado,Motivo da Desistência (Desalentados),V4074ANão conseguia trabalho adequado,Outro,Micro_2210020,Micro 2210020,0.6591950897878793,0.17718652972769086,[0.312 — 1.006],0.31190949152160524,1.0064806880541535,26.879224750400866,Regular (*)
Motivo_Desistencia_Desalentado,Motivo da Desistência (Desalentados),V4074ANão tinha experiência profissional ou qualificação,Outro,Micro_2210020,Micro 2210020,0,0,[0.000 — 0.000],0,0,NA,NA
Motivo_Desistencia_Desalentado,Motivo da Desistência (Desalentados),V4074ANão conseguia trabalho por ser considerado muito jovem ou muito idoso,Outro,Micro_2210020,Micro 2210020,0,0,[0.000 — 0.000],0,0,NA,NA
Motivo_Desistencia_Desalentado,Motivo da Desistência (Desalentados),V4074ANão havia trabalho na localidade,Outro,Micro_2210020,Micro 2210020,0.34080491021212067,0.1771865297276909,[-0.006 — 0.688],-0.006480688054153472,0.6880905084783948,51.99060354424121,Baixa
Motivo_Desistencia_Desalentado,Motivo da Desistência (Desalentados),"V4074ATinha que cuidar dos afazeres domésticos, do(s) filho(s) ou de outro(s) parente(s)",Outro,Micro_2210020,Micro 2210020,0,0,[0.000 — 0.000],0,0,NA,NA
Motivo_Desistencia_Desalentado,Motivo da Desistência (Desalentados),V4074AEstava estudando (curso de qualquer tipo ou por conta própria),Outro,Micro_2210020,Micro 2210020,0,0,[0.000 — 0.000],0,0,NA,NA
Motivo_Desistencia_Desalentado,Motivo da Desistência (Desalentados),V4074APor problema de saúde ou gravidez,Outro,Micro_2210020,Micro 2210020,0,0,[0.000 — 0.000],0,0,NA,NA
Motivo_Desistencia_Desalentado,Motivo da Desistência (Desalentados),"V4074AOutro motivo, especifique",Outro,Micro_2210020,Micro 2210020,0,0,[0.000 — 0.000],0,0,NA,NA
Motivo_Desistencia_Desalentado,Motivo da Desistência (Desalentados),V4074AConseguiu proposta de trabalho para começar após a semana de referência,Outro,Micro_2210030,Micro 2210030,0,0,[0.000 — 0.000],0,0,NA,NA
Motivo_Desistencia_Desalentado,Motivo da Desistência (Desalentados),V4074AEstava aguardando resposta de medida tomada para conseguir trabalho,Outro,Micro_2210030,Micro 2210030,0,0,[0.000 — 0.000],0,0,NA,NA
Motivo_Desistencia_Desalentado,Motivo da Desistência (Desalentados),V4074ANão conseguia trabalho adequado,Outro,Micro_2210030,Micro 2210030,0.190167051935642,0.13990919541153238,[-0.084 — 0.464],-0.08405497107096147,0.46438907494224546,73.57173284617235,Baixa
Motivo_Desistencia_Desalentado,Motivo da Desistência (Desalentados),V4074ANão tinha experiência profissional ou qualificação,Outro,Micro_2210030,Micro 2210030,0,0,[0.000 — 0.000],0,0,NA,NA
Motivo_Desistencia_Desalentado,Motivo da Desistência (Desalentados),V4074ANão conseguia trabalho por ser considerado muito jovem ou muito idoso,Outro,Micro_2210030,Micro 2210030,0.190167051935642,0.13990919541153238,[-0.084 — 0.464],-0.08405497107096147,0.46438907494224546,73.57173284617235,Baixa
Motivo_Desistencia_Desalentado,Motivo da Desistência (Desalentados),V4074ANão havia trabalho na localidade,Outro,Micro_2210030,Micro 2210030,0.6196658961287159,0.2798183908230647,[0.071 — 1.168],0.07122185011550908,1.1681099421419228,45.15633223825849,Baixa
Motivo_Desistencia_Desalentado,Motivo da Desistência (Desalentados),"V4074ATinha que cuidar dos afazeres domésticos, do(s) filho(s) ou de outro(s) parente(s)",Outro,Micro_2210030,Micro 2210030,0,0,[0.000 — 0.000],0,0,NA,NA
Motivo_Desistencia_Desalentado,Motivo da Desistência (Desalentados),V4074AEstava estudando (curso de qualquer tipo ou por conta própria),Outro,Micro_2210030,Micro 2210030,0,0,[0.000 — 0.000],0,0,NA,NA
Motivo_Desistencia_Desalentado,Motivo da Desistência (Desalentados),V4074APor problema de saúde ou gravidez,Outro,Micro_2210030,Micro 2210030,0,0,[0.000 — 0.000],0,0,NA,NA
Motivo_Desistencia_Desalentado,Motivo da Desistência (Desalentados),"V4074AOutro motivo, especifique",Outro,Micro_2210030,Micro 2210030,0,0,[0.000 — 0.000],0,0,NA,NA
Motivo_Desistencia_Desalentado,Motivo da Desistência (Desalentados),V4074AConseguiu proposta de trabalho para começar após a semana de referência,Outro,Micro_2220010,Micro 2220010,0,0,[0.000 — 0.000],0,0,NA,NA
Motivo_Desistencia_Desalentado,Motivo da Desistência (Desalentados),V4074AEstava aguardando resposta de medida tomada para conseguir trabalho,Outro,Micro_2220010,Micro 2220010,0,0,[0.000 — 0.000],0,0,NA,NA
Motivo_Desistencia_Desalentado,Motivo da Desistência (Desalentados),V4074ANão conseguia trabalho adequado,Outro,Micro_2220010,Micro 2220010,0.5782868343026857,0.35232155038503987,[-0.112 — 1.269],-0.11226340445199245,1.2688370730573637,60.92505128702766,Baixa
Motivo_Desistencia_Desalentado,Motivo da Desistência (Desalentados),V4074ANão tinha experiência profissional ou qualificação,Outro,Micro_2220010,Micro 2220010,0,0,[0.000 — 0.000],0,0,NA,NA
Motivo_Desistencia_Desalentado,Motivo da Desistência (Desalentados),V4074ANão conseguia trabalho por ser considerado muito jovem ou muito idoso,Outro,Micro_2220010,Micro 2220010,0,0,[0.000 — 0.000],0,0,NA,NA
Motivo_Desistencia_Desalentado,Motivo da Desistência (Desalentados),V4074ANão havia trabalho na localidade,Outro,Micro_2220010,Micro 2220010,0.4217131656973143,0.35232155038503987,[-0.269 — 1.112],-0.2688370730573638,1.1122634044519923,83.54530497108537,Baixa
Motivo_Desistencia_Desalentado,Motivo da Desistência (Desalentados),"V4074ATinha que cuidar dos afazeres domésticos, do(s) filho(s) ou de outro(s) parente(s)",Outro,Micro_2220010,Micro 2220010,0,0,[0.000 — 0.000],0,0,NA,NA
Motivo_Desistencia_Desalentado,Motivo da Desistência (Desalentados),V4074AEstava estudando (curso de qualquer tipo ou por conta própria),Outro,Micro_2220010,Micro 2220010,0,0,[0.000 — 0.000],0,0,NA,NA
Motivo_Desistencia_Desalentado,Motivo da Desistência (Desalentados),V4074APor problema de saúde ou gravidez,Outro,Micro_2220010,Micro 2220010,0,0,[0.000 — 0.000],0,0,NA,NA
Motivo_Desistencia_Desalentado,Motivo da Desistência (Desalentados),"V4074AOutro motivo, especifique",Outro,Micro_2220010,Micro 2220010,0,0,[0.000 — 0.000],0,0,NA,NA
Motivo_Desistencia_Desalentado,Motivo da Desistência (Desalentados),V4074AConseguiu proposta de trabalho para começar após a semana de referência,Outro,Micro_2220020,Micro 2220020,0,0,[0.000 — 0.000],0,0,NA,NA
Motivo_Desistencia_Desalentado,Motivo da Desistência (Desalentados),V4074AEstava aguardando resposta de medida tomada para conseguir trabalho,Outro,Micro_2220020,Micro 2220020,0,0,[0.000 — 0.000],0,0,NA,NA
Motivo_Desistencia_Desalentado,Motivo da Desistência (Desalentados),V4074ANão conseguia trabalho adequado,Outro,Micro_2220020,Micro 2220020,0,0,[0.000 — 0.000],0,0,NA,NA
Motivo_Desistencia_Desalentado,Motivo da Desistência (Desalentados),V4074ANão tinha experiência profissional ou qualificação,Outro,Micro_2220020,Micro 2220020,0,0,[0.000 — 0.000],0,0,NA,NA
Motivo_Desistencia_Desalentado,Motivo da Desistência (Desalentados),V4074ANão conseguia trabalho por ser considerado muito jovem ou muito idoso,Outro,Micro_2220020,Micro 2220020,0,0,[0.000 — 0.000],0,0,NA,NA
Motivo_Desistencia_Desalentado,Motivo da Desistência (Desalentados),V4074ANão havia trabalho na localidade,Outro,Micro_2220020,Micro 2220020,1,0,[1.000 — 1.000],1,1,0,Excelente (***)
Motivo_Desistencia_Desalentado,Motivo da Desistência (Desalentados),"V4074ATinha que cuidar dos afazeres domésticos, do(s) filho(s) ou de outro(s) parente(s)",Outro,Micro_2220020,Micro 2220020,0,0,[0.000 — 0.000],0,0,NA,NA
Motivo_Desistencia_Desalentado,Motivo da Desistência (Desalentados),V4074AEstava estudando (curso de qualquer tipo ou por conta própria),Outro,Micro_2220020,Micro 2220020,0,0,[0.000 — 0.000],0,0,NA,NA
Motivo_Desistencia_Desalentado,Motivo da Desistência (Desalentados),V4074APor problema de saúde ou gravidez,Outro,Micro_2220020,Micro 2220020,0,0,[0.000 — 0.000],0,0,NA,NA
Motivo_Desistencia_Desalentado,Motivo da Desistência (Desalentados),"V4074AOutro motivo, especifique",Outro,Micro_2220020,Micro 2220020,0,0,[0.000 — 0.000],0,0,NA,NA
Motivo_Desistencia_Desalentado,Motivo da Desistência (Desalentados),V4074AConseguiu proposta de trabalho para começar após a semana de referência,Outro,Micro_2251011,Micro 2251011,0,0,[0.000 — 0.000],0,0,NA,NA
Motivo_Desistencia_Desalentado,Motivo da Desistência (Desalentados),V4074AEstava aguardando resposta de medida tomada para conseguir trabalho,Outro,Micro_2251011,Micro 2251011,0,0,[0.000 — 0.000],0,0,NA,NA
Motivo_Desistencia_Desalentado,Motivo da Desistência (Desalentados),V4074ANão conseguia trabalho adequado,Outro,Micro_2251011,Micro 2251011,0.27765020027301784,0.22475504452274295,[-0.163 — 0.718],-0.16286968699155835,0.718170087537594,80.948994202683,Baixa
Motivo_Desistencia_Desalentado,Motivo da Desistência (Desalentados),V4074ANão tinha experiência profissional ou qualificação,Outro,Micro_2251011,Micro 2251011,0,0,[0.000 — 0.000],0,0,NA,NA
Motivo_Desistencia_Desalentado,Motivo da Desistência (Desalentados),V4074ANão conseguia trabalho por ser considerado muito jovem ou muito idoso,Outro,Micro_2251011,Micro 2251011,0,0,[0.000 — 0.000],0,0,NA,NA
Motivo_Desistencia_Desalentado,Motivo da Desistência (Desalentados),V4074ANão havia trabalho na localidade,Outro,Micro_2251011,Micro 2251011,0.7223497997269822,0.22475504452274292,[0.282 — 1.163],0.2818299124624061,1.1628696869915585,31.114433008452536,Baixa
Motivo_Desistencia_Desalentado,Motivo da Desistência (Desalentados),"V4074ATinha que cuidar dos afazeres domésticos, do(s) filho(s) ou de outro(s) parente(s)",Outro,Micro_2251011,Micro 2251011,0,0,[0.000 — 0.000],0,0,NA,NA
Motivo_Desistencia_Desalentado,Motivo da Desistência (Desalentados),V4074AEstava estudando (curso de qualquer tipo ou por conta própria),Outro,Micro_2251011,Micro 2251011,0,0,[0.000 — 0.000],0,0,NA,NA
Motivo_Desistencia_Desalentado,Motivo da Desistência (Desalentados),V4074APor problema de saúde ou gravidez,Outro,Micro_2251011,Micro 2251011,0,0,[0.000 — 0.000],0,0,NA,NA
Motivo_Desistencia_Desalentado,Motivo da Desistência (Desalentados),"V4074AOutro motivo, especifique",Outro,Micro_2251011,Micro 2251011,0,0,[0.000 — 0.000],0,0,NA,NA
Motivo_Desistencia_Desalentado,Motivo da Desistência (Desalentados),V4074AConseguiu proposta de trabalho para começar após a semana de referência,Outro,Micro_2251012,Micro 2251012,0,0,[0.000 — 0.000],0,0,NA,NA
Motivo_Desistencia_Desalentado,Motivo da Desistência (Desalentados),V4074AEstava aguardando resposta de medida tomada para conseguir trabalho,Outro,Micro_2251012,Micro 2251012,0,0,[0.000 — 0.000],0,0,NA,NA
Motivo_Desistencia_Desalentado,Motivo da Desistência (Desalentados),V4074ANão conseguia trabalho adequado,Outro,Micro_2251012,Micro 2251012,0.1658160048699123,0.11855925744314424,[-0.067 — 0.398],-0.06656013971865041,0.39819214945847503,71.50049088214229,Baixa
Motivo_Desistencia_Desalentado,Motivo da Desistência (Desalentados),V4074ANão tinha experiência profissional ou qualificação,Outro,Micro_2251012,Micro 2251012,0,0,[0.000 — 0.000],0,0,NA,NA
Motivo_Desistencia_Desalentado,Motivo da Desistência (Desalentados),V4074ANão conseguia trabalho por ser considerado muito jovem ou muito idoso,Outro,Micro_2251012,Micro 2251012,0,0,[0.000 — 0.000],0,0,NA,NA
Motivo_Desistencia_Desalentado,Motivo da Desistência (Desalentados),V4074ANão havia trabalho na localidade,Outro,Micro_2251012,Micro 2251012,0.8341839951300876,0.1185592574431442,[0.602 — 1.067],0.601807850541525,1.0665601397186502,14.212602751345688,Boa (**)
Motivo_Desistencia_Desalentado,Motivo da Desistência (Desalentados),"V4074ATinha que cuidar dos afazeres domésticos, do(s) filho(s) ou de outro(s) parente(s)",Outro,Micro_2251012,Micro 2251012,0,0,[0.000 — 0.000],0,0,NA,NA
Motivo_Desistencia_Desalentado,Motivo da Desistência (Desalentados),V4074AEstava estudando (curso de qualquer tipo ou por conta própria),Outro,Micro_2251012,Micro 2251012,0,0,[0.000 — 0.000],0,0,NA,NA
Motivo_Desistencia_Desalentado,Motivo da Desistência (Desalentados),V4074APor problema de saúde ou gravidez,Outro,Micro_2251012,Micro 2251012,0,0,[0.000 — 0.000],0,0,NA,NA
Motivo_Desistencia_Desalentado,Motivo da Desistência (Desalentados),"V4074AOutro motivo, especifique",Outro,Micro_2251012,Micro 2251012,0,0,[0.000 — 0.000],0,0,NA,NA
Motivo_Desistencia_Desalentado,Motivo da Desistência (Desalentados),V4074AConseguiu proposta de trabalho para começar após a semana de referência,Outro,Micro_2251013,Micro 2251013,0,0,[0.000 — 0.000],0,0,NA,NA
Motivo_Desistencia_Desalentado,Motivo da Desistência (Desalentados),V4074AEstava aguardando resposta de medida tomada para conseguir trabalho,Outro,Micro_2251013,Micro 2251013,0,0,[0.000 — 0.000],0,0,NA,NA
Motivo_Desistencia_Desalentado,Motivo da Desistência (Desalentados),V4074ANão conseguia trabalho adequado,Outro,Micro_2251013,Micro 2251013,0.5515184728990745,0.16977327201986675,[0.219 — 0.884],0.2187628597401357,0.8842740860580134,30.78288042238152,Baixa
Motivo_Desistencia_Desalentado,Motivo da Desistência (Desalentados),V4074ANão tinha experiência profissional ou qualificação,Outro,Micro_2251013,Micro 2251013,0,0,[0.000 — 0.000],0,0,NA,NA
Motivo_Desistencia_Desalentado,Motivo da Desistência (Desalentados),V4074ANão conseguia trabalho por ser considerado muito jovem ou muito idoso,Outro,Micro_2251013,Micro 2251013,0.08715137611553458,0.09722587110584772,[-0.103 — 0.278],-0.10341133125192695,0.2777140834829961,111.55976582281113,Baixa
Motivo_Desistencia_Desalentado,Motivo da Desistência (Desalentados),V4074ANão havia trabalho na localidade,Outro,Micro_2251013,Micro 2251013,0.36133015098539095,0.1514232744769285,[0.065 — 0.658],0.06454053301061113,0.6581197689601708,41.90717936601165,Baixa
Motivo_Desistencia_Desalentado,Motivo da Desistência (Desalentados),"V4074ATinha que cuidar dos afazeres domésticos, do(s) filho(s) ou de outro(s) parente(s)",Outro,Micro_2251013,Micro 2251013,0,0,[0.000 — 0.000],0,0,NA,NA
Motivo_Desistencia_Desalentado,Motivo da Desistência (Desalentados),V4074AEstava estudando (curso de qualquer tipo ou por conta própria),Outro,Micro_2251013,Micro 2251013,0,0,[0.000 — 0.000],0,0,NA,NA
Motivo_Desistencia_Desalentado,Motivo da Desistência (Desalentados),V4074APor problema de saúde ou gravidez,Outro,Micro_2251013,Micro 2251013,0,0,[0.000 — 0.000],0,0,NA,NA
Motivo_Desistencia_Desalentado,Motivo da Desistência (Desalentados),"V4074AOutro motivo, especifique",Outro,Micro_2251013,Micro 2251013,0,0,[0.000 — 0.000],0,0,NA,NA
Motivo_Desistencia_Desalentado,Motivo da Desistência (Desalentados),V4074AConseguiu proposta de trabalho para começar após a semana de referência,Outro,Micro_2251020,Micro 2251020,0,0,[0.000 — 0.000],0,0,NA,NA
Motivo_Desistencia_Desalentado,Motivo da Desistência (Desalentados),V4074AEstava aguardando resposta de medida tomada para conseguir trabalho,Outro,Micro_2251020,Micro 2251020,0,0,[0.000 — 0.000],0,0,NA,NA
Motivo_Desistencia_Desalentado,Motivo da Desistência (Desalentados),V4074ANão conseguia trabalho adequado,Outro,Micro_2251020,Micro 2251020,0.10101633357169428,0.05132739797676285,[0.000 — 0.202],4.14633537239098e-4,0.20161803360614944,50.810988839081425,Baixa
Motivo_Desistencia_Desalentado,Motivo da Desistência (Desalentados),V4074ANão tinha experiência profissional ou qualificação,Outro,Micro_2251020,Micro 2251020,0.01132362683892254,0.01353764539643543,[-0.015 — 0.038],-0.015210158138090903,0.037857411815935986,119.55220345042346,Baixa
Motivo_Desistencia_Desalentado,Motivo da Desistência (Desalentados),V4074ANão conseguia trabalho por ser considerado muito jovem ou muito idoso,Outro,Micro_2251020,Micro 2251020,0.01087410873679082,0.01075308319078888,[-0.010 — 0.032],-0.010201934317155385,0.03195015179073703,98.88703020236987,Baixa
Motivo_Desistencia_Desalentado,Motivo da Desistência (Desalentados),V4074ANão havia trabalho na localidade,Outro,Micro_2251020,Micro 2251020,0.8767859308525924,0.05434435527122621,[0.770 — 0.983],0.770270994520989,0.9833008671841957,6.198132675142427,Boa (**)
Motivo_Desistencia_Desalentado,Motivo da Desistência (Desalentados),"V4074ATinha que cuidar dos afazeres domésticos, do(s) filho(s) ou de outro(s) parente(s)",Outro,Micro_2251020,Micro 2251020,0,0,[0.000 — 0.000],0,0,NA,NA
Motivo_Desistencia_Desalentado,Motivo da Desistência (Desalentados),V4074AEstava estudando (curso de qualquer tipo ou por conta própria),Outro,Micro_2251020,Micro 2251020,0,0,[0.000 — 0.000],0,0,NA,NA
Motivo_Desistencia_Desalentado,Motivo da Desistência (Desalentados),V4074APor problema de saúde ou gravidez,Outro,Micro_2251020,Micro 2251020,0,0,[0.000 — 0.000],0,0,NA,NA
Motivo_Desistencia_Desalentado,Motivo da Desistência (Desalentados),"V4074AOutro motivo, especifique",Outro,Micro_2251020,Micro 2251020,0,0,[0.000 — 0.000],0,0,NA,NA
Motivo_Desistencia_Desalentado,Motivo da Desistência (Desalentados),V4074AConseguiu proposta de trabalho para começar após a semana de referência,Outro,Micro_2251021,Micro 2251021,0,0,[0.000 — 0.000],0,0,NA,NA
Motivo_Desistencia_Desalentado,Motivo da Desistência (Desalentados),V4074AEstava aguardando resposta de medida tomada para conseguir trabalho,Outro,Micro_2251021,Micro 2251021,0,0,[0.000 — 0.000],0,0,NA,NA
Motivo_Desistencia_Desalentado,Motivo da Desistência (Desalentados),V4074ANão conseguia trabalho adequado,Outro,Micro_2251021,Micro 2251021,0.09451943571442992,0.06794390537091188,[-0.039 — 0.228],-0.03865061881255738,0.22768949024141721,71.88352835303601,Baixa
Motivo_Desistencia_Desalentado,Motivo da Desistência (Desalentados),V4074ANão tinha experiência profissional ou qualificação,Outro,Micro_2251021,Micro 2251021,0,0,[0.000 — 0.000],0,0,NA,NA
Motivo_Desistencia_Desalentado,Motivo da Desistência (Desalentados),V4074ANão conseguia trabalho por ser considerado muito jovem ou muito idoso,Outro,Micro_2251021,Micro 2251021,0,0,[0.000 — 0.000],0,0,NA,NA
Motivo_Desistencia_Desalentado,Motivo da Desistência (Desalentados),V4074ANão havia trabalho na localidade,Outro,Micro_2251021,Micro 2251021,0.90548056428557,0.06794390537091191,[0.772 — 1.039],0.7723105097585826,1.0386506188125573,7.503629348965661,Boa (**)
Motivo_Desistencia_Desalentado,Motivo da Desistência (Desalentados),"V4074ATinha que cuidar dos afazeres domésticos, do(s) filho(s) ou de outro(s) parente(s)",Outro,Micro_2251021,Micro 2251021,0,0,[0.000 — 0.000],0,0,NA,NA
Motivo_Desistencia_Desalentado,Motivo da Desistência (Desalentados),V4074AEstava estudando (curso de qualquer tipo ou por conta própria),Outro,Micro_2251021,Micro 2251021,0,0,[0.000 — 0.000],0,0,NA,NA
Motivo_Desistencia_Desalentado,Motivo da Desistência (Desalentados),V4074APor problema de saúde ou gravidez,Outro,Micro_2251021,Micro 2251021,0,0,[0.000 — 0.000],0,0,NA,NA
Motivo_Desistencia_Desalentado,Motivo da Desistência (Desalentados),"V4074AOutro motivo, especifique",Outro,Micro_2251021,Micro 2251021,0,0,[0.000 — 0.000],0,0,NA,NA
Motivo_Desistencia_Desalentado,Motivo da Desistência (Desalentados),V4074AConseguiu proposta de trabalho para começar após a semana de referência,Outro,Micro_2251022,Micro 2251022,0,0,[0.000 — 0.000],0,0,NA,NA
Motivo_Desistencia_Desalentado,Motivo da Desistência (Desalentados),V4074AEstava aguardando resposta de medida tomada para conseguir trabalho,Outro,Micro_2251022,Micro 2251022,0,0,[0.000 — 0.000],0,0,NA,NA
Motivo_Desistencia_Desalentado,Motivo da Desistência (Desalentados),V4074ANão conseguia trabalho adequado,Outro,Micro_2251022,Micro 2251022,0.46318350940206593,0.3642206206403556,[-0.251 — 1.177],-0.250688907053031,1.177055925857163,78.63419427659163,Baixa
Motivo_Desistencia_Desalentado,Motivo da Desistência (Desalentados),V4074ANão tinha experiência profissional ou qualificação,Outro,Micro_2251022,Micro 2251022,0,0,[0.000 — 0.000],0,0,NA,NA
Motivo_Desistencia_Desalentado,Motivo da Desistência (Desalentados),V4074ANão conseguia trabalho por ser considerado muito jovem ou muito idoso,Outro,Micro_2251022,Micro 2251022,0,0,[0.000 — 0.000],0,0,NA,NA
Motivo_Desistencia_Desalentado,Motivo da Desistência (Desalentados),V4074ANão havia trabalho na localidade,Outro,Micro_2251022,Micro 2251022,0.536816490597934,0.3642206206403556,[-0.177 — 1.251],-0.1770559258571629,1.250688907053031,67.84825485421803,Baixa
Motivo_Desistencia_Desalentado,Motivo da Desistência (Desalentados),"V4074ATinha que cuidar dos afazeres domésticos, do(s) filho(s) ou de outro(s) parente(s)",Outro,Micro_2251022,Micro 2251022,0,0,[0.000 — 0.000],0,0,NA,NA
Motivo_Desistencia_Desalentado,Motivo da Desistência (Desalentados),V4074AEstava estudando (curso de qualquer tipo ou por conta própria),Outro,Micro_2251022,Micro 2251022,0,0,[0.000 — 0.000],0,0,NA,NA
Motivo_Desistencia_Desalentado,Motivo da Desistência (Desalentados),V4074APor problema de saúde ou gravidez,Outro,Micro_2251022,Micro 2251022,0,0,[0.000 — 0.000],0,0,NA,NA
Motivo_Desistencia_Desalentado,Motivo da Desistência (Desalentados),"V4074AOutro motivo, especifique",Outro,Micro_2251022,Micro 2251022,0,0,[0.000 — 0.000],0,0,NA,NA
Motivo_Desistencia_Desalentado,Motivo da Desistência (Desalentados),V4074AConseguiu proposta de trabalho para começar após a semana de referência,Outro,Micro_2252011,Micro 2252011,0,0,[0.000 — 0.000],0,0,NA,NA
Motivo_Desistencia_Desalentado,Motivo da Desistência (Desalentados),V4074AEstava aguardando resposta de medida tomada para conseguir trabalho,Outro,Micro_2252011,Micro 2252011,0,0,[0.000 — 0.000],0,0,NA,NA
Motivo_Desistencia_Desalentado,Motivo da Desistência (Desalentados),V4074ANão conseguia trabalho adequado,Outro,Micro_2252011,Micro 2252011,0.7233927415830932,0.2108647778508912,[0.310 — 1.137],0.31009777699534646,1.1366877061708398,29.149418528782682,Regular (*)
Motivo_Desistencia_Desalentado,Motivo da Desistência (Desalentados),V4074ANão tinha experiência profissional ou qualificação,Outro,Micro_2252011,Micro 2252011,0.06044763434802421,0.10471583033909214,[-0.145 — 0.266],-0.1447953931165964,0.2656906618126448,173.23395939069513,Baixa
Motivo_Desistencia_Desalentado,Motivo da Desistência (Desalentados),V4074ANão conseguia trabalho por ser considerado muito jovem ou muito idoso,Outro,Micro_2252011,Micro 2252011,0,0,[0.000 — 0.000],0,0,NA,NA
Motivo_Desistencia_Desalentado,Motivo da Desistência (Desalentados),V4074ANão havia trabalho na localidade,Outro,Micro_2252011,Micro 2252011,0.2161596240688826,0.1941949241077433,[-0.164 — 0.597],-0.16446242718229429,0.5967816753200594,89.83866665398165,Baixa
Motivo_Desistencia_Desalentado,Motivo da Desistência (Desalentados),"V4074ATinha que cuidar dos afazeres domésticos, do(s) filho(s) ou de outro(s) parente(s)",Outro,Micro_2252011,Micro 2252011,0,0,[0.000 — 0.000],0,0,NA,NA
Motivo_Desistencia_Desalentado,Motivo da Desistência (Desalentados),V4074AEstava estudando (curso de qualquer tipo ou por conta própria),Outro,Micro_2252011,Micro 2252011,0,0,[0.000 — 0.000],0,0,NA,NA
Motivo_Desistencia_Desalentado,Motivo da Desistência (Desalentados),V4074APor problema de saúde ou gravidez,Outro,Micro_2252011,Micro 2252011,0,0,[0.000 — 0.000],0,0,NA,NA
Motivo_Desistencia_Desalentado,Motivo da Desistência (Desalentados),"V4074AOutro motivo, especifique",Outro,Micro_2252011,Micro 2252011,0,0,[0.000 — 0.000],0,0,NA,NA
Motivo_Desistencia_Desalentado,Motivo da Desistência (Desalentados),V4074AConseguiu proposta de trabalho para começar após a semana de referência,Outro,Micro_2252012,Micro 2252012,0,0,[0.000 — 0.000],0,0,NA,NA
Motivo_Desistencia_Desalentado,Motivo da Desistência (Desalentados),V4074AEstava aguardando resposta de medida tomada para conseguir trabalho,Outro,Micro_2252012,Micro 2252012,0,0,[0.000 — 0.000],0,0,NA,NA
Motivo_Desistencia_Desalentado,Motivo da Desistência (Desalentados),V4074ANão conseguia trabalho adequado,Outro,Micro_2252012,Micro 2252012,0,0,[0.000 — 0.000],0,0,NA,NA
Motivo_Desistencia_Desalentado,Motivo da Desistência (Desalentados),V4074ANão tinha experiência profissional ou qualificação,Outro,Micro_2252012,Micro 2252012,0.3271495908343716,0.3347040737964425,[-0.329 — 0.983],-0.32887039380665567,0.9831695754753988,102.30918306906749,Baixa
Motivo_Desistencia_Desalentado,Motivo da Desistência (Desalentados),V4074ANão conseguia trabalho por ser considerado muito jovem ou muito idoso,Outro,Micro_2252012,Micro 2252012,0,0,[0.000 — 0.000],0,0,NA,NA
Motivo_Desistencia_Desalentado,Motivo da Desistência (Desalentados),V4074ANão havia trabalho na localidade,Outro,Micro_2252012,Micro 2252012,0.6728504091656284,0.3347040737964425,[0.017 — 1.329],0.01683042452460115,1.3288703938066557,49.744203055697625,Baixa
Motivo_Desistencia_Desalentado,Motivo da Desistência (Desalentados),"V4074ATinha que cuidar dos afazeres domésticos, do(s) filho(s) ou de outro(s) parente(s)",Outro,Micro_2252012,Micro 2252012,0,0,[0.000 — 0.000],0,0,NA,NA
Motivo_Desistencia_Desalentado,Motivo da Desistência (Desalentados),V4074AEstava estudando (curso de qualquer tipo ou por conta própria),Outro,Micro_2252012,Micro 2252012,0,0,[0.000 — 0.000],0,0,NA,NA
Motivo_Desistencia_Desalentado,Motivo da Desistência (Desalentados),V4074APor problema de saúde ou gravidez,Outro,Micro_2252012,Micro 2252012,0,0,[0.000 — 0.000],0,0,NA,NA
Motivo_Desistencia_Desalentado,Motivo da Desistência (Desalentados),"V4074AOutro motivo, especifique",Outro,Micro_2252012,Micro 2252012,0,0,[0.000 — 0.000],0,0,NA,NA
Motivo_Desistencia_Desalentado,Motivo da Desistência (Desalentados),V4074AConseguiu proposta de trabalho para começar após a semana de referência,Outro,Micro_2252013,Micro 2252013,0,0,[0.000 — 0.000],0,0,NA,NA
Motivo_Desistencia_Desalentado,Motivo da Desistência (Desalentados),V4074AEstava aguardando resposta de medida tomada para conseguir trabalho,Outro,Micro_2252013,Micro 2252013,0,0,[0.000 — 0.000],0,0,NA,NA
Motivo_Desistencia_Desalentado,Motivo da Desistência (Desalentados),V4074ANão conseguia trabalho adequado,Outro,Micro_2252013,Micro 2252013,0.3870777694072864,0.21276224748168643,[-0.030 — 0.804],-0.02993623565681902,0.8040917744713918,54.96627920727121,Baixa
Motivo_Desistencia_Desalentado,Motivo da Desistência (Desalentados),V4074ANão tinha experiência profissional ou qualificação,Outro,Micro_2252013,Micro 2252013,0.27079361935625873,0.27976887565407876,[-0.278 — 0.819],-0.2775533769257356,0.819140615638253,103.31442680191518,Baixa
Motivo_Desistencia_Desalentado,Motivo da Desistência (Desalentados),V4074ANão conseguia trabalho por ser considerado muito jovem ou muito idoso,Outro,Micro_2252013,Micro 2252013,0.23561483011528425,0.1877548524849559,[-0.132 — 0.604],-0.13238468075522933,0.6036143409857978,79.68719642693506,Baixa
Motivo_Desistencia_Desalentado,Motivo da Desistência (Desalentados),V4074ANão havia trabalho na localidade,Outro,Micro_2252013,Micro 2252013,0.1065137811211707,0.17118911331177675,[-0.229 — 0.442],-0.22901688096991168,0.4420444432122531,160.72015424654865,Baixa
Motivo_Desistencia_Desalentado,Motivo da Desistência (Desalentados),"V4074ATinha que cuidar dos afazeres domésticos, do(s) filho(s) ou de outro(s) parente(s)",Outro,Micro_2252013,Micro 2252013,0,0,[0.000 — 0.000],0,0,NA,NA
Motivo_Desistencia_Desalentado,Motivo da Desistência (Desalentados),V4074AEstava estudando (curso de qualquer tipo ou por conta própria),Outro,Micro_2252013,Micro 2252013,0,0,[0.000 — 0.000],0,0,NA,NA
Motivo_Desistencia_Desalentado,Motivo da Desistência (Desalentados),V4074APor problema de saúde ou gravidez,Outro,Micro_2252013,Micro 2252013,0,0,[0.000 — 0.000],0,0,NA,NA
Motivo_Desistencia_Desalentado,Motivo da Desistência (Desalentados),"V4074AOutro motivo, especifique",Outro,Micro_2252013,Micro 2252013,0,0,[0.000 — 0.000],0,0,NA,NA
Motivo_Desistencia_Desalentado,Motivo da Desistência (Desalentados),V4074AConseguiu proposta de trabalho para começar após a semana de referência,Outro,Micro_2252020,Micro 2252020,0,0,[0.000 — 0.000],0,0,NA,NA
Motivo_Desistencia_Desalentado,Motivo da Desistência (Desalentados),V4074AEstava aguardando resposta de medida tomada para conseguir trabalho,Outro,Micro_2252020,Micro 2252020,0,0,[0.000 — 0.000],0,0,NA,NA
Motivo_Desistencia_Desalentado,Motivo da Desistência (Desalentados),V4074ANão conseguia trabalho adequado,Outro,Micro_2252020,Micro 2252020,0.1454630558026772,0.06276695276993889,[0.022 — 0.268],0.02243982837359698,0.26848628323175744,43.149755395681495,Baixa
Motivo_Desistencia_Desalentado,Motivo da Desistência (Desalentados),V4074ANão tinha experiência profissional ou qualificação,Outro,Micro_2252020,Micro 2252020,0.05043093440427534,0.03261116553318173,[-0.013 — 0.114],-0.013486950040760858,0.11434881884931153,64.66500357054079,Baixa
Motivo_Desistencia_Desalentado,Motivo da Desistência (Desalentados),V4074ANão conseguia trabalho por ser considerado muito jovem ou muito idoso,Outro,Micro_2252020,Micro 2252020,0.03428194804724802,0.02951779668709445,[-0.024 — 0.092],-0.0235729334594571,0.09213682955395314,86.1030319700983,Baixa
Motivo_Desistencia_Desalentado,Motivo da Desistência (Desalentados),V4074ANão havia trabalho na localidade,Outro,Micro_2252020,Micro 2252020,0.7698240617457995,0.06172080087845397,[0.649 — 0.891],0.6488512920240298,0.8907968314675693,8.017520358935538,Boa (**)
Motivo_Desistencia_Desalentado,Motivo da Desistência (Desalentados),"V4074ATinha que cuidar dos afazeres domésticos, do(s) filho(s) ou de outro(s) parente(s)",Outro,Micro_2252020,Micro 2252020,0,0,[0.000 — 0.000],0,0,NA,NA
Motivo_Desistencia_Desalentado,Motivo da Desistência (Desalentados),V4074AEstava estudando (curso de qualquer tipo ou por conta própria),Outro,Micro_2252020,Micro 2252020,0,0,[0.000 — 0.000],0,0,NA,NA
Motivo_Desistencia_Desalentado,Motivo da Desistência (Desalentados),V4074APor problema de saúde ou gravidez,Outro,Micro_2252020,Micro 2252020,0,0,[0.000 — 0.000],0,0,NA,NA
Motivo_Desistencia_Desalentado,Motivo da Desistência (Desalentados),"V4074AOutro motivo, especifique",Outro,Micro_2252020,Micro 2252020,0,0,[0.000 — 0.000],0,0,NA,NA
Motivo_Desistencia_Desalentado,Motivo da Desistência (Desalentados),V4074AConseguiu proposta de trabalho para começar após a semana de referência,Outro,Micro_2252021,Micro 2252021,0,0,[0.000 — 0.000],0,0,NA,NA
Motivo_Desistencia_Desalentado,Motivo da Desistência (Desalentados),V4074AEstava aguardando resposta de medida tomada para conseguir trabalho,Outro,Micro_2252021,Micro 2252021,0,0,[0.000 — 0.000],0,0,NA,NA
Motivo_Desistencia_Desalentado,Motivo da Desistência (Desalentados),V4074ANão conseguia trabalho adequado,Outro,Micro_2252021,Micro 2252021,0,0,[0.000 — 0.000],0,0,NA,NA
Motivo_Desistencia_Desalentado,Motivo da Desistência (Desalentados),V4074ANão tinha experiência profissional ou qualificação,Outro,Micro_2252021,Micro 2252021,0,0,[0.000 — 0.000],0,0,NA,NA
Motivo_Desistencia_Desalentado,Motivo da Desistência (Desalentados),V4074ANão conseguia trabalho por ser considerado muito jovem ou muito idoso,Outro,Micro_2252021,Micro 2252021,0,0,[0.000 — 0.000],0,0,NA,NA
Motivo_Desistencia_Desalentado,Motivo da Desistência (Desalentados),V4074ANão havia trabalho na localidade,Outro,Micro_2252021,Micro 2252021,1,0,[1.000 — 1.000],1,1,0,Excelente (***)
Motivo_Desistencia_Desalentado,Motivo da Desistência (Desalentados),"V4074ATinha que cuidar dos afazeres domésticos, do(s) filho(s) ou de outro(s) parente(s)",Outro,Micro_2252021,Micro 2252021,0,0,[0.000 — 0.000],0,0,NA,NA
Motivo_Desistencia_Desalentado,Motivo da Desistência (Desalentados),V4074AEstava estudando (curso de qualquer tipo ou por conta própria),Outro,Micro_2252021,Micro 2252021,0,0,[0.000 — 0.000],0,0,NA,NA
Motivo_Desistencia_Desalentado,Motivo da Desistência (Desalentados),V4074APor problema de saúde ou gravidez,Outro,Micro_2252021,Micro 2252021,0,0,[0.000 — 0.000],0,0,NA,NA
Motivo_Desistencia_Desalentado,Motivo da Desistência (Desalentados),"V4074AOutro motivo, especifique",Outro,Micro_2252021,Micro 2252021,0,0,[0.000 — 0.000],0,0,NA,NA
Motivo_Desistencia_Desalentado,Motivo da Desistência (Desalentados),V4074AConseguiu proposta de trabalho para começar após a semana de referência,Outro,Micro_2252022,Micro 2252022,0,0,[0.000 — 0.000],0,0,NA,NA
Motivo_Desistencia_Desalentado,Motivo da Desistência (Desalentados),V4074AEstava aguardando resposta de medida tomada para conseguir trabalho,Outro,Micro_2252022,Micro 2252022,0,0,[0.000 — 0.000],0,0,NA,NA
Motivo_Desistencia_Desalentado,Motivo da Desistência (Desalentados),V4074ANão conseguia trabalho adequado,Outro,Micro_2252022,Micro 2252022,0.6779656044682006,0.00373943328278598,[0.671 — 0.685],0.6706363152339401,0.6852948937024612,0.5515668137352202,Excelente (***)
Motivo_Desistencia_Desalentado,Motivo da Desistência (Desalentados),V4074ANão tinha experiência profissional ou qualificação,Outro,Micro_2252022,Micro 2252022,0,0,[0.000 — 0.000],0,0,NA,NA
Motivo_Desistencia_Desalentado,Motivo da Desistência (Desalentados),V4074ANão conseguia trabalho por ser considerado muito jovem ou muito idoso,Outro,Micro_2252022,Micro 2252022,0,0,[0.000 — 0.000],0,0,NA,NA
Motivo_Desistencia_Desalentado,Motivo da Desistência (Desalentados),V4074ANão havia trabalho na localidade,Outro,Micro_2252022,Micro 2252022,0.3220343955317993,0.00373943328278599,[0.315 — 0.329],0.3147051062975388,0.3293636847660598,1.1611906475427216,Excelente (***)
Motivo_Desistencia_Desalentado,Motivo da Desistência (Desalentados),"V4074ATinha que cuidar dos afazeres domésticos, do(s) filho(s) ou de outro(s) parente(s)",Outro,Micro_2252022,Micro 2252022,0,0,[0.000 — 0.000],0,0,NA,NA
Motivo_Desistencia_Desalentado,Motivo da Desistência (Desalentados),V4074AEstava estudando (curso de qualquer tipo ou por conta própria),Outro,Micro_2252022,Micro 2252022,0,0,[0.000 — 0.000],0,0,NA,NA
Motivo_Desistencia_Desalentado,Motivo da Desistência (Desalentados),V4074APor problema de saúde ou gravidez,Outro,Micro_2252022,Micro 2252022,0,0,[0.000 — 0.000],0,0,NA,NA
Motivo_Desistencia_Desalentado,Motivo da Desistência (Desalentados),"V4074AOutro motivo, especifique",Outro,Micro_2252022,Micro 2252022,0,0,[0.000 — 0.000],0,0,NA,NA
Motivo_Desistencia_Desalentado,Motivo da Desistência (Desalentados),V4074AConseguiu proposta de trabalho para começar após a semana de referência,Outro,Micro_2253010,Micro 2253010,0,0,[0.000 — 0.000],0,0,NA,NA
Motivo_Desistencia_Desalentado,Motivo da Desistência (Desalentados),V4074AEstava aguardando resposta de medida tomada para conseguir trabalho,Outro,Micro_2253010,Micro 2253010,0,0,[0.000 — 0.000],0,0,NA,NA
Motivo_Desistencia_Desalentado,Motivo da Desistência (Desalentados),V4074ANão conseguia trabalho adequado,Outro,Micro_2253010,Micro 2253010,0.11317468308659612,0.1407320479705099,[-0.163 — 0.389],-0.16266013093560328,0.3890094971087955,124.34940759924915,Baixa
Motivo_Desistencia_Desalentado,Motivo da Desistência (Desalentados),V4074ANão tinha experiência profissional ou qualificação,Outro,Micro_2253010,Micro 2253010,0.2404117278140065,0.18095316501950115,[-0.114 — 0.595],-0.11425647562421576,0.5950799312522288,75.26802733995356,Baixa
Motivo_Desistencia_Desalentado,Motivo da Desistência (Desalentados),V4074ANão conseguia trabalho por ser considerado muito jovem ou muito idoso,Outro,Micro_2253010,Micro 2253010,0,0,[0.000 — 0.000],0,0,NA,NA
Motivo_Desistencia_Desalentado,Motivo da Desistência (Desalentados),V4074ANão havia trabalho na localidade,Outro,Micro_2253010,Micro 2253010,0.6464135890993974,0.15039569770958305,[0.352 — 0.941],0.3516380215886146,0.9411891566101802,23.26617203687175,Regular (*)
Motivo_Desistencia_Desalentado,Motivo da Desistência (Desalentados),"V4074ATinha que cuidar dos afazeres domésticos, do(s) filho(s) ou de outro(s) parente(s)",Outro,Micro_2253010,Micro 2253010,0,0,[0.000 — 0.000],0,0,NA,NA
Motivo_Desistencia_Desalentado,Motivo da Desistência (Desalentados),V4074AEstava estudando (curso de qualquer tipo ou por conta própria),Outro,Micro_2253010,Micro 2253010,0,0,[0.000 — 0.000],0,0,NA,NA
Motivo_Desistencia_Desalentado,Motivo da Desistência (Desalentados),V4074APor problema de saúde ou gravidez,Outro,Micro_2253010,Micro 2253010,0,0,[0.000 — 0.000],0,0,NA,NA
Motivo_Desistencia_Desalentado,Motivo da Desistência (Desalentados),"V4074AOutro motivo, especifique",Outro,Micro_2253010,Micro 2253010,0,0,[0.000 — 0.000],0,0,NA,NA
Motivo_Desistencia_Desalentado,Motivo da Desistência (Desalentados),V4074AConseguiu proposta de trabalho para começar após a semana de referência,Outro,Micro_2253011,Micro 2253011,0,0,[0.000 — 0.000],0,0,NA,NA
Motivo_Desistencia_Desalentado,Motivo da Desistência (Desalentados),V4074AEstava aguardando resposta de medida tomada para conseguir trabalho,Outro,Micro_2253011,Micro 2253011,0,0,[0.000 — 0.000],0,0,NA,NA
Motivo_Desistencia_Desalentado,Motivo da Desistência (Desalentados),V4074ANão conseguia trabalho adequado,Outro,Micro_2253011,Micro 2253011,0.19828882314570057,0.1847360558515443,[-0.164 — 0.560],-0.16379384632332622,0.5603714926147274,93.16513806519602,Baixa
Motivo_Desistencia_Desalentado,Motivo da Desistência (Desalentados),V4074ANão tinha experiência profissional ou qualificação,Outro,Micro_2253011,Micro 2253011,0,0,[0.000 — 0.000],0,0,NA,NA
Motivo_Desistencia_Desalentado,Motivo da Desistência (Desalentados),V4074ANão conseguia trabalho por ser considerado muito jovem ou muito idoso,Outro,Micro_2253011,Micro 2253011,0,0,[0.000 — 0.000],0,0,NA,NA
Motivo_Desistencia_Desalentado,Motivo da Desistência (Desalentados),V4074ANão havia trabalho na localidade,Outro,Micro_2253011,Micro 2253011,0.8017111768542995,0.18473605585154432,[0.440 — 1.164],0.43962850738527265,1.1637938463233264,23.042719271595946,Regular (*)
Motivo_Desistencia_Desalentado,Motivo da Desistência (Desalentados),"V4074ATinha que cuidar dos afazeres domésticos, do(s) filho(s) ou de outro(s) parente(s)",Outro,Micro_2253011,Micro 2253011,0,0,[0.000 — 0.000],0,0,NA,NA
Motivo_Desistencia_Desalentado,Motivo da Desistência (Desalentados),V4074AEstava estudando (curso de qualquer tipo ou por conta própria),Outro,Micro_2253011,Micro 2253011,0,0,[0.000 — 0.000],0,0,NA,NA
Motivo_Desistencia_Desalentado,Motivo da Desistência (Desalentados),V4074APor problema de saúde ou gravidez,Outro,Micro_2253011,Micro 2253011,0,0,[0.000 — 0.000],0,0,NA,NA
Motivo_Desistencia_Desalentado,Motivo da Desistência (Desalentados),"V4074AOutro motivo, especifique",Outro,Micro_2253011,Micro 2253011,0,0,[0.000 — 0.000],0,0,NA,NA
Motivo_Desistencia_Desalentado,Motivo da Desistência (Desalentados),V4074AConseguiu proposta de trabalho para começar após a semana de referência,Outro,Micro_2253012,Micro 2253012,0,0,[0.000 — 0.000],0,0,NA,NA
Motivo_Desistencia_Desalentado,Motivo da Desistência (Desalentados),V4074AEstava aguardando resposta de medida tomada para conseguir trabalho,Outro,Micro_2253012,Micro 2253012,0,0,[0.000 — 0.000],0,0,NA,NA
Motivo_Desistencia_Desalentado,Motivo da Desistência (Desalentados),V4074ANão conseguia trabalho adequado,Outro,Micro_2253012,Micro 2253012,0,0,[0.000 — 0.000],0,0,NA,NA
Motivo_Desistencia_Desalentado,Motivo da Desistência (Desalentados),V4074ANão tinha experiência profissional ou qualificação,Outro,Micro_2253012,Micro 2253012,0,0,[0.000 — 0.000],0,0,NA,NA
Motivo_Desistencia_Desalentado,Motivo da Desistência (Desalentados),V4074ANão conseguia trabalho por ser considerado muito jovem ou muito idoso,Outro,Micro_2253012,Micro 2253012,0,0,[0.000 — 0.000],0,0,NA,NA
Motivo_Desistencia_Desalentado,Motivo da Desistência (Desalentados),V4074ANão havia trabalho na localidade,Outro,Micro_2253012,Micro 2253012,1,0,[1.000 — 1.000],1,1,0,Excelente (***)
Motivo_Desistencia_Desalentado,Motivo da Desistência (Desalentados),"V4074ATinha que cuidar dos afazeres domésticos, do(s) filho(s) ou de outro(s) parente(s)",Outro,Micro_2253012,Micro 2253012,0,0,[0.000 — 0.000],0,0,NA,NA
Motivo_Desistencia_Desalentado,Motivo da Desistência (Desalentados),V4074AEstava estudando (curso de qualquer tipo ou por conta própria),Outro,Micro_2253012,Micro 2253012,0,0,[0.000 — 0.000],0,0,NA,NA
Motivo_Desistencia_Desalentado,Motivo da Desistência (Desalentados),V4074APor problema de saúde ou gravidez,Outro,Micro_2253012,Micro 2253012,0,0,[0.000 — 0.000],0,0,NA,NA
Motivo_Desistencia_Desalentado,Motivo da Desistência (Desalentados),"V4074AOutro motivo, especifique",Outro,Micro_2253012,Micro 2253012,0,0,[0.000 — 0.000],0,0,NA,NA
Motivo_Desistencia_Desalentado,Motivo da Desistência (Desalentados),V4074AConseguiu proposta de trabalho para começar após a semana de referência,Outro,Micro_2253020,Micro 2253020,0,0,[0.000 — 0.000],0,0,NA,NA
Motivo_Desistencia_Desalentado,Motivo da Desistência (Desalentados),V4074AEstava aguardando resposta de medida tomada para conseguir trabalho,Outro,Micro_2253020,Micro 2253020,0,0,[0.000 — 0.000],0,0,NA,NA
Motivo_Desistencia_Desalentado,Motivo da Desistência (Desalentados),V4074ANão conseguia trabalho adequado,Outro,Micro_2253020,Micro 2253020,0.03513375077931315,0.05418966147872735,[-0.071 — 0.141],-0.07107798571899246,0.14134548727761875,154.23819056243312,Baixa
Motivo_Desistencia_Desalentado,Motivo da Desistência (Desalentados),V4074ANão tinha experiência profissional ou qualificação,Outro,Micro_2253020,Micro 2253020,0,0,[0.000 — 0.000],0,0,NA,NA
Motivo_Desistencia_Desalentado,Motivo da Desistência (Desalentados),V4074ANão conseguia trabalho por ser considerado muito jovem ou muito idoso,Outro,Micro_2253020,Micro 2253020,0.01800043347277437,0.03279074384549939,[-0.046 — 0.082],-0.046269424464404435,0.08227029140995318,182.16641224276816,Baixa
Motivo_Desistencia_Desalentado,Motivo da Desistência (Desalentados),V4074ANão havia trabalho na localidade,Outro,Micro_2253020,Micro 2253020,0.9468658157479126,0.07009182007741303,[0.809 — 1.084],0.8094858483961831,1.0842457830996421,7.40250824474519,Boa (**)
Motivo_Desistencia_Desalentado,Motivo da Desistência (Desalentados),"V4074ATinha que cuidar dos afazeres domésticos, do(s) filho(s) ou de outro(s) parente(s)",Outro,Micro_2253020,Micro 2253020,0,0,[0.000 — 0.000],0,0,NA,NA
Motivo_Desistencia_Desalentado,Motivo da Desistência (Desalentados),V4074AEstava estudando (curso de qualquer tipo ou por conta própria),Outro,Micro_2253020,Micro 2253020,0,0,[0.000 — 0.000],0,0,NA,NA
Motivo_Desistencia_Desalentado,Motivo da Desistência (Desalentados),V4074APor problema de saúde ou gravidez,Outro,Micro_2253020,Micro 2253020,0,0,[0.000 — 0.000],0,0,NA,NA
Motivo_Desistencia_Desalentado,Motivo da Desistência (Desalentados),"V4074AOutro motivo, especifique",Outro,Micro_2253020,Micro 2253020,0,0,[0.000 — 0.000],0,0,NA,NA
Motivo_Desistencia_Desalentado,Motivo da Desistência (Desalentados),V4074AConseguiu proposta de trabalho para começar após a semana de referência,Outro,Micro_2253021,Micro 2253021,0,0,[0.000 — 0.000],0,0,NA,NA
Motivo_Desistencia_Desalentado,Motivo da Desistência (Desalentados),V4074AEstava aguardando resposta de medida tomada para conseguir trabalho,Outro,Micro_2253021,Micro 2253021,0,0,[0.000 — 0.000],0,0,NA,NA
Motivo_Desistencia_Desalentado,Motivo da Desistência (Desalentados),V4074ANão conseguia trabalho adequado,Outro,Micro_2253021,Micro 2253021,0,0,[0.000 — 0.000],0,0,NA,NA
Motivo_Desistencia_Desalentado,Motivo da Desistência (Desalentados),V4074ANão tinha experiência profissional ou qualificação,Outro,Micro_2253021,Micro 2253021,0,0,[0.000 — 0.000],0,0,NA,NA
Motivo_Desistencia_Desalentado,Motivo da Desistência (Desalentados),V4074ANão conseguia trabalho por ser considerado muito jovem ou muito idoso,Outro,Micro_2253021,Micro 2253021,0,0,[0.000 — 0.000],0,0,NA,NA
Motivo_Desistencia_Desalentado,Motivo da Desistência (Desalentados),V4074ANão havia trabalho na localidade,Outro,Micro_2253021,Micro 2253021,1,0,[1.000 — 1.000],1,1,0,Excelente (***)
Motivo_Desistencia_Desalentado,Motivo da Desistência (Desalentados),"V4074ATinha que cuidar dos afazeres domésticos, do(s) filho(s) ou de outro(s) parente(s)",Outro,Micro_2253021,Micro 2253021,0,0,[0.000 — 0.000],0,0,NA,NA
Motivo_Desistencia_Desalentado,Motivo da Desistência (Desalentados),V4074AEstava estudando (curso de qualquer tipo ou por conta própria),Outro,Micro_2253021,Micro 2253021,0,0,[0.000 — 0.000],0,0,NA,NA
Motivo_Desistencia_Desalentado,Motivo da Desistência (Desalentados),V4074APor problema de saúde ou gravidez,Outro,Micro_2253021,Micro 2253021,0,0,[0.000 — 0.000],0,0,NA,NA
Motivo_Desistencia_Desalentado,Motivo da Desistência (Desalentados),"V4074AOutro motivo, especifique",Outro,Micro_2253021,Micro 2253021,0,0,[0.000 — 0.000],0,0,NA,NA
Motivo_Desistencia_Desalentado,Motivo da Desistência (Desalentados),V4074AConseguiu proposta de trabalho para começar após a semana de referência,Outro,Micro_2253022,Micro 2253022,0,0,[0.000 — 0.000],0,0,NA,NA
Motivo_Desistencia_Desalentado,Motivo da Desistência (Desalentados),V4074AEstava aguardando resposta de medida tomada para conseguir trabalho,Outro,Micro_2253022,Micro 2253022,0,0,[0.000 — 0.000],0,0,NA,NA
Motivo_Desistencia_Desalentado,Motivo da Desistência (Desalentados),V4074ANão conseguia trabalho adequado,Outro,Micro_2253022,Micro 2253022,0,0,[0.000 — 0.000],0,0,NA,NA
Motivo_Desistencia_Desalentado,Motivo da Desistência (Desalentados),V4074ANão tinha experiência profissional ou qualificação,Outro,Micro_2253022,Micro 2253022,0,0,[0.000 — 0.000],0,0,NA,NA
Motivo_Desistencia_Desalentado,Motivo da Desistência (Desalentados),V4074ANão conseguia trabalho por ser considerado muito jovem ou muito idoso,Outro,Micro_2253022,Micro 2253022,0,0,[0.000 — 0.000],0,0,NA,NA
Motivo_Desistencia_Desalentado,Motivo da Desistência (Desalentados),V4074ANão havia trabalho na localidade,Outro,Micro_2253022,Micro 2253022,1,0,[1.000 — 1.000],1,1,0,Excelente (***)
Motivo_Desistencia_Desalentado,Motivo da Desistência (Desalentados),"V4074ATinha que cuidar dos afazeres domésticos, do(s) filho(s) ou de outro(s) parente(s)",Outro,Micro_2253022,Micro 2253022,0,0,[0.000 — 0.000],0,0,NA,NA
Motivo_Desistencia_Desalentado,Motivo da Desistência (Desalentados),V4074AEstava estudando (curso de qualquer tipo ou por conta própria),Outro,Micro_2253022,Micro 2253022,0,0,[0.000 — 0.000],0,0,NA,NA
Motivo_Desistencia_Desalentado,Motivo da Desistência (Desalentados),V4074APor problema de saúde ou gravidez,Outro,Micro_2253022,Micro 2253022,0,0,[0.000 — 0.000],0,0,NA,NA
Motivo_Desistencia_Desalentado,Motivo da Desistência (Desalentados),"V4074AOutro motivo, especifique",Outro,Micro_2253022,Micro 2253022,0,0,[0.000 — 0.000],0,0,NA,NA
Motivo_Desistencia_Desalentado,Motivo da Desistência (Desalentados),V4074AConseguiu proposta de trabalho para começar após a semana de referência,Outro,Micro_2254020,Micro 2254020,0,0,[0.000 — 0.000],0,0,NA,NA
Motivo_Desistencia_Desalentado,Motivo da Desistência (Desalentados),V4074AEstava aguardando resposta de medida tomada para conseguir trabalho,Outro,Micro_2254020,Micro 2254020,0,0,[0.000 — 0.000],0,0,NA,NA
Motivo_Desistencia_Desalentado,Motivo da Desistência (Desalentados),V4074ANão conseguia trabalho adequado,Outro,Micro_2254020,Micro 2254020,0.12963304896198563,0.09564975710813302,[-0.058 — 0.317],-0.05784047496995509,0.31710657289392635,73.78500920408185,Baixa
Motivo_Desistencia_Desalentado,Motivo da Desistência (Desalentados),V4074ANão tinha experiência profissional ou qualificação,Outro,Micro_2254020,Micro 2254020,0.08603859827764208,0.0670934335722422,[-0.045 — 0.218],-0.04546453152395265,0.21754172807923683,77.98062139010585,Baixa
Motivo_Desistencia_Desalentado,Motivo da Desistência (Desalentados),V4074ANão conseguia trabalho por ser considerado muito jovem ou muito idoso,Outro,Micro_2254020,Micro 2254020,0,0,[0.000 — 0.000],0,0,NA,NA
Motivo_Desistencia_Desalentado,Motivo da Desistência (Desalentados),V4074ANão havia trabalho na localidade,Outro,Micro_2254020,Micro 2254020,0.7843283527603724,0.08548196049424953,[0.617 — 0.952],0.6167837101916434,0.9518729953291014,10.898746703903223,Boa (**)
Motivo_Desistencia_Desalentado,Motivo da Desistência (Desalentados),"V4074ATinha que cuidar dos afazeres domésticos, do(s) filho(s) ou de outro(s) parente(s)",Outro,Micro_2254020,Micro 2254020,0,0,[0.000 — 0.000],0,0,NA,NA
Motivo_Desistencia_Desalentado,Motivo da Desistência (Desalentados),V4074AEstava estudando (curso de qualquer tipo ou por conta própria),Outro,Micro_2254020,Micro 2254020,0,0,[0.000 — 0.000],0,0,NA,NA
Motivo_Desistencia_Desalentado,Motivo da Desistência (Desalentados),V4074APor problema de saúde ou gravidez,Outro,Micro_2254020,Micro 2254020,0,0,[0.000 — 0.000],0,0,NA,NA
Motivo_Desistencia_Desalentado,Motivo da Desistência (Desalentados),"V4074AOutro motivo, especifique",Outro,Micro_2254020,Micro 2254020,0,0,[0.000 — 0.000],0,0,NA,NA
Motivo_Desistencia_Desalentado,Motivo da Desistência (Desalentados),V4074AConseguiu proposta de trabalho para começar após a semana de referência,Zona,Zona_Rural,Zona Rural,0,0,[0.000 — 0.000],0,0,NA,NA
Motivo_Desistencia_Desalentado,Motivo da Desistência (Desalentados),V4074AEstava aguardando resposta de medida tomada para conseguir trabalho,Zona,Zona_Rural,Zona Rural,0,0,[0.000 — 0.000],0,0,NA,NA
Motivo_Desistencia_Desalentado,Motivo da Desistência (Desalentados),V4074ANão conseguia trabalho adequado,Zona,Zona_Rural,Zona Rural,0.12180818704189551,0.03057048896624386,[0.062 — 0.182],0.06189002866805755,0.18172634541573346,25.09723665432213,Regular (*)
Motivo_Desistencia_Desalentado,Motivo da Desistência (Desalentados),V4074ANão tinha experiência profissional ou qualificação,Zona,Zona_Rural,Zona Rural,0.01714993018423166,0.00959345503074074,[-0.002 — 0.036],-0.0016532416760201944,0.035953102044483515,55.938741019257044,Baixa
Motivo_Desistencia_Desalentado,Motivo da Desistência (Desalentados),V4074ANão conseguia trabalho por ser considerado muito jovem ou muito idoso,Zona,Zona_Rural,Zona Rural,0.01517584769510158,0.00948257346185325,[-0.003 — 0.034],-0.0034099962901307894,0.03376169168033395,62.48463777686705,Baixa
Motivo_Desistencia_Desalentado,Motivo da Desistência (Desalentados),V4074ANão havia trabalho na localidade,Zona,Zona_Rural,Zona Rural,0.8458660350787711,0.03244528320827686,[0.782 — 0.909],0.7822732799905485,0.9094587901669937,3.8357472534353976,Excelente (***)
Motivo_Desistencia_Desalentado,Motivo da Desistência (Desalentados),"V4074ATinha que cuidar dos afazeres domésticos, do(s) filho(s) ou de outro(s) parente(s)",Zona,Zona_Rural,Zona Rural,0,0,[0.000 — 0.000],0,0,NA,NA
Motivo_Desistencia_Desalentado,Motivo da Desistência (Desalentados),V4074AEstava estudando (curso de qualquer tipo ou por conta própria),Zona,Zona_Rural,Zona Rural,0,0,[0.000 — 0.000],0,0,NA,NA
Motivo_Desistencia_Desalentado,Motivo da Desistência (Desalentados),V4074APor problema de saúde ou gravidez,Zona,Zona_Rural,Zona Rural,0,0,[0.000 — 0.000],0,0,NA,NA
Motivo_Desistencia_Desalentado,Motivo da Desistência (Desalentados),"V4074AOutro motivo, especifique",Zona,Zona_Rural,Zona Rural,0,0,[0.000 — 0.000],0,0,NA,NA
Motivo_Desistencia_Desalentado,Motivo da Desistência (Desalentados),V4074AConseguiu proposta de trabalho para começar após a semana de referência,Zona,Zona_Urbana,Zona Urbana,0,0,[0.000 — 0.000],0,0,NA,NA
Motivo_Desistencia_Desalentado,Motivo da Desistência (Desalentados),V4074AEstava aguardando resposta de medida tomada para conseguir trabalho,Zona,Zona_Urbana,Zona Urbana,0,0,[0.000 — 0.000],0,0,NA,NA
Motivo_Desistencia_Desalentado,Motivo da Desistência (Desalentados),V4074ANão conseguia trabalho adequado,Zona,Zona_Urbana,Zona Urbana,0.37078643091529806,0.09246694944883328,[0.190 — 0.552],0.18955120999558484,0.5520216518350113,24.938061843464897,Regular (*)
Motivo_Desistencia_Desalentado,Motivo da Desistência (Desalentados),V4074ANão tinha experiência profissional ou qualificação,Zona,Zona_Urbana,Zona Urbana,0.05490279531422706,0.02562644998295613,[0.005 — 0.105],0.00467495334763305,0.10513063728082106,46.676038690357,Baixa
Motivo_Desistencia_Desalentado,Motivo da Desistência (Desalentados),V4074ANão conseguia trabalho por ser considerado muito jovem ou muito idoso,Zona,Zona_Urbana,Zona Urbana,0.02562293641912845,0.01342602274366738,[-0.001 — 0.052],-6.92068158459614e-4,0.05193794099671652,52.39845474402524,Baixa
Motivo_Desistencia_Desalentado,Motivo da Desistência (Desalentados),V4074ANão havia trabalho na localidade,Zona,Zona_Urbana,Zona Urbana,0.5486878373513464,0.0918657403021205,[0.369 — 0.729],0.3686309863591902,0.7287446883435026,16.742806027117247,Regular (*)
Motivo_Desistencia_Desalentado,Motivo da Desistência (Desalentados),"V4074ATinha que cuidar dos afazeres domésticos, do(s) filho(s) ou de outro(s) parente(s)",Zona,Zona_Urbana,Zona Urbana,0,0,[0.000 — 0.000],0,0,NA,NA
Motivo_Desistencia_Desalentado,Motivo da Desistência (Desalentados),V4074AEstava estudando (curso de qualquer tipo ou por conta própria),Zona,Zona_Urbana,Zona Urbana,0,0,[0.000 — 0.000],0,0,NA,NA
Motivo_Desistencia_Desalentado,Motivo da Desistência (Desalentados),V4074APor problema de saúde ou gravidez,Zona,Zona_Urbana,Zona Urbana,0,0,[0.000 — 0.000],0,0,NA,NA
Motivo_Desistencia_Desalentado,Motivo da Desistência (Desalentados),"V4074AOutro motivo, especifique",Zona,Zona_Urbana,Zona Urbana,0,0,[0.000 — 0.000],0,0,NA,NA
Motivo_Nao_Inicio_NemNem,Motivo de Não Iniciar Trabalho (Nem-Nem),"V4078ATinha que cuidar dos afazeres domésticos, do(s) filho(s) ou de outro(s) parente(s)",Agregados nacionais,Brasil,Brasil,0.4726825058931212,0.00589301591392255,[0.461 — 0.484],0.46113219470183303,0.4842328170844094,1.2467175832513309,Excelente (***)
Motivo_Nao_Inicio_NemNem,Motivo de Não Iniciar Trabalho (Nem-Nem),V4078AEstava estudando (em curso de qualquer tipo ou por conta própria),Agregados nacionais,Brasil,Brasil,0.1084723803186232,0.00371304059819736,[0.101 — 0.116],0.10119482074615638,0.11574993989109003,3.4230285970408287,Excelente (***)
Motivo_Nao_Inicio_NemNem,Motivo de Não Iniciar Trabalho (Nem-Nem),V4078APor problema de saúde ou gravidez,Agregados nacionais,Brasil,Brasil,0.20452471230333655,0.00555198750564307,[0.194 — 0.215],0.19364281679227613,0.21540660781439697,2.7145802788900912,Excelente (***)
Motivo_Nao_Inicio_NemNem,Motivo de Não Iniciar Trabalho (Nem-Nem),V4078APor ser muito jovem ou muito idoso para trabalhar,Agregados nacionais,Brasil,Brasil,0.03006610236394559,0.0023055820050288,[0.026 — 0.035],0.02554716163408914,0.03458504309380204,7.668376755723376,Boa (**)
Motivo_Nao_Inicio_NemNem,Motivo de Não Iniciar Trabalho (Nem-Nem),V4078APor não querer trabalhar,Agregados nacionais,Brasil,Brasil,0.13674694135992888,0.0045300693348828,[0.128 — 0.146],0.1278680054635586,0.14562587725629916,3.3127390564146477,Excelente (***)
Motivo_Nao_Inicio_NemNem,Motivo de Não Iniciar Trabalho (Nem-Nem),"V4078AOutro motivo, especifique:",Agregados nacionais,Brasil,Brasil,0.04750735776104452,0.00273404729561064,[0.042 — 0.053],0.04214862506164767,0.05286609046044137,5.754997592925546,Boa (**)
Motivo_Nao_Inicio_NemNem,Motivo de Não Iniciar Trabalho (Nem-Nem),"V4078ATinha que cuidar dos afazeres domésticos, do(s) filho(s) ou de outro(s) parente(s)",Agregados nacionais,Nordeste,Nordeste,0.5144371387680737,0.0091418255906502,[0.497 — 0.532],0.49651916061039936,0.5323551169257481,1.7770539686427371,Excelente (***)
Motivo_Nao_Inicio_NemNem,Motivo de Não Iniciar Trabalho (Nem-Nem),V4078AEstava estudando (em curso de qualquer tipo ou por conta própria),Agregados nacionais,Nordeste,Nordeste,0.09594742589908067,0.00514755181653737,[0.086 — 0.106],0.08585822433866742,0.10603662745949392,5.364971252018436,Boa (**)
Motivo_Nao_Inicio_NemNem,Motivo de Não Iniciar Trabalho (Nem-Nem),V4078APor problema de saúde ou gravidez,Agregados nacionais,Nordeste,Nordeste,0.20120913670180943,0.00629576850388319,[0.189 — 0.214],0.18886943043419838,0.21354884296942048,3.128967504698097,Excelente (***)
Motivo_Nao_Inicio_NemNem,Motivo de Não Iniciar Trabalho (Nem-Nem),V4078APor ser muito jovem ou muito idoso para trabalhar,Agregados nacionais,Nordeste,Nordeste,0.02936535606640641,0.00323261228470871,[0.023 — 0.036],0.02302943598837734,0.03570127614443548,11.008251619352155,Boa (**)
Motivo_Nao_Inicio_NemNem,Motivo de Não Iniciar Trabalho (Nem-Nem),V4078APor não querer trabalhar,Agregados nacionais,Nordeste,Nordeste,0.12280269498687953,0.00703811679783727,[0.109 — 0.137],0.10900798606311848,0.13659740391064057,5.7312396919214486,Boa (**)
Motivo_Nao_Inicio_NemNem,Motivo de Não Iniciar Trabalho (Nem-Nem),"V4078AOutro motivo, especifique:",Agregados nacionais,Nordeste,Nordeste,0.03623824757775021,0.00329906186429952,[0.030 — 0.043],0.029772086323723152,0.04270440883177727,9.103811814357984,Boa (**)
Motivo_Nao_Inicio_NemNem,Motivo de Não Iniciar Trabalho (Nem-Nem),"V4078ATinha que cuidar dos afazeres domésticos, do(s) filho(s) ou de outro(s) parente(s)",Agregados nacionais,Piauí,Piauí,0.5652279760163845,0.03370703472314473,[0.499 — 0.631],0.49916218795902084,0.6312937640737482,5.96344062102256,Boa (**)
Motivo_Nao_Inicio_NemNem,Motivo de Não Iniciar Trabalho (Nem-Nem),V4078AEstava estudando (em curso de qualquer tipo ou por conta própria),Agregados nacionais,Piauí,Piauí,0.08659802221168837,0.01497222858076229,[0.057 — 0.116],0.05725245419339428,0.11594359022998246,17.289342410341384,Regular (*)
Motivo_Nao_Inicio_NemNem,Motivo de Não Iniciar Trabalho (Nem-Nem),V4078APor problema de saúde ou gravidez,Agregados nacionais,Piauí,Piauí,0.2625642345281642,0.02621922500361648,[0.211 — 0.314],0.2111745535210759,0.3139539155352525,9.985832629007229,Boa (**)
Motivo_Nao_Inicio_NemNem,Motivo de Não Iniciar Trabalho (Nem-Nem),V4078APor ser muito jovem ou muito idoso para trabalhar,Agregados nacionais,Piauí,Piauí,0.00324288891189472,0.00212241539412583,[-0.001 — 0.007],-9.170452605919061e-4,0.007402823084381347,65.44829168649406,Baixa
Motivo_Nao_Inicio_NemNem,Motivo de Não Iniciar Trabalho (Nem-Nem),V4078APor não querer trabalhar,Agregados nacionais,Piauí,Piauí,0.07572971264943427,0.01729015027326148,[0.042 — 0.110],0.04184101811384178,0.10961840718502677,22.83139558881007,Regular (*)
Motivo_Nao_Inicio_NemNem,Motivo de Não Iniciar Trabalho (Nem-Nem),"V4078AOutro motivo, especifique:",Agregados nacionais,Piauí,Piauí,0.00663716568243395,0.00429087180161362,[-0.002 — 0.015],-0.0017729430487287458,0.015047274413596646,64.64915909768418,Baixa
Motivo_Nao_Inicio_NemNem,Motivo de Não Iniciar Trabalho (Nem-Nem),"V4078ATinha que cuidar dos afazeres domésticos, do(s) filho(s) ou de outro(s) parente(s)",Agregados nacionais,Teresina,Teresina,0.4957375317064482,0.05318017988272285,[0.392 — 0.600],0.3915043791363114,0.599970684276585,10.727487124015775,Boa (**)
Motivo_Nao_Inicio_NemNem,Motivo de Não Iniciar Trabalho (Nem-Nem),V4078AEstava estudando (em curso de qualquer tipo ou por conta própria),Agregados nacionais,Teresina,Teresina,0.23632931407970892,0.05038971236576484,[0.138 — 0.335],0.13756547784280984,0.335093150316608,21.321820596817474,Regular (*)
Motivo_Nao_Inicio_NemNem,Motivo de Não Iniciar Trabalho (Nem-Nem),V4078APor problema de saúde ou gravidez,Agregados nacionais,Teresina,Teresina,0.2057406094138129,0.03827284229090834,[0.131 — 0.281],0.13072583852363256,0.2807553803039932,18.602473473736488,Regular (*)
Motivo_Nao_Inicio_NemNem,Motivo de Não Iniciar Trabalho (Nem-Nem),V4078APor ser muito jovem ou muito idoso para trabalhar,Agregados nacionais,Teresina,Teresina,0,0,[0.000 — 0.000],0,0,NA,NA
Motivo_Nao_Inicio_NemNem,Motivo de Não Iniciar Trabalho (Nem-Nem),V4078APor não querer trabalhar,Agregados nacionais,Teresina,Teresina,0.04685746707730134,0.0363940075819738,[-0.024 — 0.118],-0.024474787783367306,0.11818972193796998,77.669600710457,Baixa
Motivo_Nao_Inicio_NemNem,Motivo de Não Iniciar Trabalho (Nem-Nem),"V4078AOutro motivo, especifique:",Agregados nacionais,Teresina,Teresina,0.0153350777227286,0.01080155617952347,[-0.006 — 0.037],-0.005835972389137399,0.0365061278345946,70.43691838297073,Baixa
Motivo_Nao_Inicio_NemNem,Motivo de Não Iniciar Trabalho (Nem-Nem),"V4078ATinha que cuidar dos afazeres domésticos, do(s) filho(s) ou de outro(s) parente(s)",Estrato administrativo,Admin_Capital,Capital,0.4957375317064482,0.05318017988272285,[0.392 — 0.600],0.3915043791363114,0.599970684276585,10.727487124015775,Boa (**)
Motivo_Nao_Inicio_NemNem,Motivo de Não Iniciar Trabalho (Nem-Nem),V4078AEstava estudando (em curso de qualquer tipo ou por conta própria),Estrato administrativo,Admin_Capital,Capital,0.23632931407970892,0.05038971236576484,[0.138 — 0.335],0.13756547784280984,0.335093150316608,21.321820596817474,Regular (*)
Motivo_Nao_Inicio_NemNem,Motivo de Não Iniciar Trabalho (Nem-Nem),V4078APor problema de saúde ou gravidez,Estrato administrativo,Admin_Capital,Capital,0.2057406094138129,0.03827284229090834,[0.131 — 0.281],0.13072583852363256,0.2807553803039932,18.602473473736488,Regular (*)
Motivo_Nao_Inicio_NemNem,Motivo de Não Iniciar Trabalho (Nem-Nem),V4078APor ser muito jovem ou muito idoso para trabalhar,Estrato administrativo,Admin_Capital,Capital,0,0,[0.000 — 0.000],0,0,NA,NA
Motivo_Nao_Inicio_NemNem,Motivo de Não Iniciar Trabalho (Nem-Nem),V4078APor não querer trabalhar,Estrato administrativo,Admin_Capital,Capital,0.04685746707730134,0.0363940075819738,[-0.024 — 0.118],-0.024474787783367306,0.11818972193796998,77.669600710457,Baixa
Motivo_Nao_Inicio_NemNem,Motivo de Não Iniciar Trabalho (Nem-Nem),"V4078AOutro motivo, especifique:",Estrato administrativo,Admin_Capital,Capital,0.0153350777227286,0.01080155617952347,[-0.006 — 0.037],-0.005835972389137399,0.0365061278345946,70.43691838297073,Baixa
Motivo_Nao_Inicio_NemNem,Motivo de Não Iniciar Trabalho (Nem-Nem),"V4078ATinha que cuidar dos afazeres domésticos, do(s) filho(s) ou de outro(s) parente(s)",Estrato administrativo,"Admin_Resto da RIDE (Região Integrada de Desenvolvimento Econômico, excluindo a capital)","Resto da RIDE (Região Integrada de Desenvolvimento Econômico, excluindo a capital)",0.6029963155943914,0.106575653979303,[0.394 — 0.812],0.3941080337949575,0.8118845973938252,17.674345799981918,Regular (*)
Motivo_Nao_Inicio_NemNem,Motivo de Não Iniciar Trabalho (Nem-Nem),V4078AEstava estudando (em curso de qualquer tipo ou por conta própria),Estrato administrativo,"Admin_Resto da RIDE (Região Integrada de Desenvolvimento Econômico, excluindo a capital)","Resto da RIDE (Região Integrada de Desenvolvimento Econômico, excluindo a capital)",0.05391220249450352,0.03893025069373741,[-0.022 — 0.130],-0.022391088865221793,0.13021549385422884,72.21046236741383,Baixa
Motivo_Nao_Inicio_NemNem,Motivo de Não Iniciar Trabalho (Nem-Nem),V4078APor problema de saúde ou gravidez,Estrato administrativo,"Admin_Resto da RIDE (Região Integrada de Desenvolvimento Econômico, excluindo a capital)","Resto da RIDE (Região Integrada de Desenvolvimento Econômico, excluindo a capital)",0.20064994860853577,0.07729650103621138,[0.049 — 0.352],0.04914880657756146,0.3521510906395101,38.52306047035945,Baixa
Motivo_Nao_Inicio_NemNem,Motivo de Não Iniciar Trabalho (Nem-Nem),V4078APor ser muito jovem ou muito idoso para trabalhar,Estrato administrativo,"Admin_Resto da RIDE (Região Integrada de Desenvolvimento Econômico, excluindo a capital)","Resto da RIDE (Região Integrada de Desenvolvimento Econômico, excluindo a capital)",0.02874800323878433,0.02745099958944915,[-0.025 — 0.083],-0.025055955956536004,0.08255196243410466,95.48836961453596,Baixa
Motivo_Nao_Inicio_NemNem,Motivo de Não Iniciar Trabalho (Nem-Nem),V4078APor não querer trabalhar,Estrato administrativo,"Admin_Resto da RIDE (Região Integrada de Desenvolvimento Econômico, excluindo a capital)","Resto da RIDE (Região Integrada de Desenvolvimento Econômico, excluindo a capital)",0.11369353006378494,0.0554259897880931,[0.005 — 0.222],0.00505859007912246,0.2223284700484474,48.75034644187556,Baixa
Motivo_Nao_Inicio_NemNem,Motivo de Não Iniciar Trabalho (Nem-Nem),"V4078AOutro motivo, especifique:",Estrato administrativo,"Admin_Resto da RIDE (Região Integrada de Desenvolvimento Econômico, excluindo a capital)","Resto da RIDE (Região Integrada de Desenvolvimento Econômico, excluindo a capital)",0,0,[0.000 — 0.000],0,0,NA,NA
Motivo_Nao_Inicio_NemNem,Motivo de Não Iniciar Trabalho (Nem-Nem),"V4078ATinha que cuidar dos afazeres domésticos, do(s) filho(s) ou de outro(s) parente(s)",Estrato administrativo,"Admin_Resto da UF  (Unidade da Federação, excluindo a região metropolitana e a RIDE)","Resto da UF  (Unidade da Federação, excluindo a região metropolitana e a RIDE)",0.5837466807886195,0.04370291270287856,[0.498 — 0.669],0.4980889718909775,0.6694043896862615,7.486622903591947,Boa (**)
Motivo_Nao_Inicio_NemNem,Motivo de Não Iniciar Trabalho (Nem-Nem),V4078AEstava estudando (em curso de qualquer tipo ou por conta própria),Estrato administrativo,"Admin_Resto da UF  (Unidade da Federação, excluindo a região metropolitana e a RIDE)","Resto da UF  (Unidade da Federação, excluindo a região metropolitana e a RIDE)",0.04241641721803861,0.01365304136244563,[0.016 — 0.069],0.015656456147645176,0.06917637828843205,32.18810606342146,Baixa
Motivo_Nao_Inicio_NemNem,Motivo de Não Iniciar Trabalho (Nem-Nem),V4078APor problema de saúde ou gravidez,Estrato administrativo,"Admin_Resto da UF  (Unidade da Federação, excluindo a região metropolitana e a RIDE)","Resto da UF  (Unidade da Federação, excluindo a região metropolitana e a RIDE)",0.28586258429825967,0.03374532294500862,[0.220 — 0.352],0.21972175132604277,0.35200341727047657,11.804735841120031,Boa (**)
Motivo_Nao_Inicio_NemNem,Motivo de Não Iniciar Trabalho (Nem-Nem),V4078APor ser muito jovem ou muito idoso para trabalhar,Estrato administrativo,"Admin_Resto da UF  (Unidade da Federação, excluindo a região metropolitana e a RIDE)","Resto da UF  (Unidade da Federação, excluindo a região metropolitana e a RIDE)",0.00202055587694544,0.00151789871331955,[-0.001 — 0.005],-9.545256011608779e-4,0.004995637355051758,75.12282786330175,Baixa
Motivo_Nao_Inicio_NemNem,Motivo de Não Iniciar Trabalho (Nem-Nem),V4078APor não querer trabalhar,Estrato administrativo,"Admin_Resto da UF  (Unidade da Federação, excluindo a região metropolitana e a RIDE)","Resto da UF  (Unidade da Federação, excluindo a região metropolitana e a RIDE)",0.08146668945566096,0.02024939506741016,[0.042 — 0.121],0.04177787512353705,0.12115550378778488,24.856042638667788,Regular (*)
Motivo_Nao_Inicio_NemNem,Motivo de Não Iniciar Trabalho (Nem-Nem),"V4078AOutro motivo, especifique:",Estrato administrativo,"Admin_Resto da UF  (Unidade da Federação, excluindo a região metropolitana e a RIDE)","Resto da UF  (Unidade da Federação, excluindo a região metropolitana e a RIDE)",0.00448707236247588,0.00482251319801952,[-0.005 — 0.014],-0.004965053505642378,0.013939198230594137,107.475717092259,Baixa
Motivo_Nao_Inicio_NemNem,Motivo de Não Iniciar Trabalho (Nem-Nem),"V4078ATinha que cuidar dos afazeres domésticos, do(s) filho(s) ou de outro(s) parente(s)",Estrato agregado,Agreg_Alto Parnaíba e Chapadas Sul do Piauí,Alto Parnaíba e Chapadas Sul do Piauí,0.697671702798471,0.07399544060659205,[0.553 — 0.843],0.5526406392095506,0.8427027663873914,10.606054439327938,Boa (**)
Motivo_Nao_Inicio_NemNem,Motivo de Não Iniciar Trabalho (Nem-Nem),V4078AEstava estudando (em curso de qualquer tipo ou por conta própria),Estrato agregado,Agreg_Alto Parnaíba e Chapadas Sul do Piauí,Alto Parnaíba e Chapadas Sul do Piauí,0.02470437571845799,0.02026076128309629,[-0.015 — 0.064],-0.015006716396410737,0.06441546783332672,82.01284466362114,Baixa
Motivo_Nao_Inicio_NemNem,Motivo de Não Iniciar Trabalho (Nem-Nem),V4078APor problema de saúde ou gravidez,Estrato agregado,Agreg_Alto Parnaíba e Chapadas Sul do Piauí,Alto Parnaíba e Chapadas Sul do Piauí,0.16403393315288628,0.05905829932068275,[0.048 — 0.280],0.04827966648434809,0.27978819982142444,36.003708614142674,Baixa
Motivo_Nao_Inicio_NemNem,Motivo de Não Iniciar Trabalho (Nem-Nem),V4078APor ser muito jovem ou muito idoso para trabalhar,Estrato agregado,Agreg_Alto Parnaíba e Chapadas Sul do Piauí,Alto Parnaíba e Chapadas Sul do Piauí,0.00837714011951295,0.00654470123982787,[-0.004 — 0.021],-0.004450474310549676,0.021204754549575575,78.12572245966422,Baixa
Motivo_Nao_Inicio_NemNem,Motivo de Não Iniciar Trabalho (Nem-Nem),V4078APor não querer trabalhar,Estrato agregado,Agreg_Alto Parnaíba e Chapadas Sul do Piauí,Alto Parnaíba e Chapadas Sul do Piauí,0.0866096339488227,0.05721181910575765,[-0.026 — 0.199],-0.02552553149846229,0.1987447993961077,66.05710761872507,Baixa
Motivo_Nao_Inicio_NemNem,Motivo de Não Iniciar Trabalho (Nem-Nem),"V4078AOutro motivo, especifique:",Estrato agregado,Agreg_Alto Parnaíba e Chapadas Sul do Piauí,Alto Parnaíba e Chapadas Sul do Piauí,0.01860321426184914,0.02103472259384166,[-0.023 — 0.060],-0.02262484202208051,0.05983127054577879,113.07036675365813,Baixa
Motivo_Nao_Inicio_NemNem,Motivo de Não Iniciar Trabalho (Nem-Nem),"V4078ATinha que cuidar dos afazeres domésticos, do(s) filho(s) ou de outro(s) parente(s)",Estrato agregado,Agreg_Baixo Parnaíba do Piauí,Baixo Parnaíba do Piauí,0.5699229981939982,0.06732457855198133,[0.438 — 0.702],0.43796682423211475,0.7018791721558816,11.812925389100453,Boa (**)
Motivo_Nao_Inicio_NemNem,Motivo de Não Iniciar Trabalho (Nem-Nem),V4078AEstava estudando (em curso de qualquer tipo ou por conta própria),Estrato agregado,Agreg_Baixo Parnaíba do Piauí,Baixo Parnaíba do Piauí,0.05605044836086094,0.02670627758026432,[0.004 — 0.108],0.003706144303542873,0.108394752418179,47.64685807386485,Baixa
Motivo_Nao_Inicio_NemNem,Motivo de Não Iniciar Trabalho (Nem-Nem),V4078APor problema de saúde ou gravidez,Estrato agregado,Agreg_Baixo Parnaíba do Piauí,Baixo Parnaíba do Piauí,0.30850833650273507,0.05864642203389374,[0.194 — 0.423],0.19356134931630334,0.42345532368916683,19.009671731633677,Regular (*)
Motivo_Nao_Inicio_NemNem,Motivo de Não Iniciar Trabalho (Nem-Nem),V4078APor ser muito jovem ou muito idoso para trabalhar,Estrato agregado,Agreg_Baixo Parnaíba do Piauí,Baixo Parnaíba do Piauí,0,0,[0.000 — 0.000],0,0,NA,NA
Motivo_Nao_Inicio_NemNem,Motivo de Não Iniciar Trabalho (Nem-Nem),V4078APor não querer trabalhar,Estrato agregado,Agreg_Baixo Parnaíba do Piauí,Baixo Parnaíba do Piauí,0.06551821694240571,0.02635796369657068,[0.014 — 0.117],0.01385660809712718,0.11717982578768424,40.229977137108065,Baixa
Motivo_Nao_Inicio_NemNem,Motivo de Não Iniciar Trabalho (Nem-Nem),"V4078AOutro motivo, especifique:",Estrato agregado,Agreg_Baixo Parnaíba do Piauí,Baixo Parnaíba do Piauí,0,0,[0.000 — 0.000],0,0,NA,NA
Motivo_Nao_Inicio_NemNem,Motivo de Não Iniciar Trabalho (Nem-Nem),"V4078ATinha que cuidar dos afazeres domésticos, do(s) filho(s) ou de outro(s) parente(s)",Estrato agregado,Agreg_Centro-Leste do Piauí,Centro-Leste do Piauí,0.516070764367536,0.07543744029824245,[0.368 — 0.664],0.36821338138298076,0.6639281473520912,14.617654303803446,Boa (**)
Motivo_Nao_Inicio_NemNem,Motivo de Não Iniciar Trabalho (Nem-Nem),V4078AEstava estudando (em curso de qualquer tipo ou por conta própria),Estrato agregado,Agreg_Centro-Leste do Piauí,Centro-Leste do Piauí,0.03679898234134745,0.02030139800637334,[-0.003 — 0.077],-0.002991757751144297,0.0765897224338392,55.16836802185866,Baixa
Motivo_Nao_Inicio_NemNem,Motivo de Não Iniciar Trabalho (Nem-Nem),V4078APor problema de saúde ou gravidez,Estrato agregado,Agreg_Centro-Leste do Piauí,Centro-Leste do Piauí,0.34718402855117975,0.06085390552313598,[0.228 — 0.466],0.22791037372583323,0.46645768337652627,17.52785281543136,Regular (*)
Motivo_Nao_Inicio_NemNem,Motivo de Não Iniciar Trabalho (Nem-Nem),V4078APor ser muito jovem ou muito idoso para trabalhar,Estrato agregado,Agreg_Centro-Leste do Piauí,Centro-Leste do Piauí,0,0,[0.000 — 0.000],0,0,NA,NA
Motivo_Nao_Inicio_NemNem,Motivo de Não Iniciar Trabalho (Nem-Nem),V4078APor não querer trabalhar,Estrato agregado,Agreg_Centro-Leste do Piauí,Centro-Leste do Piauí,0.09994622473993683,0.0402519819546354,[0.021 — 0.179],0.02105234010885146,0.1788401093710222,40.273639208856856,Baixa
Motivo_Nao_Inicio_NemNem,Motivo de Não Iniciar Trabalho (Nem-Nem),"V4078AOutro motivo, especifique:",Estrato agregado,Agreg_Centro-Leste do Piauí,Centro-Leste do Piauí,0,0,[0.000 — 0.000],0,0,NA,NA
Motivo_Nao_Inicio_NemNem,Motivo de Não Iniciar Trabalho (Nem-Nem),"V4078ATinha que cuidar dos afazeres domésticos, do(s) filho(s) ou de outro(s) parente(s)",Estrato agregado,Agreg_Entorno metropolitano de Teresina (PI),Entorno metropolitano de Teresina (PI),0.6029963155943914,0.106575653979303,[0.394 — 0.812],0.3941080337949575,0.8118845973938252,17.674345799981918,Regular (*)
Motivo_Nao_Inicio_NemNem,Motivo de Não Iniciar Trabalho (Nem-Nem),V4078AEstava estudando (em curso de qualquer tipo ou por conta própria),Estrato agregado,Agreg_Entorno metropolitano de Teresina (PI),Entorno metropolitano de Teresina (PI),0.05391220249450352,0.03893025069373741,[-0.022 — 0.130],-0.022391088865221793,0.13021549385422884,72.21046236741383,Baixa
Motivo_Nao_Inicio_NemNem,Motivo de Não Iniciar Trabalho (Nem-Nem),V4078APor problema de saúde ou gravidez,Estrato agregado,Agreg_Entorno metropolitano de Teresina (PI),Entorno metropolitano de Teresina (PI),0.20064994860853577,0.07729650103621138,[0.049 — 0.352],0.04914880657756146,0.3521510906395101,38.52306047035945,Baixa
Motivo_Nao_Inicio_NemNem,Motivo de Não Iniciar Trabalho (Nem-Nem),V4078APor ser muito jovem ou muito idoso para trabalhar,Estrato agregado,Agreg_Entorno metropolitano de Teresina (PI),Entorno metropolitano de Teresina (PI),0.02874800323878433,0.02745099958944915,[-0.025 — 0.083],-0.025055955956536004,0.08255196243410466,95.48836961453596,Baixa
Motivo_Nao_Inicio_NemNem,Motivo de Não Iniciar Trabalho (Nem-Nem),V4078APor não querer trabalhar,Estrato agregado,Agreg_Entorno metropolitano de Teresina (PI),Entorno metropolitano de Teresina (PI),0.11369353006378494,0.0554259897880931,[0.005 — 0.222],0.00505859007912246,0.2223284700484474,48.75034644187556,Baixa
Motivo_Nao_Inicio_NemNem,Motivo de Não Iniciar Trabalho (Nem-Nem),"V4078AOutro motivo, especifique:",Estrato agregado,Agreg_Entorno metropolitano de Teresina (PI),Entorno metropolitano de Teresina (PI),0,0,[0.000 — 0.000],0,0,NA,NA
Motivo_Nao_Inicio_NemNem,Motivo de Não Iniciar Trabalho (Nem-Nem),"V4078ATinha que cuidar dos afazeres domésticos, do(s) filho(s) ou de outro(s) parente(s)",Estrato agregado,Agreg_Teresina,Teresina,0.4957375317064482,0.05318017988272285,[0.392 — 0.600],0.3915043791363114,0.599970684276585,10.727487124015775,Boa (**)
Motivo_Nao_Inicio_NemNem,Motivo de Não Iniciar Trabalho (Nem-Nem),V4078AEstava estudando (em curso de qualquer tipo ou por conta própria),Estrato agregado,Agreg_Teresina,Teresina,0.23632931407970892,0.05038971236576484,[0.138 — 0.335],0.13756547784280984,0.335093150316608,21.321820596817474,Regular (*)
Motivo_Nao_Inicio_NemNem,Motivo de Não Iniciar Trabalho (Nem-Nem),V4078APor problema de saúde ou gravidez,Estrato agregado,Agreg_Teresina,Teresina,0.2057406094138129,0.03827284229090834,[0.131 — 0.281],0.13072583852363256,0.2807553803039932,18.602473473736488,Regular (*)
Motivo_Nao_Inicio_NemNem,Motivo de Não Iniciar Trabalho (Nem-Nem),V4078APor ser muito jovem ou muito idoso para trabalhar,Estrato agregado,Agreg_Teresina,Teresina,0,0,[0.000 — 0.000],0,0,NA,NA
Motivo_Nao_Inicio_NemNem,Motivo de Não Iniciar Trabalho (Nem-Nem),V4078APor não querer trabalhar,Estrato agregado,Agreg_Teresina,Teresina,0.04685746707730134,0.0363940075819738,[-0.024 — 0.118],-0.024474787783367306,0.11818972193796998,77.669600710457,Baixa
Motivo_Nao_Inicio_NemNem,Motivo de Não Iniciar Trabalho (Nem-Nem),"V4078AOutro motivo, especifique:",Estrato agregado,Agreg_Teresina,Teresina,0.0153350777227286,0.01080155617952347,[-0.006 — 0.037],-0.005835972389137399,0.0365061278345946,70.43691838297073,Baixa
Motivo_Nao_Inicio_NemNem,Motivo de Não Iniciar Trabalho (Nem-Nem),"V4078ATinha que cuidar dos afazeres domésticos, do(s) filho(s) ou de outro(s) parente(s)",Outro,Micro_2210011,Micro 2210011,0.5090246952971563,0.07535283174692782,[0.361 — 0.657],0.3613331450731778,0.6567162455211348,14.80337446161402,Boa (**)
Motivo_Nao_Inicio_NemNem,Motivo de Não Iniciar Trabalho (Nem-Nem),V4078AEstava estudando (em curso de qualquer tipo ou por conta própria),Outro,Micro_2210011,Micro 2210011,0.2640281087189374,0.07596952650520618,[0.115 — 0.413],0.11512783676873328,0.4129283806691415,28.77327223749388,Regular (*)
Motivo_Nao_Inicio_NemNem,Motivo de Não Iniciar Trabalho (Nem-Nem),V4078APor problema de saúde ou gravidez,Outro,Micro_2210011,Micro 2210011,0.2094322287661469,0.05237284983908526,[0.107 — 0.312],0.10678144308153979,0.312083014450754,25.007063214499357,Regular (*)
Motivo_Nao_Inicio_NemNem,Motivo de Não Iniciar Trabalho (Nem-Nem),V4078APor ser muito jovem ou muito idoso para trabalhar,Outro,Micro_2210011,Micro 2210011,0,0,[0.000 — 0.000],0,0,NA,NA
Motivo_Nao_Inicio_NemNem,Motivo de Não Iniciar Trabalho (Nem-Nem),V4078APor não querer trabalhar,Outro,Micro_2210011,Micro 2210011,0.01751496721775929,0.01732238316052826,[-0.016 — 0.051],-0.0164369037768761,0.05146683821239468,98.90046007602139,Baixa
Motivo_Nao_Inicio_NemNem,Motivo de Não Iniciar Trabalho (Nem-Nem),"V4078AOutro motivo, especifique:",Outro,Micro_2210011,Micro 2210011,0,0,[0.000 — 0.000],0,0,NA,NA
Motivo_Nao_Inicio_NemNem,Motivo de Não Iniciar Trabalho (Nem-Nem),"V4078ATinha que cuidar dos afazeres domésticos, do(s) filho(s) ou de outro(s) parente(s)",Outro,Micro_2210012,Micro 2210012,0.2928429365259024,0.18569577144980356,[-0.071 — 0.657],-0.07112077551571261,0.6568066485675174,63.411388252275124,Baixa
Motivo_Nao_Inicio_NemNem,Motivo de Não Iniciar Trabalho (Nem-Nem),V4078AEstava estudando (em curso de qualquer tipo ou por conta própria),Outro,Micro_2210012,Micro 2210012,0.3826614716157729,0.2085727245508074,[-0.026 — 0.791],-0.02614106850380954,0.7914640117353553,54.50580735764103,Baixa
Motivo_Nao_Inicio_NemNem,Motivo de Não Iniciar Trabalho (Nem-Nem),V4078APor problema de saúde ou gravidez,Outro,Micro_2210012,Micro 2210012,0.32449559185832477,0.18537879010609312,[-0.039 — 0.688],-0.03884683674961775,0.6878380204662673,57.12829226568654,Baixa
Motivo_Nao_Inicio_NemNem,Motivo de Não Iniciar Trabalho (Nem-Nem),V4078APor ser muito jovem ou muito idoso para trabalhar,Outro,Micro_2210012,Micro 2210012,0,0,[0.000 — 0.000],0,0,NA,NA
Motivo_Nao_Inicio_NemNem,Motivo de Não Iniciar Trabalho (Nem-Nem),V4078APor não querer trabalhar,Outro,Micro_2210012,Micro 2210012,0,0,[0.000 — 0.000],0,0,NA,NA
Motivo_Nao_Inicio_NemNem,Motivo de Não Iniciar Trabalho (Nem-Nem),"V4078AOutro motivo, especifique:",Outro,Micro_2210012,Micro 2210012,0,0,[0.000 — 0.000],0,0,NA,NA
Motivo_Nao_Inicio_NemNem,Motivo de Não Iniciar Trabalho (Nem-Nem),"V4078ATinha que cuidar dos afazeres domésticos, do(s) filho(s) ou de outro(s) parente(s)",Outro,Micro_2210013,Micro 2210013,0.26775618586633304,0.28638206236942726,[-0.294 — 0.829],-0.29355265637774436,0.8290650281104104,106.95628242642823,Baixa
Motivo_Nao_Inicio_NemNem,Motivo de Não Iniciar Trabalho (Nem-Nem),V4078AEstava estudando (em curso de qualquer tipo ou por conta própria),Outro,Micro_2210013,Micro 2210013,0.1261656398118582,0.15383063425293114,[-0.175 — 0.428],-0.17534240332388684,0.4276736829476032,121.92751884136423,Baixa
Motivo_Nao_Inicio_NemNem,Motivo de Não Iniciar Trabalho (Nem-Nem),V4078APor problema de saúde ou gravidez,Outro,Micro_2210013,Micro 2210013,0,0,[0.000 — 0.000],0,0,NA,NA
Motivo_Nao_Inicio_NemNem,Motivo de Não Iniciar Trabalho (Nem-Nem),V4078APor ser muito jovem ou muito idoso para trabalhar,Outro,Micro_2210013,Micro 2210013,0,0,[0.000 — 0.000],0,0,NA,NA
Motivo_Nao_Inicio_NemNem,Motivo de Não Iniciar Trabalho (Nem-Nem),V4078APor não querer trabalhar,Outro,Micro_2210013,Micro 2210013,0.6060781743218089,0.3849288370794448,[-0.148 — 1.361],-0.1483823463539029,1.3605386949975207,63.51141707258699,Baixa
Motivo_Nao_Inicio_NemNem,Motivo de Não Iniciar Trabalho (Nem-Nem),"V4078AOutro motivo, especifique:",Outro,Micro_2210013,Micro 2210013,0,0,[0.000 — 0.000],0,0,NA,NA
Motivo_Nao_Inicio_NemNem,Motivo de Não Iniciar Trabalho (Nem-Nem),"V4078ATinha que cuidar dos afazeres domésticos, do(s) filho(s) ou de outro(s) parente(s)",Outro,Micro_2210020,Micro 2210020,0.6464106920899634,0.1892702425119971,[0.275 — 1.017],0.2754410167664491,1.0173803674134776,29.28018438247857,Regular (*)
Motivo_Nao_Inicio_NemNem,Motivo de Não Iniciar Trabalho (Nem-Nem),V4078AEstava estudando (em curso de qualquer tipo ou por conta própria),Outro,Micro_2210020,Micro 2210020,0.15148098469990562,0.12307034863647272,[-0.090 — 0.393],-0.08973689862758091,0.3926988680273922,81.24475087106389,Baixa
Motivo_Nao_Inicio_NemNem,Motivo de Não Iniciar Trabalho (Nem-Nem),V4078APor problema de saúde ou gravidez,Outro,Micro_2210020,Micro 2210020,0.0955426141769886,0.0879421005778206,[-0.077 — 0.268],-0.07682390295553977,0.267909131309517,92.04489675665732,Baixa
Motivo_Nao_Inicio_NemNem,Motivo de Não Iniciar Trabalho (Nem-Nem),V4078APor ser muito jovem ou muito idoso para trabalhar,Outro,Micro_2210020,Micro 2210020,0,0,[0.000 — 0.000],0,0,NA,NA
Motivo_Nao_Inicio_NemNem,Motivo de Não Iniciar Trabalho (Nem-Nem),V4078APor não querer trabalhar,Outro,Micro_2210020,Micro 2210020,0,0,[0.000 — 0.000],0,0,NA,NA
Motivo_Nao_Inicio_NemNem,Motivo de Não Iniciar Trabalho (Nem-Nem),"V4078AOutro motivo, especifique:",Outro,Micro_2210020,Micro 2210020,0.10656570903314234,0.0974630271566639,[-0.084 — 0.298],-0.08446182419391889,0.29759324226020356,91.45815107029647,Baixa
Motivo_Nao_Inicio_NemNem,Motivo de Não Iniciar Trabalho (Nem-Nem),"V4078ATinha que cuidar dos afazeres domésticos, do(s) filho(s) ou de outro(s) parente(s)",Outro,Micro_2210030,Micro 2210030,0.5912240794285103,0.09351777871425254,[0.408 — 0.775],0.4079292331485753,0.7745189257084453,15.817653909605442,Regular (*)
Motivo_Nao_Inicio_NemNem,Motivo de Não Iniciar Trabalho (Nem-Nem),V4078AEstava estudando (em curso de qualquer tipo ou por conta própria),Outro,Micro_2210030,Micro 2210030,0.157622018765089,0.06265940140483375,[0.035 — 0.280],0.034809592011614834,0.28043444551856317,39.75294942657587,Baixa
Motivo_Nao_Inicio_NemNem,Motivo de Não Iniciar Trabalho (Nem-Nem),V4078APor problema de saúde ou gravidez,Outro,Micro_2210030,Micro 2210030,0.21133734455684017,0.05851229932623854,[0.097 — 0.326],0.09665323787741263,0.3260214512362677,27.68668237453953,Regular (*)
Motivo_Nao_Inicio_NemNem,Motivo de Não Iniciar Trabalho (Nem-Nem),V4078APor ser muito jovem ou muito idoso para trabalhar,Outro,Micro_2210030,Micro 2210030,0,0,[0.000 — 0.000],0,0,NA,NA
Motivo_Nao_Inicio_NemNem,Motivo de Não Iniciar Trabalho (Nem-Nem),V4078APor não querer trabalhar,Outro,Micro_2210030,Micro 2210030,0,0,[0.000 — 0.000],0,0,NA,NA
Motivo_Nao_Inicio_NemNem,Motivo de Não Iniciar Trabalho (Nem-Nem),"V4078AOutro motivo, especifique:",Outro,Micro_2210030,Micro 2210030,0.03981655724956054,0.03592978270772506,[-0.031 — 0.110],-0.03060581685758057,0.11023893135670165,90.23829579871982,Baixa
Motivo_Nao_Inicio_NemNem,Motivo de Não Iniciar Trabalho (Nem-Nem),"V4078ATinha que cuidar dos afazeres domésticos, do(s) filho(s) ou de outro(s) parente(s)",Outro,Micro_2220010,Micro 2220010,0.4411877115233304,0.18286684354529395,[0.083 — 0.800],0.08276869817455429,0.7996067248721066,41.44876177849387,Baixa
Motivo_Nao_Inicio_NemNem,Motivo de Não Iniciar Trabalho (Nem-Nem),V4078AEstava estudando (em curso de qualquer tipo ou por conta própria),Outro,Micro_2220010,Micro 2220010,0.1012006388718168,0.07990063773336101,[-0.055 — 0.258],-0.055404611085570765,0.25780588882920435,78.95270091581646,Baixa
Motivo_Nao_Inicio_NemNem,Motivo de Não Iniciar Trabalho (Nem-Nem),V4078APor problema de saúde ou gravidez,Outro,Micro_2220010,Micro 2220010,0.28535333365861665,0.1270122379396194,[0.036 — 0.534],0.0364093472969626,0.5342973200202707,44.510514845279815,Baixa
Motivo_Nao_Inicio_NemNem,Motivo de Não Iniciar Trabalho (Nem-Nem),V4078APor ser muito jovem ou muito idoso para trabalhar,Outro,Micro_2220010,Micro 2220010,0,0,[0.000 — 0.000],0,0,NA,NA
Motivo_Nao_Inicio_NemNem,Motivo de Não Iniciar Trabalho (Nem-Nem),V4078APor não querer trabalhar,Outro,Micro_2220010,Micro 2220010,0.17225831594623622,0.09202906707633056,[-0.008 — 0.353],-0.008118655523371682,0.35263528741584416,53.425035865933964,Baixa
Motivo_Nao_Inicio_NemNem,Motivo de Não Iniciar Trabalho (Nem-Nem),"V4078AOutro motivo, especifique:",Outro,Micro_2220010,Micro 2220010,0,0,[0.000 — 0.000],0,0,NA,NA
Motivo_Nao_Inicio_NemNem,Motivo de Não Iniciar Trabalho (Nem-Nem),"V4078ATinha que cuidar dos afazeres domésticos, do(s) filho(s) ou de outro(s) parente(s)",Outro,Micro_2220020,Micro 2220020,0.787469706899355,0.08417080422736348,[0.622 — 0.952],0.6224949306137226,0.9524444831849874,10.688767261763529,Boa (**)
Motivo_Nao_Inicio_NemNem,Motivo de Não Iniciar Trabalho (Nem-Nem),V4078AEstava estudando (em curso de qualquer tipo ou por conta própria),Outro,Micro_2220020,Micro 2220020,0,0,[0.000 — 0.000],0,0,NA,NA
Motivo_Nao_Inicio_NemNem,Motivo de Não Iniciar Trabalho (Nem-Nem),V4078APor problema de saúde ou gravidez,Outro,Micro_2220020,Micro 2220020,0.10408202637161725,0.08625817536945764,[-0.065 — 0.273],-0.06498399735251971,0.2731480500957542,82.8751883264447,Baixa
Motivo_Nao_Inicio_NemNem,Motivo de Não Iniciar Trabalho (Nem-Nem),V4078APor ser muito jovem ou muito idoso para trabalhar,Outro,Micro_2220020,Micro 2220020,0.06152278478486092,0.04846506023879365,[-0.033 — 0.157],-0.03346873328317462,0.15651430285289647,78.77579080379921,Baixa
Motivo_Nao_Inicio_NemNem,Motivo de Não Iniciar Trabalho (Nem-Nem),V4078APor não querer trabalhar,Outro,Micro_2220020,Micro 2220020,0.04692548194416681,0.04591257576737612,[-0.043 — 0.137],-0.04306316655989038,0.136914130448224,97.84145812717304,Baixa
Motivo_Nao_Inicio_NemNem,Motivo de Não Iniciar Trabalho (Nem-Nem),"V4078AOutro motivo, especifique:",Outro,Micro_2220020,Micro 2220020,0,0,[0.000 — 0.000],0,0,NA,NA
Motivo_Nao_Inicio_NemNem,Motivo de Não Iniciar Trabalho (Nem-Nem),"V4078ATinha que cuidar dos afazeres domésticos, do(s) filho(s) ou de outro(s) parente(s)",Outro,Micro_2251011,Micro 2251011,0.4311880255243293,0.24188482436474315,[-0.043 — 0.905],-0.04290623023056728,0.9052822812792258,56.0972963176815,Baixa
Motivo_Nao_Inicio_NemNem,Motivo de Não Iniciar Trabalho (Nem-Nem),V4078AEstava estudando (em curso de qualquer tipo ou por conta própria),Outro,Micro_2251011,Micro 2251011,0.05159089373723552,0.06416199293559055,[-0.074 — 0.177],-0.07416661241652195,0.177348399890993,124.3668955656837,Baixa
Motivo_Nao_Inicio_NemNem,Motivo de Não Iniciar Trabalho (Nem-Nem),V4078APor problema de saúde ou gravidez,Outro,Micro_2251011,Micro 2251011,0.11089857162728324,0.15050914570878726,[-0.184 — 0.406],-0.18409935396193983,0.4058964972165063,135.71783973433887,Baixa
Motivo_Nao_Inicio_NemNem,Motivo de Não Iniciar Trabalho (Nem-Nem),V4078APor ser muito jovem ou muito idoso para trabalhar,Outro,Micro_2251011,Micro 2251011,0,0,[0.000 — 0.000],0,0,NA,NA
Motivo_Nao_Inicio_NemNem,Motivo de Não Iniciar Trabalho (Nem-Nem),V4078APor não querer trabalhar,Outro,Micro_2251011,Micro 2251011,0.406322509111152,0.2672809916238054,[-0.118 — 0.930],-0.11754823447150664,0.9301932526938106,65.78050332690013,Baixa
Motivo_Nao_Inicio_NemNem,Motivo de Não Iniciar Trabalho (Nem-Nem),"V4078AOutro motivo, especifique:",Outro,Micro_2251011,Micro 2251011,0,0,[0.000 — 0.000],0,0,NA,NA
Motivo_Nao_Inicio_NemNem,Motivo de Não Iniciar Trabalho (Nem-Nem),"V4078ATinha que cuidar dos afazeres domésticos, do(s) filho(s) ou de outro(s) parente(s)",Outro,Micro_2251012,Micro 2251012,0.5968087765271439,0.25169246667986156,[0.103 — 1.090],0.10349154183461529,1.0901260112196725,42.17305049440977,Baixa
Motivo_Nao_Inicio_NemNem,Motivo de Não Iniciar Trabalho (Nem-Nem),V4078AEstava estudando (em curso de qualquer tipo ou por conta própria),Outro,Micro_2251012,Micro 2251012,0,0,[0.000 — 0.000],0,0,NA,NA
Motivo_Nao_Inicio_NemNem,Motivo de Não Iniciar Trabalho (Nem-Nem),V4078APor problema de saúde ou gravidez,Outro,Micro_2251012,Micro 2251012,0.4031912234728562,0.25169246667986156,[-0.090 — 0.897],-0.09012601121967245,0.8965084581653848,62.42508567322675,Baixa
Motivo_Nao_Inicio_NemNem,Motivo de Não Iniciar Trabalho (Nem-Nem),V4078APor ser muito jovem ou muito idoso para trabalhar,Outro,Micro_2251012,Micro 2251012,0,0,[0.000 — 0.000],0,0,NA,NA
Motivo_Nao_Inicio_NemNem,Motivo de Não Iniciar Trabalho (Nem-Nem),V4078APor não querer trabalhar,Outro,Micro_2251012,Micro 2251012,0,0,[0.000 — 0.000],0,0,NA,NA
Motivo_Nao_Inicio_NemNem,Motivo de Não Iniciar Trabalho (Nem-Nem),"V4078AOutro motivo, especifique:",Outro,Micro_2251012,Micro 2251012,0,0,[0.000 — 0.000],0,0,NA,NA
Motivo_Nao_Inicio_NemNem,Motivo de Não Iniciar Trabalho (Nem-Nem),"V4078ATinha que cuidar dos afazeres domésticos, do(s) filho(s) ou de outro(s) parente(s)",Outro,Micro_2251013,Micro 2251013,0.4695517876817267,0.1692438409057856,[0.138 — 0.801],0.13783385950638694,0.8012697158570664,36.04370068344902,Baixa
Motivo_Nao_Inicio_NemNem,Motivo de Não Iniciar Trabalho (Nem-Nem),V4078AEstava estudando (em curso de qualquer tipo ou por conta própria),Outro,Micro_2251013,Micro 2251013,0.09634244856964969,0.14760203840286526,[-0.193 — 0.386],-0.19295754669996623,0.3856424438392656,153.20561247325784,Baixa
Motivo_Nao_Inicio_NemNem,Motivo de Não Iniciar Trabalho (Nem-Nem),V4078APor problema de saúde ou gravidez,Outro,Micro_2251013,Micro 2251013,0.28850539250290846,0.1250835085382005,[0.043 — 0.534],0.0433417157680355,0.5336690692377815,43.355691709276975,Baixa
Motivo_Nao_Inicio_NemNem,Motivo de Não Iniciar Trabalho (Nem-Nem),V4078APor ser muito jovem ou muito idoso para trabalhar,Outro,Micro_2251013,Micro 2251013,0,0,[0.000 — 0.000],0,0,NA,NA
Motivo_Nao_Inicio_NemNem,Motivo de Não Iniciar Trabalho (Nem-Nem),V4078APor não querer trabalhar,Outro,Micro_2251013,Micro 2251013,0.14560037124571518,0.17298612009952194,[-0.193 — 0.485],-0.19345242414934782,0.4846531666407782,118.80884548542159,Baixa
Motivo_Nao_Inicio_NemNem,Motivo de Não Iniciar Trabalho (Nem-Nem),"V4078AOutro motivo, especifique:",Outro,Micro_2251013,Micro 2251013,0,0,[0.000 — 0.000],0,0,NA,NA
Motivo_Nao_Inicio_NemNem,Motivo de Não Iniciar Trabalho (Nem-Nem),"V4078ATinha que cuidar dos afazeres domésticos, do(s) filho(s) ou de outro(s) parente(s)",Outro,Micro_2251020,Micro 2251020,0.5402761963399851,0.1052614426904028,[0.334 — 0.747],0.33396376866679567,0.7465886240131746,19.482894749663163,Regular (*)
Motivo_Nao_Inicio_NemNem,Motivo de Não Iniciar Trabalho (Nem-Nem),V4078AEstava estudando (em curso de qualquer tipo ou por conta própria),Outro,Micro_2251020,Micro 2251020,0,0,[0.000 — 0.000],0,0,NA,NA
Motivo_Nao_Inicio_NemNem,Motivo de Não Iniciar Trabalho (Nem-Nem),V4078APor problema de saúde ou gravidez,Outro,Micro_2251020,Micro 2251020,0.4268452215637874,0.10334007402762148,[0.224 — 0.629],0.22429867646964932,0.6293917666579255,24.21019817183977,Regular (*)
Motivo_Nao_Inicio_NemNem,Motivo de Não Iniciar Trabalho (Nem-Nem),V4078APor ser muito jovem ou muito idoso para trabalhar,Outro,Micro_2251020,Micro 2251020,0,0,[0.000 — 0.000],0,0,NA,NA
Motivo_Nao_Inicio_NemNem,Motivo de Não Iniciar Trabalho (Nem-Nem),V4078APor não querer trabalhar,Outro,Micro_2251020,Micro 2251020,0.03287858209622738,0.04161245672831463,[-0.049 — 0.114],-0.04868183309126929,0.11443899728372404,126.56402458757312,Baixa
Motivo_Nao_Inicio_NemNem,Motivo de Não Iniciar Trabalho (Nem-Nem),"V4078AOutro motivo, especifique:",Outro,Micro_2251020,Micro 2251020,0,0,[0.000 — 0.000],0,0,NA,NA
Motivo_Nao_Inicio_NemNem,Motivo de Não Iniciar Trabalho (Nem-Nem),"V4078ATinha que cuidar dos afazeres domésticos, do(s) filho(s) ou de outro(s) parente(s)",Outro,Micro_2251021,Micro 2251021,0.3815427016550854,0.27766811155016896,[-0.163 — 0.926],-0.16268679698324573,0.9257722002934166,72.775107568741,Baixa
Motivo_Nao_Inicio_NemNem,Motivo de Não Iniciar Trabalho (Nem-Nem),V4078AEstava estudando (em curso de qualquer tipo ou por conta própria),Outro,Micro_2251021,Micro 2251021,0.10995630493496944,0.07999614844561075,[-0.047 — 0.267],-0.046836146018427616,0.2667487558883665,72.75267070216867,Baixa
Motivo_Nao_Inicio_NemNem,Motivo de Não Iniciar Trabalho (Nem-Nem),V4078APor problema de saúde ou gravidez,Outro,Micro_2251021,Micro 2251021,0.38725961682863885,0.13182591580881425,[0.129 — 0.646],0.1288808218433629,0.6456384118139148,34.040708114202054,Baixa
Motivo_Nao_Inicio_NemNem,Motivo de Não Iniciar Trabalho (Nem-Nem),V4078APor ser muito jovem ou muito idoso para trabalhar,Outro,Micro_2251021,Micro 2251021,0,0,[0.000 — 0.000],0,0,NA,NA
Motivo_Nao_Inicio_NemNem,Motivo de Não Iniciar Trabalho (Nem-Nem),V4078APor não querer trabalhar,Outro,Micro_2251021,Micro 2251021,0.12124137658130632,0.08822361327249502,[-0.052 — 0.294],-0.051676905432783915,0.29415965859539656,72.76691815960281,Baixa
Motivo_Nao_Inicio_NemNem,Motivo de Não Iniciar Trabalho (Nem-Nem),"V4078AOutro motivo, especifique:",Outro,Micro_2251021,Micro 2251021,0,0,[0.000 — 0.000],0,0,NA,NA
Motivo_Nao_Inicio_NemNem,Motivo de Não Iniciar Trabalho (Nem-Nem),"V4078ATinha que cuidar dos afazeres domésticos, do(s) filho(s) ou de outro(s) parente(s)",Outro,Micro_2251022,Micro 2251022,1,0,[1.000 — 1.000],1,1,0,Excelente (***)
Motivo_Nao_Inicio_NemNem,Motivo de Não Iniciar Trabalho (Nem-Nem),V4078AEstava estudando (em curso de qualquer tipo ou por conta própria),Outro,Micro_2251022,Micro 2251022,0,0,[0.000 — 0.000],0,0,NA,NA
Motivo_Nao_Inicio_NemNem,Motivo de Não Iniciar Trabalho (Nem-Nem),V4078APor problema de saúde ou gravidez,Outro,Micro_2251022,Micro 2251022,0,0,[0.000 — 0.000],0,0,NA,NA
Motivo_Nao_Inicio_NemNem,Motivo de Não Iniciar Trabalho (Nem-Nem),V4078APor ser muito jovem ou muito idoso para trabalhar,Outro,Micro_2251022,Micro 2251022,0,0,[0.000 — 0.000],0,0,NA,NA
Motivo_Nao_Inicio_NemNem,Motivo de Não Iniciar Trabalho (Nem-Nem),V4078APor não querer trabalhar,Outro,Micro_2251022,Micro 2251022,0,0,[0.000 — 0.000],0,0,NA,NA
Motivo_Nao_Inicio_NemNem,Motivo de Não Iniciar Trabalho (Nem-Nem),"V4078AOutro motivo, especifique:",Outro,Micro_2251022,Micro 2251022,0,0,[0.000 — 0.000],0,0,NA,NA
Motivo_Nao_Inicio_NemNem,Motivo de Não Iniciar Trabalho (Nem-Nem),"V4078ATinha que cuidar dos afazeres domésticos, do(s) filho(s) ou de outro(s) parente(s)",Outro,Micro_2252011,Micro 2252011,0.5045299408104715,0.12420425299918277,[0.261 — 0.748],0.26108960493207334,0.7479702766888697,24.61781610020257,Regular (*)
Motivo_Nao_Inicio_NemNem,Motivo de Não Iniciar Trabalho (Nem-Nem),V4078AEstava estudando (em curso de qualquer tipo ou por conta própria),Outro,Micro_2252011,Micro 2252011,0.03154097373001773,0.0381864740414395,[-0.043 — 0.106],-0.043304515391203696,0.10638646285123915,121.06942026681065,Baixa
Motivo_Nao_Inicio_NemNem,Motivo de Não Iniciar Trabalho (Nem-Nem),V4078APor problema de saúde ou gravidez,Outro,Micro_2252011,Micro 2252011,0.4639290854595107,0.12453664130280324,[0.220 — 0.708],0.21983726850601637,0.7080209024130051,26.84389601903331,Regular (*)
Motivo_Nao_Inicio_NemNem,Motivo de Não Iniciar Trabalho (Nem-Nem),V4078APor ser muito jovem ou muito idoso para trabalhar,Outro,Micro_2252011,Micro 2252011,0,0,[0.000 — 0.000],0,0,NA,NA
Motivo_Nao_Inicio_NemNem,Motivo de Não Iniciar Trabalho (Nem-Nem),V4078APor não querer trabalhar,Outro,Micro_2252011,Micro 2252011,0,0,[0.000 — 0.000],0,0,NA,NA
Motivo_Nao_Inicio_NemNem,Motivo de Não Iniciar Trabalho (Nem-Nem),"V4078AOutro motivo, especifique:",Outro,Micro_2252011,Micro 2252011,0,0,[0.000 — 0.000],0,0,NA,NA
Motivo_Nao_Inicio_NemNem,Motivo de Não Iniciar Trabalho (Nem-Nem),"V4078ATinha que cuidar dos afazeres domésticos, do(s) filho(s) ou de outro(s) parente(s)",Outro,Micro_2252012,Micro 2252012,0.4836963115904138,0.1590100323752835,[0.172 — 0.795],0.1720366481348582,0.7953559750459694,32.87393940475829,Baixa
Motivo_Nao_Inicio_NemNem,Motivo de Não Iniciar Trabalho (Nem-Nem),V4078AEstava estudando (em curso de qualquer tipo ou por conta própria),Outro,Micro_2252012,Micro 2252012,0.30902292335450915,0.12618610960953652,[0.062 — 0.556],0.06169814851981756,0.5563476981892007,40.833899388355924,Baixa
Motivo_Nao_Inicio_NemNem,Motivo de Não Iniciar Trabalho (Nem-Nem),V4078APor problema de saúde ou gravidez,Outro,Micro_2252012,Micro 2252012,0.13329036020805551,0.10880399090626083,[-0.080 — 0.347],-0.07996546196821572,0.3465461823843268,81.62930217641139,Baixa
Motivo_Nao_Inicio_NemNem,Motivo de Não Iniciar Trabalho (Nem-Nem),V4078APor ser muito jovem ou muito idoso para trabalhar,Outro,Micro_2252012,Micro 2252012,0,0,[0.000 — 0.000],0,0,NA,NA
Motivo_Nao_Inicio_NemNem,Motivo de Não Iniciar Trabalho (Nem-Nem),V4078APor não querer trabalhar,Outro,Micro_2252012,Micro 2252012,0.07399040484702148,0.07777925273131855,[-0.078 — 0.226],-0.07845693050636289,0.22643774020040586,105.12072868384851,Baixa
Motivo_Nao_Inicio_NemNem,Motivo de Não Iniciar Trabalho (Nem-Nem),"V4078AOutro motivo, especifique:",Outro,Micro_2252012,Micro 2252012,0,0,[0.000 — 0.000],0,0,NA,NA
Motivo_Nao_Inicio_NemNem,Motivo de Não Iniciar Trabalho (Nem-Nem),"V4078ATinha que cuidar dos afazeres domésticos, do(s) filho(s) ou de outro(s) parente(s)",Outro,Micro_2252013,Micro 2252013,0.32332970289996826,0.1861450646594884,[-0.042 — 0.688],-0.041514623832628994,0.6881740296325656,57.57128497318354,Baixa
Motivo_Nao_Inicio_NemNem,Motivo de Não Iniciar Trabalho (Nem-Nem),V4078AEstava estudando (em curso de qualquer tipo ou por conta própria),Outro,Micro_2252013,Micro 2252013,0,0,[0.000 — 0.000],0,0,NA,NA
Motivo_Nao_Inicio_NemNem,Motivo de Não Iniciar Trabalho (Nem-Nem),V4078APor problema de saúde ou gravidez,Outro,Micro_2252013,Micro 2252013,0.34767545246743753,0.20324171320138087,[-0.051 — 0.746],-0.050678305407268975,0.746029210342144,58.45730889511563,Baixa
Motivo_Nao_Inicio_NemNem,Motivo de Não Iniciar Trabalho (Nem-Nem),V4078APor ser muito jovem ou muito idoso para trabalhar,Outro,Micro_2252013,Micro 2252013,0,0,[0.000 — 0.000],0,0,NA,NA
Motivo_Nao_Inicio_NemNem,Motivo de Não Iniciar Trabalho (Nem-Nem),V4078APor não querer trabalhar,Outro,Micro_2252013,Micro 2252013,0.3289948446325942,0.13346069655455203,[0.067 — 0.591],0.06741187938567222,0.5905778098795162,40.56619692736966,Baixa
Motivo_Nao_Inicio_NemNem,Motivo de Não Iniciar Trabalho (Nem-Nem),"V4078AOutro motivo, especifique:",Outro,Micro_2252013,Micro 2252013,0,0,[0.000 — 0.000],0,0,NA,NA
Motivo_Nao_Inicio_NemNem,Motivo de Não Iniciar Trabalho (Nem-Nem),"V4078ATinha que cuidar dos afazeres domésticos, do(s) filho(s) ou de outro(s) parente(s)",Outro,Micro_2252020,Micro 2252020,0.6663202803420971,0.1142734174583687,[0.442 — 0.890],0.4423443821236944,0.8902961785604998,17.149923367137994,Regular (*)
Motivo_Nao_Inicio_NemNem,Motivo de Não Iniciar Trabalho (Nem-Nem),V4078AEstava estudando (em curso de qualquer tipo ou por conta própria),Outro,Micro_2252020,Micro 2252020,0,0,[0.000 — 0.000],0,0,NA,NA
Motivo_Nao_Inicio_NemNem,Motivo de Não Iniciar Trabalho (Nem-Nem),V4078APor problema de saúde ou gravidez,Outro,Micro_2252020,Micro 2252020,0.2137143916995692,0.07701034250698591,[0.063 — 0.365],0.06277412038587685,0.36465466301326155,36.03423330294192,Baixa
Motivo_Nao_Inicio_NemNem,Motivo de Não Iniciar Trabalho (Nem-Nem),V4078APor ser muito jovem ou muito idoso para trabalhar,Outro,Micro_2252020,Micro 2252020,0,0,[0.000 — 0.000],0,0,NA,NA
Motivo_Nao_Inicio_NemNem,Motivo de Não Iniciar Trabalho (Nem-Nem),V4078APor não querer trabalhar,Outro,Micro_2252020,Micro 2252020,0.11996532795833371,0.05692074960270201,[0.008 — 0.232],0.00840065873703777,0.23152999717962966,47.44766723137847,Baixa
Motivo_Nao_Inicio_NemNem,Motivo de Não Iniciar Trabalho (Nem-Nem),"V4078AOutro motivo, especifique:",Outro,Micro_2252020,Micro 2252020,0,0,[0.000 — 0.000],0,0,NA,NA
Motivo_Nao_Inicio_NemNem,Motivo de Não Iniciar Trabalho (Nem-Nem),"V4078ATinha que cuidar dos afazeres domésticos, do(s) filho(s) ou de outro(s) parente(s)",Outro,Micro_2252021,Micro 2252021,1,0,[1.000 — 1.000],1,1,0,Excelente (***)
Motivo_Nao_Inicio_NemNem,Motivo de Não Iniciar Trabalho (Nem-Nem),V4078AEstava estudando (em curso de qualquer tipo ou por conta própria),Outro,Micro_2252021,Micro 2252021,0,0,[0.000 — 0.000],0,0,NA,NA
Motivo_Nao_Inicio_NemNem,Motivo de Não Iniciar Trabalho (Nem-Nem),V4078APor problema de saúde ou gravidez,Outro,Micro_2252021,Micro 2252021,0,0,[0.000 — 0.000],0,0,NA,NA
Motivo_Nao_Inicio_NemNem,Motivo de Não Iniciar Trabalho (Nem-Nem),V4078APor ser muito jovem ou muito idoso para trabalhar,Outro,Micro_2252021,Micro 2252021,0,0,[0.000 — 0.000],0,0,NA,NA
Motivo_Nao_Inicio_NemNem,Motivo de Não Iniciar Trabalho (Nem-Nem),V4078APor não querer trabalhar,Outro,Micro_2252021,Micro 2252021,0,0,[0.000 — 0.000],0,0,NA,NA
Motivo_Nao_Inicio_NemNem,Motivo de Não Iniciar Trabalho (Nem-Nem),"V4078AOutro motivo, especifique:",Outro,Micro_2252021,Micro 2252021,0,0,[0.000 — 0.000],0,0,NA,NA
Motivo_Nao_Inicio_NemNem,Motivo de Não Iniciar Trabalho (Nem-Nem),"V4078ATinha que cuidar dos afazeres domésticos, do(s) filho(s) ou de outro(s) parente(s)",Outro,Micro_2252022,Micro 2252022,0.541210673613503,0.2851295087769535,[-0.018 — 1.100],-0.017643163589325828,1.1000645108163316,52.683644776114335,Baixa
Motivo_Nao_Inicio_NemNem,Motivo de Não Iniciar Trabalho (Nem-Nem),V4078AEstava estudando (em curso de qualquer tipo ou por conta própria),Outro,Micro_2252022,Micro 2252022,0,0,[0.000 — 0.000],0,0,NA,NA
Motivo_Nao_Inicio_NemNem,Motivo de Não Iniciar Trabalho (Nem-Nem),V4078APor problema de saúde ou gravidez,Outro,Micro_2252022,Micro 2252022,0.45878932638649705,0.2851295087769535,[-0.100 — 1.018],-0.10006451081633172,1.0176431635893257,62.14824373153623,Baixa
Motivo_Nao_Inicio_NemNem,Motivo de Não Iniciar Trabalho (Nem-Nem),V4078APor ser muito jovem ou muito idoso para trabalhar,Outro,Micro_2252022,Micro 2252022,0,0,[0.000 — 0.000],0,0,NA,NA
Motivo_Nao_Inicio_NemNem,Motivo de Não Iniciar Trabalho (Nem-Nem),V4078APor não querer trabalhar,Outro,Micro_2252022,Micro 2252022,0,0,[0.000 — 0.000],0,0,NA,NA
Motivo_Nao_Inicio_NemNem,Motivo de Não Iniciar Trabalho (Nem-Nem),"V4078AOutro motivo, especifique:",Outro,Micro_2252022,Micro 2252022,0,0,[0.000 — 0.000],0,0,NA,NA
Motivo_Nao_Inicio_NemNem,Motivo de Não Iniciar Trabalho (Nem-Nem),"V4078ATinha que cuidar dos afazeres domésticos, do(s) filho(s) ou de outro(s) parente(s)",Outro,Micro_2253010,Micro 2253010,0.5083158372543299,0.3879158946649625,[-0.252 — 1.269],-0.2519993162889965,1.2686309907976563,76.31395015356827,Baixa
Motivo_Nao_Inicio_NemNem,Motivo de Não Iniciar Trabalho (Nem-Nem),V4078AEstava estudando (em curso de qualquer tipo ou por conta própria),Outro,Micro_2253010,Micro 2253010,0,0,[0.000 — 0.000],0,0,NA,NA
Motivo_Nao_Inicio_NemNem,Motivo de Não Iniciar Trabalho (Nem-Nem),V4078APor problema de saúde ou gravidez,Outro,Micro_2253010,Micro 2253010,0,0,[0.000 — 0.000],0,0,NA,NA
Motivo_Nao_Inicio_NemNem,Motivo de Não Iniciar Trabalho (Nem-Nem),V4078APor ser muito jovem ou muito idoso para trabalhar,Outro,Micro_2253010,Micro 2253010,0,0,[0.000 — 0.000],0,0,NA,NA
Motivo_Nao_Inicio_NemNem,Motivo de Não Iniciar Trabalho (Nem-Nem),V4078APor não querer trabalhar,Outro,Micro_2253010,Micro 2253010,0.4916841627456701,0.3879158946649625,[-0.269 — 1.252],-0.26863099079765634,1.2519993162889966,78.89534055739293,Baixa
Motivo_Nao_Inicio_NemNem,Motivo de Não Iniciar Trabalho (Nem-Nem),"V4078AOutro motivo, especifique:",Outro,Micro_2253010,Micro 2253010,0,0,[0.000 — 0.000],0,0,NA,NA
Motivo_Nao_Inicio_NemNem,Motivo de Não Iniciar Trabalho (Nem-Nem),"V4078ATinha que cuidar dos afazeres domésticos, do(s) filho(s) ou de outro(s) parente(s)",Outro,Micro_2253011,Micro 2253011,0.8912132640501915,0.07662665897518044,[0.741 — 1.041],0.7410250124588379,1.0414015156415453,8.59801599304574,Boa (**)
Motivo_Nao_Inicio_NemNem,Motivo de Não Iniciar Trabalho (Nem-Nem),V4078AEstava estudando (em curso de qualquer tipo ou por conta própria),Outro,Micro_2253011,Micro 2253011,0,0,[0.000 — 0.000],0,0,NA,NA
Motivo_Nao_Inicio_NemNem,Motivo de Não Iniciar Trabalho (Nem-Nem),V4078APor problema de saúde ou gravidez,Outro,Micro_2253011,Micro 2253011,0.10878673594980852,0.07662665897518042,[-0.041 — 0.259],-0.04140151564154511,0.25897498754116216,70.43750169187358,Baixa
Motivo_Nao_Inicio_NemNem,Motivo de Não Iniciar Trabalho (Nem-Nem),V4078APor ser muito jovem ou muito idoso para trabalhar,Outro,Micro_2253011,Micro 2253011,0,0,[0.000 — 0.000],0,0,NA,NA
Motivo_Nao_Inicio_NemNem,Motivo de Não Iniciar Trabalho (Nem-Nem),V4078APor não querer trabalhar,Outro,Micro_2253011,Micro 2253011,0,0,[0.000 — 0.000],0,0,NA,NA
Motivo_Nao_Inicio_NemNem,Motivo de Não Iniciar Trabalho (Nem-Nem),"V4078AOutro motivo, especifique:",Outro,Micro_2253011,Micro 2253011,0,0,[0.000 — 0.000],0,0,NA,NA
Motivo_Nao_Inicio_NemNem,Motivo de Não Iniciar Trabalho (Nem-Nem),"V4078ATinha que cuidar dos afazeres domésticos, do(s) filho(s) ou de outro(s) parente(s)",Outro,Micro_2253012,Micro 2253012,0.4051952266274356,0.21747695825963528,[-0.021 — 0.831],-0.02105961156144953,0.8314500648163208,53.6721422090193,Baixa
Motivo_Nao_Inicio_NemNem,Motivo de Não Iniciar Trabalho (Nem-Nem),V4078AEstava estudando (em curso de qualquer tipo ou por conta própria),Outro,Micro_2253012,Micro 2253012,0.07971876118181068,0.09258230555706291,[-0.102 — 0.261],-0.10174255771003263,0.261180080073654,116.13615689023939,Baixa
Motivo_Nao_Inicio_NemNem,Motivo de Não Iniciar Trabalho (Nem-Nem),V4078APor problema de saúde ou gravidez,Outro,Micro_2253012,Micro 2253012,0.4096174913254802,0.17367615716137694,[0.069 — 0.750],0.06921222328918142,0.750022759361779,42.39959494878471,Baixa
Motivo_Nao_Inicio_NemNem,Motivo de Não Iniciar Trabalho (Nem-Nem),V4078APor ser muito jovem ou muito idoso para trabalhar,Outro,Micro_2253012,Micro 2253012,0.05814902967906143,0.06050587160772688,[-0.060 — 0.177],-0.06044247867208325,0.17674053803020612,104.05310620258572,Baixa
Motivo_Nao_Inicio_NemNem,Motivo de Não Iniciar Trabalho (Nem-Nem),V4078APor não querer trabalhar,Outro,Micro_2253012,Micro 2253012,0.04731949118621213,0.05424950529525926,[-0.059 — 0.154],-0.05900953919249601,0.15364852156492026,114.64515770420284,Baixa
Motivo_Nao_Inicio_NemNem,Motivo de Não Iniciar Trabalho (Nem-Nem),"V4078AOutro motivo, especifique:",Outro,Micro_2253012,Micro 2253012,0,0,[0.000 — 0.000],0,0,NA,NA
Motivo_Nao_Inicio_NemNem,Motivo de Não Iniciar Trabalho (Nem-Nem),"V4078ATinha que cuidar dos afazeres domésticos, do(s) filho(s) ou de outro(s) parente(s)",Outro,Micro_2253020,Micro 2253020,0.6441187633408069,0.18419548190649143,[0.283 — 1.005],0.2830956188040837,1.00514190787753,28.596509275888394,Regular (*)
Motivo_Nao_Inicio_NemNem,Motivo de Não Iniciar Trabalho (Nem-Nem),V4078AEstava estudando (em curso de qualquer tipo ou por conta própria),Outro,Micro_2253020,Micro 2253020,0.05275424855044472,0.07313772294502606,[-0.091 — 0.196],-0.09059568842180635,0.1961041855226958,138.63854562365765,Baixa
Motivo_Nao_Inicio_NemNem,Motivo de Não Iniciar Trabalho (Nem-Nem),V4078APor problema de saúde ou gravidez,Outro,Micro_2253020,Micro 2253020,0.14630701256811934,0.1173209692518851,[-0.084 — 0.376],-0.08364208716557545,0.3762561123018141,80.18820642466568,Baixa
Motivo_Nao_Inicio_NemNem,Motivo de Não Iniciar Trabalho (Nem-Nem),V4078APor ser muito jovem ou muito idoso para trabalhar,Outro,Micro_2253020,Micro 2253020,0,0,[0.000 — 0.000],0,0,NA,NA
Motivo_Nao_Inicio_NemNem,Motivo de Não Iniciar Trabalho (Nem-Nem),V4078APor não querer trabalhar,Outro,Micro_2253020,Micro 2253020,0.1017162640868476,0.08949991893223122,[-0.074 — 0.277],-0.07370357702032558,0.27713610519402077,87.98978190529512,Baixa
Motivo_Nao_Inicio_NemNem,Motivo de Não Iniciar Trabalho (Nem-Nem),"V4078AOutro motivo, especifique:",Outro,Micro_2253020,Micro 2253020,0.05510371145378139,0.08540198823219326,[-0.112 — 0.222],-0.1122841854813174,0.22249160838888016,154.98409449937824,Baixa
Motivo_Nao_Inicio_NemNem,Motivo de Não Iniciar Trabalho (Nem-Nem),"V4078ATinha que cuidar dos afazeres domésticos, do(s) filho(s) ou de outro(s) parente(s)",Outro,Micro_2253021,Micro 2253021,0.6844656321458833,0.2512491195859655,[0.192 — 1.177],0.19201735775739087,1.1769139065343757,36.707338949695526,Baixa
Motivo_Nao_Inicio_NemNem,Motivo de Não Iniciar Trabalho (Nem-Nem),V4078AEstava estudando (em curso de qualquer tipo ou por conta própria),Outro,Micro_2253021,Micro 2253021,0,0,[0.000 — 0.000],0,0,NA,NA
Motivo_Nao_Inicio_NemNem,Motivo de Não Iniciar Trabalho (Nem-Nem),V4078APor problema de saúde ou gravidez,Outro,Micro_2253021,Micro 2253021,0.31553436785411665,0.2512491195859655,[-0.177 — 0.808],-0.17691390653437578,0.8079826422426091,79.62654632351408,Baixa
Motivo_Nao_Inicio_NemNem,Motivo de Não Iniciar Trabalho (Nem-Nem),V4078APor ser muito jovem ou muito idoso para trabalhar,Outro,Micro_2253021,Micro 2253021,0,0,[0.000 — 0.000],0,0,NA,NA
Motivo_Nao_Inicio_NemNem,Motivo de Não Iniciar Trabalho (Nem-Nem),V4078APor não querer trabalhar,Outro,Micro_2253021,Micro 2253021,0,0,[0.000 — 0.000],0,0,NA,NA
Motivo_Nao_Inicio_NemNem,Motivo de Não Iniciar Trabalho (Nem-Nem),"V4078AOutro motivo, especifique:",Outro,Micro_2253021,Micro 2253021,0,0,[0.000 — 0.000],0,0,NA,NA
Motivo_Nao_Inicio_NemNem,Motivo de Não Iniciar Trabalho (Nem-Nem),"V4078ATinha que cuidar dos afazeres domésticos, do(s) filho(s) ou de outro(s) parente(s)",Outro,Micro_2253022,Micro 2253022,1,0,[1.000 — 1.000],1,1,0,Excelente (***)
Motivo_Nao_Inicio_NemNem,Motivo de Não Iniciar Trabalho (Nem-Nem),V4078AEstava estudando (em curso de qualquer tipo ou por conta própria),Outro,Micro_2253022,Micro 2253022,0,0,[0.000 — 0.000],0,0,NA,NA
Motivo_Nao_Inicio_NemNem,Motivo de Não Iniciar Trabalho (Nem-Nem),V4078APor problema de saúde ou gravidez,Outro,Micro_2253022,Micro 2253022,0,0,[0.000 — 0.000],0,0,NA,NA
Motivo_Nao_Inicio_NemNem,Motivo de Não Iniciar Trabalho (Nem-Nem),V4078APor ser muito jovem ou muito idoso para trabalhar,Outro,Micro_2253022,Micro 2253022,0,0,[0.000 — 0.000],0,0,NA,NA
Motivo_Nao_Inicio_NemNem,Motivo de Não Iniciar Trabalho (Nem-Nem),V4078APor não querer trabalhar,Outro,Micro_2253022,Micro 2253022,0,0,[0.000 — 0.000],0,0,NA,NA
Motivo_Nao_Inicio_NemNem,Motivo de Não Iniciar Trabalho (Nem-Nem),"V4078AOutro motivo, especifique:",Outro,Micro_2253022,Micro 2253022,0,0,[0.000 — 0.000],0,0,NA,NA
Motivo_Nao_Inicio_NemNem,Motivo de Não Iniciar Trabalho (Nem-Nem),"V4078ATinha que cuidar dos afazeres domésticos, do(s) filho(s) ou de outro(s) parente(s)",Outro,Micro_2254020,Micro 2254020,0.6637832232960581,0.14980580549189113,[0.370 — 0.957],0.3701638445319515,0.9574026020601647,22.56848323885331,Regular (*)
Motivo_Nao_Inicio_NemNem,Motivo de Não Iniciar Trabalho (Nem-Nem),V4078AEstava estudando (em curso de qualquer tipo ou por conta própria),Outro,Micro_2254020,Micro 2254020,0,0,[0.000 — 0.000],0,0,NA,NA
Motivo_Nao_Inicio_NemNem,Motivo de Não Iniciar Trabalho (Nem-Nem),V4078APor problema de saúde ou gravidez,Outro,Micro_2254020,Micro 2254020,0.22794212654832505,0.15636627247319398,[-0.079 — 0.534],-0.07853576749913518,0.5344200205957853,68.59911102919514,Baixa
Motivo_Nao_Inicio_NemNem,Motivo de Não Iniciar Trabalho (Nem-Nem),V4078APor ser muito jovem ou muito idoso para trabalhar,Outro,Micro_2254020,Micro 2254020,0.10827465015561692,0.17383730393827665,[-0.232 — 0.449],-0.2324464655634053,0.4489957658746392,160.55217328195502,Baixa
Motivo_Nao_Inicio_NemNem,Motivo de Não Iniciar Trabalho (Nem-Nem),V4078APor não querer trabalhar,Outro,Micro_2254020,Micro 2254020,0,0,[0.000 — 0.000],0,0,NA,NA
Motivo_Nao_Inicio_NemNem,Motivo de Não Iniciar Trabalho (Nem-Nem),"V4078AOutro motivo, especifique:",Outro,Micro_2254020,Micro 2254020,0,0,[0.000 — 0.000],0,0,NA,NA
Motivo_Nao_Inicio_NemNem,Motivo de Não Iniciar Trabalho (Nem-Nem),"V4078ATinha que cuidar dos afazeres domésticos, do(s) filho(s) ou de outro(s) parente(s)",Zona,Zona_Rural,Zona Rural,0.6346926585710491,0.05773687765691292,[0.522 — 0.748],0.5215283783634997,0.7478569387785984,9.096824561812653,Boa (**)
Motivo_Nao_Inicio_NemNem,Motivo de Não Iniciar Trabalho (Nem-Nem),V4078AEstava estudando (em curso de qualquer tipo ou por conta própria),Zona,Zona_Rural,Zona Rural,0.02036289661229844,0.01031884799651178,[0.000 — 0.041],1.379545391353501e-4,0.04058783868546153,50.67475513419626,Baixa
Motivo_Nao_Inicio_NemNem,Motivo de Não Iniciar Trabalho (Nem-Nem),V4078APor problema de saúde ou gravidez,Zona,Zona_Rural,Zona Rural,0.2582502716995789,0.04473744479002881,[0.171 — 0.346],0.17056487991112246,0.3459356634880354,17.323290502505888,Regular (*)
Motivo_Nao_Inicio_NemNem,Motivo de Não Iniciar Trabalho (Nem-Nem),V4078APor ser muito jovem ou muito idoso para trabalhar,Zona,Zona_Rural,Zona Rural,0.00617577213488899,0.00506506321464912,[-0.004 — 0.016],-0.003751751765823286,0.016103296035601268,82.01505988271319,Baixa
Motivo_Nao_Inicio_NemNem,Motivo de Não Iniciar Trabalho (Nem-Nem),V4078APor não querer trabalhar,Zona,Zona_Rural,Zona Rural,0.06948320314200253,0.02269949688342697,[0.025 — 0.114],0.024992189250485665,0.1139742170335194,32.669042095016984,Baixa
Motivo_Nao_Inicio_NemNem,Motivo de Não Iniciar Trabalho (Nem-Nem),"V4078AOutro motivo, especifique:",Zona,Zona_Rural,Zona Rural,0.01103519784018201,0.00964849165405589,[-0.008 — 0.030],-0.007875845801767534,0.029946241482131555,87.433789532284,Baixa
Motivo_Nao_Inicio_NemNem,Motivo de Não Iniciar Trabalho (Nem-Nem),"V4078ATinha que cuidar dos afazeres domésticos, do(s) filho(s) ou de outro(s) parente(s)",Zona,Zona_Urbana,Zona Urbana,0.5217380717762049,0.04069691668532936,[0.442 — 0.602],0.44197211507295936,0.6015040284794504,7.800258192157761,Boa (**)
Motivo_Nao_Inicio_NemNem,Motivo de Não Iniciar Trabalho (Nem-Nem),V4078AEstava estudando (em curso de qualquer tipo ou por conta própria),Zona,Zona_Urbana,Zona Urbana,0.128065990734929,0.02500113159655221,[0.079 — 0.177],0.07906377280568666,0.17706820866417133,19.522069405842146,Regular (*)
Motivo_Nao_Inicio_NemNem,Motivo de Não Iniciar Trabalho (Nem-Nem),V4078APor problema de saúde ou gravidez,Zona,Zona_Urbana,Zona Urbana,0.2652650865786033,0.03321049822033285,[0.200 — 0.330],0.20017251006675094,0.33035766309045567,12.519739649375952,Boa (**)
Motivo_Nao_Inicio_NemNem,Motivo de Não Iniciar Trabalho (Nem-Nem),V4078APor ser muito jovem ou muito idoso para trabalhar,Zona,Zona_Urbana,Zona Urbana,0.00140669236100319,0.00140657574494003,[-0.001 — 0.004],-0.0013501960990792686,0.004163580821085648,99.99170990997087,Baixa
Motivo_Nao_Inicio_NemNem,Motivo de Não Iniciar Trabalho (Nem-Nem),V4078APor não querer trabalhar,Zona,Zona_Urbana,Zona Urbana,0.07964047838423478,0.02320546975279136,[0.034 — 0.125],0.03415775766876372,0.12512319909970585,29.137782976181864,Regular (*)
Motivo_Nao_Inicio_NemNem,Motivo de Não Iniciar Trabalho (Nem-Nem),"V4078AOutro motivo, especifique:",Zona,Zona_Urbana,Zona Urbana,0.00388368016502479,0.00378754594947045,[-0.004 — 0.011],-0.0035399098959372917,0.011307270225986871,97.52466188075695,Baixa
Motivo_Nao_Procura_NemNem,Motivo de Não Procurar Trabalho (Nem-Nem),"VD4030Tinha que cuidar dos afazeres domésticos, do(s) filho(s) ou de outro(s) parente(s)",Agregados nacionais,Brasil,Brasil,0.41733034615361314,0.00490297031430553,[0.408 — 0.427],0.40772052433757433,0.42694016796965195,1.174841551661527,Excelente (***)
Motivo_Nao_Procura_NemNem,Motivo de Não Procurar Trabalho (Nem-Nem),VD4030Estava estudando,Agregados nacionais,Brasil,Brasil,0.09789147629328428,0.00315760048441258,[0.092 — 0.104],0.09170257934383562,0.10408037324273293,3.225613305649169,Excelente (***)
Motivo_Nao_Procura_NemNem,Motivo de Não Procurar Trabalho (Nem-Nem),VD4030Por problema de saúde ou gravidez,Agregados nacionais,Brasil,Brasil,0.17615822911510512,0.00490962048971536,[0.167 — 0.186],0.16653537295526302,0.18578108527494722,2.787051456169738,Excelente (***)
Motivo_Nao_Procura_NemNem,Motivo de Não Procurar Trabalho (Nem-Nem),VD4030Por ser muito jovem ou muito idoso para trabalhar,Agregados nacionais,Brasil,Brasil,0.02406341593155419,0.0019197471070045,[0.020 — 0.028],0.02030071160182537,0.02782612026128301,7.977866120358867,Boa (**)
Motivo_Nao_Procura_NemNem,Motivo de Não Procurar Trabalho (Nem-Nem),VD4030Por não querer trabalhar,Agregados nacionais,Brasil,Brasil,0.11166456471616612,0.00374840474505,[0.104 — 0.119],0.10431769141586812,0.11901143801646412,3.3568435560357566,Excelente (***)
Motivo_Nao_Procura_NemNem,Motivo de Não Procurar Trabalho (Nem-Nem),VD4030Por outro motivo,Agregados nacionais,Brasil,Brasil,0.1728919677902771,0.00410264162711055,[0.165 — 0.181],0.16485079020114043,0.18093314537941377,2.3729509702192595,Excelente (***)
Motivo_Nao_Procura_NemNem,Motivo de Não Procurar Trabalho (Nem-Nem),"VD4030Tinha que cuidar dos afazeres domésticos, do(s) filho(s) ou de outro(s) parente(s)",Agregados nacionais,Nordeste,Nordeste,0.418405556451631,0.00764176688634866,[0.403 — 0.433],0.40342769335438766,0.4333834195488744,1.826401865012534,Excelente (***)
Motivo_Nao_Procura_NemNem,Motivo de Não Procurar Trabalho (Nem-Nem),VD4030Estava estudando,Agregados nacionais,Nordeste,Nordeste,0.08017640655738734,0.00413763470191291,[0.072 — 0.088],0.07206664254163803,0.08828617057313665,5.160663690946716,Boa (**)
Motivo_Nao_Procura_NemNem,Motivo de Não Procurar Trabalho (Nem-Nem),VD4030Por problema de saúde ou gravidez,Agregados nacionais,Nordeste,Nordeste,0.15476318344579493,0.00513455195187462,[0.145 — 0.165],0.14469946162012068,0.16482690527146918,3.317683080403275,Excelente (***)
Motivo_Nao_Procura_NemNem,Motivo de Não Procurar Trabalho (Nem-Nem),VD4030Por ser muito jovem ou muito idoso para trabalhar,Agregados nacionais,Nordeste,Nordeste,0.02126652011315706,0.0024665052608541,[0.016 — 0.026],0.016432169801883025,0.026100870424431096,11.598067044961132,Boa (**)
Motivo_Nao_Procura_NemNem,Motivo de Não Procurar Trabalho (Nem-Nem),VD4030Por não querer trabalhar,Agregados nacionais,Nordeste,Nordeste,0.09121919440784976,0.00536992419401861,[0.081 — 0.102],0.08069414298757328,0.10174424582812623,5.886835801256,Boa (**)
Motivo_Nao_Procura_NemNem,Motivo de Não Procurar Trabalho (Nem-Nem),VD4030Por outro motivo,Agregados nacionais,Nordeste,Nordeste,0.23416913902417985,0.00684826408007217,[0.221 — 0.248],0.2207465414272384,0.2475917366211213,2.9244947086580146,Excelente (***)
Motivo_Nao_Procura_NemNem,Motivo de Não Procurar Trabalho (Nem-Nem),"VD4030Tinha que cuidar dos afazeres domésticos, do(s) filho(s) ou de outro(s) parente(s)",Agregados nacionais,Piauí,Piauí,0.4324515854525866,0.02876593690448677,[0.376 — 0.489],0.37607034911979254,0.4888328217853807,6.65182829064703,Boa (**)
Motivo_Nao_Procura_NemNem,Motivo de Não Procurar Trabalho (Nem-Nem),VD4030Estava estudando,Agregados nacionais,Piauí,Piauí,0.06893416455829457,0.01099680313431751,[0.047 — 0.090],0.047380430415032246,0.0904878987015569,15.952616826186382,Regular (*)
Motivo_Nao_Procura_NemNem,Motivo de Não Procurar Trabalho (Nem-Nem),VD4030Por problema de saúde ou gravidez,Agregados nacionais,Piauí,Piauí,0.18475334034335525,0.01943818539946079,[0.147 — 0.223],0.1466544969604121,0.2228521837262984,10.521155051018754,Boa (**)
Motivo_Nao_Procura_NemNem,Motivo de Não Procurar Trabalho (Nem-Nem),VD4030Por ser muito jovem ou muito idoso para trabalhar,Agregados nacionais,Piauí,Piauí,0.0022299123319293,0.00146962412290683,[-0.001 — 0.005],-6.505509489680866e-4,0.005110375612826687,65.90501796253687,Baixa
Motivo_Nao_Procura_NemNem,Motivo de Não Procurar Trabalho (Nem-Nem),VD4030Por não querer trabalhar,Agregados nacionais,Piauí,Piauí,0.04958279549832618,0.01208262081052262,[0.026 — 0.073],0.025900858709701845,0.07326473228695052,24.368575206556287,Regular (*)
Motivo_Nao_Procura_NemNem,Motivo de Não Procurar Trabalho (Nem-Nem),VD4030Por outro motivo,Agregados nacionais,Piauí,Piauí,0.26204820181550803,0.02590523175998966,[0.211 — 0.313],0.2112739475659283,0.31282245606508774,9.885674307442084,Boa (**)
Motivo_Nao_Procura_NemNem,Motivo de Não Procurar Trabalho (Nem-Nem),"VD4030Tinha que cuidar dos afazeres domésticos, do(s) filho(s) ou de outro(s) parente(s)",Agregados nacionais,Teresina,Teresina,0.4782052752734633,0.05289295307905639,[0.375 — 0.582],0.37453508723851275,0.5818754633084138,11.060721370923686,Boa (**)
Motivo_Nao_Procura_NemNem,Motivo de Não Procurar Trabalho (Nem-Nem),VD4030Estava estudando,Agregados nacionais,Teresina,Teresina,0.22797129018183224,0.04818704363415321,[0.134 — 0.322],0.13352468465889195,0.32241789570477253,21.137329878564415,Regular (*)
Motivo_Nao_Procura_NemNem,Motivo de Não Procurar Trabalho (Nem-Nem),VD4030Por problema de saúde ou gravidez,Agregados nacionais,Teresina,Teresina,0.1984643858232668,0.03691694018426993,[0.126 — 0.271],0.12610718306209776,0.27082158858443584,18.601292131649547,Regular (*)
Motivo_Nao_Procura_NemNem,Motivo de Não Procurar Trabalho (Nem-Nem),VD4030Por ser muito jovem ou muito idoso para trabalhar,Agregados nacionais,Teresina,Teresina,0,0,[0.000 — 0.000],0,0,NA,NA
Motivo_Nao_Procura_NemNem,Motivo de Não Procurar Trabalho (Nem-Nem),VD4030Por não querer trabalhar,Agregados nacionais,Teresina,Teresina,0.04520030562379684,0.0352278380955377,[-0.024 — 0.114],-0.02384625704345706,0.11424686829105074,77.93716792257953,Baixa
Motivo_Nao_Procura_NemNem,Motivo de Não Procurar Trabalho (Nem-Nem),VD4030Por outro motivo,Agregados nacionais,Teresina,Teresina,0.05015874309764089,0.02161371727072546,[0.008 — 0.093],0.007795857247018985,0.0925216289482628,43.09062774689427,Baixa
Motivo_Nao_Procura_NemNem,Motivo de Não Procurar Trabalho (Nem-Nem),"VD4030Tinha que cuidar dos afazeres domésticos, do(s) filho(s) ou de outro(s) parente(s)",Estrato administrativo,Admin_Capital,Capital,0.4782052752734633,0.05289295307905639,[0.375 — 0.582],0.37453508723851275,0.5818754633084138,11.060721370923686,Boa (**)
Motivo_Nao_Procura_NemNem,Motivo de Não Procurar Trabalho (Nem-Nem),VD4030Estava estudando,Estrato administrativo,Admin_Capital,Capital,0.22797129018183224,0.04818704363415321,[0.134 — 0.322],0.13352468465889195,0.32241789570477253,21.137329878564415,Regular (*)
Motivo_Nao_Procura_NemNem,Motivo de Não Procurar Trabalho (Nem-Nem),VD4030Por problema de saúde ou gravidez,Estrato administrativo,Admin_Capital,Capital,0.1984643858232668,0.03691694018426993,[0.126 — 0.271],0.12610718306209776,0.27082158858443584,18.601292131649547,Regular (*)
Motivo_Nao_Procura_NemNem,Motivo de Não Procurar Trabalho (Nem-Nem),VD4030Por ser muito jovem ou muito idoso para trabalhar,Estrato administrativo,Admin_Capital,Capital,0,0,[0.000 — 0.000],0,0,NA,NA
Motivo_Nao_Procura_NemNem,Motivo de Não Procurar Trabalho (Nem-Nem),VD4030Por não querer trabalhar,Estrato administrativo,Admin_Capital,Capital,0.04520030562379684,0.0352278380955377,[-0.024 — 0.114],-0.02384625704345706,0.11424686829105074,77.93716792257953,Baixa
Motivo_Nao_Procura_NemNem,Motivo de Não Procurar Trabalho (Nem-Nem),VD4030Por outro motivo,Estrato administrativo,Admin_Capital,Capital,0.05015874309764089,0.02161371727072546,[0.008 — 0.093],0.007795857247018985,0.0925216289482628,43.09062774689427,Baixa
Motivo_Nao_Procura_NemNem,Motivo de Não Procurar Trabalho (Nem-Nem),"VD4030Tinha que cuidar dos afazeres domésticos, do(s) filho(s) ou de outro(s) parente(s)",Estrato administrativo,"Admin_Resto da RIDE (Região Integrada de Desenvolvimento Econômico, excluindo a capital)","Resto da RIDE (Região Integrada de Desenvolvimento Econômico, excluindo a capital)",0.45367163149338874,0.07327542287387909,[0.310 — 0.597],0.31005180266058574,0.5972914603261917,16.15164312405258,Regular (*)
Motivo_Nao_Procura_NemNem,Motivo de Não Procurar Trabalho (Nem-Nem),VD4030Estava estudando,Estrato administrativo,"Admin_Resto da RIDE (Região Integrada de Desenvolvimento Econômico, excluindo a capital)","Resto da RIDE (Região Integrada de Desenvolvimento Econômico, excluindo a capital)",0.06851217912406556,0.04713926505118897,[-0.024 — 0.161],-0.02388078037626483,0.16090513862439593,68.80421211800407,Baixa
Motivo_Nao_Procura_NemNem,Motivo de Não Procurar Trabalho (Nem-Nem),VD4030Por problema de saúde ou gravidez,Estrato administrativo,"Admin_Resto da RIDE (Região Integrada de Desenvolvimento Econômico, excluindo a capital)","Resto da RIDE (Região Integrada de Desenvolvimento Econômico, excluindo a capital)",0.13869848560717538,0.06484110852506896,[0.012 — 0.266],0.011609912898040226,0.26578705831631055,46.749687454204256,Baixa
Motivo_Nao_Procura_NemNem,Motivo de Não Procurar Trabalho (Nem-Nem),VD4030Por ser muito jovem ou muito idoso para trabalhar,Estrato administrativo,"Admin_Resto da RIDE (Região Integrada de Desenvolvimento Econômico, excluindo a capital)","Resto da RIDE (Região Integrada de Desenvolvimento Econômico, excluindo a capital)",0.01987194385595739,0.02089937767036803,[-0.021 — 0.061],-0.021090836377963947,0.06083472408987873,105.17027333540207,Baixa
Motivo_Nao_Procura_NemNem,Motivo de Não Procurar Trabalho (Nem-Nem),VD4030Por não querer trabalhar,Estrato administrativo,"Admin_Resto da RIDE (Região Integrada de Desenvolvimento Econômico, excluindo a capital)","Resto da RIDE (Região Integrada de Desenvolvimento Econômico, excluindo a capital)",0.07859020424643162,0.04257044034621706,[-0.005 — 0.162],-0.004847858832153815,0.16202826732501707,54.16761637713897,Baixa
Motivo_Nao_Procura_NemNem,Motivo de Não Procurar Trabalho (Nem-Nem),VD4030Por outro motivo,Estrato administrativo,"Admin_Resto da RIDE (Região Integrada de Desenvolvimento Econômico, excluindo a capital)","Resto da RIDE (Região Integrada de Desenvolvimento Econômico, excluindo a capital)",0.2406555556729812,0.09800378460647996,[0.049 — 0.433],0.04856813784428046,0.4327429735016819,40.72367427064682,Baixa
Motivo_Nao_Procura_NemNem,Motivo de Não Procurar Trabalho (Nem-Nem),"VD4030Tinha que cuidar dos afazeres domésticos, do(s) filho(s) ou de outro(s) parente(s)",Estrato administrativo,"Admin_Resto da UF  (Unidade da Federação, excluindo a região metropolitana e a RIDE)","Resto da UF  (Unidade da Federação, excluindo a região metropolitana e a RIDE)",0.4213535522176977,0.03440326583609799,[0.354 — 0.489],0.3539231511789457,0.48878395325644974,8.16494026335468,Boa (**)
Motivo_Nao_Procura_NemNem,Motivo de Não Procurar Trabalho (Nem-Nem),VD4030Estava estudando,Estrato administrativo,"Admin_Resto da UF  (Unidade da Federação, excluindo a região metropolitana e a RIDE)","Resto da UF  (Unidade da Federação, excluindo a região metropolitana e a RIDE)",0.03630388135279108,0.00993624335926674,[0.017 — 0.056],0.016828844368628266,0.05577891833695389,27.369644757013926,Regular (*)
Motivo_Nao_Procura_NemNem,Motivo de Não Procurar Trabalho (Nem-Nem),VD4030Por problema de saúde ou gravidez,Estrato administrativo,"Admin_Resto da UF  (Unidade da Federação, excluindo a região metropolitana e a RIDE)","Resto da UF  (Unidade da Federação, excluindo a região metropolitana e a RIDE)",0.1856286758820807,0.02331721262896636,[0.140 — 0.231],0.13992693912930665,0.23133041263485477,12.561212602614507,Boa (**)
Motivo_Nao_Procura_NemNem,Motivo de Não Procurar Trabalho (Nem-Nem),VD4030Por ser muito jovem ou muito idoso para trabalhar,Estrato administrativo,"Admin_Resto da UF  (Unidade da Federação, excluindo a região metropolitana e a RIDE)","Resto da UF  (Unidade da Federação, excluindo a região metropolitana e a RIDE)",0.00127385757546947,9.292869626405842e-4,[-0.001 — 0.003],-5.475448713060749e-4,0.0030952600222450147,72.95061712830046,Baixa
Motivo_Nao_Procura_NemNem,Motivo de Não Procurar Trabalho (Nem-Nem),VD4030Por não querer trabalhar,Estrato administrativo,"Admin_Resto da UF  (Unidade da Federação, excluindo a região metropolitana e a RIDE)","Resto da UF  (Unidade da Federação, excluindo a região metropolitana e a RIDE)",0.048157890597272,0.01271499642754021,[0.023 — 0.073],0.023236497599293186,0.07307928359525082,26.402727091747824,Regular (*)
Motivo_Nao_Procura_NemNem,Motivo de Não Procurar Trabalho (Nem-Nem),VD4030Por outro motivo,Estrato administrativo,"Admin_Resto da UF  (Unidade da Federação, excluindo a região metropolitana e a RIDE)","Resto da UF  (Unidade da Federação, excluindo a região metropolitana e a RIDE)",0.30728214237468904,0.03162287780678032,[0.245 — 0.369],0.2453013018733996,0.3692629828759785,10.291153778868312,Boa (**)
Motivo_Nao_Procura_NemNem,Motivo de Não Procurar Trabalho (Nem-Nem),"VD4030Tinha que cuidar dos afazeres domésticos, do(s) filho(s) ou de outro(s) parente(s)",Estrato agregado,Agreg_Alto Parnaíba e Chapadas Sul do Piauí,Alto Parnaíba e Chapadas Sul do Piauí,0.4337824380108338,0.08118124110998899,[0.275 — 0.593],0.2746672054352554,0.5928976705864122,18.714736696639033,Regular (*)
Motivo_Nao_Procura_NemNem,Motivo de Não Procurar Trabalho (Nem-Nem),VD4030Estava estudando,Estrato agregado,Agreg_Alto Parnaíba e Chapadas Sul do Piauí,Alto Parnaíba e Chapadas Sul do Piauí,0.03530107729860949,0.02149288634308539,[-0.007 — 0.077],-0.00682497993383787,0.07742713453105685,60.8845054820239,Baixa
Motivo_Nao_Procura_NemNem,Motivo de Não Procurar Trabalho (Nem-Nem),VD4030Por problema de saúde ou gravidez,Estrato agregado,Agreg_Alto Parnaíba e Chapadas Sul do Piauí,Alto Parnaíba e Chapadas Sul do Piauí,0.10619411918815774,0.03911086347095952,[0.030 — 0.183],0.02953682678507709,0.1828514115912384,36.82959449163262,Baixa
Motivo_Nao_Procura_NemNem,Motivo de Não Procurar Trabalho (Nem-Nem),VD4030Por ser muito jovem ou muito idoso para trabalhar,Estrato agregado,Agreg_Alto Parnaíba e Chapadas Sul do Piauí,Alto Parnaíba e Chapadas Sul do Piauí,0.00483529664708442,0.0036195527274224,[-0.002 — 0.012],-0.0022590266986634838,0.011929619992832324,74.85689072675432,Baixa
Motivo_Nao_Procura_NemNem,Motivo de Não Procurar Trabalho (Nem-Nem),VD4030Por não querer trabalhar,Estrato agregado,Agreg_Alto Parnaíba e Chapadas Sul do Piauí,Alto Parnaíba e Chapadas Sul do Piauí,0.04999119826854463,0.0309932216576995,[-0.011 — 0.111],-0.01075551618054639,0.11073791271763565,61.997356997143626,Baixa
Motivo_Nao_Procura_NemNem,Motivo de Não Procurar Trabalho (Nem-Nem),VD4030Por outro motivo,Estrato agregado,Agreg_Alto Parnaíba e Chapadas Sul do Piauí,Alto Parnaíba e Chapadas Sul do Piauí,0.3698958705867698,0.08100928046434948,[0.211 — 0.529],0.21111768087664484,0.5286740602968948,21.900563619659657,Regular (*)
Motivo_Nao_Procura_NemNem,Motivo de Não Procurar Trabalho (Nem-Nem),"VD4030Tinha que cuidar dos afazeres domésticos, do(s) filho(s) ou de outro(s) parente(s)",Estrato agregado,Agreg_Baixo Parnaíba do Piauí,Baixo Parnaíba do Piauí,0.47720060979793955,0.05534186648299866,[0.369 — 0.586],0.36873055149126216,0.5856706681046169,11.597191065290549,Boa (**)
Motivo_Nao_Procura_NemNem,Motivo de Não Procurar Trabalho (Nem-Nem),VD4030Estava estudando,Estrato agregado,Agreg_Baixo Parnaíba do Piauí,Baixo Parnaíba do Piauí,0.04047149851269487,0.01884348722310605,[0.004 — 0.077],0.003538263555407012,0.07740473346998272,46.55989502636116,Baixa
Motivo_Nao_Procura_NemNem,Motivo de Não Procurar Trabalho (Nem-Nem),VD4030Por problema de saúde ou gravidez,Estrato agregado,Agreg_Baixo Parnaíba do Piauí,Baixo Parnaíba do Piauí,0.2359660164127923,0.04526412513780212,[0.147 — 0.325],0.14724833114270014,0.32468370168288446,19.182476284474088,Regular (*)
Motivo_Nao_Procura_NemNem,Motivo de Não Procurar Trabalho (Nem-Nem),VD4030Por ser muito jovem ou muito idoso para trabalhar,Estrato agregado,Agreg_Baixo Parnaíba do Piauí,Baixo Parnaíba do Piauí,0,0,[0.000 — 0.000],0,0,NA,NA
Motivo_Nao_Procura_NemNem,Motivo de Não Procurar Trabalho (Nem-Nem),VD4030Por não querer trabalhar,Estrato agregado,Agreg_Baixo Parnaíba do Piauí,Baixo Parnaíba do Piauí,0.04730774680815174,0.01905223150096644,[0.010 — 0.085],0.009965373066257513,0.08465012055004596,40.27296328068513,Baixa
Motivo_Nao_Procura_NemNem,Motivo de Não Procurar Trabalho (Nem-Nem),VD4030Por outro motivo,Estrato agregado,Agreg_Baixo Parnaíba do Piauí,Baixo Parnaíba do Piauí,0.19905412846842163,0.04400571686820766,[0.113 — 0.285],0.11280292340673462,0.2853053335301087,22.10741229373136,Regular (*)
Motivo_Nao_Procura_NemNem,Motivo de Não Procurar Trabalho (Nem-Nem),"VD4030Tinha que cuidar dos afazeres domésticos, do(s) filho(s) ou de outro(s) parente(s)",Estrato agregado,Agreg_Centro-Leste do Piauí,Centro-Leste do Piauí,0.35012656425385746,0.05140357307480284,[0.249 — 0.451],0.2493755610272439,0.45087756748047103,14.681426182085671,Boa (**)
Motivo_Nao_Procura_NemNem,Motivo de Não Procurar Trabalho (Nem-Nem),VD4030Estava estudando,Estrato agregado,Agreg_Centro-Leste do Piauí,Centro-Leste do Piauí,0.03244370777445318,0.0138333648240767,[0.005 — 0.060],0.0053303127192628474,0.05955710282964351,42.638051483651225,Baixa
Motivo_Nao_Procura_NemNem,Motivo de Não Procurar Trabalho (Nem-Nem),VD4030Por problema de saúde ou gravidez,Estrato agregado,Agreg_Centro-Leste do Piauí,Centro-Leste do Piauí,0.18975611256811123,0.03558863202252115,[0.120 — 0.260],0.12000239380396978,0.2595098313322527,18.754933130149855,Regular (*)
Motivo_Nao_Procura_NemNem,Motivo de Não Procurar Trabalho (Nem-Nem),VD4030Por ser muito jovem ou muito idoso para trabalhar,Estrato agregado,Agreg_Centro-Leste do Piauí,Centro-Leste do Piauí,0,0,[0.000 — 0.000],0,0,NA,NA
Motivo_Nao_Procura_NemNem,Motivo de Não Procurar Trabalho (Nem-Nem),VD4030Por não querer trabalhar,Estrato agregado,Agreg_Centro-Leste do Piauí,Centro-Leste do Piauí,0.04771747950294041,0.02233305003943567,[0.004 — 0.091],0.003944701425646499,0.09149025758023432,46.802660727416416,Baixa
Motivo_Nao_Procura_NemNem,Motivo de Não Procurar Trabalho (Nem-Nem),VD4030Por outro motivo,Estrato agregado,Agreg_Centro-Leste do Piauí,Centro-Leste do Piauí,0.37995613590063776,0.05342573929991691,[0.275 — 0.485],0.2752416868728006,0.4846705849284749,14.061028169285377,Boa (**)
Motivo_Nao_Procura_NemNem,Motivo de Não Procurar Trabalho (Nem-Nem),"VD4030Tinha que cuidar dos afazeres domésticos, do(s) filho(s) ou de outro(s) parente(s)",Estrato agregado,Agreg_Entorno metropolitano de Teresina (PI),Entorno metropolitano de Teresina (PI),0.45367163149338874,0.07327542287387909,[0.310 — 0.597],0.31005180266058574,0.5972914603261917,16.15164312405258,Regular (*)
Motivo_Nao_Procura_NemNem,Motivo de Não Procurar Trabalho (Nem-Nem),VD4030Estava estudando,Estrato agregado,Agreg_Entorno metropolitano de Teresina (PI),Entorno metropolitano de Teresina (PI),0.06851217912406556,0.04713926505118897,[-0.024 — 0.161],-0.02388078037626483,0.16090513862439593,68.80421211800407,Baixa
Motivo_Nao_Procura_NemNem,Motivo de Não Procurar Trabalho (Nem-Nem),VD4030Por problema de saúde ou gravidez,Estrato agregado,Agreg_Entorno metropolitano de Teresina (PI),Entorno metropolitano de Teresina (PI),0.13869848560717538,0.06484110852506896,[0.012 — 0.266],0.011609912898040226,0.26578705831631055,46.749687454204256,Baixa
Motivo_Nao_Procura_NemNem,Motivo de Não Procurar Trabalho (Nem-Nem),VD4030Por ser muito jovem ou muito idoso para trabalhar,Estrato agregado,Agreg_Entorno metropolitano de Teresina (PI),Entorno metropolitano de Teresina (PI),0.01987194385595739,0.02089937767036803,[-0.021 — 0.061],-0.021090836377963947,0.06083472408987873,105.17027333540207,Baixa
Motivo_Nao_Procura_NemNem,Motivo de Não Procurar Trabalho (Nem-Nem),VD4030Por não querer trabalhar,Estrato agregado,Agreg_Entorno metropolitano de Teresina (PI),Entorno metropolitano de Teresina (PI),0.07859020424643162,0.04257044034621706,[-0.005 — 0.162],-0.004847858832153815,0.16202826732501707,54.16761637713897,Baixa
Motivo_Nao_Procura_NemNem,Motivo de Não Procurar Trabalho (Nem-Nem),VD4030Por outro motivo,Estrato agregado,Agreg_Entorno metropolitano de Teresina (PI),Entorno metropolitano de Teresina (PI),0.2406555556729812,0.09800378460647996,[0.049 — 0.433],0.04856813784428046,0.4327429735016819,40.72367427064682,Baixa
Motivo_Nao_Procura_NemNem,Motivo de Não Procurar Trabalho (Nem-Nem),"VD4030Tinha que cuidar dos afazeres domésticos, do(s) filho(s) ou de outro(s) parente(s)",Estrato agregado,Agreg_Teresina,Teresina,0.4782052752734633,0.05289295307905639,[0.375 — 0.582],0.37453508723851275,0.5818754633084138,11.060721370923686,Boa (**)
Motivo_Nao_Procura_NemNem,Motivo de Não Procurar Trabalho (Nem-Nem),VD4030Estava estudando,Estrato agregado,Agreg_Teresina,Teresina,0.22797129018183224,0.04818704363415321,[0.134 — 0.322],0.13352468465889195,0.32241789570477253,21.137329878564415,Regular (*)
Motivo_Nao_Procura_NemNem,Motivo de Não Procurar Trabalho (Nem-Nem),VD4030Por problema de saúde ou gravidez,Estrato agregado,Agreg_Teresina,Teresina,0.1984643858232668,0.03691694018426993,[0.126 — 0.271],0.12610718306209776,0.27082158858443584,18.601292131649547,Regular (*)
Motivo_Nao_Procura_NemNem,Motivo de Não Procurar Trabalho (Nem-Nem),VD4030Por ser muito jovem ou muito idoso para trabalhar,Estrato agregado,Agreg_Teresina,Teresina,0,0,[0.000 — 0.000],0,0,NA,NA
Motivo_Nao_Procura_NemNem,Motivo de Não Procurar Trabalho (Nem-Nem),VD4030Por não querer trabalhar,Estrato agregado,Agreg_Teresina,Teresina,0.04520030562379684,0.0352278380955377,[-0.024 — 0.114],-0.02384625704345706,0.11424686829105074,77.93716792257953,Baixa
Motivo_Nao_Procura_NemNem,Motivo de Não Procurar Trabalho (Nem-Nem),VD4030Por outro motivo,Estrato agregado,Agreg_Teresina,Teresina,0.05015874309764089,0.02161371727072546,[0.008 — 0.093],0.007795857247018985,0.0925216289482628,43.09062774689427,Baixa
Motivo_Nao_Procura_NemNem,Motivo de Não Procurar Trabalho (Nem-Nem),"VD4030Tinha que cuidar dos afazeres domésticos, do(s) filho(s) ou de outro(s) parente(s)",Outro,Micro_2210011,Micro 2210011,0.4852740380184557,0.07568203595201042,[0.337 — 0.634],0.3369372475525153,0.6336108284843961,15.595731488345585,Regular (*)
Motivo_Nao_Procura_NemNem,Motivo de Não Procurar Trabalho (Nem-Nem),VD4030Estava estudando,Outro,Micro_2210011,Micro 2210011,0.251708782800052,0.07235216966799503,[0.110 — 0.394],0.10989853025078172,0.39351903534932225,28.74439614825394,Regular (*)
Motivo_Nao_Procura_NemNem,Motivo de Não Procurar Trabalho (Nem-Nem),VD4030Por problema de saúde ou gravidez,Outro,Micro_2210011,Micro 2210011,0.1996602999491464,0.05061576356069092,[0.100 — 0.299],0.10045340337019222,0.2988671965281006,25.350940358991135,Regular (*)
Motivo_Nao_Procura_NemNem,Motivo de Não Procurar Trabalho (Nem-Nem),VD4030Por ser muito jovem ou muito idoso para trabalhar,Outro,Micro_2210011,Micro 2210011,0,0,[0.000 — 0.000],0,0,NA,NA
Motivo_Nao_Procura_NemNem,Motivo de Não Procurar Trabalho (Nem-Nem),VD4030Por não querer trabalhar,Outro,Micro_2210011,Micro 2210011,0.01669773381537234,0.01641705851347073,[-0.015 — 0.049],-0.015479700871030289,0.048875168501774965,98.31908146934758,Baixa
Motivo_Nao_Procura_NemNem,Motivo de Não Procurar Trabalho (Nem-Nem),VD4030Por outro motivo,Outro,Micro_2210011,Micro 2210011,0.04665914541697361,0.03798211647129349,[-0.028 — 0.121],-0.02778580286676162,0.12110409370070883,81.40336933277051,Baixa
Motivo_Nao_Procura_NemNem,Motivo de Não Procurar Trabalho (Nem-Nem),"VD4030Tinha que cuidar dos afazeres domésticos, do(s) filho(s) ou de outro(s) parente(s)",Outro,Micro_2210012,Micro 2210012,0.2928429365259024,0.18569577144980356,[-0.071 — 0.657],-0.07112077551571261,0.6568066485675174,63.411388252275124,Baixa
Motivo_Nao_Procura_NemNem,Motivo de Não Procurar Trabalho (Nem-Nem),VD4030Estava estudando,Outro,Micro_2210012,Micro 2210012,0.3826614716157729,0.2085727245508074,[-0.026 — 0.791],-0.02614106850380954,0.7914640117353553,54.50580735764103,Baixa
Motivo_Nao_Procura_NemNem,Motivo de Não Procurar Trabalho (Nem-Nem),VD4030Por problema de saúde ou gravidez,Outro,Micro_2210012,Micro 2210012,0.32449559185832477,0.18537879010609312,[-0.039 — 0.688],-0.03884683674961775,0.6878380204662673,57.12829226568654,Baixa
Motivo_Nao_Procura_NemNem,Motivo de Não Procurar Trabalho (Nem-Nem),VD4030Por ser muito jovem ou muito idoso para trabalhar,Outro,Micro_2210012,Micro 2210012,0,0,[0.000 — 0.000],0,0,NA,NA
Motivo_Nao_Procura_NemNem,Motivo de Não Procurar Trabalho (Nem-Nem),VD4030Por não querer trabalhar,Outro,Micro_2210012,Micro 2210012,0,0,[0.000 — 0.000],0,0,NA,NA
Motivo_Nao_Procura_NemNem,Motivo de Não Procurar Trabalho (Nem-Nem),VD4030Por outro motivo,Outro,Micro_2210012,Micro 2210012,0,0,[0.000 — 0.000],0,0,NA,NA
Motivo_Nao_Procura_NemNem,Motivo de Não Procurar Trabalho (Nem-Nem),"VD4030Tinha que cuidar dos afazeres domésticos, do(s) filho(s) ou de outro(s) parente(s)",Outro,Micro_2210013,Micro 2210013,0.26775618586633304,0.28638206236942726,[-0.294 — 0.829],-0.29355265637774436,0.8290650281104104,106.95628242642823,Baixa
Motivo_Nao_Procura_NemNem,Motivo de Não Procurar Trabalho (Nem-Nem),VD4030Estava estudando,Outro,Micro_2210013,Micro 2210013,0.1261656398118582,0.15383063425293114,[-0.175 — 0.428],-0.17534240332388684,0.4276736829476032,121.92751884136423,Baixa
Motivo_Nao_Procura_NemNem,Motivo de Não Procurar Trabalho (Nem-Nem),VD4030Por problema de saúde ou gravidez,Outro,Micro_2210013,Micro 2210013,0,0,[0.000 — 0.000],0,0,NA,NA
Motivo_Nao_Procura_NemNem,Motivo de Não Procurar Trabalho (Nem-Nem),VD4030Por ser muito jovem ou muito idoso para trabalhar,Outro,Micro_2210013,Micro 2210013,0,0,[0.000 — 0.000],0,0,NA,NA
Motivo_Nao_Procura_NemNem,Motivo de Não Procurar Trabalho (Nem-Nem),VD4030Por não querer trabalhar,Outro,Micro_2210013,Micro 2210013,0.6060781743218089,0.3849288370794448,[-0.148 — 1.361],-0.1483823463539029,1.3605386949975207,63.51141707258699,Baixa
Motivo_Nao_Procura_NemNem,Motivo de Não Procurar Trabalho (Nem-Nem),VD4030Por outro motivo,Outro,Micro_2210013,Micro 2210013,0,0,[0.000 — 0.000],0,0,NA,NA
Motivo_Nao_Procura_NemNem,Motivo de Não Procurar Trabalho (Nem-Nem),"VD4030Tinha que cuidar dos afazeres domésticos, do(s) filho(s) ou de outro(s) parente(s)",Outro,Micro_2210020,Micro 2210020,0.5079692691596306,0.14948214077598931,[0.215 — 0.801],0.21498427323869151,0.8009542650805697,29.427398437564573,Regular (*)
Motivo_Nao_Procura_NemNem,Motivo de Não Procurar Trabalho (Nem-Nem),VD4030Estava estudando,Outro,Micro_2210020,Micro 2210020,0.11903838539676125,0.09578401668978348,[-0.069 — 0.307],-0.06869828731521437,0.30677505810873684,80.46481508509233,Baixa
Motivo_Nao_Procura_NemNem,Motivo de Não Procurar Trabalho (Nem-Nem),VD4030Por problema de saúde ou gravidez,Outro,Micro_2210020,Micro 2210020,0.07508030496861116,0.07317039594321467,[-0.068 — 0.218],-0.0683336710800896,0.21849428101731194,97.45617838633585,Baixa
Motivo_Nao_Procura_NemNem,Motivo de Não Procurar Trabalho (Nem-Nem),VD4030Por ser muito jovem ou muito idoso para trabalhar,Outro,Micro_2210020,Micro 2210020,0,0,[0.000 — 0.000],0,0,NA,NA
Motivo_Nao_Procura_NemNem,Motivo de Não Procurar Trabalho (Nem-Nem),VD4030Por não querer trabalhar,Outro,Micro_2210020,Micro 2210020,0,0,[0.000 — 0.000],0,0,NA,NA
Motivo_Nao_Procura_NemNem,Motivo de Não Procurar Trabalho (Nem-Nem),VD4030Por outro motivo,Outro,Micro_2210020,Micro 2210020,0.297912040474997,0.11395658381217766,[0.075 — 0.521],0.07455713620312876,0.5212669447468652,38.25175499133334,Baixa
Motivo_Nao_Procura_NemNem,Motivo de Não Procurar Trabalho (Nem-Nem),"VD4030Tinha que cuidar dos afazeres domésticos, do(s) filho(s) ou de outro(s) parente(s)",Outro,Micro_2210030,Micro 2210030,0.5912240794285103,0.09351777871425254,[0.408 — 0.775],0.4079292331485753,0.7745189257084453,15.817653909605442,Regular (*)
Motivo_Nao_Procura_NemNem,Motivo de Não Procurar Trabalho (Nem-Nem),VD4030Estava estudando,Outro,Micro_2210030,Micro 2210030,0.157622018765089,0.06265940140483375,[0.035 — 0.280],0.034809592011614834,0.28043444551856317,39.75294942657587,Baixa
Motivo_Nao_Procura_NemNem,Motivo de Não Procurar Trabalho (Nem-Nem),VD4030Por problema de saúde ou gravidez,Outro,Micro_2210030,Micro 2210030,0.21133734455684017,0.05851229932623854,[0.097 — 0.326],0.09665323787741263,0.3260214512362677,27.68668237453953,Regular (*)
Motivo_Nao_Procura_NemNem,Motivo de Não Procurar Trabalho (Nem-Nem),VD4030Por ser muito jovem ou muito idoso para trabalhar,Outro,Micro_2210030,Micro 2210030,0,0,[0.000 — 0.000],0,0,NA,NA
Motivo_Nao_Procura_NemNem,Motivo de Não Procurar Trabalho (Nem-Nem),VD4030Por não querer trabalhar,Outro,Micro_2210030,Micro 2210030,0,0,[0.000 — 0.000],0,0,NA,NA
Motivo_Nao_Procura_NemNem,Motivo de Não Procurar Trabalho (Nem-Nem),VD4030Por outro motivo,Outro,Micro_2210030,Micro 2210030,0.03981655724956054,0.03592978270772506,[-0.031 — 0.110],-0.03060581685758057,0.11023893135670165,90.23829579871982,Baixa
Motivo_Nao_Procura_NemNem,Motivo de Não Procurar Trabalho (Nem-Nem),"VD4030Tinha que cuidar dos afazeres domésticos, do(s) filho(s) ou de outro(s) parente(s)",Outro,Micro_2220010,Micro 2220010,0.2878375734563225,0.09098614604152452,[0.110 — 0.466],0.10950472721493443,0.46617041969771056,31.610239396119383,Baixa
Motivo_Nao_Procura_NemNem,Motivo de Não Procurar Trabalho (Nem-Nem),VD4030Estava estudando,Outro,Micro_2220010,Micro 2220010,0.10969299089589836,0.09060142713021532,[-0.068 — 0.287],-0.06788580627932368,0.2872717880711204,82.59545700253406,Baixa
Motivo_Nao_Procura_NemNem,Motivo de Não Procurar Trabalho (Nem-Nem),VD4030Por problema de saúde ou gravidez,Outro,Micro_2220010,Micro 2220010,0.16824049382510553,0.10533420451244706,[-0.038 — 0.375],-0.038214547019290696,0.3746955346695018,62.60930535662078,Baixa
Motivo_Nao_Procura_NemNem,Motivo de Não Procurar Trabalho (Nem-Nem),VD4030Por ser muito jovem ou muito idoso para trabalhar,Outro,Micro_2220010,Micro 2220010,0,0,[0.000 — 0.000],0,0,NA,NA
Motivo_Nao_Procura_NemNem,Motivo de Não Procurar Trabalho (Nem-Nem),VD4030Por não querer trabalhar,Outro,Micro_2220010,Micro 2220010,0.10156119001205408,0.06757865301857154,[-0.031 — 0.234],-0.030892969904346118,0.23401534992845427,66.53983968733606,Baixa
Motivo_Nao_Procura_NemNem,Motivo de Não Procurar Trabalho (Nem-Nem),VD4030Por outro motivo,Outro,Micro_2220010,Micro 2220010,0.3326677518106195,0.14249250262296986,[0.053 — 0.612],0.05338244666959863,0.6119530569516405,42.833277901877224,Baixa
Motivo_Nao_Procura_NemNem,Motivo de Não Procurar Trabalho (Nem-Nem),"VD4030Tinha que cuidar dos afazeres domésticos, do(s) filho(s) ou de outro(s) parente(s)",Outro,Micro_2220020,Micro 2220020,0.7295683950651407,0.09389192743399268,[0.546 — 0.914],0.5455402172945151,0.9135965728357663,12.869516836130131,Boa (**)
Motivo_Nao_Procura_NemNem,Motivo de Não Procurar Trabalho (Nem-Nem),VD4030Estava estudando,Outro,Micro_2220020,Micro 2220020,0,0,[0.000 — 0.000],0,0,NA,NA
Motivo_Nao_Procura_NemNem,Motivo de Não Procurar Trabalho (Nem-Nem),VD4030Por problema de saúde ou gravidez,Outro,Micro_2220020,Micro 2220020,0.08954968859157526,0.0763524270896807,[-0.060 — 0.239],-0.0601010685041989,0.23920044568734944,85.2626383078945,Baixa
Motivo_Nao_Procura_NemNem,Motivo de Não Procurar Trabalho (Nem-Nem),VD4030Por ser muito jovem ou muito idoso para trabalhar,Outro,Micro_2220020,Micro 2220020,0.05293273402556637,0.04405182852082125,[-0.033 — 0.139],-0.03340884987524328,0.139274317926376,83.22228075267061,Baixa
Motivo_Nao_Procura_NemNem,Motivo de Não Procurar Trabalho (Nem-Nem),VD4030Por não querer trabalhar,Outro,Micro_2220020,Micro 2220020,0.04037356344414561,0.03765966774671001,[-0.033 — 0.114],-0.033439385339406005,0.11418651222769723,93.27803774073568,Baixa
Motivo_Nao_Procura_NemNem,Motivo de Não Procurar Trabalho (Nem-Nem),VD4030Por outro motivo,Outro,Micro_2220020,Micro 2220020,0.08757561887357208,0.0569569619215832,[-0.024 — 0.199],-0.02406002649273098,0.19921126423987515,65.03746436985928,Baixa
Motivo_Nao_Procura_NemNem,Motivo de Não Procurar Trabalho (Nem-Nem),"VD4030Tinha que cuidar dos afazeres domésticos, do(s) filho(s) ou de outro(s) parente(s)",Outro,Micro_2251011,Micro 2251011,0.3503407037507725,0.2044868306794116,[-0.050 — 0.751],-0.050453484380874214,0.7511348918824192,58.36799106988171,Baixa
Motivo_Nao_Procura_NemNem,Motivo de Não Procurar Trabalho (Nem-Nem),VD4030Estava estudando,Outro,Micro_2251011,Micro 2251011,0.08617207926290685,0.05910560995412659,[-0.030 — 0.202],-0.029674916247181257,0.20201907477299497,68.5902097984641,Baixa
Motivo_Nao_Procura_NemNem,Motivo de Não Procurar Trabalho (Nem-Nem),VD4030Por problema de saúde ou gravidez,Outro,Micro_2251011,Micro 2251011,0.09010520081491843,0.10489062014877072,[-0.115 — 0.296],-0.11548041467667217,0.29569081630650906,116.40906318406907,Baixa
Motivo_Nao_Procura_NemNem,Motivo de Não Procurar Trabalho (Nem-Nem),VD4030Por ser muito jovem ou muito idoso para trabalhar,Outro,Micro_2251011,Micro 2251011,0,0,[0.000 — 0.000],0,0,NA,NA
Motivo_Nao_Procura_NemNem,Motivo de Não Procurar Trabalho (Nem-Nem),VD4030Por não querer trabalhar,Outro,Micro_2251011,Micro 2251011,0.33013744669435086,0.2242181277215973,[-0.109 — 0.770],-0.10933008363997987,0.7696049770286816,67.9165995759287,Baixa
Motivo_Nao_Procura_NemNem,Motivo de Não Procurar Trabalho (Nem-Nem),VD4030Por outro motivo,Outro,Micro_2251011,Micro 2251011,0.14324456947705128,0.08316351838971918,[-0.020 — 0.306],-0.01975592656679831,0.30624506552090086,58.05701304651729,Baixa
Motivo_Nao_Procura_NemNem,Motivo de Não Procurar Trabalho (Nem-Nem),"VD4030Tinha que cuidar dos afazeres domésticos, do(s) filho(s) ou de outro(s) parente(s)",Outro,Micro_2251012,Micro 2251012,0.5044166915310033,0.18672501583133436,[0.138 — 0.870],0.138435660501588,0.8703977225604187,37.01800891334254,Baixa
Motivo_Nao_Procura_NemNem,Motivo de Não Procurar Trabalho (Nem-Nem),VD4030Estava estudando,Outro,Micro_2251012,Micro 2251012,0.04910732402657894,0.05837223688690875,[-0.065 — 0.164],-0.06530226027176221,0.1635169083249201,118.86666203867115,Baixa
Motivo_Nao_Procura_NemNem,Motivo de Não Procurar Trabalho (Nem-Nem),VD4030Por problema de saúde ou gravidez,Outro,Micro_2251012,Micro 2251012,0.28321424076767054,0.15910429171912227,[-0.029 — 0.595],-0.02863017100180909,0.5950586525371502,56.17806904337147,Baixa
Motivo_Nao_Procura_NemNem,Motivo de Não Procurar Trabalho (Nem-Nem),VD4030Por ser muito jovem ou muito idoso para trabalhar,Outro,Micro_2251012,Micro 2251012,0,0,[0.000 — 0.000],0,0,NA,NA
Motivo_Nao_Procura_NemNem,Motivo de Não Procurar Trabalho (Nem-Nem),VD4030Por não querer trabalhar,Outro,Micro_2251012,Micro 2251012,0,0,[0.000 — 0.000],0,0,NA,NA
Motivo_Nao_Procura_NemNem,Motivo de Não Procurar Trabalho (Nem-Nem),VD4030Por outro motivo,Outro,Micro_2251012,Micro 2251012,0.1632617436747473,0.0782527275394419,[0.010 — 0.317],0.00988639769744118,0.3166370896520534,47.93084146849384,Baixa
Motivo_Nao_Procura_NemNem,Motivo de Não Procurar Trabalho (Nem-Nem),"VD4030Tinha que cuidar dos afazeres domésticos, do(s) filho(s) ou de outro(s) parente(s)",Outro,Micro_2251013,Micro 2251013,0.4392768291226723,0.1493765738517154,[0.146 — 0.732],0.14649874437331012,0.7320549138720345,34.0051111163891,Baixa
Motivo_Nao_Procura_NemNem,Motivo de Não Procurar Trabalho (Nem-Nem),VD4030Estava estudando,Outro,Micro_2251013,Micro 2251013,0.07100920085680082,0.08311875047493139,[-0.092 — 0.234],-0.0919035500740647,0.23392195178766634,117.05349373322906,Baixa
Motivo_Nao_Procura_NemNem,Motivo de Não Procurar Trabalho (Nem-Nem),VD4030Por problema de saúde ou gravidez,Outro,Micro_2251013,Micro 2251013,0.15215815813237896,0.07963371242427958,[-0.004 — 0.308],-0.0039239182192090105,0.3082402344839669,52.336143787306845,Baixa
Motivo_Nao_Procura_NemNem,Motivo de Não Procurar Trabalho (Nem-Nem),VD4030Por ser muito jovem ou muito idoso para trabalhar,Outro,Micro_2251013,Micro 2251013,0,0,[0.000 — 0.000],0,0,NA,NA
Motivo_Nao_Procura_NemNem,Motivo de Não Procurar Trabalho (Nem-Nem),VD4030Por não querer trabalhar,Outro,Micro_2251013,Micro 2251013,0.1073147523247483,0.09443329124088046,[-0.078 — 0.292],-0.07777449850737739,0.292404003156874,87.99656076651338,Baixa
Motivo_Nao_Procura_NemNem,Motivo de Não Procurar Trabalho (Nem-Nem),VD4030Por outro motivo,Outro,Micro_2251013,Micro 2251013,0.2302410595633996,0.1108518421325861,[0.013 — 0.448],0.012971448983530837,0.4475106701432684,48.145992006287536,Baixa
Motivo_Nao_Procura_NemNem,Motivo de Não Procurar Trabalho (Nem-Nem),"VD4030Tinha que cuidar dos afazeres domésticos, do(s) filho(s) ou de outro(s) parente(s)",Outro,Micro_2251020,Micro 2251020,0.3268251725693452,0.07116299181381569,[0.187 — 0.466],0.18734570861426642,0.46630463652442394,21.77402409195285,Regular (*)
Motivo_Nao_Procura_NemNem,Motivo de Não Procurar Trabalho (Nem-Nem),VD4030Estava estudando,Outro,Micro_2251020,Micro 2251020,0,0,[0.000 — 0.000],0,0,NA,NA
Motivo_Nao_Procura_NemNem,Motivo de Não Procurar Trabalho (Nem-Nem),VD4030Por problema de saúde ou gravidez,Outro,Micro_2251020,Micro 2251020,0.19078240878203104,0.0517150451628021,[0.089 — 0.292],0.08942092026293892,0.29214389730112317,27.1068205359995,Regular (*)
Motivo_Nao_Procura_NemNem,Motivo de Não Procurar Trabalho (Nem-Nem),VD4030Por ser muito jovem ou muito idoso para trabalhar,Outro,Micro_2251020,Micro 2251020,0,0,[0.000 — 0.000],0,0,NA,NA
Motivo_Nao_Procura_NemNem,Motivo de Não Procurar Trabalho (Nem-Nem),VD4030Por não querer trabalhar,Outro,Micro_2251020,Micro 2251020,0.01469538552329474,0.01600835210017137,[-0.017 — 0.046],-0.016680984593041147,0.046071755639630625,108.93455006536135,Baixa
Motivo_Nao_Procura_NemNem,Motivo de Não Procurar Trabalho (Nem-Nem),VD4030Por outro motivo,Outro,Micro_2251020,Micro 2251020,0.4676970331253291,0.08852163886760846,[0.294 — 0.641],0.2941946209448165,0.6411994453058417,18.92713286549484,Regular (*)
Motivo_Nao_Procura_NemNem,Motivo de Não Procurar Trabalho (Nem-Nem),"VD4030Tinha que cuidar dos afazeres domésticos, do(s) filho(s) ou de outro(s) parente(s)",Outro,Micro_2251021,Micro 2251021,0.1730287994661706,0.09972546536349047,[-0.022 — 0.368],-0.02243311264627071,0.3684907115786119,57.635183085800755,Baixa
Motivo_Nao_Procura_NemNem,Motivo de Não Procurar Trabalho (Nem-Nem),VD4030Estava estudando,Outro,Micro_2251021,Micro 2251021,0.0713050465438196,0.0594326886739745,[-0.045 — 0.188],-0.04518302325717041,0.1877931163448096,83.34990516758293,Baixa
Motivo_Nao_Procura_NemNem,Motivo de Não Procurar Trabalho (Nem-Nem),VD4030Por problema de saúde ou gravidez,Outro,Micro_2251021,Micro 2251021,0.2511321658074915,0.1302783317944523,[-0.004 — 0.506],-0.004213364509635054,0.506477696124618,51.87640196370496,Baixa
Motivo_Nao_Procura_NemNem,Motivo de Não Procurar Trabalho (Nem-Nem),VD4030Por ser muito jovem ou muito idoso para trabalhar,Outro,Micro_2251021,Micro 2251021,0,0,[0.000 — 0.000],0,0,NA,NA
Motivo_Nao_Procura_NemNem,Motivo de Não Procurar Trabalho (Nem-Nem),VD4030Por não querer trabalhar,Outro,Micro_2251021,Micro 2251021,0,0,[0.000 — 0.000],0,0,NA,NA
Motivo_Nao_Procura_NemNem,Motivo de Não Procurar Trabalho (Nem-Nem),VD4030Por outro motivo,Outro,Micro_2251021,Micro 2251021,0.5045339881825184,0.17956250117241832,[0.153 — 0.856],0.1525914858845785,0.8564764904804583,35.58977301395609,Baixa
Motivo_Nao_Procura_NemNem,Motivo de Não Procurar Trabalho (Nem-Nem),"VD4030Tinha que cuidar dos afazeres domésticos, do(s) filho(s) ou de outro(s) parente(s)",Outro,Micro_2251022,Micro 2251022,0.2526369764381077,0.15543822765900026,[-0.052 — 0.557],-0.052021949773532805,0.5572959026497482,61.52631726776556,Baixa
Motivo_Nao_Procura_NemNem,Motivo de Não Procurar Trabalho (Nem-Nem),VD4030Estava estudando,Outro,Micro_2251022,Micro 2251022,0,0,[0.000 — 0.000],0,0,NA,NA
Motivo_Nao_Procura_NemNem,Motivo de Não Procurar Trabalho (Nem-Nem),VD4030Por problema de saúde ou gravidez,Outro,Micro_2251022,Micro 2251022,0,0,[0.000 — 0.000],0,0,NA,NA
Motivo_Nao_Procura_NemNem,Motivo de Não Procurar Trabalho (Nem-Nem),VD4030Por ser muito jovem ou muito idoso para trabalhar,Outro,Micro_2251022,Micro 2251022,0,0,[0.000 — 0.000],0,0,NA,NA
Motivo_Nao_Procura_NemNem,Motivo de Não Procurar Trabalho (Nem-Nem),VD4030Por não querer trabalhar,Outro,Micro_2251022,Micro 2251022,0,0,[0.000 — 0.000],0,0,NA,NA
Motivo_Nao_Procura_NemNem,Motivo de Não Procurar Trabalho (Nem-Nem),VD4030Por outro motivo,Outro,Micro_2251022,Micro 2251022,0.7473630235618923,0.15543822765900026,[0.443 — 1.052],0.44270409735025185,1.0520219497735328,20.798222919591332,Regular (*)
Motivo_Nao_Procura_NemNem,Motivo de Não Procurar Trabalho (Nem-Nem),"VD4030Tinha que cuidar dos afazeres domésticos, do(s) filho(s) ou de outro(s) parente(s)",Outro,Micro_2252011,Micro 2252011,0.4584257828638952,0.0884413475580383,[0.285 — 0.632],0.2850807416501401,0.6317708240776503,19.292402579436985,Regular (*)
Motivo_Nao_Procura_NemNem,Motivo de Não Procurar Trabalho (Nem-Nem),VD4030Estava estudando,Outro,Micro_2252011,Micro 2252011,0.02335389395012246,0.02687720738737145,[-0.029 — 0.076],-0.029325432529125582,0.0760332204293705,115.0866208640573,Baixa
Motivo_Nao_Procura_NemNem,Motivo de Não Procurar Trabalho (Nem-Nem),VD4030Por problema de saúde ou gravidez,Outro,Micro_2252011,Micro 2252011,0.3435071711780226,0.09554838791504149,[0.156 — 0.531],0.1562323308645413,0.5307820114915038,27.815543875654207,Regular (*)
Motivo_Nao_Procura_NemNem,Motivo de Não Procurar Trabalho (Nem-Nem),VD4030Por ser muito jovem ou muito idoso para trabalhar,Outro,Micro_2252011,Micro 2252011,0,0,[0.000 — 0.000],0,0,NA,NA
Motivo_Nao_Procura_NemNem,Motivo de Não Procurar Trabalho (Nem-Nem),VD4030Por não querer trabalhar,Outro,Micro_2252011,Micro 2252011,0,0,[0.000 — 0.000],0,0,NA,NA
Motivo_Nao_Procura_NemNem,Motivo de Não Procurar Trabalho (Nem-Nem),VD4030Por outro motivo,Outro,Micro_2252011,Micro 2252011,0.17471315200795973,0.0934206874945454,[-0.008 — 0.358],-0.008391395481349262,0.3578176994972687,53.470895820303944,Baixa
Motivo_Nao_Procura_NemNem,Motivo de Não Procurar Trabalho (Nem-Nem),"VD4030Tinha que cuidar dos afazeres domésticos, do(s) filho(s) ou de outro(s) parente(s)",Outro,Micro_2252012,Micro 2252012,0.46356910734677775,0.15538689032754832,[0.159 — 0.768],0.15901080230478304,0.7681274123887725,33.51968193413491,Baixa
Motivo_Nao_Procura_NemNem,Motivo de Não Procurar Trabalho (Nem-Nem),VD4030Estava estudando,Outro,Micro_2252012,Micro 2252012,0.257918414386976,0.1087227388160776,[0.045 — 0.471],0.044821846307463914,0.4710149824664881,42.1539264943495,Baixa
Motivo_Nao_Procura_NemNem,Motivo de Não Procurar Trabalho (Nem-Nem),VD4030Por problema de saúde ou gravidez,Outro,Micro_2252012,Micro 2252012,0.15821885863638435,0.08715015624355711,[-0.013 — 0.329],-0.012595447600987575,0.3290331648737563,55.08202814422014,Baixa
Motivo_Nao_Procura_NemNem,Motivo de Não Procurar Trabalho (Nem-Nem),VD4030Por ser muito jovem ou muito idoso para trabalhar,Outro,Micro_2252012,Micro 2252012,0,0,[0.000 — 0.000],0,0,NA,NA
Motivo_Nao_Procura_NemNem,Motivo de Não Procurar Trabalho (Nem-Nem),VD4030Por não querer trabalhar,Outro,Micro_2252012,Micro 2252012,0.06175427923222947,0.06493371846702377,[-0.066 — 0.189],-0.06551580896313712,0.18902436742759604,105.1485326593124,Baixa
Motivo_Nao_Procura_NemNem,Motivo de Não Procurar Trabalho (Nem-Nem),VD4030Por outro motivo,Outro,Micro_2252012,Micro 2252012,0.05853934039763243,0.04658559783595408,[-0.033 — 0.150],-0.032768431360837576,0.14984711215610244,79.5799841944208,Baixa
Motivo_Nao_Procura_NemNem,Motivo de Não Procurar Trabalho (Nem-Nem),"VD4030Tinha que cuidar dos afazeres domésticos, do(s) filho(s) ou de outro(s) parente(s)",Outro,Micro_2252013,Micro 2252013,0.37551913080520694,0.14223498872386658,[0.097 — 0.654],0.09673855290642841,0.6542997087039855,37.876895491017784,Baixa
Motivo_Nao_Procura_NemNem,Motivo de Não Procurar Trabalho (Nem-Nem),VD4030Estava estudando,Outro,Micro_2252013,Micro 2252013,0,0,[0.000 — 0.000],0,0,NA,NA
Motivo_Nao_Procura_NemNem,Motivo de Não Procurar Trabalho (Nem-Nem),VD4030Por problema de saúde ou gravidez,Outro,Micro_2252013,Micro 2252013,0.24101665559176935,0.13319854808588177,[-0.020 — 0.502],-0.02005249865655892,0.5020858098400977,55.265287686794395,Baixa
Motivo_Nao_Procura_NemNem,Motivo de Não Procurar Trabalho (Nem-Nem),VD4030Por ser muito jovem ou muito idoso para trabalhar,Outro,Micro_2252013,Micro 2252013,0,0,[0.000 — 0.000],0,0,NA,NA
Motivo_Nao_Procura_NemNem,Motivo de Não Procurar Trabalho (Nem-Nem),VD4030Por não querer trabalhar,Outro,Micro_2252013,Micro 2252013,0.22806682668431427,0.1057797521535124,[0.021 — 0.435],0.020738512463429976,0.4353951409051986,46.38103388000865,Baixa
Motivo_Nao_Procura_NemNem,Motivo de Não Procurar Trabalho (Nem-Nem),VD4030Por outro motivo,Outro,Micro_2252013,Micro 2252013,0.1553973869187094,0.12041712875238073,[-0.081 — 0.391],-0.08062018543595681,0.39141495927337566,77.48980284679602,Baixa
Motivo_Nao_Procura_NemNem,Motivo de Não Procurar Trabalho (Nem-Nem),"VD4030Tinha que cuidar dos afazeres domésticos, do(s) filho(s) ou de outro(s) parente(s)",Outro,Micro_2252020,Micro 2252020,0.4857486045854657,0.09107121448156331,[0.307 — 0.664],0.3072490242016016,0.6642481849693298,18.748631210023305,Regular (*)
Motivo_Nao_Procura_NemNem,Motivo de Não Procurar Trabalho (Nem-Nem),VD4030Estava estudando,Outro,Micro_2252020,Micro 2252020,0,0,[0.000 — 0.000],0,0,NA,NA
Motivo_Nao_Procura_NemNem,Motivo de Não Procurar Trabalho (Nem-Nem),VD4030Por problema de saúde ou gravidez,Outro,Micro_2252020,Micro 2252020,0.1382868624728409,0.04849493410260386,[0.043 — 0.233],0.043236791631737326,0.23333693331394445,35.06835952122937,Baixa
Motivo_Nao_Procura_NemNem,Motivo de Não Procurar Trabalho (Nem-Nem),VD4030Por ser muito jovem ou muito idoso para trabalhar,Outro,Micro_2252020,Micro 2252020,0,0,[0.000 — 0.000],0,0,NA,NA
Motivo_Nao_Procura_NemNem,Motivo de Não Procurar Trabalho (Nem-Nem),VD4030Por não querer trabalhar,Outro,Micro_2252020,Micro 2252020,0.07762522999482581,0.03954504817670697,[0.000 — 0.155],1.1693556848015041e-4,0.15513352442117145,50.94355041439862,Baixa
Motivo_Nao_Procura_NemNem,Motivo de Não Procurar Trabalho (Nem-Nem),VD4030Por outro motivo,Outro,Micro_2252020,Micro 2252020,0.2983393029468676,0.0669910048889731,[0.167 — 0.430],0.16703693336448033,0.4296416725292549,22.45463612312045,Regular (*)
Motivo_Nao_Procura_NemNem,Motivo de Não Procurar Trabalho (Nem-Nem),"VD4030Tinha que cuidar dos afazeres domésticos, do(s) filho(s) ou de outro(s) parente(s)",Outro,Micro_2252021,Micro 2252021,1,0,[1.000 — 1.000],1,1,0,Excelente (***)
Motivo_Nao_Procura_NemNem,Motivo de Não Procurar Trabalho (Nem-Nem),VD4030Estava estudando,Outro,Micro_2252021,Micro 2252021,0,0,[0.000 — 0.000],0,0,NA,NA
Motivo_Nao_Procura_NemNem,Motivo de Não Procurar Trabalho (Nem-Nem),VD4030Por problema de saúde ou gravidez,Outro,Micro_2252021,Micro 2252021,0,0,[0.000 — 0.000],0,0,NA,NA
Motivo_Nao_Procura_NemNem,Motivo de Não Procurar Trabalho (Nem-Nem),VD4030Por ser muito jovem ou muito idoso para trabalhar,Outro,Micro_2252021,Micro 2252021,0,0,[0.000 — 0.000],0,0,NA,NA
Motivo_Nao_Procura_NemNem,Motivo de Não Procurar Trabalho (Nem-Nem),VD4030Por não querer trabalhar,Outro,Micro_2252021,Micro 2252021,0,0,[0.000 — 0.000],0,0,NA,NA
Motivo_Nao_Procura_NemNem,Motivo de Não Procurar Trabalho (Nem-Nem),VD4030Por outro motivo,Outro,Micro_2252021,Micro 2252021,0,0,[0.000 — 0.000],0,0,NA,NA
Motivo_Nao_Procura_NemNem,Motivo de Não Procurar Trabalho (Nem-Nem),"VD4030Tinha que cuidar dos afazeres domésticos, do(s) filho(s) ou de outro(s) parente(s)",Outro,Micro_2252022,Micro 2252022,0.41520264195966566,0.2777577465821944,[-0.129 — 0.960],-0.12920254134143533,0.9596078252607667,66.89691213698414,Baixa
Motivo_Nao_Procura_NemNem,Motivo de Não Procurar Trabalho (Nem-Nem),VD4030Estava estudando,Outro,Micro_2252022,Micro 2252022,0,0,[0.000 — 0.000],0,0,NA,NA
Motivo_Nao_Procura_NemNem,Motivo de Não Procurar Trabalho (Nem-Nem),VD4030Por problema de saúde ou gravidez,Outro,Micro_2252022,Micro 2252022,0.4769214345004337,0.19338316464959468,[0.098 — 0.856],0.09789043178722817,0.8559524372136393,40.54822254993842,Baixa
Motivo_Nao_Procura_NemNem,Motivo de Não Procurar Trabalho (Nem-Nem),VD4030Por ser muito jovem ou muito idoso para trabalhar,Outro,Micro_2252022,Micro 2252022,0,0,[0.000 — 0.000],0,0,NA,NA
Motivo_Nao_Procura_NemNem,Motivo de Não Procurar Trabalho (Nem-Nem),VD4030Por não querer trabalhar,Outro,Micro_2252022,Micro 2252022,0,0,[0.000 — 0.000],0,0,NA,NA
Motivo_Nao_Procura_NemNem,Motivo de Não Procurar Trabalho (Nem-Nem),VD4030Por outro motivo,Outro,Micro_2252022,Micro 2252022,0.10787592353990053,0.1141610181998826,[-0.116 — 0.332],-0.11587967213186937,0.33163151921167044,105.82622558745223,Baixa
Motivo_Nao_Procura_NemNem,Motivo de Não Procurar Trabalho (Nem-Nem),"VD4030Tinha que cuidar dos afazeres domésticos, do(s) filho(s) ou de outro(s) parente(s)",Outro,Micro_2253010,Micro 2253010,0.4151204881095037,0.28090884109007896,[-0.135 — 0.966],-0.13546084042705103,0.9657018166460585,67.66923077426587,Baixa
Motivo_Nao_Procura_NemNem,Motivo de Não Procurar Trabalho (Nem-Nem),VD4030Estava estudando,Outro,Micro_2253010,Micro 2253010,0,0,[0.000 — 0.000],0,0,NA,NA
Motivo_Nao_Procura_NemNem,Motivo de Não Procurar Trabalho (Nem-Nem),VD4030Por problema de saúde ou gravidez,Outro,Micro_2253010,Micro 2253010,0.08294516463685843,0.16663011799127855,[-0.244 — 0.410],-0.24364986662604754,0.40954019589976437,200.89190095745852,Baixa
Motivo_Nao_Procura_NemNem,Motivo de Não Procurar Trabalho (Nem-Nem),VD4030Por ser muito jovem ou muito idoso para trabalhar,Outro,Micro_2253010,Micro 2253010,0,0,[0.000 — 0.000],0,0,NA,NA
Motivo_Nao_Procura_NemNem,Motivo de Não Procurar Trabalho (Nem-Nem),VD4030Por não querer trabalhar,Outro,Micro_2253010,Micro 2253010,0.20033412662995623,0.14600816810681083,[-0.086 — 0.487],-0.08584188285939301,0.4865101361193055,72.88232442618593,Baixa
Motivo_Nao_Procura_NemNem,Motivo de Não Procurar Trabalho (Nem-Nem),VD4030Por outro motivo,Outro,Micro_2253010,Micro 2253010,0.30160022062368164,0.14558870989372835,[0.016 — 0.587],0.016246349231974044,0.5869540920153893,48.27208335347509,Baixa
Motivo_Nao_Procura_NemNem,Motivo de Não Procurar Trabalho (Nem-Nem),"VD4030Tinha que cuidar dos afazeres domésticos, do(s) filho(s) ou de outro(s) parente(s)",Outro,Micro_2253011,Micro 2253011,0.4625963040748889,0.15400059838665073,[0.161 — 0.764],0.16075513123705348,0.7644374769127242,33.29049476403077,Baixa
Motivo_Nao_Procura_NemNem,Motivo de Não Procurar Trabalho (Nem-Nem),VD4030Estava estudando,Outro,Micro_2253011,Micro 2253011,0.05898376437126196,0.06265735605801645,[-0.064 — 0.182],-0.06382465350245028,0.1817921822449742,106.22814044833045,Baixa
Motivo_Nao_Procura_NemNem,Motivo de Não Procurar Trabalho (Nem-Nem),VD4030Por problema de saúde ou gravidez,Outro,Micro_2253011,Micro 2253011,0.05646722733237742,0.03813804395252381,[-0.018 — 0.131],-0.01828333881456925,0.13121779347932408,67.54013921745377,Baixa
Motivo_Nao_Procura_NemNem,Motivo de Não Procurar Trabalho (Nem-Nem),VD4030Por ser muito jovem ou muito idoso para trabalhar,Outro,Micro_2253011,Micro 2253011,0,0,[0.000 — 0.000],0,0,NA,NA
Motivo_Nao_Procura_NemNem,Motivo de Não Procurar Trabalho (Nem-Nem),VD4030Por não querer trabalhar,Outro,Micro_2253011,Micro 2253011,0,0,[0.000 — 0.000],0,0,NA,NA
Motivo_Nao_Procura_NemNem,Motivo de Não Procurar Trabalho (Nem-Nem),VD4030Por outro motivo,Outro,Micro_2253011,Micro 2253011,0.42195270422147174,0.12358493910558656,[0.180 — 0.664],0.1797262235745221,0.6641791848684214,29.288813146394748,Regular (*)
Motivo_Nao_Procura_NemNem,Motivo de Não Procurar Trabalho (Nem-Nem),"VD4030Tinha que cuidar dos afazeres domésticos, do(s) filho(s) ou de outro(s) parente(s)",Outro,Micro_2253012,Micro 2253012,0.4051952266274356,0.21747695825963528,[-0.021 — 0.831],-0.02105961156144953,0.8314500648163208,53.6721422090193,Baixa
Motivo_Nao_Procura_NemNem,Motivo de Não Procurar Trabalho (Nem-Nem),VD4030Estava estudando,Outro,Micro_2253012,Micro 2253012,0.07971876118181068,0.09258230555706291,[-0.102 — 0.261],-0.10174255771003263,0.261180080073654,116.13615689023939,Baixa
Motivo_Nao_Procura_NemNem,Motivo de Não Procurar Trabalho (Nem-Nem),VD4030Por problema de saúde ou gravidez,Outro,Micro_2253012,Micro 2253012,0.4096174913254802,0.17367615716137694,[0.069 — 0.750],0.06921222328918142,0.750022759361779,42.39959494878471,Baixa
Motivo_Nao_Procura_NemNem,Motivo de Não Procurar Trabalho (Nem-Nem),VD4030Por ser muito jovem ou muito idoso para trabalhar,Outro,Micro_2253012,Micro 2253012,0.05814902967906143,0.06050587160772688,[-0.060 — 0.177],-0.06044247867208325,0.17674053803020612,104.05310620258572,Baixa
Motivo_Nao_Procura_NemNem,Motivo de Não Procurar Trabalho (Nem-Nem),VD4030Por não querer trabalhar,Outro,Micro_2253012,Micro 2253012,0.04731949118621213,0.05424950529525926,[-0.059 — 0.154],-0.05900953919249601,0.15364852156492026,114.64515770420284,Baixa
Motivo_Nao_Procura_NemNem,Motivo de Não Procurar Trabalho (Nem-Nem),VD4030Por outro motivo,Outro,Micro_2253012,Micro 2253012,0,0,[0.000 — 0.000],0,0,NA,NA
Motivo_Nao_Procura_NemNem,Motivo de Não Procurar Trabalho (Nem-Nem),"VD4030Tinha que cuidar dos afazeres domésticos, do(s) filho(s) ou de outro(s) parente(s)",Outro,Micro_2253020,Micro 2253020,0.37890395643831465,0.1790639507249995,[0.028 — 0.730],0.02793861301731565,0.7298692998593137,47.25840089087352,Baixa
Motivo_Nao_Procura_NemNem,Motivo de Não Procurar Trabalho (Nem-Nem),VD4030Estava estudando,Outro,Micro_2253020,Micro 2253020,0.03103277630202731,0.03311450583307361,[-0.034 — 0.096],-0.033871655130796964,0.09593720773485159,106.70816400951631,Baixa
Motivo_Nao_Procura_NemNem,Motivo de Não Procurar Trabalho (Nem-Nem),VD4030Por problema de saúde ou gravidez,Outro,Micro_2253020,Micro 2253020,0.08606534861553006,0.06773504819317543,[-0.047 — 0.219],-0.04669534584309379,0.2188260430741539,78.70188093440544,Baixa
Motivo_Nao_Procura_NemNem,Motivo de Não Procurar Trabalho (Nem-Nem),VD4030Por ser muito jovem ou muito idoso para trabalhar,Outro,Micro_2253020,Micro 2253020,0,0,[0.000 — 0.000],0,0,NA,NA
Motivo_Nao_Procura_NemNem,Motivo de Não Procurar Trabalho (Nem-Nem),VD4030Por não querer trabalhar,Outro,Micro_2253020,Micro 2253020,0.05983476509321763,0.04606068906713091,[-0.030 — 0.150],-0.03044418547835894,0.1501137156647942,76.9798109767326,Baixa
Motivo_Nao_Procura_NemNem,Motivo de Não Procurar Trabalho (Nem-Nem),VD4030Por outro motivo,Outro,Micro_2253020,Micro 2253020,0.44416315355091024,0.1736938405997765,[0.104 — 0.785],0.10372322597534833,0.7846030811264721,39.10586441292177,Baixa
Motivo_Nao_Procura_NemNem,Motivo de Não Procurar Trabalho (Nem-Nem),"VD4030Tinha que cuidar dos afazeres domésticos, do(s) filho(s) ou de outro(s) parente(s)",Outro,Micro_2253021,Micro 2253021,0.49265924064860706,0.16303657602771843,[0.173 — 0.812],0.17310755163427893,0.8122109296629352,33.09317324751156,Baixa
Motivo_Nao_Procura_NemNem,Motivo de Não Procurar Trabalho (Nem-Nem),VD4030Estava estudando,Outro,Micro_2253021,Micro 2253021,0,0,[0.000 — 0.000],0,0,NA,NA
Motivo_Nao_Procura_NemNem,Motivo de Não Procurar Trabalho (Nem-Nem),VD4030Por problema de saúde ou gravidez,Outro,Micro_2253021,Micro 2253021,0.2271128231496295,0.22509235699126195,[-0.214 — 0.668],-0.21406819655324394,0.6682938428525029,99.1103689653682,Baixa
Motivo_Nao_Procura_NemNem,Motivo de Não Procurar Trabalho (Nem-Nem),VD4030Por ser muito jovem ou muito idoso para trabalhar,Outro,Micro_2253021,Micro 2253021,0,0,[0.000 — 0.000],0,0,NA,NA
Motivo_Nao_Procura_NemNem,Motivo de Não Procurar Trabalho (Nem-Nem),VD4030Por não querer trabalhar,Outro,Micro_2253021,Micro 2253021,0,0,[0.000 — 0.000],0,0,NA,NA
Motivo_Nao_Procura_NemNem,Motivo de Não Procurar Trabalho (Nem-Nem),VD4030Por outro motivo,Outro,Micro_2253021,Micro 2253021,0.2802279362017634,0.21379896625722425,[-0.139 — 0.699],-0.13881803766239614,0.6992739100659229,76.29466539099425,Baixa
Motivo_Nao_Procura_NemNem,Motivo de Não Procurar Trabalho (Nem-Nem),"VD4030Tinha que cuidar dos afazeres domésticos, do(s) filho(s) ou de outro(s) parente(s)",Outro,Micro_2253022,Micro 2253022,1,0,[1.000 — 1.000],1,1,0,Excelente (***)
Motivo_Nao_Procura_NemNem,Motivo de Não Procurar Trabalho (Nem-Nem),VD4030Estava estudando,Outro,Micro_2253022,Micro 2253022,0,0,[0.000 — 0.000],0,0,NA,NA
Motivo_Nao_Procura_NemNem,Motivo de Não Procurar Trabalho (Nem-Nem),VD4030Por problema de saúde ou gravidez,Outro,Micro_2253022,Micro 2253022,0,0,[0.000 — 0.000],0,0,NA,NA
Motivo_Nao_Procura_NemNem,Motivo de Não Procurar Trabalho (Nem-Nem),VD4030Por ser muito jovem ou muito idoso para trabalhar,Outro,Micro_2253022,Micro 2253022,0,0,[0.000 — 0.000],0,0,NA,NA
Motivo_Nao_Procura_NemNem,Motivo de Não Procurar Trabalho (Nem-Nem),VD4030Por não querer trabalhar,Outro,Micro_2253022,Micro 2253022,0,0,[0.000 — 0.000],0,0,NA,NA
Motivo_Nao_Procura_NemNem,Motivo de Não Procurar Trabalho (Nem-Nem),VD4030Por outro motivo,Outro,Micro_2253022,Micro 2253022,0,0,[0.000 — 0.000],0,0,NA,NA
Motivo_Nao_Procura_NemNem,Motivo de Não Procurar Trabalho (Nem-Nem),"VD4030Tinha que cuidar dos afazeres domésticos, do(s) filho(s) ou de outro(s) parente(s)",Outro,Micro_2254020,Micro 2254020,0.41371464950497455,0.1424460035913963,[0.135 — 0.693],0.1345204824658378,0.6929088165441113,34.430978879244044,Baixa
Motivo_Nao_Procura_NemNem,Motivo de Não Procurar Trabalho (Nem-Nem),VD4030Estava estudando,Outro,Micro_2254020,Micro 2254020,0.0425975454544673,0.06117587784606288,[-0.077 — 0.163],-0.07730717512381595,0.16250226603275053,143.61362184930127,Baixa
Motivo_Nao_Procura_NemNem,Motivo de Não Procurar Trabalho (Nem-Nem),VD4030Por problema de saúde ou gravidez,Outro,Micro_2254020,Micro 2254020,0.1197193133253225,0.09934580110094852,[-0.075 — 0.314],-0.0749984568325366,0.3144370834831816,82.98226772399583,Baixa
Motivo_Nao_Procura_NemNem,Motivo de Não Procurar Trabalho (Nem-Nem),VD4030Por ser muito jovem ou muito idoso para trabalhar,Outro,Micro_2254020,Micro 2254020,0.05686779781982004,0.06806994666323007,[-0.077 — 0.190],-0.0765492976401109,0.19028489327975098,119.69858034401635,Baixa
Motivo_Nao_Procura_NemNem,Motivo de Não Procurar Trabalho (Nem-Nem),VD4030Por não querer trabalhar,Outro,Micro_2254020,Micro 2254020,0,0,[0.000 — 0.000],0,0,NA,NA
Motivo_Nao_Procura_NemNem,Motivo de Não Procurar Trabalho (Nem-Nem),VD4030Por outro motivo,Outro,Micro_2254020,Micro 2254020,0.3671006938954156,0.1754968177432808,[0.023 — 0.711],0.02312693111858527,0.711074456672246,47.8061797925336,Baixa
Motivo_Nao_Procura_NemNem,Motivo de Não Procurar Trabalho (Nem-Nem),"VD4030Tinha que cuidar dos afazeres domésticos, do(s) filho(s) ou de outro(s) parente(s)",Zona,Zona_Rural,Zona Rural,0.4163415994772105,0.04301399390306637,[0.332 — 0.501],0.33203417142720043,0.5006490275272206,10.331418709318969,Boa (**)
Motivo_Nao_Procura_NemNem,Motivo de Não Procurar Trabalho (Nem-Nem),VD4030Estava estudando,Zona,Zona_Rural,Zona Rural,0.01284078277806225,0.00631204582222903,[0.000 — 0.025],4.6917296649335097e-4,0.02521239258963115,49.15623861352754,Baixa
Motivo_Nao_Procura_NemNem,Motivo de Não Procurar Trabalho (Nem-Nem),VD4030Por problema de saúde ou gravidez,Zona,Zona_Rural,Zona Rural,0.15937228120258856,0.029840386014384,[0.101 — 0.218],0.10088512461439592,0.2178594377907812,18.723698869850477,Regular (*)
Motivo_Nao_Procura_NemNem,Motivo de Não Procurar Trabalho (Nem-Nem),VD4030Por ser muito jovem ou muito idoso para trabalhar,Zona,Zona_Rural,Zona Rural,0.00369129552395578,0.00303814852921906,[-0.002 — 0.010],-0.0022634755933135776,0.009646066641225137,82.30575172055651,Baixa
Motivo_Nao_Procura_NemNem,Motivo de Não Procurar Trabalho (Nem-Nem),VD4030Por não querer trabalhar,Zona,Zona_Rural,Zona Rural,0.03590608032897668,0.01306103947264039,[0.010 — 0.062],0.010306442962601515,0.06150571769535185,36.37556467588014,Baixa
Motivo_Nao_Procura_NemNem,Motivo de Não Procurar Trabalho (Nem-Nem),VD4030Por outro motivo,Zona,Zona_Rural,Zona Rural,0.37184796068920617,0.04392740980497785,[0.286 — 0.458],0.28575023747144956,0.4579456839069628,11.81327167252983,Boa (**)
Motivo_Nao_Procura_NemNem,Motivo de Não Procurar Trabalho (Nem-Nem),"VD4030Tinha que cuidar dos afazeres domésticos, do(s) filho(s) ou de outro(s) parente(s)",Zona,Zona_Urbana,Zona Urbana,0.44526167512601184,0.03760746678917968,[0.372 — 0.519],0.3715510402192197,0.518972310032804,8.446149509395017,Boa (**)
Motivo_Nao_Procura_NemNem,Motivo de Não Procurar Trabalho (Nem-Nem),VD4030Estava estudando,Zona,Zona_Urbana,Zona Urbana,0.11353763297774332,0.02057377933681683,[0.073 — 0.154],0.07321302547758234,0.1538622404779043,18.120669594063045,Regular (*)
Motivo_Nao_Procura_NemNem,Motivo de Não Procurar Trabalho (Nem-Nem),VD4030Por problema de saúde ou gravidez,Zona,Zona_Urbana,Zona Urbana,0.20493545869508392,0.02736630866301617,[0.151 — 0.259],0.15129749371557222,0.2585734236745956,13.35362305638553,Boa (**)
Motivo_Nao_Procura_NemNem,Motivo de Não Procurar Trabalho (Nem-Nem),VD4030Por ser muito jovem ou muito idoso para trabalhar,Zona,Zona_Urbana,Zona Urbana,0.00106787223048481,0.00106204218534783,[-0.001 — 0.003],-0.001013730452796937,0.0031494749137665565,99.4540503095269,Baixa
Motivo_Nao_Procura_NemNem,Motivo de Não Procurar Trabalho (Nem-Nem),VD4030Por não querer trabalhar,Zona,Zona_Urbana,Zona Urbana,0.06045803449760603,0.01754120310535903,[0.026 — 0.095],0.02607727641110233,0.09483879258410972,29.01384944304402,Regular (*)
Motivo_Nao_Procura_NemNem,Motivo de Não Procurar Trabalho (Nem-Nem),VD4030Por outro motivo,Zona,Zona_Urbana,Zona Urbana,0.17473932647307017,0.03419805923183339,[0.108 — 0.242],0.10771113037867673,0.2417675225674636,19.57090022153874,Regular (*)
Nivel_Ocupacao,Nivel_Ocupacao,ocup/pit,Agregados nacionais,Brasil,Brasil,0.5875568143807174,9.998986544299386e-4,[0.586 — 0.590],0.5855970130180347,0.5895166157434001,0.17017905842583544,Excelente (***)
Nivel_Ocupacao,Nivel_Ocupacao,ocup/pit,Agregados nacionais,Nordeste,Nordeste,0.5007136837494235,0.0023231565106986,[0.496 — 0.505],0.4961602969884542,0.5052670705103928,0.4639690478004187,Excelente (***)
Nivel_Ocupacao,Nivel_Ocupacao,ocup/pit,Agregados nacionais,Piauí,Piauí,0.4849019312690736,0.0082941982763424,[0.469 — 0.501],0.46864530264744253,0.5011585598907047,1.710489841654172,Excelente (***)
Nivel_Ocupacao,Nivel_Ocupacao,ocup/pit,Agregados nacionais,Teresina,Teresina,0.5788036908741268,0.01307771770085603,[0.553 — 0.604],0.553171364180449,0.6044360175678045,2.259439237698306,Excelente (***)
Nivel_Ocupacao,Nivel_Ocupacao,ocup/pit,Estrato administrativo,Admin_Capital,Capital,0.5788036908741268,0.01307771770085603,[0.553 — 0.604],0.553171364180449,0.6044360175678045,2.259439237698306,Excelente (***)
Nivel_Ocupacao,Nivel_Ocupacao,ocup/pit,Estrato administrativo,"Admin_Resto da RIDE (Região Integrada de Desenvolvimento Econômico, excluindo a capital)","Resto da RIDE (Região Integrada de Desenvolvimento Econômico, excluindo a capital)",0.4428385368819735,0.01445111952948297,[0.415 — 0.471],0.4145143426041869,0.4711627311597601,3.263293125127121,Excelente (***)
Nivel_Ocupacao,Nivel_Ocupacao,ocup/pit,Estrato administrativo,"Admin_Resto da UF  (Unidade da Federação, excluindo a região metropolitana e a RIDE)","Resto da UF  (Unidade da Federação, excluindo a região metropolitana e a RIDE)",0.45047075729323705,0.01059979180318899,[0.430 — 0.471],0.4296951653589866,0.4712463492274875,2.3530477021150973,Excelente (***)
Nivel_Ocupacao,Nivel_Ocupacao,ocup/pit,Estrato agregado,Agreg_Alto Parnaíba e Chapadas Sul do Piauí,Alto Parnaíba e Chapadas Sul do Piauí,0.4659538120720715,0.0229403469006497,[0.421 — 0.511],0.42099073214679805,0.5109168919973449,4.92330920067704,Excelente (***)
Nivel_Ocupacao,Nivel_Ocupacao,ocup/pit,Estrato agregado,Agreg_Baixo Parnaíba do Piauí,Baixo Parnaíba do Piauí,0.4510096733340292,0.01841944263193911,[0.415 — 0.487],0.41490756577542853,0.48711178089262985,4.084046024063259,Excelente (***)
Nivel_Ocupacao,Nivel_Ocupacao,ocup/pit,Estrato agregado,Agreg_Centro-Leste do Piauí,Centro-Leste do Piauí,0.43891707337891783,0.0173754550794102,[0.405 — 0.473],0.4048611814232739,0.4729729653345618,3.958710228711003,Excelente (***)
Nivel_Ocupacao,Nivel_Ocupacao,ocup/pit,Estrato agregado,Agreg_Entorno metropolitano de Teresina (PI),Entorno metropolitano de Teresina (PI),0.4428385368819735,0.01445111952948297,[0.415 — 0.471],0.4145143426041869,0.4711627311597601,3.263293125127121,Excelente (***)
Nivel_Ocupacao,Nivel_Ocupacao,ocup/pit,Estrato agregado,Agreg_Teresina,Teresina,0.5788036908741268,0.01307771770085603,[0.553 — 0.604],0.553171364180449,0.6044360175678045,2.259439237698306,Excelente (***)
Nivel_Ocupacao,Nivel_Ocupacao,ocup/pit,Outro,Micro_2210011,Micro 2210011,0.5920092931362128,0.01755625052423151,[0.558 — 0.626],0.557599042108719,0.6264195441637065,2.9655363062336377,Excelente (***)
Nivel_Ocupacao,Nivel_Ocupacao,ocup/pit,Outro,Micro_2210012,Micro 2210012,0.5754145285541916,0.03761750064933785,[0.502 — 0.649],0.5016842272814894,0.6491448298268938,6.537461044624128,Boa (**)
Nivel_Ocupacao,Nivel_Ocupacao,ocup/pit,Outro,Micro_2210013,Micro 2210013,0.6227866174346438,0.0313218870051219,[0.561 — 0.684],0.5613957189046048,0.6841775159646828,5.02931279001172,Boa (**)
Nivel_Ocupacao,Nivel_Ocupacao,ocup/pit,Outro,Micro_2210020,Micro 2210020,0.44508046450194616,0.02647914751878249,[0.393 — 0.497],0.3931813353651325,0.4969795936387598,5.949294482833162,Boa (**)
Nivel_Ocupacao,Nivel_Ocupacao,ocup/pit,Outro,Micro_2210030,Micro 2210030,0.5525889723135191,0.0251725864381476,[0.503 — 0.602],0.5032507028947498,0.6019272417322884,4.555390660938774,Excelente (***)
Nivel_Ocupacao,Nivel_Ocupacao,ocup/pit,Outro,Micro_2220010,Micro 2220010,0.4941311368280591,0.01962100322628116,[0.456 — 0.533],0.455673970504548,0.5325883031515701,3.970808913648484,Excelente (***)
Nivel_Ocupacao,Nivel_Ocupacao,ocup/pit,Outro,Micro_2220020,Micro 2220020,0.34731095436960063,0.0162315717080044,[0.315 — 0.379],0.315497073821912,0.37912483491728927,4.673498346018514,Excelente (***)
Nivel_Ocupacao,Nivel_Ocupacao,ocup/pit,Outro,Micro_2251011,Micro 2251011,0.4716337682973218,0.02814685834047676,[0.416 — 0.527],0.4164659259499873,0.5268016106446562,5.967948063195668,Boa (**)
Nivel_Ocupacao,Nivel_Ocupacao,ocup/pit,Outro,Micro_2251012,Micro 2251012,0.5634474112555264,0.03585823900065212,[0.493 — 0.634],0.4931652628142483,0.6337295596968046,6.36407911090574,Boa (**)
Nivel_Ocupacao,Nivel_Ocupacao,ocup/pit,Outro,Micro_2251013,Micro 2251013,0.465075650271954,0.04509805467213132,[0.377 — 0.553],0.3766834631145766,0.5534678374293314,9.696928799811415,Boa (**)
Nivel_Ocupacao,Nivel_Ocupacao,ocup/pit,Outro,Micro_2251020,Micro 2251020,0.3593472630152666,0.02851931828131186,[0.303 — 0.415],0.30344939918389535,0.41524512684663784,7.936422846804941,Boa (**)
Nivel_Ocupacao,Nivel_Ocupacao,ocup/pit,Outro,Micro_2251021,Micro 2251021,0.31663487409501784,0.04132419090697465,[0.236 — 0.398],0.23563945991734753,0.39763028827268815,13.051054791448468,Boa (**)
Nivel_Ocupacao,Nivel_Ocupacao,ocup/pit,Outro,Micro_2251022,Micro 2251022,0.36407864277575225,0.06182225588754279,[0.243 — 0.485],0.24290702123616836,0.48525026431533613,16.980467575963008,Regular (*)
Nivel_Ocupacao,Nivel_Ocupacao,ocup/pit,Outro,Micro_2252011,Micro 2252011,0.47886023615684137,0.03028187682332256,[0.420 — 0.538],0.41950775758312914,0.5382127147305535,6.32374010971425,Boa (**)
Nivel_Ocupacao,Nivel_Ocupacao,ocup/pit,Outro,Micro_2252012,Micro 2252012,0.549737264871037,0.03342056122185574,[0.484 — 0.615],0.48423296487619977,0.6152415648658742,6.079369793076675,Boa (**)
Nivel_Ocupacao,Nivel_Ocupacao,ocup/pit,Outro,Micro_2252013,Micro 2252013,0.5394353836092775,0.03594666742911138,[0.469 — 0.610],0.46897991544821915,0.6098908517703358,6.663757795900942,Boa (**)
Nivel_Ocupacao,Nivel_Ocupacao,ocup/pit,Outro,Micro_2252020,Micro 2252020,0.3641550287433101,0.03842869130450215,[0.289 — 0.439],0.2888347937864859,0.43947526370013434,10.552838288988784,Boa (**)
Nivel_Ocupacao,Nivel_Ocupacao,ocup/pit,Outro,Micro_2252021,Micro 2252021,0.48983987500109755,0.06387040818610573,[0.365 — 0.615],0.3646538749563303,0.6150258750458648,13.039038152204865,Boa (**)
Nivel_Ocupacao,Nivel_Ocupacao,ocup/pit,Outro,Micro_2252022,Micro 2252022,0.26769661528735494,0.11109225747435104,[0.050 — 0.485],0.049955790637626896,0.485437439937083,41.49931345045238,Baixa
Nivel_Ocupacao,Nivel_Ocupacao,ocup/pit,Outro,Micro_2253010,Micro 2253010,0.5352661882794844,0.05240218634179054,[0.433 — 0.638],0.4325579030495749,0.6379744735093938,9.78993022335818,Boa (**)
Nivel_Ocupacao,Nivel_Ocupacao,ocup/pit,Outro,Micro_2253011,Micro 2253011,0.5486556295151638,0.04315094359280003,[0.464 — 0.633],0.4640797800732757,0.6332314789570518,7.864850239654276,Boa (**)
Nivel_Ocupacao,Nivel_Ocupacao,ocup/pit,Outro,Micro_2253012,Micro 2253012,0.5027168694947333,0.04262417016560751,[0.419 — 0.586],0.41917349597014253,0.586260243019324,8.478762649928155,Boa (**)
Nivel_Ocupacao,Nivel_Ocupacao,ocup/pit,Outro,Micro_2253020,Micro 2253020,0.325663037200434,0.04436003479451773,[0.239 — 0.413],0.23871736900317925,0.41260870539768874,13.621452153692134,Boa (**)
Nivel_Ocupacao,Nivel_Ocupacao,ocup/pit,Outro,Micro_2253021,Micro 2253021,0.330059459943101,0.04181648894015896,[0.248 — 0.412],0.24809914162038943,0.41201977826581254,12.66938052536586,Boa (**)
Nivel_Ocupacao,Nivel_Ocupacao,ocup/pit,Outro,Micro_2253022,Micro 2253022,0.3952566848991916,0.10894151275299604,[0.182 — 0.609],0.18173131990331934,0.6087820498950638,27.562218911182,Regular (*)
Nivel_Ocupacao,Nivel_Ocupacao,ocup/pit,Outro,Micro_2254020,Micro 2254020,0.4797686776649565,0.02584198176647389,[0.429 — 0.530],0.42911839340266766,0.5304189619272454,5.386341995531538,Boa (**)
Nivel_Ocupacao,Nivel_Ocupacao,ocup/pit,Zona,Zona_Rural,Zona Rural,0.3619732145067052,0.01509719541594463,[0.332 — 0.392],0.33238271149145376,0.3915637175219567,4.170804581913331,Excelente (***)
Nivel_Ocupacao,Nivel_Ocupacao,ocup/pit,Zona,Zona_Urbana,Zona Urbana,0.5387827877056076,0.00941382844316405,[0.520 — 0.557],0.520331683957006,0.5572338914542092,1.7472400117406484,Excelente (***)
Ocupados_Agropecuaria,Ocupados_Agropecuaria,ocup_agro,Agregados nacionais,Brasil,Brasil,7918182.71261535,109093.41221242116,[7704359.625 — 8132005.801],7704359.624679005,8132005.800551696,1.3777582075570463,Excelente (***)
Ocupados_Agropecuaria,Ocupados_Agropecuaria,ocup_agro,Agregados nacionais,Nordeste,Nordeste,2511856.77877767,54239.76493948921,[2405546.839 — 2618166.718],2405546.839496271,2618166.718059069,2.1593494261995136,Excelente (***)
Ocupados_Agropecuaria,Ocupados_Agropecuaria,ocup_agro,Agregados nacionais,Piauí,Piauí,143448.49964311,8899.831048811975,[126004.831 — 160892.168],126004.83078743852,160892.16849878148,6.204199465978482,Boa (**)
Ocupados_Agropecuaria,Ocupados_Agropecuaria,ocup_agro,Agregados nacionais,Teresina,Teresina,2007.22124606,885.603492571788,[271.438 — 3743.004],271.43840061929563,3743.004091500705,44.1208707963883,Baixa
Ocupados_Agropecuaria,Ocupados_Agropecuaria,ocup_agro,Estrato administrativo,Admin_Capital,Capital,2007.22124606,885.603492571788,[271.438 — 3743.004],271.43840061929563,3743.004091500705,44.1208707963883,Baixa
Ocupados_Agropecuaria,Ocupados_Agropecuaria,ocup_agro,Estrato administrativo,"Admin_Resto da RIDE (Região Integrada de Desenvolvimento Econômico, excluindo a capital)","Resto da RIDE (Região Integrada de Desenvolvimento Econômico, excluindo a capital)",8247.90038152,1242.1198694576938,[5813.345 — 10682.455],5813.345437382919,10682.45532565708,15.059831132790483,Regular (*)
Ocupados_Agropecuaria,Ocupados_Agropecuaria,ocup_agro,Estrato administrativo,"Admin_Resto da UF  (Unidade da Federação, excluindo a região metropolitana e a RIDE)","Resto da UF  (Unidade da Federação, excluindo a região metropolitana e a RIDE)",133193.37801553,8743.663318654484,[116055.798 — 150330.958],116055.79791096722,150330.9581200928,6.564638159139561,Boa (**)
Ocupados_Agropecuaria,Ocupados_Agropecuaria,ocup_agro,Estrato agregado,Agreg_Alto Parnaíba e Chapadas Sul do Piauí,Alto Parnaíba e Chapadas Sul do Piauí,40728.39366503,4971.818993789823,[30983.628 — 50473.159],30983.62843720195,50473.15889285805,12.207255298798342,Boa (**)
Ocupados_Agropecuaria,Ocupados_Agropecuaria,ocup_agro,Estrato agregado,Agreg_Baixo Parnaíba do Piauí,Baixo Parnaíba do Piauí,46134.0625547,6778.832947511503,[32847.550 — 59420.575],32847.54997757745,59420.57513182255,14.693769792057681,Boa (**)
Ocupados_Agropecuaria,Ocupados_Agropecuaria,ocup_agro,Estrato agregado,Agreg_Centro-Leste do Piauí,Centro-Leste do Piauí,46330.9217958,5001.421786068828,[36528.135 — 56133.708],36528.1350951051,56133.7084964949,10.794997362910697,Boa (**)
Ocupados_Agropecuaria,Ocupados_Agropecuaria,ocup_agro,Estrato agregado,Agreg_Entorno metropolitano de Teresina (PI),Entorno metropolitano de Teresina (PI),8247.90038152,1242.1198694576938,[5813.345 — 10682.455],5813.345437382919,10682.45532565708,15.059831132790483,Regular (*)
Ocupados_Agropecuaria,Ocupados_Agropecuaria,ocup_agro,Estrato agregado,Agreg_Teresina,Teresina,2007.22124606,885.603492571788,[271.438 — 3743.004],271.43840061929563,3743.004091500705,44.1208707963883,Baixa
Ocupados_Agropecuaria,Ocupados_Agropecuaria,ocup_agro,Outro,Micro_2210011,Micro 2210011,956.99918236,820.9161908791939,[-651.997 — 2565.995],-651.99655176322,2565.99491648322,85.78023952484267,Baixa
Ocupados_Agropecuaria,Ocupados_Agropecuaria,ocup_agro,Outro,Micro_2210012,Micro 2210012,0,0,[0.000 — 0.000],0,0,NA,NA
Ocupados_Agropecuaria,Ocupados_Agropecuaria,ocup_agro,Outro,Micro_2210013,Micro 2210013,204.97192016,207.22953840279175,[-201.198 — 611.142],-201.1979751094718,611.1418154294718,101.10142805952613,Baixa
Ocupados_Agropecuaria,Ocupados_Agropecuaria,ocup_agro,Outro,Micro_2210020,Micro 2210020,522.69682202,222.97592848684744,[85.664 — 959.730],85.66400218577905,959.729641854221,42.65874960271246,Baixa
Ocupados_Agropecuaria,Ocupados_Agropecuaria,ocup_agro,Outro,Micro_2210030,Micro 2210030,322.55332152,225.69420004229252,[-119.807 — 764.914],-119.80731056289335,764.9139536028933,69.97112879778493,Baixa
Ocupados_Agropecuaria,Ocupados_Agropecuaria,ocup_agro,Outro,Micro_2220010,Micro 2220010,1942.5186809,747.3208100616914,[477.770 — 3407.267],477.7698931790849,3407.2674686209148,38.47174379375573,Baixa
Ocupados_Agropecuaria,Ocupados_Agropecuaria,ocup_agro,Outro,Micro_2220020,Micro 2220020,6305.38170062,1294.4011899448217,[3768.355 — 8842.408],3768.3553683281493,8842.40803291185,20.528514392991386,Regular (*)
Ocupados_Agropecuaria,Ocupados_Agropecuaria,ocup_agro,Outro,Micro_2251011,Micro 2251011,4226.48862803,1576.37983409311,[1136.784 — 7316.193],1136.784153207504,7316.193102852496,37.29762393393386,Baixa
Ocupados_Agropecuaria,Ocupados_Agropecuaria,ocup_agro,Outro,Micro_2251012,Micro 2251012,4498.76393004,1611.651433334755,[1339.927 — 7657.601],1339.92712070388,7657.600739376119,35.824316598902435,Baixa
Ocupados_Agropecuaria,Ocupados_Agropecuaria,ocup_agro,Outro,Micro_2251013,Micro 2251013,4999.82249141,1917.778309701579,[1240.977 — 8758.668],1240.9770043949052,8758.667978425095,38.35692793087033,Baixa
Ocupados_Agropecuaria,Ocupados_Agropecuaria,ocup_agro,Outro,Micro_2251020,Micro 2251020,27859.08204733,3528.1204051775508,[20943.966 — 34774.198],20943.966053182,34774.198041478,12.664166030968287,Boa (**)
Ocupados_Agropecuaria,Ocupados_Agropecuaria,ocup_agro,Outro,Micro_2251021,Micro 2251021,2328.88979238,886.4318677085622,[591.483 — 4066.296],591.4833316712181,4066.2962530887817,38.0624223013437,Baixa
Ocupados_Agropecuaria,Ocupados_Agropecuaria,ocup_agro,Outro,Micro_2251022,Micro 2251022,2417.87490661,699.9485194031785,[1045.976 — 3789.774],1045.97580857977,3789.7740046402296,28.94891367165668,Regular (*)
Ocupados_Agropecuaria,Ocupados_Agropecuaria,ocup_agro,Outro,Micro_2252011,Micro 2252011,6195.41251409,2296.926464936906,[1693.437 — 10697.388],1693.4366428136636,10697.388385366336,37.074633201793915,Baixa
Ocupados_Agropecuaria,Ocupados_Agropecuaria,ocup_agro,Outro,Micro_2252012,Micro 2252012,3118.35800926,1084.4776725534998,[992.782 — 5243.934],992.7817710551403,5243.93424746486,34.77720227546455,Baixa
Ocupados_Agropecuaria,Ocupados_Agropecuaria,ocup_agro,Outro,Micro_2252013,Micro 2252013,898.80442444,502.15095659331234,[-85.411 — 1883.020],-85.41145048289218,1883.0202993628923,55.86876776960432,Baixa
Ocupados_Agropecuaria,Ocupados_Agropecuaria,ocup_agro,Outro,Micro_2252020,Micro 2252020,26085.1055905,5751.995131950371,[14811.195 — 37359.016],14811.195131877274,37359.01604912273,22.05087923449006,Regular (*)
Ocupados_Agropecuaria,Ocupados_Agropecuaria,ocup_agro,Outro,Micro_2252021,Micro 2252021,8873.62628663,2603.4703620089517,[3770.824 — 13976.428],3770.8243770924546,13976.428196167546,29.33941860873307,Regular (*)
Ocupados_Agropecuaria,Ocupados_Agropecuaria,ocup_agro,Outro,Micro_2252022,Micro 2252022,962.75572978,504.2556117031676,[-25.585 — 1951.097],-25.585269158208348,1951.0967287182084,52.37627739887826,Baixa
Ocupados_Agropecuaria,Ocupados_Agropecuaria,ocup_agro,Outro,Micro_2253010,Micro 2253010,1981.18770517,1546.9381520471595,[-1050.811 — 5013.186],-1050.8110728424324,5013.186483182432,78.08135231257258,Baixa
Ocupados_Agropecuaria,Ocupados_Agropecuaria,ocup_agro,Outro,Micro_2253011,Micro 2253011,12917.42437155,2480.1289772254195,[8056.372 — 17778.477],8056.371576188178,17778.47716691182,19.199872249206145,Regular (*)
Ocupados_Agropecuaria,Ocupados_Agropecuaria,ocup_agro,Outro,Micro_2253012,Micro 2253012,1572.56802282,479.91925820853027,[631.926 — 2513.210],631.9262767312806,2513.209768908719,30.51818752793392,Baixa
Ocupados_Agropecuaria,Ocupados_Agropecuaria,ocup_agro,Outro,Micro_2253020,Micro 2253020,15987.0644106,3688.919335911465,[8756.783 — 23217.346],8756.78251221353,23217.34630898647,23.074400910435934,Regular (*)
Ocupados_Agropecuaria,Ocupados_Agropecuaria,ocup_agro,Outro,Micro_2253021,Micro 2253021,4759.49500572,480.1587770068105,[3818.384 — 5700.606],3818.383802786652,5700.606208653349,10.088439559864055,Boa (**)
Ocupados_Agropecuaria,Ocupados_Agropecuaria,ocup_agro,Outro,Micro_2253022,Micro 2253022,1608.57962181,272.6382250517254,[1074.209 — 2142.951],1074.2087007086182,2142.9505429113815,16.94900403779506,Regular (*)
Ocupados_Agropecuaria,Ocupados_Agropecuaria,ocup_agro,Outro,Micro_2254020,Micro 2254020,1902.07452736,397.3031973493725,[1123.360 — 2680.789],1123.36026055523,2680.78879416477,20.887888020918545,Regular (*)
Ocupados_Agropecuaria,Ocupados_Agropecuaria,ocup_agro,Zona,Zona_Rural,Zona Rural,99612.62644136,7823.943803924245,[84277.697 — 114947.556],84277.69658566848,114947.55629705152,7.854369554777323,Boa (**)
Ocupados_Agropecuaria,Ocupados_Agropecuaria,ocup_agro,Zona,Zona_Urbana,Zona Urbana,43835.87320175,4863.8319425572045,[34302.763 — 53368.984],34302.76259433788,53368.98380916212,11.095551627708952,Boa (**)
PIT_por_Faixa_Etaria_Projeto,PIT_por_Faixa_Etaria_Projeto,Faixa_Etaria_projetoJovens,Agregados nacionais,Brasil,Brasil,49058249.00000144,0.00122594184899096,[49058248.998 — 49058249.002],49058248.99759859,49058249.00240429,2.4989514994530765e-9,Excelente (***)
PIT_por_Faixa_Etaria_Projeto,PIT_por_Faixa_Etaria_Projeto,Faixa_Etaria_projetoAdulto,Agregados nacionais,Brasil,Brasil,100891923.00000387,0.00149692815695306,[100891922.997 — 100891923.003],100891922.9970699,100891923.00293785,1.4836947422966679e-9,Excelente (***)
PIT_por_Faixa_Etaria_Projeto,PIT_por_Faixa_Etaria_Projeto,Faixa_Etaria_projetoIdoso,Agregados nacionais,Brasil,Brasil,25449458.00000058,2.882333919728652e-4,[25449457.999 — 25449458.001],25449457.999435645,25449458.000565518,1.1325718291244496e-9,Excelente (***)
PIT_por_Faixa_Etaria_Projeto,PIT_por_Faixa_Etaria_Projeto,Faixa_Etaria_projetoJovens,Agregados nacionais,Nordeste,Nordeste,13635153.03396756,78517.17661233584,[13481259.368 — 13789046.700],13481259.367807383,13789046.700127738,0.5758437504642285,Excelente (***)
PIT_por_Faixa_Etaria_Projeto,PIT_por_Faixa_Etaria_Projeto,Faixa_Etaria_projetoAdulto,Agregados nacionais,Nordeste,Nordeste,26318612.98265029,79795.15567207462,[26162214.478 — 26475011.488],26162214.477533024,26475011.48776756,0.30318906138662033,Excelente (***)
PIT_por_Faixa_Etaria_Projeto,PIT_por_Faixa_Etaria_Projeto,Faixa_Etaria_projetoIdoso,Agregados nacionais,Nordeste,Nordeste,6477246.2002597405,73080.84092822848,[6334007.752 — 6620484.648],6334007.752040412,6620484.648479069,1.128270235046769,Excelente (***)
PIT_por_Faixa_Etaria_Projeto,PIT_por_Faixa_Etaria_Projeto,Faixa_Etaria_projetoJovens,Agregados nacionais,Piauí,Piauí,789645.21624325,17066.43381809133,[756195.006 — 823095.427],756195.0059597909,823095.426526709,2.1612786941564934,Excelente (***)
PIT_por_Faixa_Etaria_Projeto,PIT_por_Faixa_Etaria_Projeto,Faixa_Etaria_projetoAdulto,Agregados nacionais,Piauí,Piauí,1550522.5124001,18018.273686956807,[1515206.696 — 1585838.329],1515206.6959736648,1585838.3288265353,1.1620775282434168,Excelente (***)
PIT_por_Faixa_Etaria_Projeto,PIT_por_Faixa_Etaria_Projeto,Faixa_Etaria_projetoIdoso,Agregados nacionais,Piauí,Piauí,403196.90617466,14221.96776833971,[375321.849 — 431071.963],375321.84934871417,431071.9630006059,3.5273008176751546,Excelente (***)
PIT_por_Faixa_Etaria_Projeto,PIT_por_Faixa_Etaria_Projeto,Faixa_Etaria_projetoJovens,Agregados nacionais,Teresina,Teresina,214459.10926319,7621.625382537103,[199520.724 — 229397.495],199520.7235134173,229397.49501296273,3.5538827931918893,Excelente (***)
PIT_por_Faixa_Etaria_Projeto,PIT_por_Faixa_Etaria_Projeto,Faixa_Etaria_projetoAdulto,Agregados nacionais,Teresina,Teresina,433410.37683329,7994.505439690038,[417741.146 — 449079.607],417741.14617149753,449079.6074950824,1.844557921778855,Excelente (***)
PIT_por_Faixa_Etaria_Projeto,PIT_por_Faixa_Etaria_Projeto,Faixa_Etaria_projetoIdoso,Agregados nacionais,Teresina,Teresina,98742.74311425,7492.9687797124525,[84056.524 — 113428.962],84056.5243060136,113428.9619224864,7.58837413605447,Boa (**)
PIT_por_Faixa_Etaria_Projeto,PIT_por_Faixa_Etaria_Projeto,Faixa_Etaria_projetoJovens,Estrato administrativo,Admin_Capital,Capital,214459.10926319,7621.625382537103,[199520.724 — 229397.495],199520.7235134173,229397.49501296273,3.5538827931918893,Excelente (***)
PIT_por_Faixa_Etaria_Projeto,PIT_por_Faixa_Etaria_Projeto,Faixa_Etaria_projetoAdulto,Estrato administrativo,Admin_Capital,Capital,433410.37683329,7994.505439690038,[417741.146 — 449079.607],417741.14617149753,449079.6074950824,1.844557921778855,Excelente (***)
PIT_por_Faixa_Etaria_Projeto,PIT_por_Faixa_Etaria_Projeto,Faixa_Etaria_projetoIdoso,Estrato administrativo,Admin_Capital,Capital,98742.74311425,7492.9687797124525,[84056.524 — 113428.962],84056.5243060136,113428.9619224864,7.58837413605447,Boa (**)
PIT_por_Faixa_Etaria_Projeto,PIT_por_Faixa_Etaria_Projeto,Faixa_Etaria_projetoJovens,Estrato administrativo,"Admin_Resto da RIDE (Região Integrada de Desenvolvimento Econômico, excluindo a capital)","Resto da RIDE (Região Integrada de Desenvolvimento Econômico, excluindo a capital)",52751.10965829,3722.298383735735,[45455.405 — 60046.814],45455.404826167956,60046.81449041204,7.056341388547008,Boa (**)
PIT_por_Faixa_Etaria_Projeto,PIT_por_Faixa_Etaria_Projeto,Faixa_Etaria_projetoAdulto,Estrato administrativo,"Admin_Resto da RIDE (Região Integrada de Desenvolvimento Econômico, excluindo a capital)","Resto da RIDE (Região Integrada de Desenvolvimento Econômico, excluindo a capital)",102151.92009726,2647.3087905979132,[96963.195 — 107340.645],96963.19486768809,107340.6453268319,2.5915409011180413,Excelente (***)
PIT_por_Faixa_Etaria_Projeto,PIT_por_Faixa_Etaria_Projeto,Faixa_Etaria_projetoIdoso,Estrato administrativo,"Admin_Resto da RIDE (Região Integrada de Desenvolvimento Econômico, excluindo a capital)","Resto da RIDE (Região Integrada de Desenvolvimento Econômico, excluindo a capital)",22983.94523282,3225.494959375769,[16661.975 — 29305.915],16661.97511244349,29305.915353196506,14.033687109425902,Boa (**)
PIT_por_Faixa_Etaria_Projeto,PIT_por_Faixa_Etaria_Projeto,Faixa_Etaria_projetoJovens,Estrato administrativo,"Admin_Resto da UF  (Unidade da Federação, excluindo a região metropolitana e a RIDE)","Resto da UF  (Unidade da Federação, excluindo a região metropolitana e a RIDE)",522434.99732177,13884.458674584695,[495221.458 — 549648.536],495221.458319584,549648.536323956,2.6576432945270696,Excelente (***)
PIT_por_Faixa_Etaria_Projeto,PIT_por_Faixa_Etaria_Projeto,Faixa_Etaria_projetoAdulto,Estrato administrativo,"Admin_Resto da UF  (Unidade da Federação, excluindo a região metropolitana e a RIDE)","Resto da UF  (Unidade da Federação, excluindo a região metropolitana e a RIDE)",1014960.21546955,14746.352537232888,[986057.364 — 1043863.066],986057.3644965736,1043863.0664425264,1.4528995632021693,Excelente (***)
PIT_por_Faixa_Etaria_Projeto,PIT_por_Faixa_Etaria_Projeto,Faixa_Etaria_projetoIdoso,Estrato administrativo,"Admin_Resto da UF  (Unidade da Federação, excluindo a região metropolitana e a RIDE)","Resto da UF  (Unidade da Federação, excluindo a região metropolitana e a RIDE)",281470.21782759,12303.419963856531,[257355.515 — 305584.921],257355.51469843122,305584.9209567488,4.37112674257878,Excelente (***)
PIT_por_Faixa_Etaria_Projeto,PIT_por_Faixa_Etaria_Projeto,Faixa_Etaria_projetoJovens,Estrato agregado,Agreg_Alto Parnaíba e Chapadas Sul do Piauí,Alto Parnaíba e Chapadas Sul do Piauí,121731.29667328,10756.330930404696,[100648.888 — 142813.705],100648.8880496868,142813.7052968732,8.836126143693424,Boa (**)
PIT_por_Faixa_Etaria_Projeto,PIT_por_Faixa_Etaria_Projeto,Faixa_Etaria_projetoAdulto,Estrato agregado,Agreg_Alto Parnaíba e Chapadas Sul do Piauí,Alto Parnaíba e Chapadas Sul do Piauí,264221.7418638,15450.645540279824,[233938.477 — 294505.007],233938.47660485152,294505.0071227484,5.847605663066237,Boa (**)
PIT_por_Faixa_Etaria_Projeto,PIT_por_Faixa_Etaria_Projeto,Faixa_Etaria_projetoIdoso,Estrato agregado,Agreg_Alto Parnaíba e Chapadas Sul do Piauí,Alto Parnaíba e Chapadas Sul do Piauí,72453.90534407,6438.132638676354,[59835.165 — 85072.645],59835.16537226434,85072.64531587565,8.885832458723751,Boa (**)
PIT_por_Faixa_Etaria_Projeto,PIT_por_Faixa_Etaria_Projeto,Faixa_Etaria_projetoJovens,Estrato agregado,Agreg_Baixo Parnaíba do Piauí,Baixo Parnaíba do Piauí,208221.46389115,11789.40262443138,[185114.235 — 231328.693],185114.23474726448,231328.6930350355,5.661953577751436,Boa (**)
PIT_por_Faixa_Etaria_Projeto,PIT_por_Faixa_Etaria_Projeto,Faixa_Etaria_projetoAdulto,Estrato agregado,Agreg_Baixo Parnaíba do Piauí,Baixo Parnaíba do Piauí,394109.87470292,15430.325899339588,[363866.436 — 424353.313],363866.4359402144,424353.3134656256,3.9152345297034152,Excelente (***)
PIT_por_Faixa_Etaria_Projeto,PIT_por_Faixa_Etaria_Projeto,Faixa_Etaria_projetoIdoso,Estrato agregado,Agreg_Baixo Parnaíba do Piauí,Baixo Parnaíba do Piauí,110564.77499705,8701.211951350886,[93510.400 — 127619.150],93510.39957240227,127619.15042169773,7.869786694345504,Boa (**)
PIT_por_Faixa_Etaria_Projeto,PIT_por_Faixa_Etaria_Projeto,Faixa_Etaria_projetoJovens,Estrato agregado,Agreg_Centro-Leste do Piauí,Centro-Leste do Piauí,192482.23675734,10569.431823353792,[171766.150 — 213198.323],171766.15038356656,213198.32313111343,5.491120636071237,Boa (**)
PIT_por_Faixa_Etaria_Projeto,PIT_por_Faixa_Etaria_Projeto,Faixa_Etaria_projetoAdulto,Estrato agregado,Agreg_Centro-Leste do Piauí,Centro-Leste do Piauí,356628.59890283,12896.869497523789,[331350.735 — 381906.463],331350.73468768335,381906.4631179766,3.6163306973139804,Excelente (***)
PIT_por_Faixa_Etaria_Projeto,PIT_por_Faixa_Etaria_Projeto,Faixa_Etaria_projetoIdoso,Estrato agregado,Agreg_Centro-Leste do Piauí,Centro-Leste do Piauí,98451.53748647,6875.825878768806,[84974.919 — 111928.156],84974.91876408314,111928.15620885686,6.983970036743954,Boa (**)
PIT_por_Faixa_Etaria_Projeto,PIT_por_Faixa_Etaria_Projeto,Faixa_Etaria_projetoJovens,Estrato agregado,Agreg_Entorno metropolitano de Teresina (PI),Entorno metropolitano de Teresina (PI),52751.10965829,3722.298383735735,[45455.405 — 60046.814],45455.404826167956,60046.81449041204,7.056341388547008,Boa (**)
PIT_por_Faixa_Etaria_Projeto,PIT_por_Faixa_Etaria_Projeto,Faixa_Etaria_projetoAdulto,Estrato agregado,Agreg_Entorno metropolitano de Teresina (PI),Entorno metropolitano de Teresina (PI),102151.92009726,2647.3087905979132,[96963.195 — 107340.645],96963.19486768809,107340.6453268319,2.5915409011180413,Excelente (***)
PIT_por_Faixa_Etaria_Projeto,PIT_por_Faixa_Etaria_Projeto,Faixa_Etaria_projetoIdoso,Estrato agregado,Agreg_Entorno metropolitano de Teresina (PI),Entorno metropolitano de Teresina (PI),22983.94523282,3225.494959375769,[16661.975 — 29305.915],16661.97511244349,29305.915353196506,14.033687109425902,Boa (**)
PIT_por_Faixa_Etaria_Projeto,PIT_por_Faixa_Etaria_Projeto,Faixa_Etaria_projetoJovens,Estrato agregado,Agreg_Teresina,Teresina,214459.10926319,7621.625382537103,[199520.724 — 229397.495],199520.7235134173,229397.49501296273,3.5538827931918893,Excelente (***)
PIT_por_Faixa_Etaria_Projeto,PIT_por_Faixa_Etaria_Projeto,Faixa_Etaria_projetoAdulto,Estrato agregado,Agreg_Teresina,Teresina,433410.37683329,7994.505439690038,[417741.146 — 449079.607],417741.14617149753,449079.6074950824,1.844557921778855,Excelente (***)
PIT_por_Faixa_Etaria_Projeto,PIT_por_Faixa_Etaria_Projeto,Faixa_Etaria_projetoIdoso,Estrato agregado,Agreg_Teresina,Teresina,98742.74311425,7492.9687797124525,[84056.524 — 113428.962],84056.5243060136,113428.9619224864,7.58837413605447,Boa (**)
PIT_por_Faixa_Etaria_Projeto,PIT_por_Faixa_Etaria_Projeto,Faixa_Etaria_projetoJovens,Outro,Micro_2210011,Micro 2210011,109331.950652,7167.706893329411,[95283.245 — 123380.656],95283.24514107435,123380.65616292565,6.555912384792243,Boa (**)
PIT_por_Faixa_Etaria_Projeto,PIT_por_Faixa_Etaria_Projeto,Faixa_Etaria_projetoAdulto,Outro,Micro_2210011,Micro 2210011,211343.25025876,9700.927421879256,[192329.433 — 230357.068],192329.43251187666,230357.06800564335,4.590128811779812,Excelente (***)
PIT_por_Faixa_Etaria_Projeto,PIT_por_Faixa_Etaria_Projeto,Faixa_Etaria_projetoIdoso,Outro,Micro_2210011,Micro 2210011,41876.09979243,4635.2121190168045,[32791.084 — 50961.116],32791.08403915707,50961.11554570294,11.068872559747597,Boa (**)
PIT_por_Faixa_Etaria_Projeto,PIT_por_Faixa_Etaria_Projeto,Faixa_Etaria_projetoJovens,Outro,Micro_2210012,Micro 2210012,35088.49986672,4558.377745180952,[26154.079 — 44022.920],26154.079486165334,44022.92024727466,12.991087571413637,Boa (**)
PIT_por_Faixa_Etaria_Projeto,PIT_por_Faixa_Etaria_Projeto,Faixa_Etaria_projetoAdulto,Outro,Micro_2210012,Micro 2210012,89811.08233484,10692.480955998904,[68853.820 — 110768.345],68853.81966108215,110768.34500859785,11.905525106728415,Boa (**)
PIT_por_Faixa_Etaria_Projeto,PIT_por_Faixa_Etaria_Projeto,Faixa_Etaria_projetoIdoso,Outro,Micro_2210012,Micro 2210012,28501.80796926,4932.48623589918,[18834.135 — 38169.481],18834.134946897608,38169.48099162239,17.305871407241973,Regular (*)
PIT_por_Faixa_Etaria_Projeto,PIT_por_Faixa_Etaria_Projeto,Faixa_Etaria_projetoJovens,Outro,Micro_2210013,Micro 2210013,17555.17694487,2453.334970418228,[12746.640 — 22363.713],12746.640402850273,22363.713486889726,13.974994260226726,Boa (**)
PIT_por_Faixa_Etaria_Projeto,PIT_por_Faixa_Etaria_Projeto,Faixa_Etaria_projetoAdulto,Outro,Micro_2210013,Micro 2210013,42418.28740292,5162.284156797236,[32300.210 — 52536.364],32300.210455597422,52536.364350242584,12.169949502586173,Boa (**)
PIT_por_Faixa_Etaria_Projeto,PIT_por_Faixa_Etaria_Projeto,Faixa_Etaria_projetoIdoso,Outro,Micro_2210013,Micro 2210013,13996.14054738,2482.0633846161163,[9131.296 — 18860.985],9131.296313532413,18860.984781227588,17.733912975607726,Regular (*)
PIT_por_Faixa_Etaria_Projeto,PIT_por_Faixa_Etaria_Projeto,Faixa_Etaria_projetoJovens,Outro,Micro_2210020,Micro 2210020,8328.93022245,908.4643872316286,[6548.340 — 10109.520],6548.340023476008,10109.520421423993,10.907335791851535,Boa (**)
PIT_por_Faixa_Etaria_Projeto,PIT_por_Faixa_Etaria_Projeto,Faixa_Etaria_projetoAdulto,Outro,Micro_2210020,Micro 2210020,18487.49507794,1562.138709854269,[15425.703 — 21549.287],15425.703206625632,21549.286949254365,8.449704534165226,Boa (**)
PIT_por_Faixa_Etaria_Projeto,PIT_por_Faixa_Etaria_Projeto,Faixa_Etaria_projetoIdoso,Outro,Micro_2210020,Micro 2210020,4935.69672369,844.2268815083801,[3281.012 — 6590.381],3281.012035933575,6590.381411446425,17.104512873660184,Regular (*)
PIT_por_Faixa_Etaria_Projeto,PIT_por_Faixa_Etaria_Projeto,Faixa_Etaria_projetoJovens,Outro,Micro_2210030,Micro 2210030,44154.55157715,4424.2908125576705,[35482.942 — 52826.162],35482.941584536966,52826.16156976303,10.020010745273298,Boa (**)
PIT_por_Faixa_Etaria_Projeto,PIT_por_Faixa_Etaria_Projeto,Faixa_Etaria_projetoAdulto,Outro,Micro_2210030,Micro 2210030,71350.26175883,4389.747372281879,[62746.357 — 79954.167],62746.35690915752,79954.16660850249,6.152391405541861,Boa (**)
PIT_por_Faixa_Etaria_Projeto,PIT_por_Faixa_Etaria_Projeto,Faixa_Etaria_projetoIdoso,Outro,Micro_2210030,Micro 2210030,9432.99808149,1802.612843424553,[5899.877 — 12966.119],5899.876908377875,12966.119254602123,19.109649210697384,Regular (*)
PIT_por_Faixa_Etaria_Projeto,PIT_por_Faixa_Etaria_Projeto,Faixa_Etaria_projetoJovens,Outro,Micro_2220010,Micro 2220010,37196.8601475,4551.998799486396,[28274.943 — 46118.778],28274.942500506666,46118.77779449334,12.237588821841285,Boa (**)
PIT_por_Faixa_Etaria_Projeto,PIT_por_Faixa_Etaria_Projeto,Faixa_Etaria_projetoAdulto,Outro,Micro_2220010,Micro 2220010,66128.67860691,4207.152674757374,[57882.659 — 74374.698],57882.65936438555,74374.69784943445,6.362069775756497,Boa (**)
PIT_por_Faixa_Etaria_Projeto,PIT_por_Faixa_Etaria_Projeto,Faixa_Etaria_projetoIdoso,Outro,Micro_2220010,Micro 2220010,12415.4472363,2245.7043545636857,[8013.867 — 16817.028],8013.866701355177,16817.027771244822,18.087985972810923,Regular (*)
PIT_por_Faixa_Etaria_Projeto,PIT_por_Faixa_Etaria_Projeto,Faixa_Etaria_projetoJovens,Outro,Micro_2220020,Micro 2220020,15554.24951079,2137.040968644415,[11365.649 — 19742.850],11365.649212246946,19742.849809333053,13.739274062447999,Boa (**)
PIT_por_Faixa_Etaria_Projeto,PIT_por_Faixa_Etaria_Projeto,Faixa_Etaria_projetoAdulto,Outro,Micro_2220020,Micro 2220020,36023.24149035,4074.1467680602673,[28037.914 — 44008.569],28037.91382495188,44008.569155748126,11.309772800850418,Boa (**)
PIT_por_Faixa_Etaria_Projeto,PIT_por_Faixa_Etaria_Projeto,Faixa_Etaria_projetoIdoso,Outro,Micro_2220020,Micro 2220020,10568.49799652,1609.1631545348937,[7414.538 — 13722.458],7414.538213631608,13722.457779408393,15.226034532672095,Regular (*)
PIT_por_Faixa_Etaria_Projeto,PIT_por_Faixa_Etaria_Projeto,Faixa_Etaria_projetoJovens,Outro,Micro_2251011,Micro 2251011,24888.06443073,4572.227561419809,[15926.498 — 33849.630],15926.498410347174,33849.630451112826,18.371165721406403,Regular (*)
PIT_por_Faixa_Etaria_Projeto,PIT_por_Faixa_Etaria_Projeto,Faixa_Etaria_projetoAdulto,Outro,Micro_2251011,Micro 2251011,51735.16228752,3543.078779496023,[44790.728 — 58679.597],44790.72787970779,58679.596695332206,6.84849263602429,Boa (**)
PIT_por_Faixa_Etaria_Projeto,PIT_por_Faixa_Etaria_Projeto,Faixa_Etaria_projetoIdoso,Outro,Micro_2251011,Micro 2251011,17060.439908469998,2297.643581483875,[12557.058 — 21563.821],12557.058488761602,21563.821328178394,13.467669027357049,Boa (**)
PIT_por_Faixa_Etaria_Projeto,PIT_por_Faixa_Etaria_Projeto,Faixa_Etaria_projetoJovens,Outro,Micro_2251012,Micro 2251012,44734.68561572,6254.184168861875,[32476.485 — 56992.887],32476.484644750726,56992.886586689274,13.98061500328086,Boa (**)
PIT_por_Faixa_Etaria_Projeto,PIT_por_Faixa_Etaria_Projeto,Faixa_Etaria_projetoAdulto,Outro,Micro_2251012,Micro 2251012,76654.2717057,9357.076082285128,[58314.403 — 94994.141],58314.40258442114,94994.14082697885,12.206855370317657,Boa (**)
PIT_por_Faixa_Etaria_Projeto,PIT_por_Faixa_Etaria_Projeto,Faixa_Etaria_projetoIdoso,Outro,Micro_2251012,Micro 2251012,19645.46501162,3746.160796662332,[12302.990 — 26987.940],12302.98985016183,26987.94017307817,19.068832396924858,Regular (*)
PIT_por_Faixa_Etaria_Projeto,PIT_por_Faixa_Etaria_Projeto,Faixa_Etaria_projetoJovens,Outro,Micro_2251013,Micro 2251013,41627.65220922,4264.19189500449,[33269.836 — 49985.468],33269.836095011204,49985.4683234288,10.243652160762565,Boa (**)
PIT_por_Faixa_Etaria_Projeto,PIT_por_Faixa_Etaria_Projeto,Faixa_Etaria_projetoAdulto,Outro,Micro_2251013,Micro 2251013,72001.84881242,6592.466357803526,[59080.615 — 84923.083],59080.61475112508,84923.0828737149,9.155968168231752,Boa (**)
PIT_por_Faixa_Etaria_Projeto,PIT_por_Faixa_Etaria_Projeto,Faixa_Etaria_projetoIdoso,Outro,Micro_2251013,Micro 2251013,19046.75923952,3214.6027584135904,[12746.138 — 25347.381],12746.137833029363,25347.38064601064,16.877426327433337,Regular (*)
PIT_por_Faixa_Etaria_Projeto,PIT_por_Faixa_Etaria_Projeto,Faixa_Etaria_projetoJovens,Outro,Micro_2251020,Micro 2251020,58351.29359064,5750.512775055477,[47080.289 — 69622.299],47080.28855153127,69622.29862974874,9.854987646714148,Boa (**)
PIT_por_Faixa_Etaria_Projeto,PIT_por_Faixa_Etaria_Projeto,Faixa_Etaria_projetoAdulto,Outro,Micro_2251020,Micro 2251020,123541.12502277,7952.215321173781,[107954.783 — 139127.467],107954.78299326939,139127.4670522706,6.436897283967667,Boa (**)
PIT_por_Faixa_Etaria_Projeto,PIT_por_Faixa_Etaria_Projeto,Faixa_Etaria_projetoIdoso,Outro,Micro_2251020,Micro 2251020,32836.8401015,3494.8976542930823,[25986.841 — 39686.840],25986.84069908556,39686.83950391444,10.6432215873702,Boa (**)
PIT_por_Faixa_Etaria_Projeto,PIT_por_Faixa_Etaria_Projeto,Faixa_Etaria_projetoJovens,Outro,Micro_2251021,Micro 2251021,17096.44299222,4986.385131117981,[7323.128 — 26869.758],7323.128135228759,26869.75784921124,29.166213892486947,Regular (*)
PIT_por_Faixa_Etaria_Projeto,PIT_por_Faixa_Etaria_Projeto,Faixa_Etaria_projetoAdulto,Outro,Micro_2251021,Micro 2251021,20569.57665007,3314.5015689649726,[14073.154 — 27066.000],14073.153574898653,27065.99972524135,16.113611015682682,Regular (*)
PIT_por_Faixa_Etaria_Projeto,PIT_por_Faixa_Etaria_Projeto,Faixa_Etaria_projetoIdoso,Outro,Micro_2251021,Micro 2251021,6921.61611085,1468.1170498000802,[4044.107 — 9799.126],4044.106693241843,9799.125528458157,21.210610734373564,Regular (*)
PIT_por_Faixa_Etaria_Projeto,PIT_por_Faixa_Etaria_Projeto,Faixa_Etaria_projetoJovens,Outro,Micro_2251022,Micro 2251022,5784.09791881,1827.3328135731588,[2202.526 — 9365.670],2202.525604206609,9365.670233413392,31.59235613267605,Baixa
PIT_por_Faixa_Etaria_Projeto,PIT_por_Faixa_Etaria_Projeto,Faixa_Etaria_projetoAdulto,Outro,Micro_2251022,Micro 2251022,12126.61442435,5825.233401893179,[709.157 — 23544.072],709.15695663937,23544.07189206063,48.0367660589276,Baixa
PIT_por_Faixa_Etaria_Projeto,PIT_por_Faixa_Etaria_Projeto,Faixa_Etaria_projetoIdoso,Outro,Micro_2251022,Micro 2251022,2940.41711451,672.0035811150583,[1623.290 — 4257.544],1623.2900955244857,4257.544133495514,22.854022233748392,Regular (*)
PIT_por_Faixa_Etaria_Projeto,PIT_por_Faixa_Etaria_Projeto,Faixa_Etaria_projetoJovens,Outro,Micro_2252011,Micro 2252011,85710.54540154,9153.611201027668,[67769.467 — 103651.623],67769.46744752578,103651.62335555423,10.679679096830483,Boa (**)
PIT_por_Faixa_Etaria_Projeto,PIT_por_Faixa_Etaria_Projeto,Faixa_Etaria_projetoAdulto,Outro,Micro_2252011,Micro 2252011,144862.80259502,9629.298499753671,[125989.378 — 163736.228],125989.37753550282,163736.22765453722,6.647185010408394,Boa (**)
PIT_por_Faixa_Etaria_Projeto,PIT_por_Faixa_Etaria_Projeto,Faixa_Etaria_projetoIdoso,Outro,Micro_2252011,Micro 2252011,40660.06268795,7088.547009774366,[26766.511 — 54553.615],26766.51054879224,54553.614827107755,17.43368440962863,Regular (*)
PIT_por_Faixa_Etaria_Projeto,PIT_por_Faixa_Etaria_Projeto,Faixa_Etaria_projetoJovens,Outro,Micro_2252012,Micro 2252012,31234.76125528,4325.014594894803,[22757.733 — 39711.790],22757.732649286183,39711.78986127381,13.846798954365921,Boa (**)
PIT_por_Faixa_Etaria_Projeto,PIT_por_Faixa_Etaria_Projeto,Faixa_Etaria_projetoAdulto,Outro,Micro_2252012,Micro 2252012,60585.98764417,5360.113088900493,[50080.166 — 71091.809],50080.16598992504,71091.80929841497,8.847116796017568,Boa (**)
PIT_por_Faixa_Etaria_Projeto,PIT_por_Faixa_Etaria_Projeto,Faixa_Etaria_projetoIdoso,Outro,Micro_2252012,Micro 2252012,16724.2923939,2598.2970185026393,[11631.630 — 21816.955],11631.630237634827,21816.954550165174,15.536065486694909,Regular (*)
PIT_por_Faixa_Etaria_Projeto,PIT_por_Faixa_Etaria_Projeto,Faixa_Etaria_projetoJovens,Outro,Micro_2252013,Micro 2252013,13349.65814328,1639.691513098176,[10135.863 — 16563.454],10135.862777607574,16563.453508952425,12.282647956221785,Boa (**)
PIT_por_Faixa_Etaria_Projeto,PIT_por_Faixa_Etaria_Projeto,Faixa_Etaria_projetoAdulto,Outro,Micro_2252013,Micro 2252013,23094.91034,2600.450618402129,[17998.027 — 28191.794],17998.027127931826,28191.79355206817,11.2598428836426,Boa (**)
PIT_por_Faixa_Etaria_Projeto,PIT_por_Faixa_Etaria_Projeto,Faixa_Etaria_projetoIdoso,Outro,Micro_2252013,Micro 2252013,4495.76286385,1110.792140618037,[2318.610 — 6672.915],2318.6102682386477,6672.915459461352,24.70753405500567,Regular (*)
PIT_por_Faixa_Etaria_Projeto,PIT_por_Faixa_Etaria_Projeto,Faixa_Etaria_projetoJovens,Outro,Micro_2252020,Micro 2252020,59562.88862113,6703.673793689464,[46423.688 — 72702.089],46423.68798549865,72702.08925676135,11.254782883903532,Boa (**)
PIT_por_Faixa_Etaria_Projeto,PIT_por_Faixa_Etaria_Projeto,Faixa_Etaria_projetoAdulto,Outro,Micro_2252020,Micro 2252020,124136.40421452,10465.626491200825,[103623.776 — 144649.032],103623.77629176638,144649.0321372736,8.430747255345972,Boa (**)
PIT_por_Faixa_Etaria_Projeto,PIT_por_Faixa_Etaria_Projeto,Faixa_Etaria_projetoIdoso,Outro,Micro_2252020,Micro 2252020,37374.88673477,3988.716238109658,[29557.003 — 45192.771],29557.00290807507,45192.77056146493,10.672182811992151,Boa (**)
PIT_por_Faixa_Etaria_Projeto,PIT_por_Faixa_Etaria_Projeto,Faixa_Etaria_projetoJovens,Outro,Micro_2252021,Micro 2252021,10791.07388099,3858.738314535437,[3227.947 — 18354.201],3227.946784500543,18354.200977479457,35.75861269315512,Baixa
PIT_por_Faixa_Etaria_Projeto,PIT_por_Faixa_Etaria_Projeto,Faixa_Etaria_projetoAdulto,Outro,Micro_2252021,Micro 2252021,28501.51108033,8185.587904611961,[12457.759 — 44545.263],12457.758787290559,44545.263373369446,28.71983833257582,Regular (*)
PIT_por_Faixa_Etaria_Projeto,PIT_por_Faixa_Etaria_Projeto,Faixa_Etaria_projetoIdoso,Outro,Micro_2252021,Micro 2252021,7275.93922673,1352.9922405595223,[4624.074 — 9927.804],4624.074435233337,9927.804018226663,18.595430753310357,Regular (*)
PIT_por_Faixa_Etaria_Projeto,PIT_por_Faixa_Etaria_Projeto,Faixa_Etaria_projetoJovens,Outro,Micro_2252022,Micro 2252022,7572.53658893,1647.2637053635897,[4343.900 — 10801.173],4343.899726417365,10801.173451442635,21.75312969463444,Regular (*)
PIT_por_Faixa_Etaria_Projeto,PIT_por_Faixa_Etaria_Projeto,Faixa_Etaria_projetoAdulto,Outro,Micro_2252022,Micro 2252022,12928.25882888,2287.1868153189857,[8445.373 — 17411.145],8445.372670854787,17411.144986905212,17.691375502242547,Regular (*)
PIT_por_Faixa_Etaria_Projeto,PIT_por_Faixa_Etaria_Projeto,Faixa_Etaria_projetoIdoso,Outro,Micro_2252022,Micro 2252022,4033.83108985,350.61331296516556,[3346.629 — 4721.033],3346.6289964382754,4721.033183261725,8.6918193934144945,Boa (**)
PIT_por_Faixa_Etaria_Projeto,PIT_por_Faixa_Etaria_Projeto,Faixa_Etaria_projetoJovens,Outro,Micro_2253010,Micro 2253010,21170.40163874,8681.970833927608,[4153.739 — 38187.064],4153.73880424189,38187.06447323811,41.00994861637558,Baixa
PIT_por_Faixa_Etaria_Projeto,PIT_por_Faixa_Etaria_Projeto,Faixa_Etaria_projetoAdulto,Outro,Micro_2253010,Micro 2253010,35093.36688375,9434.75528786831,[16601.247 — 53585.487],16601.246519528115,53585.48724797189,26.884725307553996,Regular (*)
PIT_por_Faixa_Etaria_Projeto,PIT_por_Faixa_Etaria_Projeto,Faixa_Etaria_projetoIdoso,Outro,Micro_2253010,Micro 2253010,8276.87413761,2440.7936469386623,[3492.919 — 13060.830],3492.9185896102226,13060.829685609779,29.48931693726899,Regular (*)
PIT_por_Faixa_Etaria_Projeto,PIT_por_Faixa_Etaria_Projeto,Faixa_Etaria_projetoJovens,Outro,Micro_2253011,Micro 2253011,48621.88242297,6459.613638160328,[35961.040 — 61282.725],35961.03969217575,61282.725153764244,13.285404258862407,Boa (**)
PIT_por_Faixa_Etaria_Projeto,PIT_por_Faixa_Etaria_Projeto,Faixa_Etaria_projetoAdulto,Outro,Micro_2253011,Micro 2253011,104802.80621735,11098.221986254302,[83050.291 — 126555.321],83050.29112429156,126555.32131040843,10.589622918338424,Boa (**)
PIT_por_Faixa_Etaria_Projeto,PIT_por_Faixa_Etaria_Projeto,Faixa_Etaria_projetoIdoso,Outro,Micro_2253011,Micro 2253011,26174.74597344,5087.11759239986,[16203.995 — 36145.496],16203.995492336275,36145.496454543725,19.435212848147035,Regular (*)
PIT_por_Faixa_Etaria_Projeto,PIT_por_Faixa_Etaria_Projeto,Faixa_Etaria_projetoJovens,Outro,Micro_2253012,Micro 2253012,10980.2069073,1292.751524989971,[8446.414 — 13514.000],8446.413918319657,13513.999896280344,11.773471446430644,Boa (**)
PIT_por_Faixa_Etaria_Projeto,PIT_por_Faixa_Etaria_Projeto,Faixa_Etaria_projetoAdulto,Outro,Micro_2253012,Micro 2253012,25845.94628324,2844.007154295465,[20271.692 — 31420.200],20271.692260820888,31420.20030565911,11.003687476282048,Boa (**)
PIT_por_Faixa_Etaria_Projeto,PIT_por_Faixa_Etaria_Projeto,Faixa_Etaria_projetoIdoso,Outro,Micro_2253012,Micro 2253012,7672.68124717,1149.495369976161,[5419.670 — 9925.692],5419.670322016724,9925.692172323275,14.981664596064673,Boa (**)
PIT_por_Faixa_Etaria_Projeto,PIT_por_Faixa_Etaria_Projeto,Faixa_Etaria_projetoJovens,Outro,Micro_2253020,Micro 2253020,27084.28884813,4358.225165076732,[18542.168 — 35626.410],18542.167524579607,35626.41017168039,16.09134059053443,Regular (*)
PIT_por_Faixa_Etaria_Projeto,PIT_por_Faixa_Etaria_Projeto,Faixa_Etaria_projetoAdulto,Outro,Micro_2253020,Micro 2253020,68966.1663196,6327.2663739696545,[56564.724 — 81367.608],56564.72422661948,81367.60841258052,9.174449895689595,Boa (**)
PIT_por_Faixa_Etaria_Projeto,PIT_por_Faixa_Etaria_Projeto,Faixa_Etaria_projetoIdoso,Outro,Micro_2253020,Micro 2253020,23653.75917959,2743.240177467301,[18277.008 — 29030.510],18277.00843175409,29030.509927425912,11.597480792120123,Boa (**)
PIT_por_Faixa_Etaria_Projeto,PIT_por_Faixa_Etaria_Projeto,Faixa_Etaria_projetoJovens,Outro,Micro_2253021,Micro 2253021,7702.99287651,799.6882855465354,[6135.604 — 9270.382],6135.603836838791,9270.38191618121,10.381527003421699,Boa (**)
PIT_por_Faixa_Etaria_Projeto,PIT_por_Faixa_Etaria_Projeto,Faixa_Etaria_projetoAdulto,Outro,Micro_2253021,Micro 2253021,16837.85379713,3400.6718121837553,[10172.537 — 23503.171],10172.53704524984,23503.17054901016,20.196587125393602,Regular (*)
PIT_por_Faixa_Etaria_Projeto,PIT_por_Faixa_Etaria_Projeto,Faixa_Etaria_projetoIdoso,Outro,Micro_2253021,Micro 2253021,3519.64501512,1110.469833327326,[1343.124 — 5696.166],1343.1241417984415,5696.165888441559,31.550620263034258,Baixa
PIT_por_Faixa_Etaria_Projeto,PIT_por_Faixa_Etaria_Projeto,Faixa_Etaria_projetoJovens,Outro,Micro_2253022,Micro 2253022,2168.8710702999997,211.31481490915647,[1754.694 — 2583.048],1754.694033078053,2583.0481075219463,9.74307868286183,Boa (**)
PIT_por_Faixa_Etaria_Projeto,PIT_por_Faixa_Etaria_Projeto,Faixa_Etaria_projetoAdulto,Outro,Micro_2253022,Micro 2253022,4450.80416865,1249.0845346275723,[2002.598 — 6899.010],2002.5984807799582,6899.009856520042,28.06424383768023,Regular (*)
PIT_por_Faixa_Etaria_Projeto,PIT_por_Faixa_Etaria_Projeto,Faixa_Etaria_projetoIdoso,Outro,Micro_2253022,Micro 2253022,1188.58737082,520.8587882247967,[167.704 — 2209.471],167.70414589939833,2209.4705957406013,43.82166603919568,Baixa
PIT_por_Faixa_Etaria_Projeto,PIT_por_Faixa_Etaria_Projeto,Faixa_Etaria_projetoJovens,Outro,Micro_2254020,Micro 2254020,4002.65290933,507.06837707828834,[3008.799 — 4996.507],3008.798890256555,4996.506928403445,12.668307459193755,Boa (**)
PIT_por_Faixa_Etaria_Projeto,PIT_por_Faixa_Etaria_Projeto,Faixa_Etaria_projetoAdulto,Outro,Micro_2254020,Micro 2254020,8224.79819408,649.0837729991182,[6952.594 — 9497.002],6952.593999001729,9497.002389158271,7.891789654684928,Boa (**)
PIT_por_Faixa_Etaria_Projeto,PIT_por_Faixa_Etaria_Projeto,Faixa_Etaria_projetoIdoso,Outro,Micro_2254020,Micro 2254020,1967.61242032,350.5911512266753,[1280.454 — 2654.771],1280.4537639157163,2654.7710767242834,17.818100130190142,Regular (*)
PIT_por_Faixa_Etaria_Projeto,PIT_por_Faixa_Etaria_Projeto,Faixa_Etaria_projetoJovens,Zona,Zona_Rural,Zona Rural,224000.31903023,11711.452372259057,[201045.872 — 246954.766],201045.87238060223,246954.76567985775,5.228319505508622,Boa (**)
PIT_por_Faixa_Etaria_Projeto,PIT_por_Faixa_Etaria_Projeto,Faixa_Etaria_projetoAdulto,Zona,Zona_Rural,Zona Rural,474793.84926867,15583.73258961693,[444249.733 — 505337.965],444249.7333930208,505337.9651443192,3.2822102926608503,Excelente (***)
PIT_por_Faixa_Etaria_Projeto,PIT_por_Faixa_Etaria_Projeto,Faixa_Etaria_projetoIdoso,Zona,Zona_Rural,Zona Rural,137217.32908427,7205.4335672109655,[123094.679 — 151339.979],123094.6792925365,151339.97887600347,5.2511104940585565,Boa (**)
PIT_por_Faixa_Etaria_Projeto,PIT_por_Faixa_Etaria_Projeto,Faixa_Etaria_projetoJovens,Zona,Zona_Urbana,Zona Urbana,565644.89721302,17067.588483305044,[532192.424 — 599097.371],532192.4237857421,599097.3706402979,3.0173680638503924,Excelente (***)
PIT_por_Faixa_Etaria_Projeto,PIT_por_Faixa_Etaria_Projeto,Faixa_Etaria_projetoAdulto,Zona,Zona_Urbana,Zona Urbana,1075728.66313143,19865.96580156319,[1036791.370 — 1114665.956],1036791.3701603662,1114665.956102494,1.8467450466304078,Excelente (***)
PIT_por_Faixa_Etaria_Projeto,PIT_por_Faixa_Etaria_Projeto,Faixa_Etaria_projetoIdoso,Zona,Zona_Urbana,Zona Urbana,265979.57709039,12403.687179630895,[241668.350 — 290290.804],241668.35021831348,290290.8039624666,4.663398338818942,Excelente (***)
PIT_por_Faixa_Etaria_SIDRA,PIT_por_Faixa_Etaria_SIDRA,Faixa_Etaria_sidra14 a 17 anos,Agregados nacionais,Brasil,Brasil,11760100.78296067,55545.46081703982,[11651231.680 — 11868969.886],11651231.679759271,11868969.886162069,0.47232129929974925,Excelente (***)
PIT_por_Faixa_Etaria_SIDRA,PIT_por_Faixa_Etaria_SIDRA,Faixa_Etaria_sidra18 a 24 anos,Agregados nacionais,Brasil,Brasil,21084129.21703993,55545.46080426996,[20975260.114 — 21192998.320],20975260.11386356,21192998.3202163,0.2634467861227999,Excelente (***)
PIT_por_Faixa_Etaria_SIDRA,PIT_por_Faixa_Etaria_SIDRA,Faixa_Etaria_sidra25 a 39 anos,Agregados nacionais,Brasil,Brasil,48539223.00000209,8.920801192008835e-4,[48539222.998 — 48539223.002],48539222.99825361,48539223.00175057,1.837854139529273e-9,Excelente (***)
PIT_por_Faixa_Etaria_SIDRA,PIT_por_Faixa_Etaria_SIDRA,Faixa_Etaria_sidra40 a 59 anos,Agregados nacionais,Brasil,Brasil,57701584.0000017,8.287414813487958e-4,[57701583.998 — 57701584.002],57701583.99837737,57701584.00162603,1.4362542999664818e-9,Excelente (***)
PIT_por_Faixa_Etaria_SIDRA,PIT_por_Faixa_Etaria_SIDRA,Faixa_Etaria_sidra60 anos ou mais,Agregados nacionais,Brasil,Brasil,36314593.00000152,4.183842582836903e-4,[36314592.999 — 36314593.001],36314592.99918149,36314593.00082155,1.152110553142294e-9,Excelente (***)
PIT_por_Faixa_Etaria_SIDRA,PIT_por_Faixa_Etaria_SIDRA,Faixa_Etaria_sidra14 a 17 anos,Agregados nacionais,Nordeste,Nordeste,3450650.11506179,42068.13900018288,[3368196.563 — 3533103.668],3368196.562621432,3533103.6675021485,1.219136614765985,Excelente (***)
PIT_por_Faixa_Etaria_SIDRA,PIT_por_Faixa_Etaria_SIDRA,Faixa_Etaria_sidra18 a 24 anos,Agregados nacionais,Nordeste,Nordeste,5851211.77444685,59541.48120442983,[5734510.471 — 5967913.078],5734510.471286167,5967913.077607532,1.017592312492546,Excelente (***)
PIT_por_Faixa_Etaria_SIDRA,PIT_por_Faixa_Etaria_SIDRA,Faixa_Etaria_sidra25 a 39 anos,Agregados nacionais,Nordeste,Nordeste,12709509.55140679,86651.27582141892,[12539673.051 — 12879346.052],12539673.050796809,12879346.05201677,0.6817830024906639,Excelente (***)
PIT_por_Faixa_Etaria_SIDRA,PIT_por_Faixa_Etaria_SIDRA,Faixa_Etaria_sidra40 a 59 anos,Agregados nacionais,Nordeste,Nordeste,15244827.97802912,81211.20757143527,[15085654.011 — 15404001.945],15085654.011189107,15404001.944869135,0.5327131777969357,Excelente (***)
PIT_por_Faixa_Etaria_SIDRA,PIT_por_Faixa_Etaria_SIDRA,Faixa_Etaria_sidra60 anos ou mais,Agregados nacionais,Nordeste,Nordeste,9174812.79793304,87254.11480201648,[9003794.733 — 9345830.863],9003794.732921088,9345830.862944992,0.9510179305421211,Excelente (***)
PIT_por_Faixa_Etaria_SIDRA,PIT_por_Faixa_Etaria_SIDRA,Faixa_Etaria_sidra14 a 17 anos,Agregados nacionais,Piauí,Piauí,193690.61300197,9030.12945492768,[175991.559 — 211389.667],175991.55927031173,211389.66673362826,4.662140986066184,Excelente (***)
PIT_por_Faixa_Etaria_SIDRA,PIT_por_Faixa_Etaria_SIDRA,Faixa_Etaria_sidra18 a 24 anos,Agregados nacionais,Piauí,Piauí,356283.2964756,12538.977256320468,[331706.901 — 380859.692],331706.9010532119,380859.6918979881,3.5193839790856427,Excelente (***)
PIT_por_Faixa_Etaria_SIDRA,PIT_por_Faixa_Etaria_SIDRA,Faixa_Etaria_sidra25 a 39 anos,Agregados nacionais,Piauí,Piauí,728937.50705335,15182.574608805053,[699179.661 — 758695.353],699179.6608200921,758695.3532866079,2.082836246165868,Excelente (***)
PIT_por_Faixa_Etaria_SIDRA,PIT_por_Faixa_Etaria_SIDRA,Faixa_Etaria_sidra40 a 59 anos,Agregados nacionais,Piauí,Piauí,916547.19459067,14307.536458068804,[888504.423 — 944589.966],888504.4231328552,944589.9660484849,1.561025612484532,Excelente (***)
PIT_por_Faixa_Etaria_SIDRA,PIT_por_Faixa_Etaria_SIDRA,Faixa_Etaria_sidra60 anos ou mais,Agregados nacionais,Piauí,Piauí,547906.02369642,15838.190700956944,[516863.170 — 578948.877],516863.1699225444,578948.8774702956,2.890676505818534,Excelente (***)
PIT_por_Faixa_Etaria_SIDRA,PIT_por_Faixa_Etaria_SIDRA,Faixa_Etaria_sidra14 a 17 anos,Agregados nacionais,Teresina,Teresina,48675.88225904,3722.297309500924,[41380.180 — 55971.585],41380.17953241819,55971.584985661815,7.64710804766076,Boa (**)
PIT_por_Faixa_Etaria_SIDRA,PIT_por_Faixa_Etaria_SIDRA,Faixa_Etaria_sidra18 a 24 anos,Agregados nacionais,Teresina,Teresina,94016.97801635,4612.978928080461,[84975.539 — 103058.417],84975.5393173123,103058.41671538769,4.9065381864095245,Excelente (***)
PIT_por_Faixa_Etaria_SIDRA,PIT_por_Faixa_Etaria_SIDRA,Faixa_Etaria_sidra25 a 39 anos,Agregados nacionais,Teresina,Teresina,197811.63136683,6885.760917591748,[184315.540 — 211307.723],184315.53996835017,211307.72276530982,3.4809686720709108,Excelente (***)
PIT_por_Faixa_Etaria_SIDRA,PIT_por_Faixa_Etaria_SIDRA,Faixa_Etaria_sidra40 a 59 anos,Agregados nacionais,Teresina,Teresina,264046.19177668,7131.61948082574,[250068.218 — 278024.166],250068.21759426154,278024.16595909843,2.700898442367003,Excelente (***)
PIT_por_Faixa_Etaria_SIDRA,PIT_por_Faixa_Etaria_SIDRA,Faixa_Etaria_sidra60 anos ou mais,Agregados nacionais,Teresina,Teresina,142061.54579183,8240.98601774529,[125909.213 — 158213.878],125909.21319704922,158213.87838661077,5.8009970057775,Boa (**)
PIT_por_Faixa_Etaria_SIDRA,PIT_por_Faixa_Etaria_SIDRA,Faixa_Etaria_sidra14 a 17 anos,Estrato administrativo,Admin_Capital,Capital,48675.88225904,3722.297309500924,[41380.180 — 55971.585],41380.17953241819,55971.584985661815,7.64710804766076,Boa (**)
PIT_por_Faixa_Etaria_SIDRA,PIT_por_Faixa_Etaria_SIDRA,Faixa_Etaria_sidra18 a 24 anos,Estrato administrativo,Admin_Capital,Capital,94016.97801635,4612.978928080461,[84975.539 — 103058.417],84975.5393173123,103058.41671538769,4.9065381864095245,Excelente (***)
PIT_por_Faixa_Etaria_SIDRA,PIT_por_Faixa_Etaria_SIDRA,Faixa_Etaria_sidra25 a 39 anos,Estrato administrativo,Admin_Capital,Capital,197811.63136683,6885.760917591748,[184315.540 — 211307.723],184315.53996835017,211307.72276530982,3.4809686720709108,Excelente (***)
PIT_por_Faixa_Etaria_SIDRA,PIT_por_Faixa_Etaria_SIDRA,Faixa_Etaria_sidra40 a 59 anos,Estrato administrativo,Admin_Capital,Capital,264046.19177668,7131.61948082574,[250068.218 — 278024.166],250068.21759426154,278024.16595909843,2.700898442367003,Excelente (***)
PIT_por_Faixa_Etaria_SIDRA,PIT_por_Faixa_Etaria_SIDRA,Faixa_Etaria_sidra60 anos ou mais,Estrato administrativo,Admin_Capital,Capital,142061.54579183,8240.98601774529,[125909.213 — 158213.878],125909.21319704922,158213.87838661077,5.8009970057775,Boa (**)
PIT_por_Faixa_Etaria_SIDRA,PIT_por_Faixa_Etaria_SIDRA,Faixa_Etaria_sidra14 a 17 anos,Estrato administrativo,"Admin_Resto da RIDE (Região Integrada de Desenvolvimento Econômico, excluindo a capital)","Resto da RIDE (Região Integrada de Desenvolvimento Econômico, excluindo a capital)",14032.91977729,1552.9282196752104,[10989.180 — 17076.659],10989.180466726588,17076.65908785341,11.066322934364466,Boa (**)
PIT_por_Faixa_Etaria_SIDRA,PIT_por_Faixa_Etaria_SIDRA,Faixa_Etaria_sidra18 a 24 anos,Estrato administrativo,"Admin_Resto da RIDE (Região Integrada de Desenvolvimento Econômico, excluindo a capital)","Resto da RIDE (Região Integrada de Desenvolvimento Econômico, excluindo a capital)",24112.55840904,2689.6911031464106,[18840.764 — 29384.353],18840.763846873037,29384.352971206965,11.154731312700616,Boa (**)
PIT_por_Faixa_Etaria_SIDRA,PIT_por_Faixa_Etaria_SIDRA,Faixa_Etaria_sidra25 a 39 anos,Estrato administrativo,"Admin_Resto da RIDE (Região Integrada de Desenvolvimento Econômico, excluindo a capital)","Resto da RIDE (Região Integrada de Desenvolvimento Econômico, excluindo a capital)",47756.3551879,2501.6414008408315,[42853.138 — 52659.572],42853.13804225197,52659.57233354803,5.23834239652081,Boa (**)
PIT_por_Faixa_Etaria_SIDRA,PIT_por_Faixa_Etaria_SIDRA,Faixa_Etaria_sidra40 a 59 anos,Estrato administrativo,"Admin_Resto da RIDE (Região Integrada de Desenvolvimento Econômico, excluindo a capital)","Resto da RIDE (Região Integrada de Desenvolvimento Econômico, excluindo a capital)",59452.76636503,3626.401026486801,[52345.020 — 66560.512],52345.02035311587,66560.51237694413,6.099633790329129,Boa (**)
PIT_por_Faixa_Etaria_SIDRA,PIT_por_Faixa_Etaria_SIDRA,Faixa_Etaria_sidra60 anos ou mais,Estrato administrativo,"Admin_Resto da RIDE (Região Integrada de Desenvolvimento Econômico, excluindo a capital)","Resto da RIDE (Região Integrada de Desenvolvimento Econômico, excluindo a capital)",32532.37524911,3857.778556282952,[24971.129 — 40093.621],24971.12927879541,40093.62121942458,11.858275108235421,Boa (**)
PIT_por_Faixa_Etaria_SIDRA,PIT_por_Faixa_Etaria_SIDRA,Faixa_Etaria_sidra14 a 17 anos,Estrato administrativo,"Admin_Resto da UF  (Unidade da Federação, excluindo a região metropolitana e a RIDE)","Resto da UF  (Unidade da Federação, excluindo a região metropolitana e a RIDE)",130981.81096564,7597.360678907139,[116090.984 — 145872.638],116090.98403498202,145872.637896298,5.800317328716831,Boa (**)
PIT_por_Faixa_Etaria_SIDRA,PIT_por_Faixa_Etaria_SIDRA,Faixa_Etaria_sidra18 a 24 anos,Estrato administrativo,"Admin_Resto da UF  (Unidade da Federação, excluindo a região metropolitana e a RIDE)","Resto da UF  (Unidade da Federação, excluindo a região metropolitana e a RIDE)",238153.76005021,10915.075676022136,[216760.212 — 259547.308],216760.2117252066,259547.30837521338,4.5832052677736055,Excelente (***)
PIT_por_Faixa_Etaria_SIDRA,PIT_por_Faixa_Etaria_SIDRA,Faixa_Etaria_sidra25 a 39 anos,Estrato administrativo,"Admin_Resto da UF  (Unidade da Federação, excluindo a região metropolitana e a RIDE)","Resto da UF  (Unidade da Federação, excluindo a região metropolitana e a RIDE)",483369.52049862,13635.32649896038,[456644.281 — 510094.760],456644.2805606577,510094.7604365823,2.820890834178964,Excelente (***)
PIT_por_Faixa_Etaria_SIDRA,PIT_por_Faixa_Etaria_SIDRA,Faixa_Etaria_sidra40 a 59 anos,Estrato administrativo,"Admin_Resto da UF  (Unidade da Federação, excluindo a região metropolitana e a RIDE)","Resto da UF  (Unidade da Federação, excluindo a região metropolitana e a RIDE)",593048.23644896,11754.71369817194,[570008.998 — 616087.475],570008.9976005431,616087.475297377,1.9820839142118578,Excelente (***)
PIT_por_Faixa_Etaria_SIDRA,PIT_por_Faixa_Etaria_SIDRA,Faixa_Etaria_sidra60 anos ou mais,Estrato administrativo,"Admin_Resto da UF  (Unidade da Federação, excluindo a região metropolitana e a RIDE)","Resto da UF  (Unidade da Federação, excluindo a região metropolitana e a RIDE)",373312.10265548,13874.380335352933,[346118.317 — 400505.888],346118.3171981882,400505.88811277173,3.716563228639077,Excelente (***)
PIT_por_Faixa_Etaria_SIDRA,PIT_por_Faixa_Etaria_SIDRA,Faixa_Etaria_sidra14 a 17 anos,Estrato agregado,Agreg_Alto Parnaíba e Chapadas Sul do Piauí,Alto Parnaíba e Chapadas Sul do Piauí,28071.84256764,4131.660158466614,[19973.789 — 36169.896],19973.788657045436,36169.896478234565,14.718165181039497,Boa (**)
PIT_por_Faixa_Etaria_SIDRA,PIT_por_Faixa_Etaria_SIDRA,Faixa_Etaria_sidra18 a 24 anos,Estrato agregado,Agreg_Alto Parnaíba e Chapadas Sul do Piauí,Alto Parnaíba e Chapadas Sul do Piauí,56883.19002774,6901.145843777085,[43356.944 — 70409.436],43356.944173936914,70409.43588154309,12.132135768777438,Boa (**)
PIT_por_Faixa_Etaria_SIDRA,PIT_por_Faixa_Etaria_SIDRA,Faixa_Etaria_sidra25 a 39 anos,Estrato agregado,Agreg_Alto Parnaíba e Chapadas Sul do Piauí,Alto Parnaíba e Chapadas Sul do Piauí,122770.37393482,9670.168302635606,[103816.844 — 141723.904],103816.84406165422,141723.9038079858,7.8766301614179275,Boa (**)
PIT_por_Faixa_Etaria_SIDRA,PIT_por_Faixa_Etaria_SIDRA,Faixa_Etaria_sidra40 a 59 anos,Estrato agregado,Agreg_Alto Parnaíba e Chapadas Sul do Piauí,Alto Parnaíba e Chapadas Sul do Piauí,154029.38897212,9601.445641310012,[135210.556 — 172848.222],135210.5555151524,172848.22242908762,6.2335153735160995,Boa (**)
PIT_por_Faixa_Etaria_SIDRA,PIT_por_Faixa_Etaria_SIDRA,Faixa_Etaria_sidra60 anos ou mais,Estrato agregado,Agreg_Alto Parnaíba e Chapadas Sul do Piauí,Alto Parnaíba e Chapadas Sul do Piauí,96652.14837883,8298.936684565326,[80386.232 — 112918.064],80386.23247708195,112918.06428057804,8.586396498955699,Boa (**)
PIT_por_Faixa_Etaria_SIDRA,PIT_por_Faixa_Etaria_SIDRA,Faixa_Etaria_sidra14 a 17 anos,Estrato agregado,Agreg_Baixo Parnaíba do Piauí,Baixo Parnaíba do Piauí,52787.73343375,6208.703190288203,[40618.675 — 64956.792],40618.675180785125,64956.791686714874,11.761640037226242,Boa (**)
PIT_por_Faixa_Etaria_SIDRA,PIT_por_Faixa_Etaria_SIDRA,Faixa_Etaria_sidra18 a 24 anos,Estrato agregado,Agreg_Baixo Parnaíba do Piauí,Baixo Parnaíba do Piauí,95233.49931152,8910.513185474556,[77768.893 — 112698.105],77768.89346798987,112698.10515505014,9.356490363046744,Boa (**)
PIT_por_Faixa_Etaria_SIDRA,PIT_por_Faixa_Etaria_SIDRA,Faixa_Etaria_sidra25 a 39 anos,Estrato agregado,Agreg_Baixo Parnaíba do Piauí,Baixo Parnaíba do Piauí,193085.06288758,11190.001662825993,[171152.660 — 215017.466],171152.65962844103,215017.46614671894,5.795374067511972,Boa (**)
PIT_por_Faixa_Etaria_SIDRA,PIT_por_Faixa_Etaria_SIDRA,Faixa_Etaria_sidra40 a 59 anos,Estrato agregado,Agreg_Baixo Parnaíba do Piauí,Baixo Parnaíba do Piauí,227986.12168093,11474.048517594669,[205496.987 — 250475.257],205496.98658644443,250475.25677541556,5.032783764641943,Boa (**)
PIT_por_Faixa_Etaria_SIDRA,PIT_por_Faixa_Etaria_SIDRA,Faixa_Etaria_sidra60 anos ou mais,Estrato agregado,Agreg_Baixo Parnaíba do Piauí,Baixo Parnaíba do Piauí,143803.69627734,9941.737553478692,[124317.891 — 163289.502],124317.89067252177,163289.50188215822,6.913408911482389,Boa (**)
PIT_por_Faixa_Etaria_SIDRA,PIT_por_Faixa_Etaria_SIDRA,Faixa_Etaria_sidra14 a 17 anos,Estrato agregado,Agreg_Centro-Leste do Piauí,Centro-Leste do Piauí,50122.23496425,4894.843530659837,[40528.342 — 59716.128],40528.34164415672,59716.12828434328,9.765812586272569,Boa (**)
PIT_por_Faixa_Etaria_SIDRA,PIT_por_Faixa_Etaria_SIDRA,Faixa_Etaria_sidra18 a 24 anos,Estrato agregado,Agreg_Centro-Leste do Piauí,Centro-Leste do Piauí,86037.07071095,6203.220312101755,[73878.759 — 98195.383],73878.75889923057,98195.38252266945,7.20993899588014,Boa (**)
PIT_por_Faixa_Etaria_SIDRA,PIT_por_Faixa_Etaria_SIDRA,Faixa_Etaria_sidra25 a 39 anos,Estrato agregado,Agreg_Centro-Leste do Piauí,Centro-Leste do Piauí,167514.08367622,8743.843876403775,[150376.150 — 184652.018],150376.14967846862,184652.0176739714,5.2197664127777665,Boa (**)
PIT_por_Faixa_Etaria_SIDRA,PIT_por_Faixa_Etaria_SIDRA,Faixa_Etaria_sidra40 a 59 anos,Estrato agregado,Agreg_Centro-Leste do Piauí,Centro-Leste do Piauí,211032.72579591,9045.931015060723,[193302.701 — 228762.751],193302.70100639097,228762.75058542902,4.286506266240931,Excelente (***)
PIT_por_Faixa_Etaria_SIDRA,PIT_por_Faixa_Etaria_SIDRA,Faixa_Etaria_sidra60 anos ou mais,Estrato agregado,Agreg_Centro-Leste do Piauí,Centro-Leste do Piauí,132856.25799931,7587.555517686972,[117984.649 — 147727.867],117984.64918464354,147727.86681397646,5.71110133007538,Boa (**)
PIT_por_Faixa_Etaria_SIDRA,PIT_por_Faixa_Etaria_SIDRA,Faixa_Etaria_sidra14 a 17 anos,Estrato agregado,Agreg_Entorno metropolitano de Teresina (PI),Entorno metropolitano de Teresina (PI),14032.91977729,1552.9282196752104,[10989.180 — 17076.659],10989.180466726588,17076.65908785341,11.066322934364466,Boa (**)
PIT_por_Faixa_Etaria_SIDRA,PIT_por_Faixa_Etaria_SIDRA,Faixa_Etaria_sidra18 a 24 anos,Estrato agregado,Agreg_Entorno metropolitano de Teresina (PI),Entorno metropolitano de Teresina (PI),24112.55840904,2689.6911031464106,[18840.764 — 29384.353],18840.763846873037,29384.352971206965,11.154731312700616,Boa (**)
PIT_por_Faixa_Etaria_SIDRA,PIT_por_Faixa_Etaria_SIDRA,Faixa_Etaria_sidra25 a 39 anos,Estrato agregado,Agreg_Entorno metropolitano de Teresina (PI),Entorno metropolitano de Teresina (PI),47756.3551879,2501.6414008408315,[42853.138 — 52659.572],42853.13804225197,52659.57233354803,5.23834239652081,Boa (**)
PIT_por_Faixa_Etaria_SIDRA,PIT_por_Faixa_Etaria_SIDRA,Faixa_Etaria_sidra40 a 59 anos,Estrato agregado,Agreg_Entorno metropolitano de Teresina (PI),Entorno metropolitano de Teresina (PI),59452.76636503,3626.401026486801,[52345.020 — 66560.512],52345.02035311587,66560.51237694413,6.099633790329129,Boa (**)
PIT_por_Faixa_Etaria_SIDRA,PIT_por_Faixa_Etaria_SIDRA,Faixa_Etaria_sidra60 anos ou mais,Estrato agregado,Agreg_Entorno metropolitano de Teresina (PI),Entorno metropolitano de Teresina (PI),32532.37524911,3857.778556282952,[24971.129 — 40093.621],24971.12927879541,40093.62121942458,11.858275108235421,Boa (**)
PIT_por_Faixa_Etaria_SIDRA,PIT_por_Faixa_Etaria_SIDRA,Faixa_Etaria_sidra14 a 17 anos,Estrato agregado,Agreg_Teresina,Teresina,48675.88225904,3722.297309500924,[41380.180 — 55971.585],41380.17953241819,55971.584985661815,7.64710804766076,Boa (**)
PIT_por_Faixa_Etaria_SIDRA,PIT_por_Faixa_Etaria_SIDRA,Faixa_Etaria_sidra18 a 24 anos,Estrato agregado,Agreg_Teresina,Teresina,94016.97801635,4612.978928080461,[84975.539 — 103058.417],84975.5393173123,103058.41671538769,4.9065381864095245,Excelente (***)
PIT_por_Faixa_Etaria_SIDRA,PIT_por_Faixa_Etaria_SIDRA,Faixa_Etaria_sidra25 a 39 anos,Estrato agregado,Agreg_Teresina,Teresina,197811.63136683,6885.760917591748,[184315.540 — 211307.723],184315.53996835017,211307.72276530982,3.4809686720709108,Excelente (***)
PIT_por_Faixa_Etaria_SIDRA,PIT_por_Faixa_Etaria_SIDRA,Faixa_Etaria_sidra40 a 59 anos,Estrato agregado,Agreg_Teresina,Teresina,264046.19177668,7131.61948082574,[250068.218 — 278024.166],250068.21759426154,278024.16595909843,2.700898442367003,Excelente (***)
PIT_por_Faixa_Etaria_SIDRA,PIT_por_Faixa_Etaria_SIDRA,Faixa_Etaria_sidra60 anos ou mais,Estrato agregado,Agreg_Teresina,Teresina,142061.54579183,8240.98601774529,[125909.213 — 158213.878],125909.21319704922,158213.87838661077,5.8009970057775,Boa (**)
PIT_por_Faixa_Etaria_SIDRA,PIT_por_Faixa_Etaria_SIDRA,Faixa_Etaria_sidra14 a 17 anos,Outro,Micro_2210011,Micro 2210011,23500.60234666,2439.593165101912,[18719.000 — 28282.205],18718.999743060253,28282.20495025975,10.380981428114913,Boa (**)
PIT_por_Faixa_Etaria_SIDRA,PIT_por_Faixa_Etaria_SIDRA,Faixa_Etaria_sidra18 a 24 anos,Outro,Micro_2210011,Micro 2210011,53240.82265325,4158.7783154124545,[45089.617 — 61392.028],45089.61715504159,61392.028151458406,7.811258557175184,Boa (**)
PIT_por_Faixa_Etaria_SIDRA,PIT_por_Faixa_Etaria_SIDRA,Faixa_Etaria_sidra25 a 39 anos,Outro,Micro_2210011,Micro 2210011,91173.19599642,5187.060801436688,[81006.557 — 101339.835],81006.5568256041,101339.83516723591,5.6892387556978505,Boa (**)
PIT_por_Faixa_Etaria_SIDRA,PIT_por_Faixa_Etaria_SIDRA,Faixa_Etaria_sidra40 a 59 anos,Outro,Micro_2210011,Micro 2210011,131740.22878273,7976.830030598694,[116105.642 — 147374.816],116105.64192275656,147374.81564270344,6.054969013113166,Boa (**)
PIT_por_Faixa_Etaria_SIDRA,PIT_por_Faixa_Etaria_SIDRA,Faixa_Etaria_sidra60 anos ou mais,Outro,Micro_2210011,Micro 2210011,62896.45092413,5436.689168009598,[52240.540 — 73552.362],52240.540154831186,73552.3616934288,8.64387272752115,Boa (**)
PIT_por_Faixa_Etaria_SIDRA,PIT_por_Faixa_Etaria_SIDRA,Faixa_Etaria_sidra14 a 17 anos,Outro,Micro_2210012,Micro 2210012,6275.11062382,1638.863254885264,[3062.939 — 9487.283],3062.9386442448827,9487.282603395117,26.116882285138093,Regular (*)
PIT_por_Faixa_Etaria_SIDRA,PIT_por_Faixa_Etaria_SIDRA,Faixa_Etaria_sidra18 a 24 anos,Outro,Micro_2210012,Micro 2210012,13823.64321067,2336.282368795646,[9244.530 — 18402.757],9244.529767830532,18402.756653509467,16.900626941762713,Regular (*)
PIT_por_Faixa_Etaria_SIDRA,PIT_por_Faixa_Etaria_SIDRA,Faixa_Etaria_sidra25 a 39 anos,Outro,Micro_2210012,Micro 2210012,42566.11450692,5634.471853935511,[31522.550 — 53609.679],31522.5496732064,53609.6793406336,13.236988903508005,Boa (**)
PIT_por_Faixa_Etaria_SIDRA,PIT_por_Faixa_Etaria_SIDRA,Faixa_Etaria_sidra40 a 59 anos,Outro,Micro_2210012,Micro 2210012,52450.97362947,8165.789005935275,[36446.027 — 68455.920],36446.02717783686,68455.92008110313,15.568422168139243,Regular (*)
PIT_por_Faixa_Etaria_SIDRA,PIT_por_Faixa_Etaria_SIDRA,Faixa_Etaria_sidra60 anos ou mais,Outro,Micro_2210012,Micro 2210012,38285.54819994,5628.469571363948,[27253.748 — 49317.349],27253.747840066662,49317.34855981334,14.70129026746643,Boa (**)
PIT_por_Faixa_Etaria_SIDRA,PIT_por_Faixa_Etaria_SIDRA,Faixa_Etaria_sidra14 a 17 anos,Outro,Micro_2210013,Micro 2210013,3168.9165922,515.4001963974943,[2158.732 — 4179.101],2158.7322072609113,4179.100977139089,16.264239887730238,Regular (*)
PIT_por_Faixa_Etaria_SIDRA,PIT_por_Faixa_Etaria_SIDRA,Faixa_Etaria_sidra18 a 24 anos,Outro,Micro_2210013,Micro 2210013,6464.12836728,1332.010219649873,[3853.388 — 9074.868],3853.388336766249,9074.86839779375,20.60618453049628,Regular (*)
PIT_por_Faixa_Etaria_SIDRA,PIT_por_Faixa_Etaria_SIDRA,Faixa_Etaria_sidra25 a 39 anos,Outro,Micro_2210013,Micro 2210013,19324.41168478,2582.679538930364,[14262.360 — 24386.464],14262.359788476486,24386.463581083513,13.364854677384539,Boa (**)
PIT_por_Faixa_Etaria_SIDRA,PIT_por_Faixa_Etaria_SIDRA,Faixa_Etaria_sidra40 a 59 anos,Outro,Micro_2210013,Micro 2210013,25233.2759587,3935.3296671258,[17520.030 — 32946.522],17520.029811133434,32946.522106266566,15.59579371924146,Regular (*)
PIT_por_Faixa_Etaria_SIDRA,PIT_por_Faixa_Etaria_SIDRA,Faixa_Etaria_sidra60 anos ou mais,Outro,Micro_2210013,Micro 2210013,19778.87229221,2444.3126948080067,[14988.019 — 24569.725],14988.019410386307,24569.72517403369,12.35820050150539,Boa (**)
PIT_por_Faixa_Etaria_SIDRA,PIT_por_Faixa_Etaria_SIDRA,Faixa_Etaria_sidra14 a 17 anos,Outro,Micro_2210020,Micro 2210020,3065.35622681,684.6376117344502,[1723.467 — 4407.246],1723.4665078104777,4407.245945809522,22.334683510729405,Regular (*)
PIT_por_Faixa_Etaria_SIDRA,PIT_por_Faixa_Etaria_SIDRA,Faixa_Etaria_sidra18 a 24 anos,Outro,Micro_2210020,Micro 2210020,3258.25256011,597.225214526775,[2087.691 — 4428.814],2087.6911396375212,4428.813980582479,18.329616980539175,Regular (*)
PIT_por_Faixa_Etaria_SIDRA,PIT_por_Faixa_Etaria_SIDRA,Faixa_Etaria_sidra25 a 39 anos,Outro,Micro_2210020,Micro 2210020,8319.70209827,966.0654219201492,[6426.214 — 10213.190],6426.213871306507,10213.190325233492,11.611779009744028,Boa (**)
PIT_por_Faixa_Etaria_SIDRA,PIT_por_Faixa_Etaria_SIDRA,Faixa_Etaria_sidra40 a 59 anos,Outro,Micro_2210020,Micro 2210020,9762.87837873,1021.6364507864032,[7760.471 — 11765.286],7760.4709351886495,11765.28582227135,10.46450043884806,Boa (**)
PIT_por_Faixa_Etaria_SIDRA,PIT_por_Faixa_Etaria_SIDRA,Faixa_Etaria_sidra60 anos ou mais,Outro,Micro_2210020,Micro 2210020,7345.93276016,878.7945614672293,[5623.495 — 9068.370],5623.49541968423,9068.37010063577,11.963008513136575,Boa (**)
PIT_por_Faixa_Etaria_SIDRA,PIT_por_Faixa_Etaria_SIDRA,Faixa_Etaria_sidra14 a 17 anos,Outro,Micro_2210030,Micro 2210030,12665.89646955,1759.833742721907,[9216.622 — 16115.171],9216.622333815063,16115.170605284937,13.894269126174464,Boa (**)
PIT_por_Faixa_Etaria_SIDRA,PIT_por_Faixa_Etaria_SIDRA,Faixa_Etaria_sidra18 a 24 anos,Outro,Micro_2210030,Micro 2210030,17230.13122504,2821.680647728498,[11699.637 — 22760.625],11699.637155492144,22760.62529458786,16.376431559777323,Regular (*)
PIT_por_Faixa_Etaria_SIDRA,PIT_por_Faixa_Etaria_SIDRA,Faixa_Etaria_sidra25 a 39 anos,Outro,Micro_2210030,Micro 2210030,36428.20708044,2279.790646453486,[31959.817 — 40896.597],31959.817413391167,40896.59674748883,6.258311427239064,Boa (**)
PIT_por_Faixa_Etaria_SIDRA,PIT_por_Faixa_Etaria_SIDRA,Faixa_Etaria_sidra40 a 59 anos,Outro,Micro_2210030,Micro 2210030,44858.83502705,3736.992194704318,[37534.330 — 52183.340],37534.33032542954,52183.339728670464,8.33056006124747,Boa (**)
PIT_por_Faixa_Etaria_SIDRA,PIT_por_Faixa_Etaria_SIDRA,Faixa_Etaria_sidra60 anos ou mais,Outro,Micro_2210030,Micro 2210030,13754.74161539,2096.501287703304,[9645.599 — 17863.884],9645.599091491524,17863.884139288475,15.242025959670203,Regular (*)
PIT_por_Faixa_Etaria_SIDRA,PIT_por_Faixa_Etaria_SIDRA,Faixa_Etaria_sidra14 a 17 anos,Outro,Micro_2220010,Micro 2220010,9863.84658712,1313.1131298633393,[7290.145 — 12437.548],7290.144852587855,12437.548321652146,13.312383949462214,Boa (**)
PIT_por_Faixa_Etaria_SIDRA,PIT_por_Faixa_Etaria_SIDRA,Faixa_Etaria_sidra18 a 24 anos,Outro,Micro_2220010,Micro 2220010,17046.74470208,3037.8587544371426,[11092.542 — 23000.948],11092.541543383199,23000.9478607768,17.8207558541454,Regular (*)
PIT_por_Faixa_Etaria_SIDRA,PIT_por_Faixa_Etaria_SIDRA,Faixa_Etaria_sidra25 a 39 anos,Outro,Micro_2220010,Micro 2220010,32558.05208684,3291.4672631693657,[26106.776 — 39009.328],26106.776251028044,39009.32792265196,10.109533747259345,Boa (**)
PIT_por_Faixa_Etaria_SIDRA,PIT_por_Faixa_Etaria_SIDRA,Faixa_Etaria_sidra40 a 59 anos,Outro,Micro_2220010,Micro 2220010,38580.93523156,3357.1674115958913,[32000.887 — 45160.983],32000.88710483205,45160.983358287944,8.701622683448221,Boa (**)
PIT_por_Faixa_Etaria_SIDRA,PIT_por_Faixa_Etaria_SIDRA,Faixa_Etaria_sidra60 anos ou mais,Outro,Micro_2220010,Micro 2220010,17691.40738311,2682.9793340409233,[12432.768 — 22950.047],12432.76788838979,22950.04687783021,15.165437525351239,Regular (*)
PIT_por_Faixa_Etaria_SIDRA,PIT_por_Faixa_Etaria_SIDRA,Faixa_Etaria_sidra14 a 17 anos,Outro,Micro_2220020,Micro 2220020,4169.07319017,1049.9763095603012,[2111.120 — 6227.027],2111.11962343181,6227.02675690819,25.184885504912106,Regular (*)
PIT_por_Faixa_Etaria_SIDRA,PIT_por_Faixa_Etaria_SIDRA,Faixa_Etaria_sidra18 a 24 anos,Outro,Micro_2220020,Micro 2220020,7065.81370696,1414.8610479977344,[4292.686 — 9838.941],4292.686052884441,9838.941361035559,20.024035541781434,Regular (*)
PIT_por_Faixa_Etaria_SIDRA,PIT_por_Faixa_Etaria_SIDRA,Faixa_Etaria_sidra25 a 39 anos,Outro,Micro_2220020,Micro 2220020,15198.30310106,1746.2548058769144,[11775.644 — 18620.963],11775.643681541249,18620.962520578752,11.489801159151265,Boa (**)
PIT_por_Faixa_Etaria_SIDRA,PIT_por_Faixa_Etaria_SIDRA,Faixa_Etaria_sidra40 a 59 anos,Outro,Micro_2220020,Micro 2220020,20871.83113347,3019.4600442495826,[14953.689 — 26789.973],14953.68944674082,26789.972820199182,14.466675323985283,Boa (**)
PIT_por_Faixa_Etaria_SIDRA,PIT_por_Faixa_Etaria_SIDRA,Faixa_Etaria_sidra60 anos ou mais,Outro,Micro_2220020,Micro 2220020,14840.967866,2029.5996445485637,[10862.953 — 18818.983],10862.952562684815,18818.983169315186,13.675655542643458,Boa (**)
PIT_por_Faixa_Etaria_SIDRA,PIT_por_Faixa_Etaria_SIDRA,Faixa_Etaria_sidra14 a 17 anos,Outro,Micro_2251011,Micro 2251011,7711.64761881,2137.1863277186626,[3522.762 — 11900.533],3522.7624164814206,11900.532821138579,27.713744628394423,Regular (*)
PIT_por_Faixa_Etaria_SIDRA,PIT_por_Faixa_Etaria_SIDRA,Faixa_Etaria_sidra18 a 24 anos,Outro,Micro_2251011,Micro 2251011,9596.31175176,2246.492505372602,[5193.186 — 13999.437],5193.186441229701,13999.4370622903,23.409957528324217,Regular (*)
PIT_por_Faixa_Etaria_SIDRA,PIT_por_Faixa_Etaria_SIDRA,Faixa_Etaria_sidra25 a 39 anos,Outro,Micro_2251011,Micro 2251011,24150.67372114,3835.694605346714,[16632.712 — 31668.635],16632.71229466044,31668.63514761956,15.882350321304639,Regular (*)
PIT_por_Faixa_Etaria_SIDRA,PIT_por_Faixa_Etaria_SIDRA,Faixa_Etaria_sidra40 a 59 anos,Outro,Micro_2251011,Micro 2251011,28794.35577474,3021.921244020361,[22871.390 — 34717.321],22871.390136460093,34717.321413019905,10.494838876275042,Boa (**)
PIT_por_Faixa_Etaria_SIDRA,PIT_por_Faixa_Etaria_SIDRA,Faixa_Etaria_sidra60 anos ou mais,Outro,Micro_2251011,Micro 2251011,23430.67776027,3193.4039149085065,[17171.606 — 29689.749],17171.606087049324,29689.749433490673,13.629157242405384,Boa (**)
PIT_por_Faixa_Etaria_SIDRA,PIT_por_Faixa_Etaria_SIDRA,Faixa_Etaria_sidra14 a 17 anos,Outro,Micro_2251012,Micro 2251012,8940.09799747,2178.0380486602035,[4671.143 — 13209.053],4671.143422096002,13209.052572843999,24.362574652722785,Regular (*)
PIT_por_Faixa_Etaria_SIDRA,PIT_por_Faixa_Etaria_SIDRA,Faixa_Etaria_sidra18 a 24 anos,Outro,Micro_2251012,Micro 2251012,21488.94625335,4256.331459034845,[13146.537 — 29831.356],13146.536593641706,29831.355913058294,19.8070738734865,Regular (*)
PIT_por_Faixa_Etaria_SIDRA,PIT_por_Faixa_Etaria_SIDRA,Faixa_Etaria_sidra25 a 39 anos,Outro,Micro_2251012,Micro 2251012,36188.33142993,4753.036901149265,[26872.379 — 45504.284],26872.37910367744,45504.28375618256,13.1341698092723,Boa (**)
PIT_por_Faixa_Etaria_SIDRA,PIT_por_Faixa_Etaria_SIDRA,Faixa_Etaria_sidra40 a 59 anos,Outro,Micro_2251012,Micro 2251012,46292.38575851,6110.084332971979,[34316.620 — 58268.151],34316.62046588492,58268.15105113508,13.198897038588584,Boa (**)
PIT_por_Faixa_Etaria_SIDRA,PIT_por_Faixa_Etaria_SIDRA,Faixa_Etaria_sidra60 anos ou mais,Outro,Micro_2251012,Micro 2251012,28124.66089378,4276.302154923149,[19743.109 — 36506.213],19743.108670130627,36506.213117429375,15.204813210277276,Regular (*)
PIT_por_Faixa_Etaria_SIDRA,PIT_por_Faixa_Etaria_SIDRA,Faixa_Etaria_sidra14 a 17 anos,Outro,Micro_2251013,Micro 2251013,9722.09840715,1668.6996100248118,[6451.447 — 12992.750],6451.44717150137,12992.749642798632,17.16398600530094,Regular (*)
PIT_por_Faixa_Etaria_SIDRA,PIT_por_Faixa_Etaria_SIDRA,Faixa_Etaria_sidra18 a 24 anos,Outro,Micro_2251013,Micro 2251013,18397.71031493,3272.2361161418844,[11984.128 — 24811.293],11984.127527291905,24811.293102568092,17.786105227922953,Regular (*)
PIT_por_Faixa_Etaria_SIDRA,PIT_por_Faixa_Etaria_SIDRA,Faixa_Etaria_sidra25 a 39 anos,Outro,Micro_2251013,Micro 2251013,40551.54403986,4672.292753090496,[31393.850 — 49709.238],31393.850243802626,49709.23783591737,11.521861531333757,Boa (**)
PIT_por_Faixa_Etaria_SIDRA,PIT_por_Faixa_Etaria_SIDRA,Faixa_Etaria_sidra40 a 59 anos,Outro,Micro_2251013,Micro 2251013,40181.30672152,3458.773963766833,[33402.110 — 46960.504],33402.109752537006,46960.50369050299,8.607918074288035,Boa (**)
PIT_por_Faixa_Etaria_SIDRA,PIT_por_Faixa_Etaria_SIDRA,Faixa_Etaria_sidra60 anos ou mais,Outro,Micro_2251013,Micro 2251013,23823.6007777,3370.353541104761,[17217.708 — 30429.494],17217.70783713467,30429.493718265334,14.147120632828807,Boa (**)
PIT_por_Faixa_Etaria_SIDRA,PIT_por_Faixa_Etaria_SIDRA,Faixa_Etaria_sidra14 a 17 anos,Outro,Micro_2251020,Micro 2251020,17050.8594415,3025.4148065540935,[11121.046 — 22980.672],11121.046420653976,22980.672462346025,17.74347396935636,Regular (*)
PIT_por_Faixa_Etaria_SIDRA,PIT_por_Faixa_Etaria_SIDRA,Faixa_Etaria_sidra18 a 24 anos,Outro,Micro_2251020,Micro 2251020,24584.08629706,2762.993387999369,[19168.619 — 29999.553],19168.619256581238,29999.55333753876,11.23895089942714,Boa (**)
PIT_por_Faixa_Etaria_SIDRA,PIT_por_Faixa_Etaria_SIDRA,Faixa_Etaria_sidra25 a 39 anos,Outro,Micro_2251020,Micro 2251020,55110.80110689,4451.710382253591,[46385.449 — 63836.153],46385.44875767296,63836.153456107044,8.077745728317918,Boa (**)
PIT_por_Faixa_Etaria_SIDRA,PIT_por_Faixa_Etaria_SIDRA,Faixa_Etaria_sidra40 a 59 anos,Outro,Micro_2251020,Micro 2251020,75436.51566175,6071.2892648811985,[63536.789 — 87336.243],63536.78870258285,87336.24262091715,8.048210089798246,Boa (**)
PIT_por_Faixa_Etaria_SIDRA,PIT_por_Faixa_Etaria_SIDRA,Faixa_Etaria_sidra60 anos ou mais,Outro,Micro_2251020,Micro 2251020,42546.99620771,3934.410412610389,[34835.552 — 50258.441],34835.551798993634,50258.440616426364,9.247210762900881,Boa (**)
PIT_por_Faixa_Etaria_SIDRA,PIT_por_Faixa_Etaria_SIDRA,Faixa_Etaria_sidra14 a 17 anos,Outro,Micro_2251021,Micro 2251021,5839.70483734,1713.8378783978349,[2480.583 — 9198.827],2480.582595680244,9198.827078999757,29.348022308238654,Regular (*)
PIT_por_Faixa_Etaria_SIDRA,PIT_por_Faixa_Etaria_SIDRA,Faixa_Etaria_sidra18 a 24 anos,Outro,Micro_2251021,Micro 2251021,8494.93703491,2189.7672163222446,[4202.993 — 12786.881],4202.993290918402,12786.8807789016,25.777321330615887,Regular (*)
PIT_por_Faixa_Etaria_SIDRA,PIT_por_Faixa_Etaria_SIDRA,Faixa_Etaria_sidra25 a 39 anos,Outro,Micro_2251021,Micro 2251021,8018.69359472,2108.0982763396155,[3886.821 — 12150.566],3886.8209730943536,12150.566216345647,26.289797102706565,Regular (*)
PIT_por_Faixa_Etaria_SIDRA,PIT_por_Faixa_Etaria_SIDRA,Faixa_Etaria_sidra40 a 59 anos,Outro,Micro_2251021,Micro 2251021,12239.44235747,1528.5803119186137,[9243.425 — 15235.460],9243.424946109517,15235.459768830482,12.488970226537221,Boa (**)
PIT_por_Faixa_Etaria_SIDRA,PIT_por_Faixa_Etaria_SIDRA,Faixa_Etaria_sidra60 anos ou mais,Outro,Micro_2251021,Micro 2251021,9994.8579287,1949.2233734377264,[6174.380 — 13815.336],6174.380116762055,13815.335740637944,19.50226193651615,Regular (*)
PIT_por_Faixa_Etaria_SIDRA,PIT_por_Faixa_Etaria_SIDRA,Faixa_Etaria_sidra14 a 17 anos,Outro,Micro_2251022,Micro 2251022,857.82666198,174.63614391478143,[515.540 — 1200.114],515.5398199070285,1200.1135040529716,20.35797576070829,Regular (*)
PIT_por_Faixa_Etaria_SIDRA,PIT_por_Faixa_Etaria_SIDRA,Faixa_Etaria_sidra18 a 24 anos,Outro,Micro_2251022,Micro 2251022,3475.07905894,1285.5843256484332,[955.334 — 5994.824],955.3337806690711,5994.824337210928,36.99439074173391,Baixa
PIT_por_Faixa_Etaria_SIDRA,PIT_por_Faixa_Etaria_SIDRA,Faixa_Etaria_sidra25 a 39 anos,Outro,Micro_2251022,Micro 2251022,3494.03978368,1023.6485738041144,[1487.689 — 5500.391],1487.6885790239355,5500.390988336064,29.296992512374466,Regular (*)
PIT_por_Faixa_Etaria_SIDRA,PIT_por_Faixa_Etaria_SIDRA,Faixa_Etaria_sidra40 a 59 anos,Outro,Micro_2251022,Micro 2251022,8088.71952192,4118.1108676775275,[17.222 — 16160.217],17.222221272046227,16160.216822567954,50.91177727843902,Baixa
PIT_por_Faixa_Etaria_SIDRA,PIT_por_Faixa_Etaria_SIDRA,Faixa_Etaria_sidra60 anos ou mais,Outro,Micro_2251022,Micro 2251022,4935.46443115,1766.555397565396,[1473.016 — 8397.913],1473.0158519218235,8397.913010378175,35.793093481048054,Baixa
PIT_por_Faixa_Etaria_SIDRA,PIT_por_Faixa_Etaria_SIDRA,Faixa_Etaria_sidra14 a 17 anos,Outro,Micro_2252011,Micro 2252011,19084.77809693,4798.891689538516,[9678.950 — 28490.606],9678.950385434508,28490.60580842549,25.145126996841903,Regular (*)
PIT_por_Faixa_Etaria_SIDRA,PIT_por_Faixa_Etaria_SIDRA,Faixa_Etaria_sidra18 a 24 anos,Outro,Micro_2252011,Micro 2252011,45665.64476607,7524.669771892779,[30917.292 — 60413.998],30917.292013160153,60413.99751897984,16.477747791450607,Regular (*)
PIT_por_Faixa_Etaria_SIDRA,PIT_por_Faixa_Etaria_SIDRA,Faixa_Etaria_sidra25 a 39 anos,Outro,Micro_2252011,Micro 2252011,72792.96425374,6856.682783626093,[59353.866 — 86232.063],59353.865997832865,86232.06250964715,9.41943064679332,Boa (**)
PIT_por_Faixa_Etaria_SIDRA,PIT_por_Faixa_Etaria_SIDRA,Faixa_Etaria_sidra40 a 59 anos,Outro,Micro_2252011,Micro 2252011,82315.65515182,5516.885605657677,[71502.559 — 93128.751],71502.55936473096,93128.75093890904,6.702109817971483,Boa (**)
PIT_por_Faixa_Etaria_SIDRA,PIT_por_Faixa_Etaria_SIDRA,Faixa_Etaria_sidra60 anos ou mais,Outro,Micro_2252011,Micro 2252011,51374.36841595,8523.924410058211,[34667.477 — 68081.260],34667.4765722359,68081.2602596641,16.59178433308354,Regular (*)
PIT_por_Faixa_Etaria_SIDRA,PIT_por_Faixa_Etaria_SIDRA,Faixa_Etaria_sidra14 a 17 anos,Outro,Micro_2252012,Micro 2252012,5085.14224079,1217.9259508048076,[2698.007 — 7472.277],2698.007377212577,7472.277104367423,23.950676168609935,Regular (*)
PIT_por_Faixa_Etaria_SIDRA,PIT_por_Faixa_Etaria_SIDRA,Faixa_Etaria_sidra18 a 24 anos,Outro,Micro_2252012,Micro 2252012,12679.92045074,1968.996970927574,[8820.686 — 16539.155],8820.686387721955,16539.154513758047,15.528464697999453,Regular (*)
PIT_por_Faixa_Etaria_SIDRA,PIT_por_Faixa_Etaria_SIDRA,Faixa_Etaria_sidra25 a 39 anos,Outro,Micro_2252012,Micro 2252012,32110.3213824,4650.412270689979,[22995.513 — 41225.129],22995.513331847644,41225.12943295236,14.482608925985144,Boa (**)
PIT_por_Faixa_Etaria_SIDRA,PIT_por_Faixa_Etaria_SIDRA,Faixa_Etaria_sidra40 a 59 anos,Outro,Micro_2252012,Micro 2252012,38980.89882728,4876.759791715496,[29422.450 — 48539.348],29422.449635517623,48539.34801904237,12.510639668222822,Boa (**)
PIT_por_Faixa_Etaria_SIDRA,PIT_por_Faixa_Etaria_SIDRA,Faixa_Etaria_sidra60 anos ou mais,Outro,Micro_2252012,Micro 2252012,19688.75839214,3034.9286196999883,[13740.298 — 25637.218],13740.298297528023,25637.218486751975,15.414525178548436,Regular (*)
PIT_por_Faixa_Etaria_SIDRA,PIT_por_Faixa_Etaria_SIDRA,Faixa_Etaria_sidra14 a 17 anos,Outro,Micro_2252013,Micro 2252013,3898.26853714,773.0235817289682,[2383.142 — 5413.395],2383.142316951222,5413.394757328778,19.82992126797155,Regular (*)
PIT_por_Faixa_Etaria_SIDRA,PIT_por_Faixa_Etaria_SIDRA,Faixa_Etaria_sidra18 a 24 anos,Outro,Micro_2252013,Micro 2252013,5483.06905494,1061.8411726312918,[3401.860 — 7564.278],3401.860356582668,7564.277753297331,19.365817975146975,Regular (*)
PIT_por_Faixa_Etaria_SIDRA,PIT_por_Faixa_Etaria_SIDRA,Faixa_Etaria_sidra25 a 39 anos,Outro,Micro_2252013,Micro 2252013,11564.41827691,1735.310376493202,[8163.210 — 14965.627],8163.209938983325,14965.626614836678,15.005600238085432,Regular (*)
PIT_por_Faixa_Etaria_SIDRA,PIT_por_Faixa_Etaria_SIDRA,Faixa_Etaria_sidra40 a 59 anos,Outro,Micro_2252013,Micro 2252013,13121.98369922,2020.175761013193,[9162.439 — 17081.528],9162.439207634141,17081.528190805857,15.395353380398399,Regular (*)
PIT_por_Faixa_Etaria_SIDRA,PIT_por_Faixa_Etaria_SIDRA,Faixa_Etaria_sidra60 anos ou mais,Outro,Micro_2252013,Micro 2252013,6872.59177892,1493.136626457743,[3946.044 — 9799.140],3946.0439910628243,9799.139566777176,21.725961245618798,Regular (*)
PIT_por_Faixa_Etaria_SIDRA,PIT_por_Faixa_Etaria_SIDRA,Faixa_Etaria_sidra14 a 17 anos,Outro,Micro_2252020,Micro 2252020,18655.14066041,3942.7679162518048,[10927.316 — 26382.966],10927.315544556464,26382.96577626354,21.13502110771622,Regular (*)
PIT_por_Faixa_Etaria_SIDRA,PIT_por_Faixa_Etaria_SIDRA,Faixa_Etaria_sidra18 a 24 anos,Outro,Micro_2252020,Micro 2252020,24086.8103644,3722.533168336745,[16790.645 — 31382.975],16790.64535445998,31382.97537434002,15.454653862508094,Regular (*)
PIT_por_Faixa_Etaria_SIDRA,PIT_por_Faixa_Etaria_SIDRA,Faixa_Etaria_sidra25 a 39 anos,Outro,Micro_2252020,Micro 2252020,59004.80755308,6618.299413496439,[46032.941 — 71976.674],46032.94070262698,71976.67440353302,11.216542664837435,Boa (**)
PIT_por_Faixa_Etaria_SIDRA,PIT_por_Faixa_Etaria_SIDRA,Faixa_Etaria_sidra40 a 59 anos,Outro,Micro_2252020,Micro 2252020,69663.65551934,7772.491141174801,[54429.573 — 84897.738],54429.57288263739,84897.73815604261,11.157168086043095,Boa (**)
PIT_por_Faixa_Etaria_SIDRA,PIT_por_Faixa_Etaria_SIDRA,Faixa_Etaria_sidra60 anos ou mais,Outro,Micro_2252020,Micro 2252020,49663.76547319,3851.366778092477,[42115.087 — 57212.444],42115.08658812874,57212.444358251254,7.754882742774632,Boa (**)
PIT_por_Faixa_Etaria_SIDRA,PIT_por_Faixa_Etaria_SIDRA,Faixa_Etaria_sidra14 a 17 anos,Outro,Micro_2252021,Micro 2252021,3547.32161866,508.8050146748357,[2550.064 — 4544.579],2550.063789897322,4544.579447422678,14.343357309310925,Boa (**)
PIT_por_Faixa_Etaria_SIDRA,PIT_por_Faixa_Etaria_SIDRA,Faixa_Etaria_sidra18 a 24 anos,Outro,Micro_2252021,Micro 2252021,2837.74533784,1346.18754516395,[199.218 — 5476.273],199.21774931865775,5476.272926361342,47.438631198267586,Baixa
PIT_por_Faixa_Etaria_SIDRA,PIT_por_Faixa_Etaria_SIDRA,Faixa_Etaria_sidra25 a 39 anos,Outro,Micro_2252021,Micro 2252021,13802.56133999,4733.035385902776,[4525.812 — 23079.311],4525.811983620557,23079.31069635944,34.29099331143567,Baixa
PIT_por_Faixa_Etaria_SIDRA,PIT_por_Faixa_Etaria_SIDRA,Faixa_Etaria_sidra40 a 59 anos,Outro,Micro_2252021,Micro 2252021,15821.66705601,5605.661854782243,[4834.570 — 26808.764],4834.569820636803,26808.764291383195,35.430285790604366,Baixa
PIT_por_Faixa_Etaria_SIDRA,PIT_por_Faixa_Etaria_SIDRA,Faixa_Etaria_sidra60 anos ou mais,Outro,Micro_2252021,Micro 2252021,10559.22883555,913.8881589522292,[8768.008 — 12350.450],8768.00804400363,12350.44962709637,8.654875968550096,Boa (**)
PIT_por_Faixa_Etaria_SIDRA,PIT_por_Faixa_Etaria_SIDRA,Faixa_Etaria_sidra14 a 17 anos,Outro,Micro_2252022,Micro 2252022,2517.08227982,1181.3301476508284,[201.675 — 4832.489],201.67519042437652,4832.489369215624,46.93252012942965,Baixa
PIT_por_Faixa_Etaria_SIDRA,PIT_por_Faixa_Etaria_SIDRA,Faixa_Etaria_sidra18 a 24 anos,Outro,Micro_2252022,Micro 2252022,4480.3093375299995,1066.0535909220655,[2390.844 — 6569.774],2390.8442993227513,6569.774375737248,23.794196128202664,Regular (*)
PIT_por_Faixa_Etaria_SIDRA,PIT_por_Faixa_Etaria_SIDRA,Faixa_Etaria_sidra25 a 39 anos,Outro,Micro_2252022,Micro 2252022,3809.99008146,1126.248404193325,[1602.543 — 6017.437],1602.5432092410829,6017.436953678917,29.560402523718466,Regular (*)
PIT_por_Faixa_Etaria_SIDRA,PIT_por_Faixa_Etaria_SIDRA,Faixa_Etaria_sidra40 a 59 anos,Outro,Micro_2252022,Micro 2252022,8082.26142726,2058.9430098247567,[4046.733 — 12117.790],4046.7331280034773,12117.789726516523,25.474838055600575,Regular (*)
PIT_por_Faixa_Etaria_SIDRA,PIT_por_Faixa_Etaria_SIDRA,Faixa_Etaria_sidra60 anos ou mais,Outro,Micro_2252022,Micro 2252022,5644.98338159,733.7239061849664,[4206.885 — 7083.082],4206.884525467466,7083.082237712534,12.997804538767326,Boa (**)
PIT_por_Faixa_Etaria_SIDRA,PIT_por_Faixa_Etaria_SIDRA,Faixa_Etaria_sidra14 a 17 anos,Outro,Micro_2253010,Micro 2253010,5239.87640686,2736.1189693719807,[-122.917 — 10602.670],-122.91677310908199,10602.669586829083,52.21724248667159,Baixa
PIT_por_Faixa_Etaria_SIDRA,PIT_por_Faixa_Etaria_SIDRA,Faixa_Etaria_sidra18 a 24 anos,Outro,Micro_2253010,Micro 2253010,10413.28550614,5093.956484811221,[429.131 — 20397.440],429.1307959100068,20397.440216369992,48.91786057155222,Baixa
PIT_por_Faixa_Etaria_SIDRA,PIT_por_Faixa_Etaria_SIDRA,Faixa_Etaria_sidra25 a 39 anos,Outro,Micro_2253010,Micro 2253010,15740.01207369,3930.3982337076222,[8036.432 — 23443.593],8036.431535623061,23443.59261175694,24.970744719296786,Regular (*)
PIT_por_Faixa_Etaria_SIDRA,PIT_por_Faixa_Etaria_SIDRA,Faixa_Etaria_sidra40 a 59 anos,Outro,Micro_2253010,Micro 2253010,24050.20490047,7000.4946740412615,[10329.235 — 37771.174],10329.235339349127,37771.17446159087,29.10783797066301,Regular (*)
PIT_por_Faixa_Etaria_SIDRA,PIT_por_Faixa_Etaria_SIDRA,Faixa_Etaria_sidra60 anos ou mais,Outro,Micro_2253010,Micro 2253010,9097.26377294,2590.2529586766964,[4020.368 — 14174.160],4020.367973933675,14174.159571946324,28.472879574861377,Regular (*)
PIT_por_Faixa_Etaria_SIDRA,PIT_por_Faixa_Etaria_SIDRA,Faixa_Etaria_sidra14 a 17 anos,Outro,Micro_2253011,Micro 2253011,9564.86108151,2091.1574071196637,[5466.193 — 13663.530],5466.192563555459,13663.529599464542,21.86291457135866,Regular (*)
PIT_por_Faixa_Etaria_SIDRA,PIT_por_Faixa_Etaria_SIDRA,Faixa_Etaria_sidra18 a 24 anos,Outro,Micro_2253011,Micro 2253011,24475.45406061,5171.972174896761,[14338.389 — 34612.520],14338.388597812349,34612.51952340765,21.13126139392186,Regular (*)
PIT_por_Faixa_Etaria_SIDRA,PIT_por_Faixa_Etaria_SIDRA,Faixa_Etaria_sidra25 a 39 anos,Outro,Micro_2253011,Micro 2253011,53726.2682295,7686.239351308974,[38661.239 — 68791.297],38661.239100934414,68791.29735806558,14.306296723375656,Boa (**)
PIT_por_Faixa_Etaria_SIDRA,PIT_por_Faixa_Etaria_SIDRA,Faixa_Etaria_sidra40 a 59 anos,Outro,Micro_2253011,Micro 2253011,57693.99928543,5984.095009549537,[45965.173 — 69422.826],45965.17306671291,69422.8255041471,10.372127229288395,Boa (**)
PIT_por_Faixa_Etaria_SIDRA,PIT_por_Faixa_Etaria_SIDRA,Faixa_Etaria_sidra60 anos ou mais,Outro,Micro_2253011,Micro 2253011,34138.85195671,6640.079789299847,[21124.296 — 47153.408],21124.2955696823,47153.4083437377,19.450214077848443,Regular (*)
PIT_por_Faixa_Etaria_SIDRA,PIT_por_Faixa_Etaria_SIDRA,Faixa_Etaria_sidra14 a 17 anos,Outro,Micro_2253012,Micro 2253012,2482.97232786,499.8878928932652,[1503.192 — 3462.753],1503.1920577892001,3462.7525979307998,20.13264051654187,Regular (*)
PIT_por_Faixa_Etaria_SIDRA,PIT_por_Faixa_Etaria_SIDRA,Faixa_Etaria_sidra18 a 24 anos,Outro,Micro_2253012,Micro 2253012,4874.9991277,1300.5454399181094,[2325.930 — 7424.068],2325.9300654605054,7424.068189939495,26.67785995136578,Regular (*)
PIT_por_Faixa_Etaria_SIDRA,PIT_por_Faixa_Etaria_SIDRA,Faixa_Etaria_sidra25 a 39 anos,Outro,Micro_2253012,Micro 2253012,10414.70427174,1265.7361432487348,[7933.861 — 12895.547],7933.86143097248,12895.54711250752,12.153356544969533,Boa (**)
PIT_por_Faixa_Etaria_SIDRA,PIT_por_Faixa_Etaria_SIDRA,Faixa_Etaria_sidra40 a 59 anos,Outro,Micro_2253012,Micro 2253012,15084.88004326,1947.579259936426,[11267.625 — 18902.135],11267.624693784604,18902.135392735396,12.910803760793671,Boa (**)
PIT_por_Faixa_Etaria_SIDRA,PIT_por_Faixa_Etaria_SIDRA,Faixa_Etaria_sidra60 anos ou mais,Outro,Micro_2253012,Micro 2253012,11641.27866715,1412.7503335579231,[8872.288 — 14410.269],8872.28801337647,14410.26932092353,12.135697236975346,Boa (**)
PIT_por_Faixa_Etaria_SIDRA,PIT_por_Faixa_Etaria_SIDRA,Faixa_Etaria_sidra14 a 17 anos,Outro,Micro_2253020,Micro 2253020,6336.4677116,2181.045364637183,[2061.619 — 10611.317],2061.6187969111215,10611.316626288879,34.42052360883024,Baixa
PIT_por_Faixa_Etaria_SIDRA,PIT_por_Faixa_Etaria_SIDRA,Faixa_Etaria_sidra18 a 24 anos,Outro,Micro_2253020,Micro 2253020,12680.47649498,1793.0430693816584,[9166.112 — 16194.841],9166.112078991948,16194.84091096805,14.140186846223768,Boa (**)
PIT_por_Faixa_Etaria_SIDRA,PIT_por_Faixa_Etaria_SIDRA,Faixa_Etaria_sidra25 a 39 anos,Outro,Micro_2253020,Micro 2253020,28692.53350004,3974.9979881774393,[20901.537 — 36483.530],20901.53744321222,36483.52955686778,13.853771358921293,Boa (**)
PIT_por_Faixa_Etaria_SIDRA,PIT_por_Faixa_Etaria_SIDRA,Faixa_Etaria_sidra40 a 59 anos,Outro,Micro_2253020,Micro 2253020,40482.14656301,4362.409384905215,[31931.824 — 49032.469],31931.824168595776,49032.46895742422,10.776131592022114,Boa (**)
PIT_por_Faixa_Etaria_SIDRA,PIT_por_Faixa_Etaria_SIDRA,Faixa_Etaria_sidra60 anos ou mais,Outro,Micro_2253020,Micro 2253020,31512.59007769,3424.542013164731,[24800.488 — 38224.692],24800.48773188713,38224.692423492874,10.867218482270067,Boa (**)
PIT_por_Faixa_Etaria_SIDRA,PIT_por_Faixa_Etaria_SIDRA,Faixa_Etaria_sidra14 a 17 anos,Outro,Micro_2253021,Micro 2253021,3299.49079161,1458.2831268756893,[441.256 — 6157.726],441.25586293364904,6157.725720286351,44.19721766109595,Baixa
PIT_por_Faixa_Etaria_SIDRA,PIT_por_Faixa_Etaria_SIDRA,Faixa_Etaria_sidra18 a 24 anos,Outro,Micro_2253021,Micro 2253021,1290.59852327,774.1349019735309,[-226.706 — 2807.903],-226.70588459812052,2807.9029311381205,59.98262728614464,Baixa
PIT_por_Faixa_Etaria_SIDRA,PIT_por_Faixa_Etaria_SIDRA,Faixa_Etaria_sidra25 a 39 anos,Outro,Micro_2253021,Micro 2253021,8428.56906105,2562.006757545773,[3407.036 — 13450.102],3407.035816260286,13450.102305839715,30.39669888196428,Baixa
PIT_por_Faixa_Etaria_SIDRA,PIT_por_Faixa_Etaria_SIDRA,Faixa_Etaria_sidra40 a 59 anos,Outro,Micro_2253021,Micro 2253021,9035.13643179,1266.5123198485046,[6552.772 — 11517.501],6552.772284886932,11517.50057869307,14.017633595352239,Boa (**)
PIT_por_Faixa_Etaria_SIDRA,PIT_por_Faixa_Etaria_SIDRA,Faixa_Etaria_sidra60 anos ou mais,Outro,Micro_2253021,Micro 2253021,6006.69688104,1262.9808491989693,[3531.254 — 8482.139],3531.2544166100206,8482.13934546998,21.02621247936681,Regular (*)
PIT_por_Faixa_Etaria_SIDRA,PIT_por_Faixa_Etaria_SIDRA,Faixa_Etaria_sidra14 a 17 anos,Outro,Micro_2253022,Micro 2253022,323.33644713,68.56126037257125,[188.956 — 457.717],188.95637679976036,457.71651746023963,21.204309313451958,Regular (*)
PIT_por_Faixa_Etaria_SIDRA,PIT_por_Faixa_Etaria_SIDRA,Faixa_Etaria_sidra18 a 24 anos,Outro,Micro_2253022,Micro 2253022,1236.9821107,517.6551798477601,[222.378 — 2251.586],222.37795819839027,2251.5862632016097,41.84823493969711,Baixa
PIT_por_Faixa_Etaria_SIDRA,PIT_por_Faixa_Etaria_SIDRA,Faixa_Etaria_sidra25 a 39 anos,Outro,Micro_2253022,Micro 2253022,1768.13476813,780.0692536926673,[239.199 — 3297.071],239.19903089237232,3297.070505367628,44.11820115486319,Baixa
PIT_por_Faixa_Etaria_SIDRA,PIT_por_Faixa_Etaria_SIDRA,Faixa_Etaria_sidra40 a 59 anos,Outro,Micro_2253022,Micro 2253022,2857.72845068,441.0266220318081,[1993.316 — 3722.141],1993.3162714976563,3722.140629862344,15.432768705748273,Regular (*)
PIT_por_Faixa_Etaria_SIDRA,PIT_por_Faixa_Etaria_SIDRA,Faixa_Etaria_sidra60 anos ou mais,Outro,Micro_2253022,Micro 2253022,1622.08083313,577.8858717575862,[489.425 — 2754.737],489.4245244851311,2754.737141774869,35.626206780489845,Baixa
PIT_por_Faixa_Etaria_SIDRA,PIT_por_Faixa_Etaria_SIDRA,Faixa_Etaria_sidra14 a 17 anos,Outro,Micro_2254020,Micro 2254020,824.8378010700001,227.59048410696775,[378.760 — 1270.915],378.76045222034327,1270.9151499196569,27.592150094446655,Regular (*)
PIT_por_Faixa_Etaria_SIDRA,PIT_por_Faixa_Etaria_SIDRA,Faixa_Etaria_sidra18 a 24 anos,Outro,Micro_2254020,Micro 2254020,1911.39420434,410.5227499112789,[1106.770 — 2716.019],1106.7696145138934,2716.0187941661065,21.477660075517047,Regular (*)
PIT_por_Faixa_Etaria_SIDRA,PIT_por_Faixa_Etaria_SIDRA,Faixa_Etaria_sidra25 a 39 anos,Outro,Micro_2254020,Micro 2254020,4000.15203067,532.0434943815022,[2957.347 — 5042.957],2957.346781682256,5042.957279657744,13.300581835445598,Boa (**)
PIT_por_Faixa_Etaria_SIDRA,PIT_por_Faixa_Etaria_SIDRA,Faixa_Etaria_sidra40 a 59 anos,Outro,Micro_2254020,Micro 2254020,4825.29329748,574.7882472069123,[3698.708 — 5951.878],3698.7083329544516,5951.878262005548,11.911985692291376,Boa (**)
PIT_por_Faixa_Etaria_SIDRA,PIT_por_Faixa_Etaria_SIDRA,Faixa_Etaria_sidra60 anos ou mais,Outro,Micro_2254020,Micro 2254020,2633.38619017,484.5288358157807,[1683.710 — 3583.063],1683.7096719710698,3583.0627083689305,18.39945989025262,Regular (*)
PIT_por_Faixa_Etaria_SIDRA,PIT_por_Faixa_Etaria_SIDRA,Faixa_Etaria_sidra14 a 17 anos,Zona,Zona_Rural,Zona Rural,66486.4976681,5583.97278579079,[55541.911 — 77431.084],55541.911007950046,77431.08432824994,8.398656842575665,Boa (**)
PIT_por_Faixa_Etaria_SIDRA,PIT_por_Faixa_Etaria_SIDRA,Faixa_Etaria_sidra18 a 24 anos,Zona,Zona_Rural,Zona Rural,95402.48503104,6542.109135573966,[82579.951 — 108225.019],82579.95112531504,108225.01893676497,6.857378121173087,Boa (**)
PIT_por_Faixa_Etaria_SIDRA,PIT_por_Faixa_Etaria_SIDRA,Faixa_Etaria_sidra25 a 39 anos,Zona,Zona_Rural,Zona Rural,209648.28801904,10121.595828100391,[189809.960 — 229486.616],189809.9601959632,229486.61584211676,4.827893384553258,Excelente (***)
PIT_por_Faixa_Etaria_SIDRA,PIT_por_Faixa_Etaria_SIDRA,Faixa_Etaria_sidra40 a 59 anos,Zona,Zona_Rural,Zona Rural,277167.27579891,11070.52025571991,[255469.056 — 298865.496],255469.05609769898,298865.49550012103,3.99416569788411,Excelente (***)
PIT_por_Faixa_Etaria_SIDRA,PIT_por_Faixa_Etaria_SIDRA,Faixa_Etaria_sidra60 anos ou mais,Zona,Zona_Rural,Zona Rural,187306.95086608,8133.5007840895405,[171365.289 — 203248.612],171365.28932926452,203248.6124028955,4.3423379359289225,Excelente (***)
PIT_por_Faixa_Etaria_SIDRA,PIT_por_Faixa_Etaria_SIDRA,Faixa_Etaria_sidra14 a 17 anos,Zona,Zona_Urbana,Zona Urbana,127204.11533387,7742.077456937672,[112029.644 — 142378.587],112029.64351827216,142378.58714946784,6.086341968274534,Boa (**)
PIT_por_Faixa_Etaria_SIDRA,PIT_por_Faixa_Etaria_SIDRA,Faixa_Etaria_sidra18 a 24 anos,Zona,Zona_Urbana,Zona Urbana,260880.81144456,12286.361547143517,[236799.543 — 284962.080],236799.5428121587,284962.0800769613,4.7095688943586795,Excelente (***)
PIT_por_Faixa_Etaria_SIDRA,PIT_por_Faixa_Etaria_SIDRA,Faixa_Etaria_sidra25 a 39 anos,Zona,Zona_Urbana,Zona Urbana,519289.21903431,14799.341346726842,[490282.510 — 548295.928],490282.5099947254,548295.9280738946,2.8499227028529996,Excelente (***)
PIT_por_Faixa_Etaria_SIDRA,PIT_por_Faixa_Etaria_SIDRA,Faixa_Etaria_sidra40 a 59 anos,Zona,Zona_Urbana,Zona Urbana,639379.91879176,13194.0458364524,[613519.589 — 665240.249],613519.5889523133,665240.2486312067,2.0635690062623904,Excelente (***)
PIT_por_Faixa_Etaria_SIDRA,PIT_por_Faixa_Etaria_SIDRA,Faixa_Etaria_sidra60 anos ou mais,Zona,Zona_Urbana,Zona Urbana,360599.07283034,14323.457997181418,[332525.095 — 388673.051],332525.09515586443,388673.0505048156,3.972128348738304,Excelente (***)
PIT_por_Instrucao_Projeto,PIT_por_Instrucao_Projeto,Instrucao_projetoAté fundamental completo,Agregados nacionais,Brasil,Brasil,62155222.49531888,263216.7378023164,[61639317.689 — 62671127.301],61639317.689226344,62671127.30141142,0.4234828985161144,Excelente (***)
PIT_por_Instrucao_Projeto,PIT_por_Instrucao_Projeto,Instrucao_projetoAcima de fundamental completo,Agregados nacionais,Brasil,Brasil,113244407.50468704,263216.7377573788,[112728502.699 — 113760312.311],112728502.69868258,113760312.3106915,0.23243243843761963,Excelente (***)
PIT_por_Instrucao_Projeto,PIT_por_Instrucao_Projeto,Instrucao_projetoAté fundamental completo,Agregados nacionais,Nordeste,Nordeste,19860116.70250946,122579.62345184865,[19619860.641 — 20100372.764],19619860.640543837,20100372.76447508,0.6172150208783007,Excelente (***)
PIT_por_Instrucao_Projeto,PIT_por_Instrucao_Projeto,Instrucao_projetoAcima de fundamental completo,Agregados nacionais,Nordeste,Nordeste,26570895.514368128,133154.66743655404,[26309912.366 — 26831878.663],26309912.366192482,26831878.662543774,0.5011297694673146,Excelente (***)
PIT_por_Instrucao_Projeto,PIT_por_Instrucao_Projeto,Instrucao_projetoAté fundamental completo,Agregados nacionais,Piauí,Piauí,1278326.45907689,23088.11563974038,[1233073.752 — 1323579.166],1233073.752422999,1323579.1657307812,1.806120453488294,Excelente (***)
PIT_por_Instrucao_Projeto,PIT_por_Instrucao_Projeto,Instrucao_projetoAcima de fundamental completo,Agregados nacionais,Piauí,Piauí,1465038.17574112,23871.760374167356,[1418249.525 — 1511826.826],1418249.525407752,1511826.826074488,1.629429237370646,Excelente (***)
PIT_por_Instrucao_Projeto,PIT_por_Instrucao_Projeto,Instrucao_projetoAté fundamental completo,Agregados nacionais,Teresina,Teresina,190642.31498179,9492.141797001574,[172037.717 — 209246.913],172037.7170596669,209246.9129039131,4.979031962504366,Excelente (***)
PIT_por_Instrucao_Projeto,PIT_por_Instrucao_Projeto,Instrucao_projetoAcima de fundamental completo,Agregados nacionais,Teresina,Teresina,555969.91422894,9323.893477823647,[537695.083 — 574244.745],537695.0830124057,574244.7454454744,1.6770500056203057,Excelente (***)
PIT_por_Instrucao_Projeto,PIT_por_Instrucao_Projeto,Instrucao_projetoAté fundamental completo,Estrato administrativo,Admin_Capital,Capital,190642.31498179,9492.141797001574,[172037.717 — 209246.913],172037.7170596669,209246.9129039131,4.979031962504366,Excelente (***)
PIT_por_Instrucao_Projeto,PIT_por_Instrucao_Projeto,Instrucao_projetoAcima de fundamental completo,Estrato administrativo,Admin_Capital,Capital,555969.91422894,9323.893477823647,[537695.083 — 574244.745],537695.0830124057,574244.7454454744,1.6770500056203057,Excelente (***)
PIT_por_Instrucao_Projeto,PIT_por_Instrucao_Projeto,Instrucao_projetoAté fundamental completo,Estrato administrativo,"Admin_Resto da RIDE (Região Integrada de Desenvolvimento Econômico, excluindo a capital)","Resto da RIDE (Região Integrada de Desenvolvimento Econômico, excluindo a capital)",84677.44728156,4342.644490630407,[76165.864 — 93189.030],76165.8640799244,93189.0304831956,5.128454659468807,Boa (**)
PIT_por_Instrucao_Projeto,PIT_por_Instrucao_Projeto,Instrucao_projetoAcima de fundamental completo,Estrato administrativo,"Admin_Resto da RIDE (Região Integrada de Desenvolvimento Econômico, excluindo a capital)","Resto da RIDE (Região Integrada de Desenvolvimento Econômico, excluindo a capital)",93209.52770681,2959.679153566001,[87408.557 — 99010.499],87408.55656582063,99010.49884779936,3.175296803214853,Excelente (***)
PIT_por_Instrucao_Projeto,PIT_por_Instrucao_Projeto,Instrucao_projetoAté fundamental completo,Estrato administrativo,"Admin_Resto da UF  (Unidade da Federação, excluindo a região metropolitana e a RIDE)","Resto da UF  (Unidade da Federação, excluindo a região metropolitana e a RIDE)",1003006.69681354,19907.730287707334,[963987.545 — 1042025.848],963987.5454496336,1042025.8481774463,1.9848053209367758,Excelente (***)
PIT_por_Instrucao_Projeto,PIT_por_Instrucao_Projeto,Instrucao_projetoAcima de fundamental completo,Estrato administrativo,"Admin_Resto da UF  (Unidade da Federação, excluindo a região metropolitana e a RIDE)","Resto da UF  (Unidade da Federação, excluindo a região metropolitana e a RIDE)",815858.73380537,21430.172153722997,[773855.596 — 857861.871],773855.596384073,857861.8712266671,2.626701322883104,Excelente (***)
PIT_por_Instrucao_Projeto,PIT_por_Instrucao_Projeto,Instrucao_projetoAté fundamental completo,Estrato agregado,Agreg_Alto Parnaíba e Chapadas Sul do Piauí,Alto Parnaíba e Chapadas Sul do Piauí,248591.07077371,15817.752748987035,[217588.275 — 279593.866],217588.27538569542,279593.8661617246,6.362960946165995,Boa (**)
PIT_por_Instrucao_Projeto,PIT_por_Instrucao_Projeto,Instrucao_projetoAcima de fundamental completo,Estrato agregado,Agreg_Alto Parnaíba e Chapadas Sul do Piauí,Alto Parnaíba e Chapadas Sul do Piauí,209815.87310744,14028.384676490805,[182320.239 — 237311.507],182320.23914151805,237311.50707336198,6.6860454686892625,Boa (**)
PIT_por_Instrucao_Projeto,PIT_por_Instrucao_Projeto,Instrucao_projetoAté fundamental completo,Estrato agregado,Agreg_Baixo Parnaíba do Piauí,Baixo Parnaíba do Piauí,394124.81047035,18867.78979022999,[357143.942 — 431105.678],357143.9424814993,431105.6784592008,4.787262635841955,Excelente (***)
PIT_por_Instrucao_Projeto,PIT_por_Instrucao_Projeto,Instrucao_projetoAcima de fundamental completo,Estrato agregado,Agreg_Baixo Parnaíba do Piauí,Baixo Parnaíba do Piauí,318771.30312077,18345.88806729617,[282813.363 — 354729.244],282813.36250886956,354729.2437326705,5.7551880886673255,Boa (**)
PIT_por_Instrucao_Projeto,PIT_por_Instrucao_Projeto,Instrucao_projetoAté fundamental completo,Estrato agregado,Agreg_Centro-Leste do Piauí,Centro-Leste do Piauí,360290.81556948,16624.367553214368,[327707.055 — 392874.576],327707.05516517983,392874.5759737802,4.614152466511724,Excelente (***)
PIT_por_Instrucao_Projeto,PIT_por_Instrucao_Projeto,Instrucao_projetoAcima de fundamental completo,Estrato agregado,Agreg_Centro-Leste do Piauí,Centro-Leste do Piauí,287271.55757716,13810.590491543597,[260202.800 — 314340.315],260202.80021373456,314340.31494058546,4.80750360669943,Excelente (***)
PIT_por_Instrucao_Projeto,PIT_por_Instrucao_Projeto,Instrucao_projetoAté fundamental completo,Estrato agregado,Agreg_Entorno metropolitano de Teresina (PI),Entorno metropolitano de Teresina (PI),84677.44728156,4342.644490630407,[76165.864 — 93189.030],76165.8640799244,93189.0304831956,5.128454659468807,Boa (**)
PIT_por_Instrucao_Projeto,PIT_por_Instrucao_Projeto,Instrucao_projetoAcima de fundamental completo,Estrato agregado,Agreg_Entorno metropolitano de Teresina (PI),Entorno metropolitano de Teresina (PI),93209.52770681,2959.679153566001,[87408.557 — 99010.499],87408.55656582063,99010.49884779936,3.175296803214853,Excelente (***)
PIT_por_Instrucao_Projeto,PIT_por_Instrucao_Projeto,Instrucao_projetoAté fundamental completo,Estrato agregado,Agreg_Teresina,Teresina,190642.31498179,9492.141797001574,[172037.717 — 209246.913],172037.7170596669,209246.9129039131,4.979031962504366,Excelente (***)
PIT_por_Instrucao_Projeto,PIT_por_Instrucao_Projeto,Instrucao_projetoAcima de fundamental completo,Estrato agregado,Agreg_Teresina,Teresina,555969.91422894,9323.893477823647,[537695.083 — 574244.745],537695.0830124057,574244.7454454744,1.6770500056203057,Excelente (***)
PIT_por_Instrucao_Projeto,PIT_por_Instrucao_Projeto,Instrucao_projetoAté fundamental completo,Outro,Micro_2210011,Micro 2210011,85006.99675982,7952.879393035972,[69419.353 — 100594.640],69419.3531494695,100594.6403701705,9.355558596554294,Boa (**)
PIT_por_Instrucao_Projeto,PIT_por_Instrucao_Projeto,Instrucao_projetoAcima de fundamental completo,Outro,Micro_2210011,Micro 2210011,277544.30394337,12067.013245911896,[253892.958 — 301195.650],253892.9579813827,301195.64990535734,4.347779102097531,Excelente (***)
PIT_por_Instrucao_Projeto,PIT_por_Instrucao_Projeto,Instrucao_projetoAté fundamental completo,Outro,Micro_2210012,Micro 2210012,31535.58998651,4659.821908289594,[22402.339 — 40668.841],22402.339046262394,40668.840926757606,14.776390453715718,Boa (**)
PIT_por_Instrucao_Projeto,PIT_por_Instrucao_Projeto,Instrucao_projetoAcima de fundamental completo,Outro,Micro_2210012,Micro 2210012,121865.80018431,12352.35032956998,[97655.194 — 146076.407],97655.19353835285,146076.40683026717,10.136026933633774,Boa (**)
PIT_por_Instrucao_Projeto,PIT_por_Instrucao_Projeto,Instrucao_projetoAté fundamental completo,Outro,Micro_2210013,Micro 2210013,12101.52559686,1588.887658316571,[8987.306 — 15215.745],8987.30578655952,15215.745407160479,13.129647544015791,Boa (**)
PIT_por_Instrucao_Projeto,PIT_por_Instrucao_Projeto,Instrucao_projetoAcima de fundamental completo,Outro,Micro_2210013,Micro 2210013,61868.07929831,6904.672858437917,[48334.920 — 75401.238],48334.92049577168,75401.2381008483,11.160315524174559,Boa (**)
PIT_por_Instrucao_Projeto,PIT_por_Instrucao_Projeto,Instrucao_projetoAté fundamental completo,Outro,Micro_2210020,Micro 2210020,14226.72694448,1542.5130088649605,[11203.401 — 17250.052],11203.401447104678,17250.05244185532,10.842360402955922,Boa (**)
PIT_por_Instrucao_Projeto,PIT_por_Instrucao_Projeto,Instrucao_projetoAcima de fundamental completo,Outro,Micro_2210020,Micro 2210020,17525.3950796,1439.3552108944982,[14704.259 — 20346.531],14704.258866246782,20346.531292953216,8.212968691187704,Boa (**)
PIT_por_Instrucao_Projeto,PIT_por_Instrucao_Projeto,Instrucao_projetoAté fundamental completo,Outro,Micro_2210030,Micro 2210030,47771.47569412,4207.020833332204,[39525.715 — 56017.237],39525.71486078888,56017.236527451125,8.806554062239341,Boa (**)
PIT_por_Instrucao_Projeto,PIT_por_Instrucao_Projeto,Instrucao_projetoAcima de fundamental completo,Outro,Micro_2210030,Micro 2210030,77166.33572335,5953.016404844816,[65498.424 — 88834.248],65498.42356985416,88834.24787684584,7.7145251864583155,Boa (**)
PIT_por_Instrucao_Projeto,PIT_por_Instrucao_Projeto,Instrucao_projetoAté fundamental completo,Outro,Micro_2220010,Micro 2220010,45362.90250037,4179.600399876803,[37170.886 — 53554.919],37170.88571661147,53554.91928412853,9.213697028850197,Boa (**)
PIT_por_Instrucao_Projeto,PIT_por_Instrucao_Projeto,Instrucao_projetoAcima de fundamental completo,Outro,Micro_2220010,Micro 2220010,70378.08349034,4267.288017192514,[62014.199 — 78741.968],62014.19897664267,78741.96800403732,6.063376275056193,Boa (**)
PIT_por_Instrucao_Projeto,PIT_por_Instrucao_Projeto,Instrucao_projetoAté fundamental completo,Outro,Micro_2220020,Micro 2220020,39314.54478119,4405.9617437553225,[30678.860 — 47950.230],30678.85976342957,47950.22979895043,11.206950934513554,Boa (**)
PIT_por_Instrucao_Projeto,PIT_por_Instrucao_Projeto,Instrucao_projetoAcima de fundamental completo,Outro,Micro_2220020,Micro 2220020,22831.44421647,3044.7945204237635,[16863.647 — 28799.241],16863.646956439425,28799.241476500578,13.335969864873151,Boa (**)
PIT_por_Instrucao_Projeto,PIT_por_Instrucao_Projeto,Instrucao_projetoAté fundamental completo,Outro,Micro_2251011,Micro 2251011,46097.75941898,6937.104994146699,[32501.034 — 59694.485],32501.033630452468,59694.48520750753,15.048681501189098,Regular (*)
PIT_por_Instrucao_Projeto,PIT_por_Instrucao_Projeto,Instrucao_projetoAcima de fundamental completo,Outro,Micro_2251011,Micro 2251011,47585.90720774,4334.802202709009,[39089.695 — 56082.120],39089.69489043034,56082.11952504965,9.109424317130472,Boa (**)
PIT_por_Instrucao_Projeto,PIT_por_Instrucao_Projeto,Instrucao_projetoAté fundamental completo,Outro,Micro_2251012,Micro 2251012,55137.73361383,7520.72378941376,[40397.115 — 69878.352],40397.114986579036,69878.35224108097,13.639885603726306,Boa (**)
PIT_por_Instrucao_Projeto,PIT_por_Instrucao_Projeto,Instrucao_projetoAcima de fundamental completo,Outro,Micro_2251012,Micro 2251012,85896.68871921,12332.39733663153,[61725.190 — 110068.187],61725.1899394122,110068.18749900779,14.357244173806555,Boa (**)
PIT_por_Instrucao_Projeto,PIT_por_Instrucao_Projeto,Instrucao_projetoAté fundamental completo,Outro,Micro_2251013,Micro 2251013,70171.69673259,6577.474868144605,[57279.846 — 83063.547],57279.84599102658,83063.54747415343,9.373401491501648,Boa (**)
PIT_por_Instrucao_Projeto,PIT_por_Instrucao_Projeto,Instrucao_projetoAcima de fundamental completo,Outro,Micro_2251013,Micro 2251013,62504.56352857,4979.221533641701,[52745.289 — 72263.838],52745.28932263226,72263.83773450773,7.966172792112635,Boa (**)
PIT_por_Instrucao_Projeto,PIT_por_Instrucao_Projeto,Instrucao_projetoAté fundamental completo,Outro,Micro_2251020,Micro 2251020,147610.24234012,10060.57408889998,[127891.517 — 167328.968],127891.51712587604,167328.96755436395,6.815634152079126,Boa (**)
PIT_por_Instrucao_Projeto,PIT_por_Instrucao_Projeto,Instrucao_projetoAcima de fundamental completo,Outro,Micro_2251020,Micro 2251020,67119.01637479,5666.323642256155,[56013.022 — 78225.011],56013.02203596793,78225.01071361205,8.442203042153691,Boa (**)
PIT_por_Instrucao_Projeto,PIT_por_Instrucao_Projeto,Instrucao_projetoAté fundamental completo,Outro,Micro_2251021,Micro 2251021,29062.14036327,5525.118699523395,[18232.908 — 39891.373],18232.907712204145,39891.373014335855,19.011396375011252,Regular (*)
PIT_por_Instrucao_Projeto,PIT_por_Instrucao_Projeto,Instrucao_projetoAcima de fundamental completo,Outro,Micro_2251021,Micro 2251021,15525.49538987,3796.3939484870352,[8084.563 — 22966.428],8084.563250835412,22966.42752890459,24.452642915111667,Regular (*)
PIT_por_Instrucao_Projeto,PIT_por_Instrucao_Projeto,Instrucao_projetoAté fundamental completo,Outro,Micro_2251022,Micro 2251022,12211.24310069,3200.938892946722,[5937.403 — 18485.083],5937.402870514426,18485.083330865575,26.213046997367957,Regular (*)
PIT_por_Instrucao_Projeto,PIT_por_Instrucao_Projeto,Instrucao_projetoAcima de fundamental completo,Outro,Micro_2251022,Micro 2251022,8639.88635698,4778.032598595726,[-725.058 — 18004.830],-725.0575362676227,18004.83025022762,55.30203061913708,Baixa
PIT_por_Instrucao_Projeto,PIT_por_Instrucao_Projeto,Instrucao_projetoAté fundamental completo,Outro,Micro_2252011,Micro 2252011,132878.37037779,13840.689078852656,[105750.620 — 160006.121],105750.6197832388,160006.12097234122,10.416058715577131,Boa (**)
PIT_por_Instrucao_Projeto,PIT_por_Instrucao_Projeto,Instrucao_projetoAcima de fundamental completo,Outro,Micro_2252011,Micro 2252011,138355.04030672,12933.552503082536,[113005.277 — 163704.803],113005.27740067824,163704.80321276176,9.348089143995098,Boa (**)
PIT_por_Instrucao_Projeto,PIT_por_Instrucao_Projeto,Instrucao_projetoAté fundamental completo,Outro,Micro_2252012,Micro 2252012,45612.29861956,5495.991490166308,[34840.155 — 56384.442],34840.15529883404,56384.441940285964,12.0493631246408,Boa (**)
PIT_por_Instrucao_Projeto,PIT_por_Instrucao_Projeto,Instrucao_projetoAcima de fundamental completo,Outro,Micro_2252012,Micro 2252012,62932.74267379,6660.733510997291,[49877.705 — 75987.780],49877.70499223531,75987.78035534469,10.583891990093305,Boa (**)
PIT_por_Instrucao_Projeto,PIT_por_Instrucao_Projeto,Instrucao_projetoAté fundamental completo,Outro,Micro_2252013,Micro 2252013,19590.31698819,3349.4053624653443,[13025.482 — 26155.151],13025.482477757923,26155.151498622075,17.097249444633945,Regular (*)
PIT_por_Instrucao_Projeto,PIT_por_Instrucao_Projeto,Instrucao_projetoAcima de fundamental completo,Outro,Micro_2252013,Micro 2252013,21350.01435894,3048.5721181684003,[15374.813 — 27325.216],15374.813007329936,27325.215710550063,14.279016711255075,Boa (**)
PIT_por_Instrucao_Projeto,PIT_por_Instrucao_Projeto,Instrucao_projetoAté fundamental completo,Outro,Micro_2252020,Micro 2252020,147334.58769342,12593.196951284286,[122651.922 — 172017.254],122651.92166890281,172017.25371793722,8.54734597519541,Boa (**)
PIT_por_Instrucao_Projeto,PIT_por_Instrucao_Projeto,Instrucao_projetoAcima de fundamental completo,Outro,Micro_2252020,Micro 2252020,73739.591877,7423.704824160779,[59189.130 — 88290.053],59189.13042164487,88290.05333235512,10.067461231062625,Boa (**)
PIT_por_Instrucao_Projeto,PIT_por_Instrucao_Projeto,Instrucao_projetoAté fundamental completo,Outro,Micro_2252021,Micro 2252021,30412.85406574,5237.66883614741,[20147.023 — 40678.685],20147.02314689108,40678.68498458892,17.22189185147089,Regular (*)
PIT_por_Instrucao_Projeto,PIT_por_Instrucao_Projeto,Instrucao_projetoAcima de fundamental completo,Outro,Micro_2252021,Micro 2252021,16155.67012231,5909.986178471439,[4572.097 — 27739.243],4572.09721250598,27739.24303211402,36.581498221544564,Baixa
PIT_por_Instrucao_Projeto,PIT_por_Instrucao_Projeto,Instrucao_projetoAté fundamental completo,Outro,Micro_2252022,Micro 2252022,18296.38272565,3574.914622621841,[11289.550 — 25303.215],11289.550065311192,25303.21538598881,19.5389147473949,Regular (*)
PIT_por_Instrucao_Projeto,PIT_por_Instrucao_Projeto,Instrucao_projetoAcima de fundamental completo,Outro,Micro_2252022,Micro 2252022,6238.243782009999,1060.6809733093346,[4159.309 — 8317.178],4159.3090743237035,8317.178489696296,17.002877899195802,Regular (*)
PIT_por_Instrucao_Projeto,PIT_por_Instrucao_Projeto,Instrucao_projetoAté fundamental completo,Outro,Micro_2253010,Micro 2253010,29541.39154341,11466.685779515252,[7066.687 — 52016.096],7066.687415560107,52016.0956712599,38.81565891256468,Baixa
PIT_por_Instrucao_Projeto,PIT_por_Instrucao_Projeto,Instrucao_projetoAcima de fundamental completo,Outro,Micro_2253010,Micro 2253010,34999.25111669,9062.454711914674,[17236.840 — 52761.662],17236.83988133724,52761.66235204276,25.893281778229493,Regular (*)
PIT_por_Instrucao_Projeto,PIT_por_Instrucao_Projeto,Instrucao_projetoAté fundamental completo,Outro,Micro_2253011,Micro 2253011,79128.71340532,9012.303480097324,[61464.599 — 96792.828],61464.598584329244,96792.82822631075,11.389422489322829,Boa (**)
PIT_por_Instrucao_Projeto,PIT_por_Instrucao_Projeto,Instrucao_projetoAcima de fundamental completo,Outro,Micro_2253011,Micro 2253011,100470.72120844,10216.414781992182,[80446.548 — 120494.894],80446.54823573532,120494.89418114467,10.16854926401579,Boa (**)
PIT_por_Instrucao_Projeto,PIT_por_Instrucao_Projeto,Instrucao_projetoAté fundamental completo,Outro,Micro_2253012,Micro 2253012,19214.55540872,2788.872699443039,[13748.365 — 24680.746],13748.364917811643,24680.745899628357,14.514375379080516,Boa (**)
PIT_por_Instrucao_Projeto,PIT_por_Instrucao_Projeto,Instrucao_projetoAcima de fundamental completo,Outro,Micro_2253012,Micro 2253012,25284.27902899,3109.8380214083254,[19188.997 — 31379.562],19188.996507029682,31379.56155095032,12.299492573399869,Boa (**)
PIT_por_Instrucao_Projeto,PIT_por_Instrucao_Projeto,Instrucao_projetoAté fundamental completo,Outro,Micro_2253020,Micro 2253020,87561.56653248,7951.473949822107,[71976.678 — 103146.455],71976.67759082868,103146.45547413133,9.081009242648252,Boa (**)
PIT_por_Instrucao_Projeto,PIT_por_Instrucao_Projeto,Instrucao_projetoAcima de fundamental completo,Outro,Micro_2253020,Micro 2253020,32142.64781484,6577.89981457344,[19249.964 — 45035.331],19249.964178276055,45035.33145140394,20.46471047583229,Regular (*)
PIT_por_Instrucao_Projeto,PIT_por_Instrucao_Projeto,Instrucao_projetoAté fundamental completo,Outro,Micro_2253021,Micro 2253021,18314.04651541,1587.9375989728453,[15201.689 — 21426.404],15201.688821423222,21426.404209396776,8.670599354635831,Boa (**)
PIT_por_Instrucao_Projeto,PIT_por_Instrucao_Projeto,Instrucao_projetoAcima de fundamental completo,Outro,Micro_2253021,Micro 2253021,9746.44517335,1824.9111347847695,[6169.619 — 13323.271],6169.619349171851,13323.270997528147,18.723863955800823,Regular (*)
PIT_por_Instrucao_Projeto,PIT_por_Instrucao_Projeto,Instrucao_projetoAté fundamental completo,Outro,Micro_2253022,Micro 2253022,5287.88151706,1434.1722928279844,[2476.904 — 8098.859],2476.9038231171508,8098.859211002849,27.121868903472844,Regular (*)
PIT_por_Instrucao_Projeto,PIT_por_Instrucao_Projeto,Instrucao_projetoAcima de fundamental completo,Outro,Micro_2253022,Micro 2253022,2520.38109271,325.0571545215969,[1883.269 — 3157.493],1883.26906984767,3157.4931155723298,12.89714303371814,Boa (**)
PIT_por_Instrucao_Projeto,PIT_por_Instrucao_Projeto,Instrucao_projetoAté fundamental completo,Outro,Micro_2254020,Micro 2254020,9542.91585131,879.8599154320152,[7818.390 — 11267.441],7818.3904170632495,11267.44128555675,9.220032211760861,Boa (**)
PIT_por_Instrucao_Projeto,PIT_por_Instrucao_Projeto,Instrucao_projetoAcima de fundamental completo,Outro,Micro_2254020,Micro 2254020,4652.14767242,562.227243150187,[3550.182 — 5754.113],3550.1822758456337,5754.113068994367,12.08532666500077,Boa (**)
PIT_por_Instrucao_Projeto,PIT_por_Instrucao_Projeto,Instrucao_projetoAté fundamental completo,Zona,Zona_Rural,Zona Rural,559175.13243082,18763.975854111388,[522397.740 — 595952.525],522397.7397567617,595952.5251048784,3.3556527759990877,Excelente (***)
PIT_por_Instrucao_Projeto,PIT_por_Instrucao_Projeto,Instrucao_projetoAcima de fundamental completo,Zona,Zona_Rural,Zona Rural,276836.36495235,13776.363836959596,[249834.692 — 303838.038],249834.69183190918,303838.0380727908,4.97635628156396,Excelente (***)
PIT_por_Instrucao_Projeto,PIT_por_Instrucao_Projeto,Instrucao_projetoAté fundamental completo,Zona,Zona_Urbana,Zona Urbana,719151.32664607,24129.885132070864,[671856.752 — 766445.902],671856.751787211,766445.901504929,3.355327903600792,Excelente (***)
PIT_por_Instrucao_Projeto,PIT_por_Instrucao_Projeto,Instrucao_projetoAcima de fundamental completo,Zona,Zona_Urbana,Zona Urbana,1188201.81078877,23466.603422840864,[1142207.268 — 1234196.353],1142207.268080002,1234196.353497538,1.9749678219445659,Excelente (***)
PIT_por_Instrucao_SIDRA,PIT_por_Instrucao_SIDRA,Instrucao_sidraSem instrução e menos de 1 ano de estudo,Agregados nacionais,Brasil,Brasil,7028269.90962571,77454.63902569895,[6876458.817 — 7180081.002],6876458.81713534,7180081.00211608,1.1020441733408584,Excelente (***)
PIT_por_Instrucao_SIDRA,PIT_por_Instrucao_SIDRA,Instrucao_sidraFundamental incompleto ou equivalente,Agregados nacionais,Brasil,Brasil,41182137.09685828,198294.7033491439,[40793479.478 — 41570794.715],40793479.478293955,41570794.7154226,0.4815065883607859,Excelente (***)
PIT_por_Instrucao_SIDRA,PIT_por_Instrucao_SIDRA,Instrucao_sidraFundamental completo ou equivalente,Agregados nacionais,Brasil,Brasil,13944815.48883489,115275.04550359528,[13718876.400 — 14170754.578],13718876.399647843,14170754.578021936,0.8266516369176189,Excelente (***)
PIT_por_Instrucao_SIDRA,PIT_por_Instrucao_SIDRA,Instrucao_sidraMédio incompleto ou equivalente,Agregados nacionais,Brasil,Brasil,14256595.66410459,107949.116081424,[14045015.397 — 14468175.932],14045015.396584999,14468175.931624182,0.7571871898788534,Excelente (***)
PIT_por_Instrucao_SIDRA,PIT_por_Instrucao_SIDRA,Instrucao_sidraMédio completo ou equivalente,Agregados nacionais,Brasil,Brasil,56456065.68528676,230039.37907822744,[56005188.502 — 56906942.868],56005188.50229344,56906942.86828008,0.40746618859446826,Excelente (***)
PIT_por_Instrucao_SIDRA,PIT_por_Instrucao_SIDRA,Instrucao_sidraSuperior incompleto ou equivalente,Agregados nacionais,Brasil,Brasil,10344570.25312496,109612.69020174336,[10129729.380 — 10559411.126],10129729.380329542,10559411.125920378,1.0596156971202433,Excelente (***)
PIT_por_Instrucao_SIDRA,PIT_por_Instrucao_SIDRA,Instrucao_sidraSuperior completo,Agregados nacionais,Brasil,Brasil,32187175.90217072,292304.67018224846,[31614258.749 — 32760093.056],31614258.748613514,32760093.05572793,0.9081401582750703,Excelente (***)
PIT_por_Instrucao_SIDRA,PIT_por_Instrucao_SIDRA,Instrucao_sidraSem instrução e menos de 1 ano de estudo,Agregados nacionais,Nordeste,Nordeste,3400620.56668762,50447.689506593306,[3301743.095 — 3499498.038],3301743.095254697,3499498.0381205427,1.4834848086486745,Excelente (***)
PIT_por_Instrucao_SIDRA,PIT_por_Instrucao_SIDRA,Instrucao_sidraFundamental incompleto ou equivalente,Agregados nacionais,Nordeste,Nordeste,13066428.35794912,103202.31783955924,[12864151.815 — 13268704.901],12864151.814983584,13268704.900914658,0.7898280617501329,Excelente (***)
PIT_por_Instrucao_SIDRA,PIT_por_Instrucao_SIDRA,Instrucao_sidraFundamental completo ou equivalente,Agregados nacionais,Nordeste,Nordeste,3393067.77787272,45907.44586452115,[3303089.184 — 3483046.372],3303089.183978258,3483046.3717671814,1.352977566905627,Excelente (***)
PIT_por_Instrucao_SIDRA,PIT_por_Instrucao_SIDRA,Instrucao_sidraMédio incompleto ou equivalente,Agregados nacionais,Nordeste,Nordeste,3963307.53543595,54103.185870062654,[3857265.291 — 4069349.780],3857265.291130627,4069349.779741273,1.3651018848859402,Excelente (***)
PIT_por_Instrucao_SIDRA,PIT_por_Instrucao_SIDRA,Instrucao_sidraMédio completo ou equivalente,Agregados nacionais,Nordeste,Nordeste,14495177.35546585,104423.8514179686,[14290506.607 — 14699848.104],14290506.606686631,14699848.104245069,0.7204040961843934,Excelente (***)
PIT_por_Instrucao_SIDRA,PIT_por_Instrucao_SIDRA,Instrucao_sidraSuperior incompleto ou equivalente,Agregados nacionais,Nordeste,Nordeste,2252642.31531407,50898.391495824144,[2152881.468 — 2352403.163],2152881.4679822545,2352403.1626458853,2.259497264603579,Excelente (***)
PIT_por_Instrucao_SIDRA,PIT_por_Instrucao_SIDRA,Instrucao_sidraSuperior completo,Agregados nacionais,Nordeste,Nordeste,5859768.30815226,107922.25713819968,[5648240.684 — 6071295.932],5648240.684161389,6071295.932143131,1.841749561805293,Excelente (***)
PIT_por_Instrucao_SIDRA,PIT_por_Instrucao_SIDRA,Instrucao_sidraSem instrução e menos de 1 ano de estudo,Agregados nacionais,Piauí,Piauí,223498.28815546,11653.333318390762,[200657.755 — 246338.821],200657.75485141412,246338.82145950588,5.214059317664655,Boa (**)
PIT_por_Instrucao_SIDRA,PIT_por_Instrucao_SIDRA,Instrucao_sidraFundamental incompleto ou equivalente,Agregados nacionais,Piauí,Piauí,847531.01864846,20776.923996772908,[806808.248 — 888253.790],806808.2476147851,888253.789682135,2.451464729857962,Excelente (***)
PIT_por_Instrucao_SIDRA,PIT_por_Instrucao_SIDRA,Instrucao_sidraFundamental completo ou equivalente,Agregados nacionais,Piauí,Piauí,207297.15227297,9046.772691922872,[189565.478 — 225028.827],189565.4777968012,225028.82674913883,4.364156763721497,Excelente (***)
PIT_por_Instrucao_SIDRA,PIT_por_Instrucao_SIDRA,Instrucao_sidraMédio incompleto ou equivalente,Agregados nacionais,Piauí,Piauí,230505.55909405,9051.800660962144,[212764.030 — 248247.088],212764.0297985642,248247.08838953578,3.926933778316758,Excelente (***)
PIT_por_Instrucao_SIDRA,PIT_por_Instrucao_SIDRA,Instrucao_sidraMédio completo ou equivalente,Agregados nacionais,Piauí,Piauí,722703.76996886,16699.946773228523,[689971.874 — 755435.666],689971.8742933321,755435.6656443878,2.310759604028092,Excelente (***)
PIT_por_Instrucao_SIDRA,PIT_por_Instrucao_SIDRA,Instrucao_sidraSuperior incompleto ou equivalente,Agregados nacionais,Piauí,Piauí,138223.38727881,8483.918706917886,[121594.907 — 154851.868],121594.90661325095,154851.86794436906,6.137831573903624,Boa (**)
PIT_por_Instrucao_SIDRA,PIT_por_Instrucao_SIDRA,Instrucao_sidraSuperior completo,Agregados nacionais,Piauí,Piauí,373605.4593994,19052.00383146681,[336263.532 — 410947.387],336263.531889725,410947.38690907496,5.099498241298293,Boa (**)
PIT_por_Instrucao_SIDRA,PIT_por_Instrucao_SIDRA,Instrucao_sidraSem instrução e menos de 1 ano de estudo,Agregados nacionais,Teresina,Teresina,19522.37530065,2341.8638744075374,[14932.322 — 24112.428],14932.322106811229,24112.428494488773,11.995793740987883,Boa (**)
PIT_por_Instrucao_SIDRA,PIT_por_Instrucao_SIDRA,Instrucao_sidraFundamental incompleto ou equivalente,Agregados nacionais,Teresina,Teresina,126525.43374284,7126.713309665239,[112557.076 — 140493.792],112557.07565589613,140493.79182978388,5.632632980456813,Boa (**)
PIT_por_Instrucao_SIDRA,PIT_por_Instrucao_SIDRA,Instrucao_sidraFundamental completo ou equivalente,Agregados nacionais,Teresina,Teresina,44594.5059383,3731.413638634262,[37280.935 — 51908.077],37280.93520657685,51908.07667002315,8.367429036655247,Boa (**)
PIT_por_Instrucao_SIDRA,PIT_por_Instrucao_SIDRA,Instrucao_sidraMédio incompleto ou equivalente,Agregados nacionais,Teresina,Teresina,59961.22414792,3945.462003329175,[52228.119 — 67694.330],52228.11862139482,67694.32967444518,6.580022438494594,Boa (**)
PIT_por_Instrucao_SIDRA,PIT_por_Instrucao_SIDRA,Instrucao_sidraMédio completo ou equivalente,Agregados nacionais,Teresina,Teresina,255560.62525792,7479.888655748853,[240900.043 — 270221.207],240900.04349265224,270221.2070231878,2.92685488940243,Excelente (***)
PIT_por_Instrucao_SIDRA,PIT_por_Instrucao_SIDRA,Instrucao_sidraSuperior incompleto ou equivalente,Agregados nacionais,Teresina,Teresina,60837.57138999,4516.233790809563,[51985.753 — 69689.390],51985.75316000325,69689.38961997675,7.4234287918216415,Boa (**)
PIT_por_Instrucao_SIDRA,PIT_por_Instrucao_SIDRA,Instrucao_sidraSuperior completo,Agregados nacionais,Teresina,Teresina,179610.49343311,11389.197349535842,[157287.667 — 201933.320],157287.66662801977,201933.32023820025,6.341053427247206,Boa (**)
PIT_por_Instrucao_SIDRA,PIT_por_Instrucao_SIDRA,Instrucao_sidraSem instrução e menos de 1 ano de estudo,Estrato administrativo,Admin_Capital,Capital,19522.37530065,2341.8638744075374,[14932.322 — 24112.428],14932.322106811229,24112.428494488773,11.995793740987883,Boa (**)
PIT_por_Instrucao_SIDRA,PIT_por_Instrucao_SIDRA,Instrucao_sidraFundamental incompleto ou equivalente,Estrato administrativo,Admin_Capital,Capital,126525.43374284,7126.713309665239,[112557.076 — 140493.792],112557.07565589613,140493.79182978388,5.632632980456813,Boa (**)
PIT_por_Instrucao_SIDRA,PIT_por_Instrucao_SIDRA,Instrucao_sidraFundamental completo ou equivalente,Estrato administrativo,Admin_Capital,Capital,44594.5059383,3731.413638634262,[37280.935 — 51908.077],37280.93520657685,51908.07667002315,8.367429036655247,Boa (**)
PIT_por_Instrucao_SIDRA,PIT_por_Instrucao_SIDRA,Instrucao_sidraMédio incompleto ou equivalente,Estrato administrativo,Admin_Capital,Capital,59961.22414792,3945.462003329175,[52228.119 — 67694.330],52228.11862139482,67694.32967444518,6.580022438494594,Boa (**)
PIT_por_Instrucao_SIDRA,PIT_por_Instrucao_SIDRA,Instrucao_sidraMédio completo ou equivalente,Estrato administrativo,Admin_Capital,Capital,255560.62525792,7479.888655748853,[240900.043 — 270221.207],240900.04349265224,270221.2070231878,2.92685488940243,Excelente (***)
PIT_por_Instrucao_SIDRA,PIT_por_Instrucao_SIDRA,Instrucao_sidraSuperior incompleto ou equivalente,Estrato administrativo,Admin_Capital,Capital,60837.57138999,4516.233790809563,[51985.753 — 69689.390],51985.75316000325,69689.38961997675,7.4234287918216415,Boa (**)
PIT_por_Instrucao_SIDRA,PIT_por_Instrucao_SIDRA,Instrucao_sidraSuperior completo,Estrato administrativo,Admin_Capital,Capital,179610.49343311,11389.197349535842,[157287.667 — 201933.320],157287.66662801977,201933.32023820025,6.341053427247206,Boa (**)
PIT_por_Instrucao_SIDRA,PIT_por_Instrucao_SIDRA,Instrucao_sidraSem instrução e menos de 1 ano de estudo,Estrato administrativo,"Admin_Resto da RIDE (Região Integrada de Desenvolvimento Econômico, excluindo a capital)","Resto da RIDE (Região Integrada de Desenvolvimento Econômico, excluindo a capital)",10764.39636028,1835.251859403985,[7167.303 — 14361.490],7167.302715848189,14361.49000471181,17.04927798994803,Regular (*)
PIT_por_Instrucao_SIDRA,PIT_por_Instrucao_SIDRA,Instrucao_sidraFundamental incompleto ou equivalente,Estrato administrativo,"Admin_Resto da RIDE (Região Integrada de Desenvolvimento Econômico, excluindo a capital)","Resto da RIDE (Região Integrada de Desenvolvimento Econômico, excluindo a capital)",58056.472618,3116.786801704789,[51947.570 — 64165.375],51947.57048665862,64165.37474934138,5.368543180727882,Boa (**)
PIT_por_Instrucao_SIDRA,PIT_por_Instrucao_SIDRA,Instrucao_sidraFundamental completo ou equivalente,Estrato administrativo,"Admin_Resto da RIDE (Região Integrada de Desenvolvimento Econômico, excluindo a capital)","Resto da RIDE (Região Integrada de Desenvolvimento Econômico, excluindo a capital)",15856.578303279999,1988.407464908668,[11959.300 — 19753.857],11959.299672059009,19753.85693450099,12.539952989084396,Boa (**)
PIT_por_Instrucao_SIDRA,PIT_por_Instrucao_SIDRA,Instrucao_sidraMédio incompleto ou equivalente,Estrato administrativo,"Admin_Resto da RIDE (Região Integrada de Desenvolvimento Econômico, excluindo a capital)","Resto da RIDE (Região Integrada de Desenvolvimento Econômico, excluindo a capital)",17076.73931823,1645.4450304660174,[13851.667 — 20301.812],13851.667058516607,20301.811577943394,9.635592602326891,Boa (**)
PIT_por_Instrucao_SIDRA,PIT_por_Instrucao_SIDRA,Instrucao_sidraMédio completo ou equivalente,Estrato administrativo,"Admin_Resto da RIDE (Região Integrada de Desenvolvimento Econômico, excluindo a capital)","Resto da RIDE (Região Integrada de Desenvolvimento Econômico, excluindo a capital)",57341.62979898,2179.942447272939,[53068.943 — 61614.317],53068.94260232504,61614.31699563496,3.801675074313489,Excelente (***)
PIT_por_Instrucao_SIDRA,PIT_por_Instrucao_SIDRA,Instrucao_sidraSuperior incompleto ou equivalente,Estrato administrativo,"Admin_Resto da RIDE (Região Integrada de Desenvolvimento Econômico, excluindo a capital)","Resto da RIDE (Região Integrada de Desenvolvimento Econômico, excluindo a capital)",7161.89234348,1641.976842284205,[3943.618 — 10380.167],3943.617732602958,10380.166954357042,22.926578110030068,Regular (*)
PIT_por_Instrucao_SIDRA,PIT_por_Instrucao_SIDRA,Instrucao_sidraSuperior completo,Estrato administrativo,"Admin_Resto da RIDE (Região Integrada de Desenvolvimento Econômico, excluindo a capital)","Resto da RIDE (Região Integrada de Desenvolvimento Econômico, excluindo a capital)",11629.26624612,1813.628406621111,[8074.555 — 15183.978],8074.554569142622,15183.977923097376,15.595381241066795,Regular (*)
PIT_por_Instrucao_SIDRA,PIT_por_Instrucao_SIDRA,Instrucao_sidraSem instrução e menos de 1 ano de estudo,Estrato administrativo,"Admin_Resto da UF  (Unidade da Federação, excluindo a região metropolitana e a RIDE)","Resto da UF  (Unidade da Federação, excluindo a região metropolitana e a RIDE)",193211.51649453,11229.785190985343,[171201.138 — 215221.895],171201.1375201987,215221.89546886127,5.812171755974634,Boa (**)
PIT_por_Instrucao_SIDRA,PIT_por_Instrucao_SIDRA,Instrucao_sidraFundamental incompleto ou equivalente,Estrato administrativo,"Admin_Resto da UF  (Unidade da Federação, excluindo a região metropolitana e a RIDE)","Resto da UF  (Unidade da Federação, excluindo a região metropolitana e a RIDE)",662949.11228762,18451.858551898586,[626783.470 — 699114.755],626783.4695258987,699114.7550493412,2.7832993829989867,Excelente (***)
PIT_por_Instrucao_SIDRA,PIT_por_Instrucao_SIDRA,Instrucao_sidraFundamental completo ou equivalente,Estrato administrativo,"Admin_Resto da UF  (Unidade da Federação, excluindo a região metropolitana e a RIDE)","Resto da UF  (Unidade da Federação, excluindo a região metropolitana e a RIDE)",146846.06803139,7798.52281519088,[131560.963 — 162131.173],131560.96331361588,162131.1727491641,5.3106786717121075,Boa (**)
PIT_por_Instrucao_SIDRA,PIT_por_Instrucao_SIDRA,Instrucao_sidraMédio incompleto ou equivalente,Estrato administrativo,"Admin_Resto da UF  (Unidade da Federação, excluindo a região metropolitana e a RIDE)","Resto da UF  (Unidade da Federação, excluindo a região metropolitana e a RIDE)",153467.5956279,7938.170484534325,[137908.781 — 169026.410],137908.78147821274,169026.40977758728,5.172538510202076,Boa (**)
PIT_por_Instrucao_SIDRA,PIT_por_Instrucao_SIDRA,Instrucao_sidraMédio completo ou equivalente,Estrato administrativo,"Admin_Resto da UF  (Unidade da Federação, excluindo a região metropolitana e a RIDE)","Resto da UF  (Unidade da Federação, excluindo a região metropolitana e a RIDE)",409801.51491196,14563.022902802908,[381257.990 — 438345.040],381257.9900224663,438345.0398014537,3.553677176115751,Excelente (***)
PIT_por_Instrucao_SIDRA,PIT_por_Instrucao_SIDRA,Instrucao_sidraSuperior incompleto ou equivalente,Estrato administrativo,"Admin_Resto da UF  (Unidade da Federação, excluindo a região metropolitana e a RIDE)","Resto da UF  (Unidade da Federação, excluindo a região metropolitana e a RIDE)",70223.92354534,7057.600762394395,[56391.026 — 84056.821],56391.02605104699,84056.82103963301,10.050137340784815,Boa (**)
PIT_por_Instrucao_SIDRA,PIT_por_Instrucao_SIDRA,Instrucao_sidraSuperior completo,Estrato administrativo,"Admin_Resto da UF  (Unidade da Federação, excluindo a região metropolitana e a RIDE)","Resto da UF  (Unidade da Federação, excluindo a região metropolitana e a RIDE)",182365.69972017,14419.985904614166,[154102.527 — 210628.872],154102.52734712622,210628.87209321378,7.907180970292567,Boa (**)
PIT_por_Instrucao_SIDRA,PIT_por_Instrucao_SIDRA,Instrucao_sidraSem instrução e menos de 1 ano de estudo,Estrato agregado,Agreg_Alto Parnaíba e Chapadas Sul do Piauí,Alto Parnaíba e Chapadas Sul do Piauí,47653.1291925,6365.324453452247,[35177.093 — 60129.165],35177.093263733594,60129.1651212664,13.357621128591212,Boa (**)
PIT_por_Instrucao_SIDRA,PIT_por_Instrucao_SIDRA,Instrucao_sidraFundamental incompleto ou equivalente,Estrato agregado,Agreg_Alto Parnaíba e Chapadas Sul do Piauí,Alto Parnaíba e Chapadas Sul do Piauí,167764.0138444,14358.129998231516,[139622.079 — 195905.949],139622.07904786622,195905.94864093378,8.558527940055479,Boa (**)
PIT_por_Instrucao_SIDRA,PIT_por_Instrucao_SIDRA,Instrucao_sidraFundamental completo ou equivalente,Estrato agregado,Agreg_Alto Parnaíba e Chapadas Sul do Piauí,Alto Parnaíba e Chapadas Sul do Piauí,33173.92773681,4670.269109163571,[24020.200 — 42327.655],24020.2002828494,42327.6551907706,14.078131315097217,Boa (**)
PIT_por_Instrucao_SIDRA,PIT_por_Instrucao_SIDRA,Instrucao_sidraMédio incompleto ou equivalente,Estrato agregado,Agreg_Alto Parnaíba e Chapadas Sul do Piauí,Alto Parnaíba e Chapadas Sul do Piauí,38671.0347578,5094.408565357376,[28685.994 — 48656.076],28685.993969699543,48656.07554590046,13.173706359977416,Boa (**)
PIT_por_Instrucao_SIDRA,PIT_por_Instrucao_SIDRA,Instrucao_sidraMédio completo ou equivalente,Estrato agregado,Agreg_Alto Parnaíba e Chapadas Sul do Piauí,Alto Parnaíba e Chapadas Sul do Piauí,111139.93062304,11345.725777792644,[88902.308 — 133377.553],88902.30809856641,133377.5531475136,10.208505362734684,Boa (**)
PIT_por_Instrucao_SIDRA,PIT_por_Instrucao_SIDRA,Instrucao_sidraSuperior incompleto ou equivalente,Estrato agregado,Agreg_Alto Parnaíba e Chapadas Sul do Piauí,Alto Parnaíba e Chapadas Sul do Piauí,14100.17835074,2257.590883433844,[9675.300 — 18525.056],9675.300219209665,18525.056482270335,16.011080337259436,Regular (*)
PIT_por_Instrucao_SIDRA,PIT_por_Instrucao_SIDRA,Instrucao_sidraSuperior completo,Estrato agregado,Agreg_Alto Parnaíba e Chapadas Sul do Piauí,Alto Parnaíba e Chapadas Sul do Piauí,45904.72937586,6616.692281680809,[32936.013 — 58873.446],32936.01250376561,58873.44624795439,14.413966429263695,Boa (**)
PIT_por_Instrucao_SIDRA,PIT_por_Instrucao_SIDRA,Instrucao_sidraSem instrução e menos de 1 ano de estudo,Estrato agregado,Agreg_Baixo Parnaíba do Piauí,Baixo Parnaíba do Piauí,63121.40905329,6846.620695439316,[49702.032 — 76540.786],49702.03249022894,76540.78561635106,10.846748825995128,Boa (**)
PIT_por_Instrucao_SIDRA,PIT_por_Instrucao_SIDRA,Instrucao_sidraFundamental incompleto ou equivalente,Estrato agregado,Agreg_Baixo Parnaíba do Piauí,Baixo Parnaíba do Piauí,268699.59249503,16315.939671482356,[236720.351 — 300678.834],236720.3507389246,300678.8342511355,6.072186235929681,Boa (**)
PIT_por_Instrucao_SIDRA,PIT_por_Instrucao_SIDRA,Instrucao_sidraFundamental completo ou equivalente,Estrato agregado,Agreg_Baixo Parnaíba do Piauí,Baixo Parnaíba do Piauí,62303.80892203,5773.6095898508775,[50987.534 — 73620.084],50987.534125922284,73620.08371813773,9.266864562126935,Boa (**)
PIT_por_Instrucao_SIDRA,PIT_por_Instrucao_SIDRA,Instrucao_sidraMédio incompleto ou equivalente,Estrato agregado,Agreg_Baixo Parnaíba do Piauí,Baixo Parnaíba do Piauí,59615.03423738,5409.953302935243,[49011.526 — 70218.543],49011.52576362692,70218.54271113308,9.07481371459664,Boa (**)
PIT_por_Instrucao_SIDRA,PIT_por_Instrucao_SIDRA,Instrucao_sidraMédio completo ou equivalente,Estrato agregado,Agreg_Baixo Parnaíba do Piauí,Baixo Parnaíba do Piauí,156422.32891343,11448.845345489528,[133982.592 — 178862.066],133982.59203627054,178862.0657905895,7.319188651017814,Boa (**)
PIT_por_Instrucao_SIDRA,PIT_por_Instrucao_SIDRA,Instrucao_sidraSuperior incompleto ou equivalente,Estrato agregado,Agreg_Baixo Parnaíba do Piauí,Baixo Parnaíba do Piauí,29132.77425223,5851.360843815065,[17664.107 — 40601.442],17664.106998352472,40601.44150610753,20.085148064356304,Regular (*)
PIT_por_Instrucao_SIDRA,PIT_por_Instrucao_SIDRA,Instrucao_sidraSuperior completo,Estrato agregado,Agreg_Baixo Parnaíba do Piauí,Baixo Parnaíba do Piauí,73601.16571773,7699.323380898467,[58510.492 — 88691.840],58510.491891169,88691.83954429098,10.460871517207172,Boa (**)
PIT_por_Instrucao_SIDRA,PIT_por_Instrucao_SIDRA,Instrucao_sidraSem instrução e menos de 1 ano de estudo,Estrato agregado,Agreg_Centro-Leste do Piauí,Centro-Leste do Piauí,82436.97824874,6893.544377235903,[68925.631 — 95948.325],68925.63126935762,95948.32522812237,8.362199250481707,Boa (**)
PIT_por_Instrucao_SIDRA,PIT_por_Instrucao_SIDRA,Instrucao_sidraFundamental incompleto ou equivalente,Estrato agregado,Agreg_Centro-Leste do Piauí,Centro-Leste do Piauí,226485.50594819,11250.204774497854,[204435.105 — 248535.907],204435.10459017422,248535.90730620577,4.967295689584397,Excelente (***)
PIT_por_Instrucao_SIDRA,PIT_por_Instrucao_SIDRA,Instrucao_sidraFundamental completo ou equivalente,Estrato agregado,Agreg_Centro-Leste do Piauí,Centro-Leste do Piauí,51368.33137255,4359.814573422229,[42823.095 — 59913.568],42823.09480864243,59913.56793645756,8.487358761573496,Boa (**)
PIT_por_Instrucao_SIDRA,PIT_por_Instrucao_SIDRA,Instrucao_sidraMédio incompleto ou equivalente,Estrato agregado,Agreg_Centro-Leste do Piauí,Centro-Leste do Piauí,55181.52663272,4528.628350868549,[46305.415 — 64057.638],46305.415065017645,64057.638200422356,8.206783369750575,Boa (**)
PIT_por_Instrucao_SIDRA,PIT_por_Instrucao_SIDRA,Instrucao_sidraMédio completo ou equivalente,Estrato agregado,Agreg_Centro-Leste do Piauí,Centro-Leste do Piauí,142239.25537549,8308.317715825919,[125954.953 — 158523.558],125954.9526524712,158523.5580985088,5.841086339979229,Boa (**)
PIT_por_Instrucao_SIDRA,PIT_por_Instrucao_SIDRA,Instrucao_sidraSuperior incompleto ou equivalente,Estrato agregado,Agreg_Centro-Leste do Piauí,Centro-Leste do Piauí,26990.97094237,3363.514134372902,[20398.483 — 33583.459],20398.483238999113,33583.45864574089,12.461627043927162,Boa (**)
PIT_por_Instrucao_SIDRA,PIT_por_Instrucao_SIDRA,Instrucao_sidraSuperior completo,Estrato agregado,Agreg_Centro-Leste do Piauí,Centro-Leste do Piauí,62859.80462658,10705.159530730823,[41877.692 — 83841.917],41877.691946347586,83841.91730681242,17.03021444995741,Regular (*)
PIT_por_Instrucao_SIDRA,PIT_por_Instrucao_SIDRA,Instrucao_sidraSem instrução e menos de 1 ano de estudo,Estrato agregado,Agreg_Entorno metropolitano de Teresina (PI),Entorno metropolitano de Teresina (PI),10764.39636028,1835.251859403985,[7167.303 — 14361.490],7167.302715848189,14361.49000471181,17.04927798994803,Regular (*)
PIT_por_Instrucao_SIDRA,PIT_por_Instrucao_SIDRA,Instrucao_sidraFundamental incompleto ou equivalente,Estrato agregado,Agreg_Entorno metropolitano de Teresina (PI),Entorno metropolitano de Teresina (PI),58056.472618,3116.786801704789,[51947.570 — 64165.375],51947.57048665862,64165.37474934138,5.368543180727882,Boa (**)
PIT_por_Instrucao_SIDRA,PIT_por_Instrucao_SIDRA,Instrucao_sidraFundamental completo ou equivalente,Estrato agregado,Agreg_Entorno metropolitano de Teresina (PI),Entorno metropolitano de Teresina (PI),15856.578303279999,1988.407464908668,[11959.300 — 19753.857],11959.299672059009,19753.85693450099,12.539952989084396,Boa (**)
PIT_por_Instrucao_SIDRA,PIT_por_Instrucao_SIDRA,Instrucao_sidraMédio incompleto ou equivalente,Estrato agregado,Agreg_Entorno metropolitano de Teresina (PI),Entorno metropolitano de Teresina (PI),17076.73931823,1645.4450304660174,[13851.667 — 20301.812],13851.667058516607,20301.811577943394,9.635592602326891,Boa (**)
PIT_por_Instrucao_SIDRA,PIT_por_Instrucao_SIDRA,Instrucao_sidraMédio completo ou equivalente,Estrato agregado,Agreg_Entorno metropolitano de Teresina (PI),Entorno metropolitano de Teresina (PI),57341.62979898,2179.942447272939,[53068.943 — 61614.317],53068.94260232504,61614.31699563496,3.801675074313489,Excelente (***)
PIT_por_Instrucao_SIDRA,PIT_por_Instrucao_SIDRA,Instrucao_sidraSuperior incompleto ou equivalente,Estrato agregado,Agreg_Entorno metropolitano de Teresina (PI),Entorno metropolitano de Teresina (PI),7161.89234348,1641.976842284205,[3943.618 — 10380.167],3943.617732602958,10380.166954357042,22.926578110030068,Regular (*)
PIT_por_Instrucao_SIDRA,PIT_por_Instrucao_SIDRA,Instrucao_sidraSuperior completo,Estrato agregado,Agreg_Entorno metropolitano de Teresina (PI),Entorno metropolitano de Teresina (PI),11629.26624612,1813.628406621111,[8074.555 — 15183.978],8074.554569142622,15183.977923097376,15.595381241066795,Regular (*)
PIT_por_Instrucao_SIDRA,PIT_por_Instrucao_SIDRA,Instrucao_sidraSem instrução e menos de 1 ano de estudo,Estrato agregado,Agreg_Teresina,Teresina,19522.37530065,2341.8638744075374,[14932.322 — 24112.428],14932.322106811229,24112.428494488773,11.995793740987883,Boa (**)
PIT_por_Instrucao_SIDRA,PIT_por_Instrucao_SIDRA,Instrucao_sidraFundamental incompleto ou equivalente,Estrato agregado,Agreg_Teresina,Teresina,126525.43374284,7126.713309665239,[112557.076 — 140493.792],112557.07565589613,140493.79182978388,5.632632980456813,Boa (**)
PIT_por_Instrucao_SIDRA,PIT_por_Instrucao_SIDRA,Instrucao_sidraFundamental completo ou equivalente,Estrato agregado,Agreg_Teresina,Teresina,44594.5059383,3731.413638634262,[37280.935 — 51908.077],37280.93520657685,51908.07667002315,8.367429036655247,Boa (**)
PIT_por_Instrucao_SIDRA,PIT_por_Instrucao_SIDRA,Instrucao_sidraMédio incompleto ou equivalente,Estrato agregado,Agreg_Teresina,Teresina,59961.22414792,3945.462003329175,[52228.119 — 67694.330],52228.11862139482,67694.32967444518,6.580022438494594,Boa (**)
PIT_por_Instrucao_SIDRA,PIT_por_Instrucao_SIDRA,Instrucao_sidraMédio completo ou equivalente,Estrato agregado,Agreg_Teresina,Teresina,255560.62525792,7479.888655748853,[240900.043 — 270221.207],240900.04349265224,270221.2070231878,2.92685488940243,Excelente (***)
PIT_por_Instrucao_SIDRA,PIT_por_Instrucao_SIDRA,Instrucao_sidraSuperior incompleto ou equivalente,Estrato agregado,Agreg_Teresina,Teresina,60837.57138999,4516.233790809563,[51985.753 — 69689.390],51985.75316000325,69689.38961997675,7.4234287918216415,Boa (**)
PIT_por_Instrucao_SIDRA,PIT_por_Instrucao_SIDRA,Instrucao_sidraSuperior completo,Estrato agregado,Agreg_Teresina,Teresina,179610.49343311,11389.197349535842,[157287.667 — 201933.320],157287.66662801977,201933.32023820025,6.341053427247206,Boa (**)
PIT_por_Instrucao_SIDRA,PIT_por_Instrucao_SIDRA,Instrucao_sidraSem instrução e menos de 1 ano de estudo,Outro,Micro_2210011,Micro 2210011,6992.41261251,1452.690473423912,[4145.139 — 9839.686],4145.139284599132,9839.685940420868,20.775239590766276,Regular (*)
PIT_por_Instrucao_SIDRA,PIT_por_Instrucao_SIDRA,Instrucao_sidraFundamental incompleto ou equivalente,Outro,Micro_2210011,Micro 2210011,57287.38954449,6211.854542735741,[45112.155 — 69462.624],45112.154640727946,69462.62444825206,10.843319257742664,Boa (**)
PIT_por_Instrucao_SIDRA,PIT_por_Instrucao_SIDRA,Instrucao_sidraFundamental completo ou equivalente,Outro,Micro_2210011,Micro 2210011,20727.19460282,2566.3563737049744,[15697.136 — 25757.253],15697.13611035825,25757.25309528175,12.381590576448843,Boa (**)
PIT_por_Instrucao_SIDRA,PIT_por_Instrucao_SIDRA,Instrucao_sidraMédio incompleto ou equivalente,Outro,Micro_2210011,Micro 2210011,30335.45099626,2930.6312143460673,[24591.414 — 36079.488],24591.413816141707,36079.48817637829,9.660747139402606,Boa (**)
PIT_por_Instrucao_SIDRA,PIT_por_Instrucao_SIDRA,Instrucao_sidraMédio completo ou equivalente,Outro,Micro_2210011,Micro 2210011,133302.26823205,8032.834502479606,[117557.913 — 149046.624],117557.91260718997,149046.62385691004,6.026029871071814,Boa (**)
PIT_por_Instrucao_SIDRA,PIT_por_Instrucao_SIDRA,Instrucao_sidraSuperior incompleto ou equivalente,Outro,Micro_2210011,Micro 2210011,32243.70677825,3706.9808985065242,[24978.024 — 39509.389],24978.024217177215,39509.38933932279,11.496757875887486,Boa (**)
PIT_por_Instrucao_SIDRA,PIT_por_Instrucao_SIDRA,Instrucao_sidraSuperior completo,Outro,Micro_2210011,Micro 2210011,81662.87793681,9043.133897439877,[63938.335 — 99387.420],63938.33549782784,99387.42037579215,11.073738920195016,Boa (**)
PIT_por_Instrucao_SIDRA,PIT_por_Instrucao_SIDRA,Instrucao_sidraSem instrução e menos de 1 ano de estudo,Outro,Micro_2210012,Micro 2210012,4306.00497441,1320.2603769294872,[1718.295 — 6893.715],1718.294635628205,6893.715313191795,30.660911558988307,Baixa
PIT_por_Instrucao_SIDRA,PIT_por_Instrucao_SIDRA,Instrucao_sidraFundamental incompleto ou equivalente,Outro,Micro_2210012,Micro 2210012,18141.44266093,3044.6031622806768,[12174.020 — 24108.865],12174.020462859873,24108.864859000125,16.782585702721608,Regular (*)
PIT_por_Instrucao_SIDRA,PIT_por_Instrucao_SIDRA,Instrucao_sidraFundamental completo ou equivalente,Outro,Micro_2210012,Micro 2210012,9088.14235117,1964.3679181747073,[5237.981 — 12938.303],5237.981231547574,12938.303470792425,21.614625324633217,Regular (*)
PIT_por_Instrucao_SIDRA,PIT_por_Instrucao_SIDRA,Instrucao_sidraMédio incompleto ou equivalente,Outro,Micro_2210012,Micro 2210012,7768.21912449,1394.1169176773576,[5035.750 — 10500.688],5035.7499658423785,10500.68828313762,17.946415971741587,Regular (*)
PIT_por_Instrucao_SIDRA,PIT_por_Instrucao_SIDRA,Instrucao_sidraMédio completo ou equivalente,Outro,Micro_2210012,Micro 2210012,43306.40276841,5170.933522135625,[33171.373 — 53441.432],33171.37306502418,53441.43247179582,11.940344132917868,Boa (**)
PIT_por_Instrucao_SIDRA,PIT_por_Instrucao_SIDRA,Instrucao_sidraSuperior incompleto ou equivalente,Outro,Micro_2210012,Micro 2210012,14148.98301507,2573.5120485290795,[9104.899 — 19193.067],9104.899399953003,19193.066630186997,18.18867155178607,Regular (*)
PIT_por_Instrucao_SIDRA,PIT_por_Instrucao_SIDRA,Instrucao_sidraSuperior completo,Outro,Micro_2210012,Micro 2210012,56642.19527634,7527.269764697425,[41888.747 — 71395.644],41888.74653753304,71395.64401514694,13.28915612817295,Boa (**)
PIT_por_Instrucao_SIDRA,PIT_por_Instrucao_SIDRA,Instrucao_sidraSem instrução e menos de 1 ano de estudo,Outro,Micro_2210013,Micro 2210013,1595.43350392,390.21200329048736,[830.618 — 2360.249],830.6179774706449,2360.2490303693553,24.458054963226708,Regular (*)
PIT_por_Instrucao_SIDRA,PIT_por_Instrucao_SIDRA,Instrucao_sidraFundamental incompleto ou equivalente,Outro,Micro_2210013,Micro 2210013,8583.83540788,1191.7357669058154,[6248.033 — 10919.638],6248.033304744602,10919.637511015399,13.883488094515378,Boa (**)
PIT_por_Instrucao_SIDRA,PIT_por_Instrucao_SIDRA,Instrucao_sidraFundamental completo ou equivalente,Outro,Micro_2210013,Micro 2210013,1922.25668506,777.4029636299248,[398.547 — 3445.966],398.5468763453475,3445.966493774653,40.442203669883945,Baixa
PIT_por_Instrucao_SIDRA,PIT_por_Instrucao_SIDRA,Instrucao_sidraMédio incompleto ou equivalente,Outro,Micro_2210013,Micro 2210013,2452.36097249,894.1999454839782,[699.729 — 4204.993],699.7290793414029,4204.992865638597,36.462819116553376,Baixa
PIT_por_Instrucao_SIDRA,PIT_por_Instrucao_SIDRA,Instrucao_sidraMédio completo ou equivalente,Outro,Micro_2210013,Micro 2210013,22636.65522597,4408.079454393818,[13996.819 — 31276.491],13996.819495358117,31276.49095658188,19.47319252950688,Regular (*)
PIT_por_Instrucao_SIDRA,PIT_por_Instrucao_SIDRA,Instrucao_sidraSuperior incompleto ou equivalente,Outro,Micro_2210013,Micro 2210013,5593.82824327,1345.172524464782,[2957.290 — 8230.366],2957.290095319027,8230.366391220972,24.04744060712223,Regular (*)
PIT_por_Instrucao_SIDRA,PIT_por_Instrucao_SIDRA,Instrucao_sidraSuperior completo,Outro,Micro_2210013,Micro 2210013,31185.23485658,4702.611388725301,[21968.117 — 40402.353],21968.116534678407,40402.353178481586,15.079608700567675,Regular (*)
PIT_por_Instrucao_SIDRA,PIT_por_Instrucao_SIDRA,Instrucao_sidraSem instrução e menos de 1 ano de estudo,Outro,Micro_2210020,Micro 2210020,2260.45491714,529.5756090327428,[1222.487 — 3298.423],1222.486723435824,3298.423110844176,23.42783326564986,Regular (*)
PIT_por_Instrucao_SIDRA,PIT_por_Instrucao_SIDRA,Instrucao_sidraFundamental incompleto ou equivalente,Outro,Micro_2210020,Micro 2210020,9631.75144565,1397.504659663122,[6892.642 — 12370.861],6892.642312710281,12370.860578589718,14.509351363030436,Boa (**)
PIT_por_Instrucao_SIDRA,PIT_por_Instrucao_SIDRA,Instrucao_sidraFundamental completo ou equivalente,Outro,Micro_2210020,Micro 2210020,2334.52058169,320.85378942247877,[1705.647 — 2963.394],1705.6471544219419,2963.3940089580583,13.743883516769303,Boa (**)
PIT_por_Instrucao_SIDRA,PIT_por_Instrucao_SIDRA,Instrucao_sidraMédio incompleto ou equivalente,Outro,Micro_2210020,Micro 2210020,3369.28767005,627.0235510162163,[2140.322 — 4598.254],2140.3215100582165,4598.253830041784,18.609973751719195,Regular (*)
PIT_por_Instrucao_SIDRA,PIT_por_Instrucao_SIDRA,Instrucao_sidraMédio completo ou equivalente,Outro,Micro_2210020,Micro 2210020,10965.47861389,1151.5036054450902,[8708.532 — 13222.426],8708.531547217623,13222.425680562377,10.50117050054229,Boa (**)
PIT_por_Instrucao_SIDRA,PIT_por_Instrucao_SIDRA,Instrucao_sidraSuperior incompleto ou equivalente,Outro,Micro_2210020,Micro 2210020,1287.8297974,294.63164251371995,[710.352 — 1865.308],710.3517780731089,1865.307816726891,22.87815075474662,Regular (*)
PIT_por_Instrucao_SIDRA,PIT_por_Instrucao_SIDRA,Instrucao_sidraSuperior completo,Outro,Micro_2210020,Micro 2210020,1902.79899826,530.1053475516151,[863.793 — 2941.805],863.7925170588344,2941.8054794611653,27.85924041563853,Regular (*)
PIT_por_Instrucao_SIDRA,PIT_por_Instrucao_SIDRA,Instrucao_sidraSem instrução e menos de 1 ano de estudo,Outro,Micro_2210030,Micro 2210030,4368.06929267,1257.445250047855,[1903.477 — 6832.662],1903.4766025762042,6832.661982763797,28.787209309109574,Regular (*)
PIT_por_Instrucao_SIDRA,PIT_por_Instrucao_SIDRA,Instrucao_sidraFundamental incompleto ou equivalente,Outro,Micro_2210030,Micro 2210030,32881.01468389,3355.1034464098866,[26305.012 — 39457.017],26305.01192892662,39457.01743885338,10.203771016998799,Boa (**)
PIT_por_Instrucao_SIDRA,PIT_por_Instrucao_SIDRA,Instrucao_sidraFundamental completo ou equivalente,Outro,Micro_2210030,Micro 2210030,10522.39171756,1279.5559976930526,[8014.462 — 13030.321],8014.4619620816175,13030.321473038382,12.16031518345493,Boa (**)
PIT_por_Instrucao_SIDRA,PIT_por_Instrucao_SIDRA,Instrucao_sidraMédio incompleto ou equivalente,Outro,Micro_2210030,Micro 2210030,16035.90538463,1385.262368858555,[13320.791 — 18751.020],13320.791141667232,18751.019627592766,8.638504254248677,Boa (**)
PIT_por_Instrucao_SIDRA,PIT_por_Instrucao_SIDRA,Instrucao_sidraMédio completo ou equivalente,Outro,Micro_2210030,Micro 2210030,45349.8204176,3809.672355129014,[37882.863 — 52816.778],37882.86260154713,52816.77823365287,8.400633828420856,Boa (**)
PIT_por_Instrucao_SIDRA,PIT_por_Instrucao_SIDRA,Instrucao_sidraSuperior incompleto ou equivalente,Outro,Micro_2210030,Micro 2210030,7563.223556,1501.8934492618112,[4619.512 — 10506.935],4619.51239544685,10506.93471655315,19.857848153520997,Regular (*)
PIT_por_Instrucao_SIDRA,PIT_por_Instrucao_SIDRA,Instrucao_sidraSuperior completo,Outro,Micro_2210030,Micro 2210030,8217.38636512,1460.075717630928,[5355.638 — 11079.135],5355.637958563382,11079.13477167662,17.768127878572813,Regular (*)
PIT_por_Instrucao_SIDRA,PIT_por_Instrucao_SIDRA,Instrucao_sidraSem instrução e menos de 1 ano de estudo,Outro,Micro_2220010,Micro 2220010,5575.20907412,1580.6663527758708,[2477.103 — 8673.315],2477.103022679293,8673.315125560706,28.351696443336806,Regular (*)
PIT_por_Instrucao_SIDRA,PIT_por_Instrucao_SIDRA,Instrucao_sidraFundamental incompleto ou equivalente,Outro,Micro_2220010,Micro 2220010,30098.67624149,2803.8811514088397,[24603.069 — 35594.283],24603.069184728673,35594.28329825133,9.315629461284363,Boa (**)
PIT_por_Instrucao_SIDRA,PIT_por_Instrucao_SIDRA,Instrucao_sidraFundamental completo ou equivalente,Outro,Micro_2220010,Micro 2220010,9689.01718476,1535.8599187266316,[6678.732 — 12699.303],6678.731744055802,12699.302625464197,15.851555317111096,Regular (*)
PIT_por_Instrucao_SIDRA,PIT_por_Instrucao_SIDRA,Instrucao_sidraMédio incompleto ou equivalente,Outro,Micro_2220010,Micro 2220010,10921.01703428,1404.1564452091022,[8168.870 — 13673.164],8168.8704016701595,13673.163666889839,12.85737803358051,Boa (**)
PIT_por_Instrucao_SIDRA,PIT_por_Instrucao_SIDRA,Instrucao_sidraMédio completo ou equivalente,Outro,Micro_2220010,Micro 2220010,42438.95235831,3179.7893780831355,[36206.565 — 48671.340],36206.56517726705,48671.33953935295,7.492619872508466,Boa (**)
PIT_por_Instrucao_SIDRA,PIT_por_Instrucao_SIDRA,Instrucao_sidraSuperior incompleto ou equivalente,Outro,Micro_2220010,Micro 2220010,6456.48850147,1609.9563985553111,[3300.974 — 9612.003],3300.9739603015905,9612.003042638411,24.935479993323916,Regular (*)
PIT_por_Instrucao_SIDRA,PIT_por_Instrucao_SIDRA,Instrucao_sidraSuperior completo,Outro,Micro_2220010,Micro 2220010,10561.62559628,1695.2208862914738,[7238.993 — 13884.259],7238.992659148712,13884.258533411288,16.05075725169203,Regular (*)
PIT_por_Instrucao_SIDRA,PIT_por_Instrucao_SIDRA,Instrucao_sidraSem instrução e menos de 1 ano de estudo,Outro,Micro_2220020,Micro 2220020,5189.18728616,1054.2849036259458,[3122.789 — 7255.586],3122.7888750531465,7255.585697266854,20.316956114453845,Regular (*)
PIT_por_Instrucao_SIDRA,PIT_por_Instrucao_SIDRA,Instrucao_sidraFundamental incompleto ou equivalente,Outro,Micro_2220020,Micro 2220020,27957.79637651,3193.592722662632,[21698.355 — 34217.238],21698.354640091242,34217.23811292876,11.422905724236093,Boa (**)
PIT_por_Instrucao_SIDRA,PIT_por_Instrucao_SIDRA,Instrucao_sidraFundamental completo ou equivalente,Outro,Micro_2220020,Micro 2220020,6167.56111852,1481.5076200117517,[3263.806 — 9071.316],3263.8061832969665,9071.316053743032,24.020963741454775,Regular (*)
PIT_por_Instrucao_SIDRA,PIT_por_Instrucao_SIDRA,Instrucao_sidraMédio incompleto ou equivalente,Outro,Micro_2220020,Micro 2220020,6155.72228395,1428.257603574523,[3356.337 — 8955.107],3356.337380943935,8955.107186956066,23.20211240358361,Regular (*)
PIT_por_Instrucao_SIDRA,PIT_por_Instrucao_SIDRA,Instrucao_sidraMédio completo ou equivalente,Outro,Micro_2220020,Micro 2220020,14902.67744067,2128.5540303981106,[10730.712 — 19074.643],10730.711541089704,19074.643340250295,14.283030944420776,Boa (**)
PIT_por_Instrucao_SIDRA,PIT_por_Instrucao_SIDRA,Instrucao_sidraSuperior incompleto ou equivalente,Outro,Micro_2220020,Micro 2220020,705.40384201,347.01430463735005,[25.256 — 1385.552],25.25580492079382,1385.551879099206,49.1937077700848,Baixa
PIT_por_Instrucao_SIDRA,PIT_por_Instrucao_SIDRA,Instrucao_sidraSuperior completo,Outro,Micro_2220020,Micro 2220020,1067.64064984,572.4705688839592,[-54.402 — 2189.683],-54.401665172560115,2189.68296485256,53.6201547749003,Baixa
PIT_por_Instrucao_SIDRA,PIT_por_Instrucao_SIDRA,Instrucao_sidraSem instrução e menos de 1 ano de estudo,Outro,Micro_2251011,Micro 2251011,11196.63651766,2166.260366868391,[6950.766 — 15442.507],6950.766198597953,15442.506836722045,19.347420660228064,Regular (*)
PIT_por_Instrucao_SIDRA,PIT_por_Instrucao_SIDRA,Instrucao_sidraFundamental incompleto ou equivalente,Outro,Micro_2251011,Micro 2251011,28621.53151379,4207.696166248811,[20374.447 — 36868.616],20374.44702794233,36868.61599963767,14.701156589826514,Boa (**)
PIT_por_Instrucao_SIDRA,PIT_por_Instrucao_SIDRA,Instrucao_sidraFundamental completo ou equivalente,Outro,Micro_2251011,Micro 2251011,6279.59138753,1888.78065383631,[2577.581 — 9981.601],2577.5813060108326,9981.601469049168,30.07808211195153,Baixa
PIT_por_Instrucao_SIDRA,PIT_por_Instrucao_SIDRA,Instrucao_sidraMédio incompleto ou equivalente,Outro,Micro_2251011,Micro 2251011,9023.73480231,1504.964103047335,[6074.005 — 11973.464],6074.005160337224,11973.464444282778,16.677840561782432,Regular (*)
PIT_por_Instrucao_SIDRA,PIT_por_Instrucao_SIDRA,Instrucao_sidraMédio completo ou equivalente,Outro,Micro_2251011,Micro 2251011,20700.43577178,2561.3786009243986,[15680.134 — 25720.738],15680.13371396818,25720.737829591824,12.373549181105714,Boa (**)
PIT_por_Instrucao_SIDRA,PIT_por_Instrucao_SIDRA,Instrucao_sidraSuperior incompleto ou equivalente,Outro,Micro_2251011,Micro 2251011,4901.60895378,946.8982756403572,[3045.688 — 6757.530],3045.6883335249,6757.529574035099,19.318111350154375,Regular (*)
PIT_por_Instrucao_SIDRA,PIT_por_Instrucao_SIDRA,Instrucao_sidraSuperior completo,Outro,Micro_2251011,Micro 2251011,12960.12767987,4574.767907505764,[3993.583 — 21926.673],3993.582581158702,21926.6727785813,35.29878733070979,Baixa
PIT_por_Instrucao_SIDRA,PIT_por_Instrucao_SIDRA,Instrucao_sidraSem instrução e menos de 1 ano de estudo,Outro,Micro_2251012,Micro 2251012,11346.45107272,2139.501470209055,[7153.028 — 15539.874],7153.028191110252,15539.873954329747,18.856129167586214,Regular (*)
PIT_por_Instrucao_SIDRA,PIT_por_Instrucao_SIDRA,Instrucao_sidraFundamental incompleto ou equivalente,Outro,Micro_2251012,Micro 2251012,33268.2890457,4818.472978659022,[23824.082 — 42712.496],23824.08200752832,42712.49608387169,14.48368135806437,Boa (**)
PIT_por_Instrucao_SIDRA,PIT_por_Instrucao_SIDRA,Instrucao_sidraFundamental completo ou equivalente,Outro,Micro_2251012,Micro 2251012,10522.99349541,2560.1161617494618,[5505.166 — 15540.821],5505.165818381056,15540.821172438946,24.328782136624454,Regular (*)
PIT_por_Instrucao_SIDRA,PIT_por_Instrucao_SIDRA,Instrucao_sidraMédio incompleto ou equivalente,Outro,Micro_2251012,Micro 2251012,12416.32359008,2691.2375168944563,[7141.498 — 17691.149],7141.498056966865,17691.149123193132,21.67499499646269,Regular (*)
PIT_por_Instrucao_SIDRA,PIT_por_Instrucao_SIDRA,Instrucao_sidraMédio completo ou equivalente,Outro,Micro_2251012,Micro 2251012,34516.07922699,5041.6102172170495,[24634.523 — 44397.635],24634.52320124458,44397.63525273542,14.606555350802244,Boa (**)
PIT_por_Instrucao_SIDRA,PIT_por_Instrucao_SIDRA,Instrucao_sidraSuperior incompleto ou equivalente,Outro,Micro_2251012,Micro 2251012,11431.86016927,2550.020402922596,[6433.820 — 16429.900],6433.820179541711,16429.900158998287,22.30625956900094,Regular (*)
PIT_por_Instrucao_SIDRA,PIT_por_Instrucao_SIDRA,Instrucao_sidraSuperior completo,Outro,Micro_2251012,Micro 2251012,27532.42573287,8349.31170848785,[11167.775 — 43897.077],11167.774784233814,43897.07668150619,30.325376301732465,Baixa
PIT_por_Instrucao_SIDRA,PIT_por_Instrucao_SIDRA,Instrucao_sidraSem instrução e menos de 1 ano de estudo,Outro,Micro_2251013,Micro 2251013,14006.15334643,2623.404298615847,[8864.281 — 19148.026],8864.28092114294,19148.02577171706,18.73036967201649,Regular (*)
PIT_por_Instrucao_SIDRA,PIT_por_Instrucao_SIDRA,Instrucao_sidraFundamental incompleto ou equivalente,Outro,Micro_2251013,Micro 2251013,44863.0415291,5244.698213633866,[34583.433 — 55142.650],34583.43303037762,55142.65002782238,11.690465101952439,Boa (**)
PIT_por_Instrucao_SIDRA,PIT_por_Instrucao_SIDRA,Instrucao_sidraFundamental completo ou equivalente,Outro,Micro_2251013,Micro 2251013,11302.50185706,1728.4644587357711,[7914.712 — 14690.292],7914.711517937889,14690.292196182112,15.29275978535763,Regular (*)
PIT_por_Instrucao_SIDRA,PIT_por_Instrucao_SIDRA,Instrucao_sidraMédio incompleto ou equivalente,Outro,Micro_2251013,Micro 2251013,12705.26919104,2877.021149688187,[7066.308 — 18344.231],7066.307737651155,18344.230644428848,22.6443147833272,Regular (*)
PIT_por_Instrucao_SIDRA,PIT_por_Instrucao_SIDRA,Instrucao_sidraMédio completo ou equivalente,Outro,Micro_2251013,Micro 2251013,35122.97535948,4752.777019802767,[25807.532 — 44438.418],25807.532400666576,44438.41831829342,13.531817766457966,Boa (**)
PIT_por_Instrucao_SIDRA,PIT_por_Instrucao_SIDRA,Instrucao_sidraSuperior incompleto ou equivalente,Outro,Micro_2251013,Micro 2251013,4470.37397341,1209.6751179930036,[2099.411 — 6841.337],2099.410742143713,6841.337204676287,27.059819272128227,Regular (*)
PIT_por_Instrucao_SIDRA,PIT_por_Instrucao_SIDRA,Instrucao_sidraSuperior completo,Outro,Micro_2251013,Micro 2251013,10205.94500464,3003.0050627656074,[4320.055 — 16091.835],4320.055081619409,16091.834927660591,29.42407647111885,Regular (*)
PIT_por_Instrucao_SIDRA,PIT_por_Instrucao_SIDRA,Instrucao_sidraSem instrução e menos de 1 ano de estudo,Outro,Micro_2251020,Micro 2251020,37174.96834468,5371.865126316784,[26646.113 — 47703.824],26646.112697099103,47703.82399226089,14.450221117903213,Boa (**)
PIT_por_Instrucao_SIDRA,PIT_por_Instrucao_SIDRA,Instrucao_sidraFundamental incompleto ou equivalente,Outro,Micro_2251020,Micro 2251020,94131.09427496,6282.118225183761,[81818.143 — 106444.046],81818.14255359984,106444.04599632017,6.673797084344402,Boa (**)
PIT_por_Instrucao_SIDRA,PIT_por_Instrucao_SIDRA,Instrucao_sidraFundamental completo ou equivalente,Outro,Micro_2251020,Micro 2251020,16304.17972048,2137.639835762313,[12114.406 — 20493.954],12114.405642385867,20493.953798574134,13.110992839935282,Boa (**)
PIT_por_Instrucao_SIDRA,PIT_por_Instrucao_SIDRA,Instrucao_sidraMédio incompleto ou equivalente,Outro,Micro_2251020,Micro 2251020,16543.951753549998,2313.6026469820085,[12009.291 — 21078.613],12009.29056546526,21078.612941634736,13.984582894383479,Boa (**)
PIT_por_Instrucao_SIDRA,PIT_por_Instrucao_SIDRA,Instrucao_sidraMédio completo ou equivalente,Outro,Micro_2251020,Micro 2251020,36570.04032535,4869.955222917079,[27024.928 — 46115.153],27024.928088432524,46115.15256226747,13.316789316038225,Boa (**)
PIT_por_Instrucao_SIDRA,PIT_por_Instrucao_SIDRA,Instrucao_sidraSuperior incompleto ou equivalente,Outro,Micro_2251020,Micro 2251020,4189.17529141,1334.9433247940674,[1572.686 — 6805.664],1572.686374813628,6805.664208006372,31.866494761663454,Baixa
PIT_por_Instrucao_SIDRA,PIT_por_Instrucao_SIDRA,Instrucao_sidraSuperior completo,Outro,Micro_2251020,Micro 2251020,9815.84900448,3039.8384892845916,[3857.766 — 15773.932],3857.765565482201,15773.9324434778,30.968676147088193,Baixa
PIT_por_Instrucao_SIDRA,PIT_por_Instrucao_SIDRA,Instrucao_sidraSem instrução e menos de 1 ano de estudo,Outro,Micro_2251021,Micro 2251021,6073.12705096,1209.7837682978022,[3701.951 — 8444.303],3701.9508650963076,8444.303236823693,19.92027761228159,Regular (*)
PIT_por_Instrucao_SIDRA,PIT_por_Instrucao_SIDRA,Instrucao_sidraFundamental incompleto ou equivalente,Outro,Micro_2251021,Micro 2251021,18501.84203429,3327.9393714313387,[11979.081 — 25024.603],11979.080866284576,25024.603202295424,17.9870705049993,Regular (*)
PIT_por_Instrucao_SIDRA,PIT_por_Instrucao_SIDRA,Instrucao_sidraFundamental completo ou equivalente,Outro,Micro_2251021,Micro 2251021,4487.1712780200005,2102.407309800634,[366.453 — 8607.890],366.452950810758,8607.889605229244,46.85373433590744,Baixa
PIT_por_Instrucao_SIDRA,PIT_por_Instrucao_SIDRA,Instrucao_sidraMédio incompleto ou equivalente,Outro,Micro_2251021,Micro 2251021,3546.98999188,888.8221315437328,[1804.899 — 5289.081],1804.898614054284,5289.0813697057165,25.058489975401177,Regular (*)
PIT_por_Instrucao_SIDRA,PIT_por_Instrucao_SIDRA,Instrucao_sidraMédio completo ou equivalente,Outro,Micro_2251021,Micro 2251021,9358.04462261,2795.959021242108,[3877.965 — 14838.124],3877.9649409754675,14838.124304244531,29.8775987291916,Regular (*)
PIT_por_Instrucao_SIDRA,PIT_por_Instrucao_SIDRA,Instrucao_sidraSuperior incompleto ou equivalente,Outro,Micro_2251021,Micro 2251021,1896.03382577,753.1840764441694,[419.793 — 3372.275],419.79303593942814,3372.274615600572,39.72418984341132,Baixa
PIT_por_Instrucao_SIDRA,PIT_por_Instrucao_SIDRA,Instrucao_sidraSuperior completo,Outro,Micro_2251021,Micro 2251021,724.42694961,486.2671021106928,[-228.657 — 1677.510],-228.65657052695792,1677.5104697469578,67.12438050137118,Baixa
PIT_por_Instrucao_SIDRA,PIT_por_Instrucao_SIDRA,Instrucao_sidraSem instrução e menos de 1 ano de estudo,Outro,Micro_2251022,Micro 2251022,2639.64191629,1295.9943007624256,[99.493 — 5179.791],99.49308679564592,5179.790745784354,49.09735266607439,Baixa
PIT_por_Instrucao_SIDRA,PIT_por_Instrucao_SIDRA,Instrucao_sidraFundamental incompleto ou equivalente,Outro,Micro_2251022,Micro 2251022,7099.70755035,2325.096616875853,[2542.518 — 11656.897],2542.518181273328,11656.896919426672,32.74918861638507,Baixa
PIT_por_Instrucao_SIDRA,PIT_por_Instrucao_SIDRA,Instrucao_sidraFundamental completo ou equivalente,Outro,Micro_2251022,Micro 2251022,2471.89363405,1203.9127189974706,[112.225 — 4831.563],112.22470481495748,4831.562563285042,48.70406648626527,Baixa
PIT_por_Instrucao_SIDRA,PIT_por_Instrucao_SIDRA,Instrucao_sidraMédio incompleto ou equivalente,Outro,Micro_2251022,Micro 2251022,945.25730386,172.27908046866008,[607.590 — 1282.924],607.5903061414263,1282.9243015785737,18.225628066046234,Regular (*)
PIT_por_Instrucao_SIDRA,PIT_por_Instrucao_SIDRA,Instrucao_sidraMédio completo ou equivalente,Outro,Micro_2251022,Micro 2251022,5971.68006928,3078.257827275575,[-61.705 — 12005.065],-61.705272180127395,12005.065410740128,51.54760120373826,Baixa
PIT_por_Instrucao_SIDRA,PIT_por_Instrucao_SIDRA,Instrucao_sidraSuperior incompleto ou equivalente,Outro,Micro_2251022,Micro 2251022,101.91872873,103.95930477202718,[-101.842 — 305.679],-101.84150862317327,305.67896608317324,102.00216002245574,Baixa
PIT_por_Instrucao_SIDRA,PIT_por_Instrucao_SIDRA,Instrucao_sidraSuperior completo,Outro,Micro_2251022,Micro 2251022,1621.03025511,1655.0893730373284,[-1622.945 — 4865.005],-1622.9449160431634,4865.005426263164,102.10107848511545,Baixa
PIT_por_Instrucao_SIDRA,PIT_por_Instrucao_SIDRA,Instrucao_sidraSem instrução e menos de 1 ano de estudo,Outro,Micro_2252011,Micro 2252011,21218.44606266,4601.960362992849,[12198.604 — 30238.288],12198.603751194018,30238.288374125987,21.688489107085605,Regular (*)
PIT_por_Instrucao_SIDRA,PIT_por_Instrucao_SIDRA,Instrucao_sidraFundamental incompleto ou equivalente,Outro,Micro_2252011,Micro 2252011,86746.96608947,12869.8427230638,[61522.074 — 111971.858],61522.07435226496,111971.85782667506,14.836072433691763,Boa (**)
PIT_por_Instrucao_SIDRA,PIT_por_Instrucao_SIDRA,Instrucao_sidraFundamental completo ou equivalente,Outro,Micro_2252011,Micro 2252011,24912.95822566,4340.928540579415,[16404.738 — 33421.178],16404.738286124346,33421.178165195655,17.424380120817283,Regular (*)
PIT_por_Instrucao_SIDRA,PIT_por_Instrucao_SIDRA,Instrucao_sidraMédio incompleto ou equivalente,Outro,Micro_2252011,Micro 2252011,20126.1319075,3282.9331862695844,[13691.583 — 26560.681],13691.582862411615,26560.680952588384,16.311794046456587,Regular (*)
PIT_por_Instrucao_SIDRA,PIT_por_Instrucao_SIDRA,Instrucao_sidraMédio completo ou equivalente,Outro,Micro_2252011,Micro 2252011,68894.12216929,8968.351505609546,[51316.153 — 86472.091],51316.153218295294,86472.0911202847,13.017585859606534,Boa (**)
PIT_por_Instrucao_SIDRA,PIT_por_Instrucao_SIDRA,Instrucao_sidraSuperior incompleto ou equivalente,Outro,Micro_2252011,Micro 2252011,13136.52015428,4976.1030318037365,[3383.358 — 22889.682],3383.3582119446764,22889.682096615325,37.87991776636886,Baixa
PIT_por_Instrucao_SIDRA,PIT_por_Instrucao_SIDRA,Instrucao_sidraSuperior completo,Outro,Micro_2252011,Micro 2252011,36198.26607565,6317.803037169901,[23815.372 — 48581.160],23815.372122796995,48581.160028503,17.453330565520613,Regular (*)
PIT_por_Instrucao_SIDRA,PIT_por_Instrucao_SIDRA,Instrucao_sidraSem instrução e menos de 1 ano de estudo,Outro,Micro_2252012,Micro 2252012,8163.07486229,1768.9044820698546,[4696.022 — 11630.128],4696.022077433085,11630.127647146915,21.66958544312089,Regular (*)
PIT_por_Instrucao_SIDRA,PIT_por_Instrucao_SIDRA,Instrucao_sidraFundamental incompleto ou equivalente,Outro,Micro_2252012,Micro 2252012,31479.5727204,3926.141419719819,[23784.336 — 39174.810],23784.335537749153,39174.809903050846,12.472028939501854,Boa (**)
PIT_por_Instrucao_SIDRA,PIT_por_Instrucao_SIDRA,Instrucao_sidraFundamental completo ou equivalente,Outro,Micro_2252012,Micro 2252012,5969.65103687,958.3429548788972,[4091.299 — 7848.003],4091.2988453073613,7848.003228432639,16.0535841870813,Regular (*)
PIT_por_Instrucao_SIDRA,PIT_por_Instrucao_SIDRA,Instrucao_sidraMédio incompleto ou equivalente,Outro,Micro_2252012,Micro 2252012,9123.23676709,2443.8947489966527,[4333.203 — 13913.270],4333.203059056561,13913.27047512344,26.787584400006438,Regular (*)
PIT_por_Instrucao_SIDRA,PIT_por_Instrucao_SIDRA,Instrucao_sidraMédio completo ou equivalente,Outro,Micro_2252012,Micro 2252012,30926.26333749,4158.400818116852,[22775.798 — 39076.729],22775.79773398097,39076.728940999026,13.446179296662327,Boa (**)
PIT_por_Instrucao_SIDRA,PIT_por_Instrucao_SIDRA,Instrucao_sidraSuperior incompleto ou equivalente,Outro,Micro_2252012,Micro 2252012,5802.11857696,1381.4381177794887,[3094.500 — 8509.737],3094.4998661122017,8509.737287807799,23.80920175029047,Regular (*)
PIT_por_Instrucao_SIDRA,PIT_por_Instrucao_SIDRA,Instrucao_sidraSuperior completo,Outro,Micro_2252012,Micro 2252012,17081.12399225,3285.131326646097,[10642.267 — 23519.981],10642.266592023649,23519.98139247635,19.232524324140602,Regular (*)
PIT_por_Instrucao_SIDRA,PIT_por_Instrucao_SIDRA,Instrucao_sidraSem instrução e menos de 1 ano de estudo,Outro,Micro_2252013,Micro 2252013,3162.68838171,912.7586899753989,[1373.681 — 4951.695],1373.6813493582185,4951.695414061782,28.860215734624134,Regular (*)
PIT_por_Instrucao_SIDRA,PIT_por_Instrucao_SIDRA,Instrucao_sidraFundamental incompleto ou equivalente,Outro,Micro_2252013,Micro 2252013,13263.67670334,2229.493493141891,[8893.869 — 17633.484],8893.869456781893,17633.483949898105,16.80901565235279,Regular (*)
PIT_por_Instrucao_SIDRA,PIT_por_Instrucao_SIDRA,Instrucao_sidraFundamental completo ou equivalente,Outro,Micro_2252013,Micro 2252013,3163.95190314,726.7549130167488,[1739.512 — 4588.392],1739.5122736271724,4588.391532652828,22.969847054106467,Regular (*)
PIT_por_Instrucao_SIDRA,PIT_por_Instrucao_SIDRA,Instrucao_sidraMédio incompleto ou equivalente,Outro,Micro_2252013,Micro 2252013,3870.21003904,804.6505941806863,[2293.095 — 5447.325],2293.0948744458547,5447.3252036341455,20.790876620749987,Regular (*)
PIT_por_Instrucao_SIDRA,PIT_por_Instrucao_SIDRA,Instrucao_sidraMédio completo ou equivalente,Outro,Micro_2252013,Micro 2252013,11197.28705256,2178.5157713158633,[6927.396 — 15467.178],6927.396140780907,15467.177964339091,19.45574638829855,Regular (*)
PIT_por_Instrucao_SIDRA,PIT_por_Instrucao_SIDRA,Instrucao_sidraSuperior incompleto ou equivalente,Outro,Micro_2252013,Micro 2252013,1971.69336602,679.8822098791926,[639.124 — 3304.262],639.1242346567826,3304.262497383217,34.48214725454912,Baixa
PIT_por_Instrucao_SIDRA,PIT_por_Instrucao_SIDRA,Instrucao_sidraSuperior completo,Outro,Micro_2252013,Micro 2252013,4310.82390132,2072.19292627791,[249.326 — 8372.322],249.32576581529656,8372.322036824704,48.069533196273504,Baixa
PIT_por_Instrucao_SIDRA,PIT_por_Instrucao_SIDRA,Instrucao_sidraSem instrução e menos de 1 ano de estudo,Outro,Micro_2252020,Micro 2252020,20763.29114073,3695.8449329221417,[13519.435 — 28007.147],13519.435072202603,28007.1472092574,17.79989938913028,Regular (*)
PIT_por_Instrucao_SIDRA,PIT_por_Instrucao_SIDRA,Instrucao_sidraFundamental incompleto ou equivalente,Outro,Micro_2252020,Micro 2252020,107115.62419063,9126.64641800539,[89227.397 — 125003.851],89227.39721133944,125003.85116992056,8.520368981618414,Boa (**)
PIT_por_Instrucao_SIDRA,PIT_por_Instrucao_SIDRA,Instrucao_sidraFundamental completo ou equivalente,Outro,Micro_2252020,Micro 2252020,19455.67236206,4111.271788735855,[11397.580 — 27513.765],11397.579656137723,27513.765067982276,21.131481411833082,Regular (*)
PIT_por_Instrucao_SIDRA,PIT_por_Instrucao_SIDRA,Instrucao_sidraMédio incompleto ou equivalente,Outro,Micro_2252020,Micro 2252020,22202.36844854,3399.1450500918827,[15540.044 — 28864.693],15540.04415035991,28864.69274672009,15.309830831653484,Regular (*)
PIT_por_Instrucao_SIDRA,PIT_por_Instrucao_SIDRA,Instrucao_sidraMédio completo ou equivalente,Outro,Micro_2252020,Micro 2252020,33467.89567583,4638.055198408992,[24377.307 — 42558.484],24377.307486948375,42558.48386471162,13.858221751774266,Boa (**)
PIT_por_Instrucao_SIDRA,PIT_por_Instrucao_SIDRA,Instrucao_sidraSuperior incompleto ou equivalente,Outro,Micro_2252020,Micro 2252020,6027.63725232,1703.8516835570665,[2688.088 — 9367.187],2688.0879525481496,9367.18655209185,28.26732287018872,Regular (*)
PIT_por_Instrucao_SIDRA,PIT_por_Instrucao_SIDRA,Instrucao_sidraSuperior completo,Outro,Micro_2252020,Micro 2252020,12041.69050031,1974.1737272675152,[8172.310 — 15911.071],8172.309994865671,15911.07100575433,16.394489853535866,Regular (*)
PIT_por_Instrucao_SIDRA,PIT_por_Instrucao_SIDRA,Instrucao_sidraSem instrução e menos de 1 ano de estudo,Outro,Micro_2252021,Micro 2252021,6005.08242055,1428.650499160261,[3204.927 — 8805.237],3204.927442195889,8805.237398904112,23.79068927132914,Regular (*)
PIT_por_Instrucao_SIDRA,PIT_por_Instrucao_SIDRA,Instrucao_sidraFundamental incompleto ou equivalente,Outro,Micro_2252021,Micro 2252021,19980.32902954,4151.739630776428,[11842.919 — 28117.739],11842.9193532182,28117.7387058618,20.779135441855196,Regular (*)
PIT_por_Instrucao_SIDRA,PIT_por_Instrucao_SIDRA,Instrucao_sidraFundamental completo ou equivalente,Outro,Micro_2252021,Micro 2252021,4427.442615649999,1832.6472743850431,[835.454 — 8019.431],835.4539578553149,8019.431273444684,41.39290858128919,Baixa
PIT_por_Instrucao_SIDRA,PIT_por_Instrucao_SIDRA,Instrucao_sidraMédio incompleto ou equivalente,Outro,Micro_2252021,Micro 2252021,3731.75536559,777.218988953664,[2208.406 — 5255.105],2208.4061472408184,5255.104583939182,20.827168793546672,Regular (*)
PIT_por_Instrucao_SIDRA,PIT_por_Instrucao_SIDRA,Instrucao_sidraMédio completo ou equivalente,Outro,Micro_2252021,Micro 2252021,7779.58393419,3072.2575310989237,[1757.959 — 13801.209],1757.9591732361096,13801.20869514389,39.49128330111401,Baixa
PIT_por_Instrucao_SIDRA,PIT_por_Instrucao_SIDRA,Instrucao_sidraSuperior incompleto ou equivalente,Outro,Micro_2252021,Micro 2252021,1921.5071261,1168.880539859139,[-369.499 — 4212.513],-369.4987320239122,4212.512984223912,60.83144444182027,Baixa
PIT_por_Instrucao_SIDRA,PIT_por_Instrucao_SIDRA,Instrucao_sidraSuperior completo,Outro,Micro_2252021,Micro 2252021,2722.82369643,1699.6347052332571,[-608.460 — 6054.108],-608.4603258271841,6054.107718687184,62.42176852881494,Baixa
PIT_por_Instrucao_SIDRA,PIT_por_Instrucao_SIDRA,Instrucao_sidraSem instrução e menos de 1 ano de estudo,Outro,Micro_2252022,Micro 2252022,3808.82618535,1225.9212298974378,[1406.021 — 6211.632],1406.0205747510217,6211.631795948978,32.18632644914947,Baixa
PIT_por_Instrucao_SIDRA,PIT_por_Instrucao_SIDRA,Instrucao_sidraFundamental incompleto ou equivalente,Outro,Micro_2252022,Micro 2252022,10113.42376165,1760.3265611338716,[6663.184 — 13563.664],6663.183701827611,13563.663821472388,17.40584200386235,Regular (*)
PIT_por_Instrucao_SIDRA,PIT_por_Instrucao_SIDRA,Instrucao_sidraFundamental completo ou equivalente,Outro,Micro_2252022,Micro 2252022,4374.13277865,1484.975804487227,[1463.580 — 7284.685],1463.5802018550348,7284.685355444964,33.94903354866925,Baixa
PIT_por_Instrucao_SIDRA,PIT_por_Instrucao_SIDRA,Instrucao_sidraMédio incompleto ou equivalente,Outro,Micro_2252022,Micro 2252022,561.33170962,294.37990922219893,[-15.653 — 1138.316],-15.652912455509977,1138.31633169551,52.443128399335,Baixa
PIT_por_Instrucao_SIDRA,PIT_por_Instrucao_SIDRA,Instrucao_sidraMédio completo ou equivalente,Outro,Micro_2252022,Micro 2252022,4157.17674407,470.4041187658202,[3235.185 — 5079.169],3235.184671288992,5079.168816851007,11.315470756369155,Boa (**)
PIT_por_Instrucao_SIDRA,PIT_por_Instrucao_SIDRA,Instrucao_sidraSuperior incompleto ou equivalente,Outro,Micro_2252022,Micro 2252022,273.29777655,275.185164200866,[-266.065 — 812.661],-266.06514528369735,812.6606983836973,100.69059751407114,Baixa
PIT_por_Instrucao_SIDRA,PIT_por_Instrucao_SIDRA,Instrucao_sidraSuperior completo,Outro,Micro_2252022,Micro 2252022,1246.43755177,877.6352714768383,[-473.728 — 2966.603],-473.72758032460297,2966.602683864603,70.41149155291052,Baixa
PIT_por_Instrucao_SIDRA,PIT_por_Instrucao_SIDRA,Instrucao_sidraSem instrução e menos de 1 ano de estudo,Outro,Micro_2253010,Micro 2253010,2958.29429477,1476.4967058505351,[64.361 — 5852.228],64.36075130295103,5852.227838237049,49.91040642781381,Baixa
PIT_por_Instrucao_SIDRA,PIT_por_Instrucao_SIDRA,Instrucao_sidraFundamental incompleto ou equivalente,Outro,Micro_2253010,Micro 2253010,21597.96035468,8671.134548917329,[4602.537 — 38593.384],4602.536638802034,38593.384070557964,40.147932520111354,Baixa
PIT_por_Instrucao_SIDRA,PIT_por_Instrucao_SIDRA,Instrucao_sidraFundamental completo ou equivalente,Outro,Micro_2253010,Micro 2253010,4985.13689396,1923.6002622619317,[1214.880 — 8755.393],1214.8803799266138,8755.393407993386,38.58670891450481,Baixa
PIT_por_Instrucao_SIDRA,PIT_por_Instrucao_SIDRA,Instrucao_sidraMédio incompleto ou equivalente,Outro,Micro_2253010,Micro 2253010,4376.19960075,3043.7292970556,[-1589.510 — 10341.909],-1589.509821478976,10341.909022978976,69.55188462002421,Baixa
PIT_por_Instrucao_SIDRA,PIT_por_Instrucao_SIDRA,Instrucao_sidraMédio completo ou equivalente,Outro,Micro_2253010,Micro 2253010,17158.3463857,4558.336379511244,[8224.007 — 26092.686],8224.00708185796,26092.685689542035,26.566291861960682,Regular (*)
PIT_por_Instrucao_SIDRA,PIT_por_Instrucao_SIDRA,Instrucao_sidraSuperior incompleto ou equivalente,Outro,Micro_2253010,Micro 2253010,3053.4459564,355.0743702124453,[2357.500 — 3749.392],2357.500190783607,3749.3917220163926,11.628644334385942,Boa (**)
PIT_por_Instrucao_SIDRA,PIT_por_Instrucao_SIDRA,Instrucao_sidraSuperior completo,Outro,Micro_2253010,Micro 2253010,10411.25917384,4476.562793481604,[1637.196 — 19185.322],1637.1960986160575,19185.322249063945,42.99732355841937,Baixa
PIT_por_Instrucao_SIDRA,PIT_por_Instrucao_SIDRA,Instrucao_sidraSem instrução e menos de 1 ano de estudo,Outro,Micro_2253011,Micro 2253011,14672.49134204,4729.407304086999,[5402.853 — 23942.130],5402.853026029483,23942.12965805052,32.23315791324531,Baixa
PIT_por_Instrucao_SIDRA,PIT_por_Instrucao_SIDRA,Instrucao_sidraFundamental incompleto ou equivalente,Outro,Micro_2253011,Micro 2253011,53325.07893173,7487.263063222293,[38650.043 — 68000.115],38650.0433278143,68000.1145356457,14.040791337239163,Boa (**)
PIT_por_Instrucao_SIDRA,PIT_por_Instrucao_SIDRA,Instrucao_sidraFundamental completo ou equivalente,Outro,Micro_2253011,Micro 2253011,11131.14313155,3302.205931122922,[4658.820 — 17603.467],4658.819506549073,17603.466756550926,29.666368423232136,Regular (*)
PIT_por_Instrucao_SIDRA,PIT_por_Instrucao_SIDRA,Instrucao_sidraMédio incompleto ou equivalente,Outro,Micro_2253011,Micro 2253011,18819.71813725,3168.6203689953823,[12609.222 — 25030.214],12609.222214019053,25030.21406048095,16.83670470453917,Regular (*)
PIT_por_Instrucao_SIDRA,PIT_por_Instrucao_SIDRA,Instrucao_sidraMédio completo ou equivalente,Outro,Micro_2253011,Micro 2253011,53000.11454139,9322.824231812723,[34727.379 — 71272.850],34727.379047037066,71272.85003574294,17.590196384447697,Regular (*)
PIT_por_Instrucao_SIDRA,PIT_por_Instrucao_SIDRA,Instrucao_sidraSuperior incompleto ou equivalente,Outro,Micro_2253011,Micro 2253011,6405.14601375,1663.5042335400233,[3144.678 — 9665.614],3144.6777160115544,9665.614311488445,25.971370987780134,Regular (*)
PIT_por_Instrucao_SIDRA,PIT_por_Instrucao_SIDRA,Instrucao_sidraSuperior completo,Outro,Micro_2253011,Micro 2253011,22245.74251605,4721.1200847278205,[12992.347 — 31499.138],12992.34714998347,31499.137882116527,21.222578123978543,Regular (*)
PIT_por_Instrucao_SIDRA,PIT_por_Instrucao_SIDRA,Instrucao_sidraSem instrução e menos de 1 ano de estudo,Outro,Micro_2253012,Micro 2253012,4700.98395876,870.0611270543418,[2995.664 — 6406.304],2995.6641497334904,6406.3037677865095,18.50806415608025,Regular (*)
PIT_por_Instrucao_SIDRA,PIT_por_Instrucao_SIDRA,Instrucao_sidraFundamental incompleto ou equivalente,Outro,Micro_2253012,Micro 2253012,11833.07574915,1908.628034207828,[8092.165 — 15573.987],8092.164802102658,15573.986696197344,16.129602097281676,Regular (*)
PIT_por_Instrucao_SIDRA,PIT_por_Instrucao_SIDRA,Instrucao_sidraFundamental completo ou equivalente,Outro,Micro_2253012,Micro 2253012,2680.49570081,843.8354913527202,[1026.578 — 4334.413],1026.5781377586686,4334.413263861332,31.480576189610282,Baixa
PIT_por_Instrucao_SIDRA,PIT_por_Instrucao_SIDRA,Instrucao_sidraMédio incompleto ou equivalente,Outro,Micro_2253012,Micro 2253012,3596.92867248,706.1732126878771,[2212.829 — 4981.028],2212.8291756117605,4981.028169348239,19.632672120823205,Regular (*)
PIT_por_Instrucao_SIDRA,PIT_por_Instrucao_SIDRA,Instrucao_sidraMédio completo ou equivalente,Outro,Micro_2253012,Micro 2253012,12862.66746826,1696.2851424345192,[9537.949 — 16187.386],9537.948589088342,16187.386347431659,13.187662252952453,Boa (**)
PIT_por_Instrucao_SIDRA,PIT_por_Instrucao_SIDRA,Instrucao_sidraSuperior incompleto ou equivalente,Outro,Micro_2253012,Micro 2253012,1697.36791517,463.994172428868,[787.939 — 2606.796],787.9393372094188,2606.7964931305814,27.336098925988985,Regular (*)
PIT_por_Instrucao_SIDRA,PIT_por_Instrucao_SIDRA,Instrucao_sidraSuperior completo,Outro,Micro_2253012,Micro 2253012,7127.31497308,1493.8965662292617,[4199.278 — 10055.352],4199.277703270647,10055.352242889352,20.96015921664381,Regular (*)
PIT_por_Instrucao_SIDRA,PIT_por_Instrucao_SIDRA,Instrucao_sidraSem instrução e menos de 1 ano de estudo,Outro,Micro_2253020,Micro 2253020,20108.51588561,3418.2841344593057,[13408.679 — 26808.353],13408.67898206976,26808.352789150238,16.999186582961546,Regular (*)
PIT_por_Instrucao_SIDRA,PIT_por_Instrucao_SIDRA,Instrucao_sidraFundamental incompleto ou equivalente,Outro,Micro_2253020,Micro 2253020,57215.8704468,8837.0130035132,[39895.325 — 74536.416],39895.32495991413,74536.41593368587,15.4450381240463,Regular (*)
PIT_por_Instrucao_SIDRA,PIT_por_Instrucao_SIDRA,Instrucao_sidraFundamental completo ou equivalente,Outro,Micro_2253020,Micro 2253020,10237.18020007,2839.556383445399,[4671.650 — 15802.711],4671.649688517018,15802.710711622984,27.737680962439075,Regular (*)
PIT_por_Instrucao_SIDRA,PIT_por_Instrucao_SIDRA,Instrucao_sidraMédio incompleto ou equivalente,Outro,Micro_2253020,Micro 2253020,7908.8830721800005,2380.7968739547155,[3242.521 — 12575.245],3242.5211992287586,12575.244945131242,30.102820489650682,Baixa
PIT_por_Instrucao_SIDRA,PIT_por_Instrucao_SIDRA,Instrucao_sidraMédio completo ou equivalente,Outro,Micro_2253020,Micro 2253020,18400.22274791,2876.8270402139215,[12761.642 — 24038.804],12761.641749090715,24038.803746729285,15.634740294329793,Regular (*)
PIT_por_Instrucao_SIDRA,PIT_por_Instrucao_SIDRA,Instrucao_sidraSuperior incompleto ou equivalente,Outro,Micro_2253020,Micro 2253020,1719.44460469,1163.7753734369105,[-561.555 — 4000.444],-561.5551272463447,4000.444336626345,67.68321411824306,Baixa
PIT_por_Instrucao_SIDRA,PIT_por_Instrucao_SIDRA,Instrucao_sidraSuperior completo,Outro,Micro_2253020,Micro 2253020,4114.09739006,2378.275959567355,[-547.323 — 8775.518],-547.3234906920161,8775.518270812016,57.80796452007837,Baixa
PIT_por_Instrucao_SIDRA,PIT_por_Instrucao_SIDRA,Instrucao_sidraSem instrução e menos de 1 ano de estudo,Outro,Micro_2253021,Micro 2253021,2796.14469985,1313.0542317737045,[222.558 — 5369.731],222.5584055735394,5369.730994126461,46.959452128644976,Baixa
PIT_por_Instrucao_SIDRA,PIT_por_Instrucao_SIDRA,Instrucao_sidraFundamental incompleto ou equivalente,Outro,Micro_2253021,Micro 2253021,12815.9672336,1201.6759001829737,[10460.682 — 15171.252],10460.682469241372,15171.251997958629,9.37639647698618,Boa (**)
PIT_por_Instrucao_SIDRA,PIT_por_Instrucao_SIDRA,Instrucao_sidraFundamental completo ou equivalente,Outro,Micro_2253021,Micro 2253021,2701.93458196,1306.0950561334544,[141.988 — 5261.881],141.98827193842953,5261.88089198157,48.33925531927591,Baixa
PIT_por_Instrucao_SIDRA,PIT_por_Instrucao_SIDRA,Instrucao_sidraMédio incompleto ou equivalente,Outro,Micro_2253021,Micro 2253021,2037.51722224,103.29586774734274,[1835.057 — 2239.977],1835.0573214552082,2239.9771230247916,5.0696929881054755,Boa (**)
PIT_por_Instrucao_SIDRA,PIT_por_Instrucao_SIDRA,Instrucao_sidraMédio completo ou equivalente,Outro,Micro_2253021,Micro 2253021,5478.99698916,1957.246484152196,[1642.794 — 9315.200],1642.7938802216963,9315.200098098305,35.722715088629144,Baixa
PIT_por_Instrucao_SIDRA,PIT_por_Instrucao_SIDRA,Instrucao_sidraSuperior incompleto ou equivalente,Outro,Micro_2253021,Micro 2253021,711.74494836,703.1795396237551,[-666.487 — 2089.977],-666.48694930256,2089.97684602256,98.79656206117356,Baixa
PIT_por_Instrucao_SIDRA,PIT_por_Instrucao_SIDRA,Instrucao_sidraSuperior completo,Outro,Micro_2253021,Micro 2253021,1518.18601359,211.03973205573897,[1104.548 — 1931.824],1104.5481387607515,1931.8238884192483,13.900782260317424,Boa (**)
PIT_por_Instrucao_SIDRA,PIT_por_Instrucao_SIDRA,Instrucao_sidraSem instrução e menos de 1 ano de estudo,Outro,Micro_2253022,Micro 2253022,831.77376229,337.898045588533,[169.494 — 1494.054],169.49359293647535,1494.0539316435247,40.623792298791464,Baixa
PIT_por_Instrucao_SIDRA,PIT_por_Instrucao_SIDRA,Instrucao_sidraFundamental incompleto ou equivalente,Outro,Micro_2253022,Micro 2253022,4025.82820308,939.1552822564734,[2185.084 — 5866.573],2185.083849857312,5866.572556302688,23.328250359465493,Regular (*)
PIT_por_Instrucao_SIDRA,PIT_por_Instrucao_SIDRA,Instrucao_sidraFundamental completo ou equivalente,Outro,Micro_2253022,Micro 2253022,430.27955169,262.9613811823967,[-85.125 — 945.684],-85.12475542749752,945.6838588074975,61.11407808006882,Baixa
PIT_por_Instrucao_SIDRA,PIT_por_Instrucao_SIDRA,Instrucao_sidraMédio incompleto ou equivalente,Outro,Micro_2253022,Micro 2253022,801.0619952899999,200.52460483220923,[408.034 — 1194.090],408.0337698188698,1194.09022076113,25.03234531300108,Regular (*)
PIT_por_Instrucao_SIDRA,PIT_por_Instrucao_SIDRA,Instrucao_sidraMédio completo ou equivalente,Outro,Micro_2253022,Micro 2253022,1500.48368039,300.7581382937659,[910.998 — 2089.970],910.9977293342189,2089.969631445781,20.04407926753285,Regular (*)
PIT_por_Instrucao_SIDRA,PIT_por_Instrucao_SIDRA,Instrucao_sidraSuperior incompleto ou equivalente,Outro,Micro_2253022,Micro 2253022,55.32085797,54.73964185786382,[-51.969 — 162.611],-51.96884007141309,162.61055601141308,98.94937256314542,Baixa
PIT_por_Instrucao_SIDRA,PIT_por_Instrucao_SIDRA,Instrucao_sidraSuperior completo,Outro,Micro_2253022,Micro 2253022,163.51455906,89.38588206493988,[-11.682 — 338.711],-11.68176978728215,338.7108879072822,54.6653965119648,Baixa
PIT_por_Instrucao_SIDRA,PIT_por_Instrucao_SIDRA,Instrucao_sidraSem instrução e menos de 1 ano de estudo,Outro,Micro_2254020,Micro 2254020,1584.92524918,354.275002339313,[890.546 — 2279.304],890.5462445949465,2279.3042537650535,22.352789352217453,Regular (*)
PIT_por_Instrucao_SIDRA,PIT_por_Instrucao_SIDRA,Instrucao_sidraFundamental incompleto ou equivalente,Outro,Micro_2254020,Micro 2254020,6950.23292536,649.8716669226806,[5676.484 — 8223.981],5676.484458191546,8223.981392528454,9.350358094495363,Boa (**)
PIT_por_Instrucao_SIDRA,PIT_por_Instrucao_SIDRA,Instrucao_sidraFundamental completo ou equivalente,Outro,Micro_2254020,Micro 2254020,1007.75767677,188.17196898248793,[638.941 — 1376.575],638.9406175643237,1376.5747359756763,18.672342897511296,Regular (*)
PIT_por_Instrucao_SIDRA,PIT_por_Instrucao_SIDRA,Instrucao_sidraMédio incompleto ou equivalente,Outro,Micro_2254020,Micro 2254020,1130.72605761,228.42511461088188,[683.013 — 1578.439],683.0128329726715,1578.4392822473285,20.201631781061177,Regular (*)
PIT_por_Instrucao_SIDRA,PIT_por_Instrucao_SIDRA,Instrucao_sidraMédio completo ou equivalente,Outro,Micro_2254020,Micro 2254020,2739.09881023,401.7879032003194,[1951.595 — 3526.603],1951.594519957374,3526.6031005026257,14.668616615790564,Boa (**)
PIT_por_Instrucao_SIDRA,PIT_por_Instrucao_SIDRA,Instrucao_sidraSuperior incompleto ou equivalente,Outro,Micro_2254020,Micro 2254020,457.7080544,101.95534772282002,[257.876 — 657.541],257.87557286327274,657.5405359367272,22.275191957561503,Regular (*)
PIT_por_Instrucao_SIDRA,PIT_por_Instrucao_SIDRA,Instrucao_sidraSuperior completo,Outro,Micro_2254020,Micro 2254020,324.61475018,113.06833789278532,[103.001 — 546.229],103.00080791014076,546.2286924498592,34.831546573311456,Baixa
PIT_por_Instrucao_SIDRA,PIT_por_Instrucao_SIDRA,Instrucao_sidraSem instrução e menos de 1 ano de estudo,Zona,Zona_Rural,Zona Rural,109235.93885879,7879.301292939466,[93792.508 — 124679.369],93792.50832462865,124679.36939295135,7.213103466914025,Boa (**)
PIT_por_Instrucao_SIDRA,PIT_por_Instrucao_SIDRA,Instrucao_sidraFundamental incompleto ou equivalente,Zona,Zona_Rural,Zona Rural,375539.46747242,15211.771640537432,[345724.395 — 405354.540],345724.39505696663,405354.5398878734,4.0506452605156875,Excelente (***)
PIT_por_Instrucao_SIDRA,PIT_por_Instrucao_SIDRA,Instrucao_sidraFundamental completo ou equivalente,Zona,Zona_Rural,Zona Rural,74399.72609961,5666.770415746189,[63292.856 — 85506.596],63292.856084747466,85506.59611447253,7.616654943271215,Boa (**)
PIT_por_Instrucao_SIDRA,PIT_por_Instrucao_SIDRA,Instrucao_sidraMédio incompleto ou equivalente,Zona,Zona_Rural,Zona Rural,68934.85287436,5286.516598099831,[58573.280 — 79296.425],58573.280342084334,79296.42540663567,7.66885889745059,Boa (**)
PIT_por_Instrucao_SIDRA,PIT_por_Instrucao_SIDRA,Instrucao_sidraMédio completo ou equivalente,Zona,Zona_Rural,Zona Rural,151291.37965358,9043.970801820044,[133565.197 — 169017.562],133565.1968820127,169017.56242514728,5.97784938079652,Boa (**)
PIT_por_Instrucao_SIDRA,PIT_por_Instrucao_SIDRA,Instrucao_sidraSuperior incompleto ou equivalente,Zona,Zona_Rural,Zona Rural,19347.02210571,3004.980293614041,[13457.261 — 25236.783],13457.260730226479,25236.783481193517,15.532004239180372,Regular (*)
PIT_por_Instrucao_SIDRA,PIT_por_Instrucao_SIDRA,Instrucao_sidraSuperior completo,Zona,Zona_Rural,Zona Rural,37263.1103187,4704.366908600862,[28042.551 — 46483.669],28042.55117784231,46483.669459557685,12.624729574009924,Boa (**)
PIT_por_Instrucao_SIDRA,PIT_por_Instrucao_SIDRA,Instrucao_sidraSem instrução e menos de 1 ano de estudo,Zona,Zona_Urbana,Zona Urbana,114262.34929667,8899.412305898823,[96819.501 — 131705.197],96819.50117710831,131705.19741623168,7.788578093027343,Boa (**)
PIT_por_Instrucao_SIDRA,PIT_por_Instrucao_SIDRA,Instrucao_sidraFundamental incompleto ou equivalente,Zona,Zona_Urbana,Zona Urbana,471991.55117604,19013.73039041522,[434724.640 — 509258.463],434724.6396108262,509258.46274125384,4.028404818484477,Excelente (***)
PIT_por_Instrucao_SIDRA,PIT_por_Instrucao_SIDRA,Instrucao_sidraFundamental completo ou equivalente,Zona,Zona_Urbana,Zona Urbana,132897.42617336,7500.054681371143,[118197.319 — 147597.533],118197.31899787256,147597.53334884744,5.643491298008726,Boa (**)
PIT_por_Instrucao_SIDRA,PIT_por_Instrucao_SIDRA,Instrucao_sidraMédio incompleto ou equivalente,Zona,Zona_Urbana,Zona Urbana,161570.70621969,7987.6903353291555,[145914.833 — 177226.579],145914.83316244488,177226.57927693514,4.943773857414585,Excelente (***)
PIT_por_Instrucao_SIDRA,PIT_por_Instrucao_SIDRA,Instrucao_sidraMédio completo ou equivalente,Zona,Zona_Urbana,Zona Urbana,571412.39031528,16361.553860258651,[539343.745 — 603481.036],539343.7447491729,603481.035881387,2.863353006964213,Excelente (***)
PIT_por_Instrucao_SIDRA,PIT_por_Instrucao_SIDRA,Instrucao_sidraSuperior incompleto ou equivalente,Zona,Zona_Urbana,Zona Urbana,118876.3651731,7862.94641523523,[103464.990 — 134287.740],103464.99019923895,134287.74014696106,6.61439000409015,Boa (**)
PIT_por_Instrucao_SIDRA,PIT_por_Instrucao_SIDRA,Instrucao_sidraSuperior completo,Zona,Zona_Urbana,Zona Urbana,336342.3490807,18155.547000953848,[300757.477 — 371927.221],300757.4769588305,371927.22120256955,5.3979366709476455,Boa (**)
PIT_por_Raca,PIT_por_Raca,Raca_pitBranca,Agregados nacionais,Brasil,Brasil,74369570.20330235,326084.4447234301,[73730444.692 — 75008695.715],73730444.69164443,75008695.71496028,0.4384648772771184,Excelente (***)
PIT_por_Raca,PIT_por_Raca,Raca_pitPreta,Agregados nacionais,Brasil,Brasil,19235101.12150483,178028.42260431623,[18886165.413 — 19584036.830],18886165.413200367,19584036.82980929,0.9255393121135224,Excelente (***)
PIT_por_Raca,PIT_por_Raca,Raca_pitAmarela,Agregados nacionais,Brasil,Brasil,1044399.34435862,61161.33540991105,[924523.127 — 1164275.562],924523.1269551944,1164275.5617620456,5.85612541220725,Boa (**)
PIT_por_Raca,PIT_por_Raca,Raca_pitParda,Agregados nacionais,Brasil,Brasil,80006579.7765161,296466.43034116516,[79425505.573 — 80587653.980],79425505.57304741,80587653.97998478,0.3705525610134698,Excelente (***)
PIT_por_Raca,PIT_por_Raca,Raca_pitIndígena,Agregados nacionais,Brasil,Brasil,718543.27402182,35546.44366950342,[648872.244 — 788214.304],648872.2444295933,788214.3036140468,4.947015017000072,Excelente (***)
PIT_por_Raca,PIT_por_Raca,Raca_pitBranca,Agregados nacionais,Nordeste,Nordeste,11431553.45780319,119956.67499618184,[11196438.375 — 11666668.541],11196438.374810673,11666668.540795706,1.0493471026398367,Excelente (***)
PIT_por_Raca,PIT_por_Raca,Raca_pitPreta,Agregados nacionais,Nordeste,Nordeste,6550635.4369786,98427.53819882908,[6357717.462 — 6743553.412],6357717.462108895,6743553.411848305,1.5025647381199336,Excelente (***)
PIT_por_Raca,PIT_por_Raca,Raca_pitAmarela,Agregados nacionais,Nordeste,Nordeste,137232.75852244,9827.482594889472,[117970.893 — 156494.624],117970.89263645664,156494.62440842338,7.161178351801843,Boa (**)
PIT_por_Raca,PIT_por_Raca,Raca_pitParda,Agregados nacionais,Nordeste,Nordeste,28098380.25716648,118630.05676397774,[27865865.346 — 28330895.168],27865865.34590908,28330895.168423876,0.42219535673669734,Excelente (***)
PIT_por_Raca,PIT_por_Raca,Raca_pitIndígena,Agregados nacionais,Nordeste,Nordeste,208273.75252534,17963.243199542623,[173065.796 — 243481.709],173065.79585423646,243481.70919644355,8.624823330706107,Boa (**)
PIT_por_Raca,PIT_por_Raca,Raca_pitBranca,Agregados nacionais,Piauí,Piauí,533394.27888434,19059.801172842697,[496037.069 — 570751.489],496037.0685855683,570751.4891831117,3.573304388023926,Excelente (***)
PIT_por_Raca,PIT_por_Raca,Raca_pitPreta,Agregados nacionais,Piauí,Piauí,374776.14872336,15960.323340769164,[343493.915 — 406058.382],343493.9149754524,406058.38247126754,4.258628355923,Excelente (***)
PIT_por_Raca,PIT_por_Raca,Raca_pitAmarela,Agregados nacionais,Piauí,Piauí,861.12039854,401.91874336074454,[73.360 — 1648.881],73.35966155294068,1648.8811355270593,46.67393131578162,Baixa
PIT_por_Raca,PIT_por_Raca,Raca_pitParda,Agregados nacionais,Piauí,Piauí,1830157.00893417,23624.600855383414,[1783852.791 — 1876461.227],1783852.7912576185,1876461.2266107216,1.2908510439299243,Excelente (***)
PIT_por_Raca,PIT_por_Raca,Raca_pitIndígena,Agregados nacionais,Piauí,Piauí,4176.0778776,1539.5260718714587,[1158.607 — 7193.549],1158.6067767319405,7193.548978468059,36.86535828580447,Baixa
PIT_por_Raca,PIT_por_Raca,Raca_pitBranca,Agregados nacionais,Teresina,Teresina,163473.19150885,10103.215245806616,[143670.890 — 183275.493],143670.88962706903,183275.49339063096,6.180349910926927,Boa (**)
PIT_por_Raca,PIT_por_Raca,Raca_pitPreta,Agregados nacionais,Teresina,Teresina,103823.45099036,6894.9622953798325,[90309.325 — 117337.577],90309.32489141553,117337.57708930447,6.641045187392229,Boa (**)
PIT_por_Raca,PIT_por_Raca,Raca_pitAmarela,Agregados nacionais,Teresina,Teresina,419.09594243,294.95020839817306,[-159.006 — 997.198],-159.00646603041918,997.1983508904191,70.37772942586709,Baixa
PIT_por_Raca,PIT_por_Raca,Raca_pitParda,Agregados nacionais,Teresina,Teresina,478602.65058783,10573.9914932219,[457877.627 — 499327.674],457877.62726111506,499327.6739145449,2.2093466219283777,Excelente (***)
PIT_por_Raca,PIT_por_Raca,Raca_pitIndígena,Agregados nacionais,Teresina,Teresina,293.84018126,307.66093261280645,[-309.175 — 896.856],-309.1752466611006,896.8556091811006,104.70349265833639,Baixa
PIT_por_Raca,PIT_por_Raca,Raca_pitBranca,Estrato administrativo,Admin_Capital,Capital,163473.19150885,10103.215245806616,[143670.890 — 183275.493],143670.88962706903,183275.49339063096,6.180349910926927,Boa (**)
PIT_por_Raca,PIT_por_Raca,Raca_pitPreta,Estrato administrativo,Admin_Capital,Capital,103823.45099036,6894.9622953798325,[90309.325 — 117337.577],90309.32489141553,117337.57708930447,6.641045187392229,Boa (**)
PIT_por_Raca,PIT_por_Raca,Raca_pitAmarela,Estrato administrativo,Admin_Capital,Capital,419.09594243,294.95020839817306,[-159.006 — 997.198],-159.00646603041918,997.1983508904191,70.37772942586709,Baixa
PIT_por_Raca,PIT_por_Raca,Raca_pitParda,Estrato administrativo,Admin_Capital,Capital,478602.65058783,10573.9914932219,[457877.627 — 499327.674],457877.62726111506,499327.6739145449,2.2093466219283777,Excelente (***)
PIT_por_Raca,PIT_por_Raca,Raca_pitIndígena,Estrato administrativo,Admin_Capital,Capital,293.84018126,307.66093261280645,[-309.175 — 896.856],-309.1752466611006,896.8556091811006,104.70349265833639,Baixa
PIT_por_Raca,PIT_por_Raca,Raca_pitBranca,Estrato administrativo,"Admin_Resto da RIDE (Região Integrada de Desenvolvimento Econômico, excluindo a capital)","Resto da RIDE (Região Integrada de Desenvolvimento Econômico, excluindo a capital)",18405.7126551,2925.459528679773,[12671.812 — 24139.613],12671.811978887645,24139.613331312357,15.894301858880555,Regular (*)
PIT_por_Raca,PIT_por_Raca,Raca_pitPreta,Estrato administrativo,"Admin_Resto da RIDE (Região Integrada de Desenvolvimento Econômico, excluindo a capital)","Resto da RIDE (Região Integrada de Desenvolvimento Econômico, excluindo a capital)",17958.54408058,2634.03231384983,[12795.841 — 23121.247],12795.840745434332,23121.247415725666,14.667293194987998,Boa (**)
PIT_por_Raca,PIT_por_Raca,Raca_pitAmarela,Estrato administrativo,"Admin_Resto da RIDE (Região Integrada de Desenvolvimento Econômico, excluindo a capital)","Resto da RIDE (Região Integrada de Desenvolvimento Econômico, excluindo a capital)",136.23884895,126.82417768344985,[-112.337 — 384.814],-112.33653930956169,384.8142372095617,93.0895839629375,Baixa
PIT_por_Raca,PIT_por_Raca,Raca_pitParda,Estrato administrativo,"Admin_Resto da RIDE (Região Integrada de Desenvolvimento Econômico, excluindo a capital)","Resto da RIDE (Região Integrada de Desenvolvimento Econômico, excluindo a capital)",141386.47940374,4205.825619669505,[133143.061 — 149629.898],133143.06118918778,149629.89761829222,2.974701426477595,Excelente (***)
PIT_por_Raca,PIT_por_Raca,Raca_pitIndígena,Estrato administrativo,"Admin_Resto da RIDE (Região Integrada de Desenvolvimento Econômico, excluindo a capital)","Resto da RIDE (Região Integrada de Desenvolvimento Econômico, excluindo a capital)",0,0,[0.000 — 0.000],0,0,NA,NA
PIT_por_Raca,PIT_por_Raca,Raca_pitBranca,Estrato administrativo,"Admin_Resto da UF  (Unidade da Federação, excluindo a região metropolitana e a RIDE)","Resto da UF  (Unidade da Federação, excluindo a região metropolitana e a RIDE)",351515.37472039,15762.0022145218,[320621.850 — 382408.899],320621.85037992726,382408.89906085277,4.484015024110839,Excelente (***)
PIT_por_Raca,PIT_por_Raca,Raca_pitPreta,Estrato administrativo,"Admin_Resto da UF  (Unidade da Federação, excluindo a região metropolitana e a RIDE)","Resto da UF  (Unidade da Federação, excluindo a região metropolitana e a RIDE)",252994.15365242,14727.53472878754,[224128.186 — 281860.122],224128.18558399644,281860.1217208436,5.821294490868431,Boa (**)
PIT_por_Raca,PIT_por_Raca,Raca_pitAmarela,Estrato administrativo,"Admin_Resto da UF  (Unidade da Federação, excluindo a região metropolitana e a RIDE)","Resto da UF  (Unidade da Federação, excluindo a região metropolitana e a RIDE)",305.78560716000004,224.9637561723857,[-135.143 — 746.715],-135.14335493787593,746.7145692578761,73.56911211804521,Baixa
PIT_por_Raca,PIT_por_Raca,Raca_pitParda,Estrato administrativo,"Admin_Resto da UF  (Unidade da Federação, excluindo a região metropolitana e a RIDE)","Resto da UF  (Unidade da Federação, excluindo a região metropolitana e a RIDE)",1210167.8789426,22297.171793247937,[1166465.422 — 1253870.336],1166465.4222278341,1253870.3356573659,1.842485838636734,Excelente (***)
PIT_por_Raca,PIT_por_Raca,Raca_pitIndígena,Estrato administrativo,"Admin_Resto da UF  (Unidade da Federação, excluindo a região metropolitana e a RIDE)","Resto da UF  (Unidade da Federação, excluindo a região metropolitana e a RIDE)",3882.23769634,1516.6324914458328,[909.638 — 6854.837],909.6380131061678,6854.837379573833,39.06593593884388,Baixa
PIT_por_Raca,PIT_por_Raca,Raca_pitBranca,Estrato agregado,Agreg_Alto Parnaíba e Chapadas Sul do Piauí,Alto Parnaíba e Chapadas Sul do Piauí,63494.56190651,7887.707876749481,[48034.654 — 78954.469],48034.65446808102,78954.46934493899,12.422651074218635,Boa (**)
PIT_por_Raca,PIT_por_Raca,Raca_pitPreta,Estrato agregado,Agreg_Alto Parnaíba e Chapadas Sul do Piauí,Alto Parnaíba e Chapadas Sul do Piauí,80708.26830123,9029.378392576516,[63010.687 — 98405.850],63010.68665178002,98405.84995067997,11.187674550116581,Boa (**)
PIT_por_Raca,PIT_por_Raca,Raca_pitAmarela,Estrato agregado,Agreg_Alto Parnaíba e Chapadas Sul do Piauí,Alto Parnaíba e Chapadas Sul do Piauí,173.71324125,173.7496443732852,[-166.836 — 514.263],-166.836061721639,514.262544221639,100.02095587131024,Baixa
PIT_por_Raca,PIT_por_Raca,Raca_pitParda,Estrato agregado,Agreg_Alto Parnaíba e Chapadas Sul do Piauí,Alto Parnaíba e Chapadas Sul do Piauí,313184.55097117,17562.72647995524,[278761.607 — 347607.495],278761.6070704578,347607.49487188226,5.607788259508357,Boa (**)
PIT_por_Raca,PIT_por_Raca,Raca_pitIndígena,Estrato agregado,Agreg_Alto Parnaíba e Chapadas Sul do Piauí,Alto Parnaíba e Chapadas Sul do Piauí,845.84946099,475.23494508504587,[-85.611 — 1777.310],-85.61103137668988,1777.30995335669,56.18434094984477,Baixa
PIT_por_Raca,PIT_por_Raca,Raca_pitBranca,Estrato agregado,Agreg_Baixo Parnaíba do Piauí,Baixo Parnaíba do Piauí,141787.08297732,9884.09500742096,[122414.257 — 161159.909],122414.25676277492,161159.9091918651,6.971082837639026,Boa (**)
PIT_por_Raca,PIT_por_Raca,Raca_pitPreta,Estrato agregado,Agreg_Baixo Parnaíba do Piauí,Baixo Parnaíba do Piauí,69175.67826779,7941.291138187054,[53610.748 — 84740.609],53610.74763694338,84740.60889863662,11.479889083913363,Boa (**)
PIT_por_Raca,PIT_por_Raca,Raca_pitAmarela,Estrato agregado,Agreg_Baixo Parnaíba do Piauí,Baixo Parnaíba do Piauí,0,0,[0.000 — 0.000],0,0,NA,NA
PIT_por_Raca,PIT_por_Raca,Raca_pitParda,Estrato agregado,Agreg_Baixo Parnaíba do Piauí,Baixo Parnaíba do Piauí,500878.79772684,26081.364453683946,[449759.323 — 551998.272],449759.3233976195,551998.2720560605,5.207120878753529,Boa (**)
PIT_por_Raca,PIT_por_Raca,Raca_pitIndígena,Estrato agregado,Agreg_Baixo Parnaíba do Piauí,Baixo Parnaíba do Piauí,1054.55461917,726.8028833494366,[-369.979 — 2479.088],-369.9790321948956,2479.088270534896,68.92036411745799,Baixa
PIT_por_Raca,PIT_por_Raca,Raca_pitBranca,Estrato agregado,Agreg_Centro-Leste do Piauí,Centro-Leste do Piauí,146233.72983656,10739.398867188696,[125184.508 — 167282.952],125184.50805687015,167282.95161624983,7.343995724646922,Boa (**)
PIT_por_Raca,PIT_por_Raca,Raca_pitPreta,Estrato agregado,Agreg_Centro-Leste do Piauí,Centro-Leste do Piauí,103110.2070834,10255.265203702227,[83009.887 — 123210.527],83009.88728414364,123210.52688265637,9.945926299427683,Boa (**)
PIT_por_Raca,PIT_por_Raca,Raca_pitAmarela,Estrato agregado,Agreg_Centro-Leste do Piauí,Centro-Leste do Piauí,132.07236591,140.29933367670955,[-142.914 — 407.059],-142.91432809635072,407.05905991635075,106.22913636022524,Baixa
PIT_por_Raca,PIT_por_Raca,Raca_pitParda,Estrato agregado,Agreg_Centro-Leste do Piauí,Centro-Leste do Piauí,396104.53024459,18392.886492013055,[360054.473 — 432154.588],360054.47272024443,432154.5877689356,4.643442598511978,Excelente (***)
PIT_por_Raca,PIT_por_Raca,Raca_pitIndígena,Estrato agregado,Agreg_Centro-Leste do Piauí,Centro-Leste do Piauí,1981.83361618,1189.497778164716,[-349.582 — 4313.249],-349.58202902284324,4313.2492613828435,60.02006265578855,Baixa
PIT_por_Raca,PIT_por_Raca,Raca_pitBranca,Estrato agregado,Agreg_Entorno metropolitano de Teresina (PI),Entorno metropolitano de Teresina (PI),18405.7126551,2925.459528679773,[12671.812 — 24139.613],12671.811978887645,24139.613331312357,15.894301858880555,Regular (*)
PIT_por_Raca,PIT_por_Raca,Raca_pitPreta,Estrato agregado,Agreg_Entorno metropolitano de Teresina (PI),Entorno metropolitano de Teresina (PI),17958.54408058,2634.03231384983,[12795.841 — 23121.247],12795.840745434332,23121.247415725666,14.667293194987998,Boa (**)
PIT_por_Raca,PIT_por_Raca,Raca_pitAmarela,Estrato agregado,Agreg_Entorno metropolitano de Teresina (PI),Entorno metropolitano de Teresina (PI),136.23884895,126.82417768344985,[-112.337 — 384.814],-112.33653930956169,384.8142372095617,93.0895839629375,Baixa
PIT_por_Raca,PIT_por_Raca,Raca_pitParda,Estrato agregado,Agreg_Entorno metropolitano de Teresina (PI),Entorno metropolitano de Teresina (PI),141386.47940374,4205.825619669505,[133143.061 — 149629.898],133143.06118918778,149629.89761829222,2.974701426477595,Excelente (***)
PIT_por_Raca,PIT_por_Raca,Raca_pitIndígena,Estrato agregado,Agreg_Entorno metropolitano de Teresina (PI),Entorno metropolitano de Teresina (PI),0,0,[0.000 — 0.000],0,0,NA,NA
PIT_por_Raca,PIT_por_Raca,Raca_pitBranca,Estrato agregado,Agreg_Teresina,Teresina,163473.19150885,10103.215245806616,[143670.890 — 183275.493],143670.88962706903,183275.49339063096,6.180349910926927,Boa (**)
PIT_por_Raca,PIT_por_Raca,Raca_pitPreta,Estrato agregado,Agreg_Teresina,Teresina,103823.45099036,6894.9622953798325,[90309.325 — 117337.577],90309.32489141553,117337.57708930447,6.641045187392229,Boa (**)
PIT_por_Raca,PIT_por_Raca,Raca_pitAmarela,Estrato agregado,Agreg_Teresina,Teresina,419.09594243,294.95020839817306,[-159.006 — 997.198],-159.00646603041918,997.1983508904191,70.37772942586709,Baixa
PIT_por_Raca,PIT_por_Raca,Raca_pitParda,Estrato agregado,Agreg_Teresina,Teresina,478602.65058783,10573.9914932219,[457877.627 — 499327.674],457877.62726111506,499327.6739145449,2.2093466219283777,Excelente (***)
PIT_por_Raca,PIT_por_Raca,Raca_pitIndígena,Estrato agregado,Agreg_Teresina,Teresina,293.84018126,307.66093261280645,[-309.175 — 896.856],-309.1752466611006,896.8556091811006,104.70349265833639,Baixa
PIT_por_Raca,PIT_por_Raca,Raca_pitBranca,Outro,Micro_2210011,Micro 2210011,72450.16669165,6260.810480316762,[60178.978 — 84721.355],60178.978150229144,84721.35523307085,8.641540477005321,Boa (**)
PIT_por_Raca,PIT_por_Raca,Raca_pitPreta,Outro,Micro_2210011,Micro 2210011,51902.20259765,5585.966342791609,[40953.709 — 62850.697],40953.70856577845,62850.69662952155,10.762484178358411,Boa (**)
PIT_por_Raca,PIT_por_Raca,Raca_pitAmarela,Outro,Micro_2210011,Micro 2210011,225.303054,240.33032440171016,[-245.744 — 696.350],-245.74438182735187,696.3504898273519,106.6698032427515,Baixa
PIT_por_Raca,PIT_por_Raca,Raca_pitParda,Outro,Micro_2210011,Micro 2210011,237679.78817863,11293.27208200587,[215544.975 — 259814.601],215544.9748978985,259814.6014593615,4.751465056640966,Excelente (***)
PIT_por_Raca,PIT_por_Raca,Raca_pitIndígena,Outro,Micro_2210011,Micro 2210011,293.84018126,307.66093261280645,[-309.175 — 896.856],-309.1752466611006,896.8556091811006,104.70349265833639,Baixa
PIT_por_Raca,PIT_por_Raca,Raca_pitBranca,Outro,Micro_2210012,Micro 2210012,47568.63267184,7778.236544318839,[32323.289 — 62813.976],32323.289044975078,62813.976298704925,16.351608418047828,Regular (*)
PIT_por_Raca,PIT_por_Raca,Raca_pitPreta,Outro,Micro_2210012,Micro 2210012,20614.70607372,3762.353352632715,[13240.494 — 27988.919],13240.493502559879,27988.918644880123,18.25082220031762,Regular (*)
PIT_por_Raca,PIT_por_Raca,Raca_pitAmarela,Outro,Micro_2210012,Micro 2210012,0,0,[0.000 — 0.000],0,0,NA,NA
PIT_por_Raca,PIT_por_Raca,Raca_pitParda,Outro,Micro_2210012,Micro 2210012,85218.05142526,8918.562348174895,[67737.669 — 102698.434],67737.6692228372,102698.4336276828,10.46557882867912,Boa (**)
PIT_por_Raca,PIT_por_Raca,Raca_pitIndígena,Outro,Micro_2210012,Micro 2210012,0,0,[0.000 — 0.000],0,0,NA,NA
PIT_por_Raca,PIT_por_Raca,Raca_pitBranca,Outro,Micro_2210013,Micro 2210013,23937.71248415,2793.514760546264,[18462.424 — 29413.001],18462.423553479322,29413.00141482068,11.669931963615772,Boa (**)
PIT_por_Raca,PIT_por_Raca,Raca_pitPreta,Outro,Micro_2210013,Micro 2210013,8272.07588577,1705.876272616786,[4928.558 — 11615.593],4928.5583914411,11615.5933800989,20.62210618197195,Regular (*)
PIT_por_Raca,PIT_por_Raca,Raca_pitAmarela,Outro,Micro_2210013,Micro 2210013,0,0,[0.000 — 0.000],0,0,NA,NA
PIT_por_Raca,PIT_por_Raca,Raca_pitParda,Outro,Micro_2210013,Micro 2210013,41759.81652525,6546.039551939437,[28929.579 — 54590.054],28929.5790034487,54590.05404705129,15.675450939736258,Regular (*)
PIT_por_Raca,PIT_por_Raca,Raca_pitIndígena,Outro,Micro_2210013,Micro 2210013,0,0,[0.000 — 0.000],0,0,NA,NA
PIT_por_Raca,PIT_por_Raca,Raca_pitBranca,Outro,Micro_2210020,Micro 2210020,2051.08179504,777.6372384440987,[526.913 — 3575.251],526.9128076895668,3575.2507823904334,37.9135166781066,Baixa
PIT_por_Raca,PIT_por_Raca,Raca_pitPreta,Outro,Micro_2210020,Micro 2210020,3511.20323959,944.2935198184624,[1660.388 — 5362.019],1660.3879407458137,5362.018538434187,26.89373002312241,Regular (*)
PIT_por_Raca,PIT_por_Raca,Raca_pitAmarela,Outro,Micro_2210020,Micro 2210020,0,0,[0.000 — 0.000],0,0,NA,NA
PIT_por_Raca,PIT_por_Raca,Raca_pitParda,Outro,Micro_2210020,Micro 2210020,26189.83698945,3042.813626065256,[20225.922 — 32153.752],20225.9222823621,32153.7516965379,11.618299217711765,Boa (**)
PIT_por_Raca,PIT_por_Raca,Raca_pitIndígena,Outro,Micro_2210020,Micro 2210020,0,0,[0.000 — 0.000],0,0,NA,NA
PIT_por_Raca,PIT_por_Raca,Raca_pitBranca,Outro,Micro_2210030,Micro 2210030,17465.59786617,3166.2315247747965,[11259.784 — 23671.412],11259.784077611399,23671.4116547286,18.12838901385466,Regular (*)
PIT_por_Raca,PIT_por_Raca,Raca_pitPreta,Outro,Micro_2210030,Micro 2210030,19523.26319363,1880.8355302415853,[15836.826 — 23209.701],15836.825554356492,23209.700832903505,9.633817418674454,Boa (**)
PIT_por_Raca,PIT_por_Raca,Raca_pitAmarela,Outro,Micro_2210030,Micro 2210030,193.79288843,188.868695847874,[-176.390 — 563.976],-176.389755431833,563.975532291833,97.45904371310061,Baixa
PIT_por_Raca,PIT_por_Raca,Raca_pitParda,Outro,Micro_2210030,Micro 2210030,87755.15746924,6968.684068704591,[74096.537 — 101413.778],74096.536694579,101413.778243901,7.941053574141507,Boa (**)
PIT_por_Raca,PIT_por_Raca,Raca_pitIndígena,Outro,Micro_2210030,Micro 2210030,0,0,[0.000 — 0.000],0,0,NA,NA
PIT_por_Raca,PIT_por_Raca,Raca_pitBranca,Outro,Micro_2220010,Micro 2220010,14419.37827648,2567.7050030867294,[9386.676 — 19452.080],9386.676470430011,19452.08008252999,17.80732118856339,Regular (*)
PIT_por_Raca,PIT_por_Raca,Raca_pitPreta,Outro,Micro_2220010,Micro 2220010,10103.24275618,2038.122141180626,[6108.523 — 14097.962],6108.523359465973,14097.962152894026,20.17295031274922,Regular (*)
PIT_por_Raca,PIT_por_Raca,Raca_pitAmarela,Outro,Micro_2220010,Micro 2220010,0,0,[0.000 — 0.000],0,0,NA,NA
PIT_por_Raca,PIT_por_Raca,Raca_pitParda,Outro,Micro_2220010,Micro 2220010,91218.36495805,6961.719366887048,[77573.395 — 104863.335],77573.3949989514,104863.33491714862,7.631927375686509,Boa (**)
PIT_por_Raca,PIT_por_Raca,Raca_pitIndígena,Outro,Micro_2220010,Micro 2220010,0,0,[0.000 — 0.000],0,0,NA,NA
PIT_por_Raca,PIT_por_Raca,Raca_pitBranca,Outro,Micro_2220020,Micro 2220020,3986.33437862,915.7127174084314,[2191.537 — 5781.131],2191.537452499474,5781.131304740526,22.971297197738725,Regular (*)
PIT_por_Raca,PIT_por_Raca,Raca_pitPreta,Outro,Micro_2220020,Micro 2220020,7855.3013244,1830.8312624670152,[4266.872 — 11443.731],4266.872049964651,11443.730598835351,23.306951405926583,Regular (*)
PIT_por_Raca,PIT_por_Raca,Raca_pitAmarela,Outro,Micro_2220020,Micro 2220020,136.23884895,126.82417768344985,[-112.337 — 384.814],-112.33653930956169,384.8142372095617,93.0895839629375,Baixa
PIT_por_Raca,PIT_por_Raca,Raca_pitParda,Outro,Micro_2220020,Micro 2220020,50168.11444569,6539.94697304254,[37349.818 — 62986.411],37349.81837852662,62986.41051285338,13.036062936195112,Boa (**)
PIT_por_Raca,PIT_por_Raca,Raca_pitIndígena,Outro,Micro_2220020,Micro 2220020,0,0,[0.000 — 0.000],0,0,NA,NA
PIT_por_Raca,PIT_por_Raca,Raca_pitBranca,Outro,Micro_2251011,Micro 2251011,32103.38725772,5145.912562049263,[22017.399 — 42189.376],22017.398636103448,42189.375879336556,16.029188822783208,Regular (*)
PIT_por_Raca,PIT_por_Raca,Raca_pitPreta,Outro,Micro_2251011,Micro 2251011,13527.47174832,5285.734430336184,[3167.432 — 23887.511],3167.4322648610796,23887.51123177892,39.07407480627434,Baixa
PIT_por_Raca,PIT_por_Raca,Raca_pitAmarela,Outro,Micro_2251011,Micro 2251011,132.07236591,140.29933367670955,[-142.914 — 407.059],-142.91432809635072,407.05905991635075,106.22913636022524,Baixa
PIT_por_Raca,PIT_por_Raca,Raca_pitParda,Outro,Micro_2251011,Micro 2251011,47214.25393041,6278.474394869405,[34908.444 — 59520.064],34908.444116465966,59520.06374435403,13.297836717113798,Boa (**)
PIT_por_Raca,PIT_por_Raca,Raca_pitIndígena,Outro,Micro_2251011,Micro 2251011,706.4813243599999,587.5381885646834,[-445.094 — 1858.056],-445.09352522677955,1858.0561739467794,83.16400848910382,Baixa
PIT_por_Raca,PIT_por_Raca,Raca_pitBranca,Outro,Micro_2251012,Micro 2251012,41251.22473665,8168.112742054634,[25241.724 — 57260.726],25241.723762222922,57260.72571107708,19.800897535043617,Regular (*)
PIT_por_Raca,PIT_por_Raca,Raca_pitPreta,Outro,Micro_2251012,Micro 2251012,15588.42424395,4645.879329711601,[6482.501 — 24694.348],6482.500757715263,24694.347730184738,29.803392934437912,Regular (*)
PIT_por_Raca,PIT_por_Raca,Raca_pitAmarela,Outro,Micro_2251012,Micro 2251012,0,0,[0.000 — 0.000],0,0,NA,NA
PIT_por_Raca,PIT_por_Raca,Raca_pitParda,Outro,Micro_2251012,Micro 2251012,82919.42106062,9128.576251652928,[65027.412 — 100811.431],65027.41160738027,100811.43051385974,11.008972487855756,Boa (**)
PIT_por_Raca,PIT_por_Raca,Raca_pitIndígena,Outro,Micro_2251012,Micro 2251012,1275.35229182,941.6171623788892,[-570.217 — 3120.922],-570.217346442623,3120.9219300826226,73.8319261601944,Baixa
PIT_por_Raca,PIT_por_Raca,Raca_pitBranca,Outro,Micro_2251013,Micro 2251013,20265.45431488,3431.8187908374507,[13539.089 — 26991.819],13539.089484838598,26991.819144921403,16.934329413565738,Regular (*)
PIT_por_Raca,PIT_por_Raca,Raca_pitPreta,Outro,Micro_2251013,Micro 2251013,29143.79782212,3196.3630910753727,[22878.926 — 35408.669],22878.92616361227,35408.66948062773,10.967558554257293,Boa (**)
PIT_por_Raca,PIT_por_Raca,Raca_pitAmarela,Outro,Micro_2251013,Micro 2251013,0,0,[0.000 — 0.000],0,0,NA,NA
PIT_por_Raca,PIT_por_Raca,Raca_pitParda,Outro,Micro_2251013,Micro 2251013,83267.00812416,6500.294783741947,[70526.430 — 96007.586],70526.43034802578,96007.58590029422,7.80656700676613,Boa (**)
PIT_por_Raca,PIT_por_Raca,Raca_pitIndígena,Outro,Micro_2251013,Micro 2251013,0,0,[0.000 — 0.000],0,0,NA,NA
PIT_por_Raca,PIT_por_Raca,Raca_pitBranca,Outro,Micro_2251020,Micro 2251020,39600.1457601,5530.343245324704,[28760.673 — 50439.619],28760.67299926358,50439.61852093642,13.96546184154939,Boa (**)
PIT_por_Raca,PIT_por_Raca,Raca_pitPreta,Outro,Micro_2251020,Micro 2251020,36320.21929184,7461.149325965503,[21696.367 — 50944.072],21696.36661294762,50944.07197073239,20.542687988785865,Regular (*)
PIT_por_Raca,PIT_por_Raca,Raca_pitAmarela,Outro,Micro_2251020,Micro 2251020,0,0,[0.000 — 0.000],0,0,NA,NA
PIT_por_Raca,PIT_por_Raca,Raca_pitParda,Outro,Micro_2251020,Micro 2251020,138808.89366297,12764.499429656234,[113790.475 — 163827.313],113790.47478084377,163827.3125450962,9.195736017209837,Boa (**)
PIT_por_Raca,PIT_por_Raca,Raca_pitIndígena,Outro,Micro_2251020,Micro 2251020,0,0,[0.000 — 0.000],0,0,NA,NA
PIT_por_Raca,PIT_por_Raca,Raca_pitBranca,Outro,Micro_2251021,Micro 2251021,8264.75683994,3104.4179203390495,[2180.098 — 14349.416],2180.0977160754637,14349.415963804538,37.56212046477567,Baixa
PIT_por_Raca,PIT_por_Raca,Raca_pitPreta,Outro,Micro_2251021,Micro 2251021,7570.23202526,2299.239457864075,[3063.723 — 12076.741],3063.7226878464135,12076.741362673587,30.372113433142857,Baixa
PIT_por_Raca,PIT_por_Raca,Raca_pitAmarela,Outro,Micro_2251021,Micro 2251021,0,0,[0.000 — 0.000],0,0,NA,NA
PIT_por_Raca,PIT_por_Raca,Raca_pitParda,Outro,Micro_2251021,Micro 2251021,28752.64688794,6286.359585344538,[16431.382 — 41073.912],16431.38210066471,41073.91167521529,21.863585672111757,Regular (*)
PIT_por_Raca,PIT_por_Raca,Raca_pitIndígena,Outro,Micro_2251021,Micro 2251021,0,0,[0.000 — 0.000],0,0,NA,NA
PIT_por_Raca,PIT_por_Raca,Raca_pitBranca,Outro,Micro_2251022,Micro 2251022,4748.76092727,1766.2171286557086,[1286.975 — 8210.546],1286.9753551048111,8210.54649943519,37.19322062547132,Baixa
PIT_por_Raca,PIT_por_Raca,Raca_pitPreta,Outro,Micro_2251022,Micro 2251022,960.06195191,520.0599128161094,[-59.255 — 1979.379],-59.255477209574565,1979.3793810295745,54.16941185737792,Baixa
PIT_por_Raca,PIT_por_Raca,Raca_pitAmarela,Outro,Micro_2251022,Micro 2251022,0,0,[0.000 — 0.000],0,0,NA,NA
PIT_por_Raca,PIT_por_Raca,Raca_pitParda,Outro,Micro_2251022,Micro 2251022,15142.30657849,6929.138502834878,[1561.195 — 28723.418],1561.1951129336412,28723.41804404636,45.76012555892825,Baixa
PIT_por_Raca,PIT_por_Raca,Raca_pitIndígena,Outro,Micro_2251022,Micro 2251022,0,0,[0.000 — 0.000],0,0,NA,NA
PIT_por_Raca,PIT_por_Raca,Raca_pitBranca,Outro,Micro_2252011,Micro 2252011,59070.68473832,7014.122413169577,[45323.005 — 72818.365],45323.00480850763,72818.36466813237,11.874117329504081,Boa (**)
PIT_por_Raca,PIT_por_Raca,Raca_pitPreta,Outro,Micro_2252011,Micro 2252011,24525.45441802,5165.593061338879,[14400.892 — 34650.017],14400.892017795797,34650.0168182442,21.062170646442645,Regular (*)
PIT_por_Raca,PIT_por_Raca,Raca_pitAmarela,Outro,Micro_2252011,Micro 2252011,0,0,[0.000 — 0.000],0,0,NA,NA
PIT_por_Raca,PIT_por_Raca,Raca_pitParda,Outro,Micro_2252011,Micro 2252011,187025.93109736,19205.65501004156,[149382.847 — 224669.015],149382.84727767855,224669.01491704147,10.268979759840724,Boa (**)
PIT_por_Raca,PIT_por_Raca,Raca_pitIndígena,Outro,Micro_2252011,Micro 2252011,611.34043081,647.0794597010417,[-656.935 — 1879.616],-656.9353102040418,1879.6161718240419,105.84601100955959,Baixa
PIT_por_Raca,PIT_por_Raca,Raca_pitBranca,Outro,Micro_2252012,Micro 2252012,28398.19037157,3298.034645263089,[21934.042 — 34862.338],21934.042466854346,34862.33827628565,11.613538053343067,Boa (**)
PIT_por_Raca,PIT_por_Raca,Raca_pitPreta,Outro,Micro_2252012,Micro 2252012,9152.2419163,2611.3357424843916,[4034.024 — 14270.460],4034.0238610305923,14270.459971569406,28.53219753548738,Regular (*)
PIT_por_Raca,PIT_por_Raca,Raca_pitAmarela,Outro,Micro_2252012,Micro 2252012,0,0,[0.000 — 0.000],0,0,NA,NA
PIT_por_Raca,PIT_por_Raca,Raca_pitParda,Outro,Micro_2252012,Micro 2252012,70994.60900548,7564.822126303567,[56167.558 — 85821.660],56167.55763792501,85821.66037303499,10.655488117019766,Boa (**)
PIT_por_Raca,PIT_por_Raca,Raca_pitIndígena,Outro,Micro_2252012,Micro 2252012,0,0,[0.000 — 0.000],0,0,NA,NA
PIT_por_Raca,PIT_por_Raca,Raca_pitBranca,Outro,Micro_2252013,Micro 2252013,8863.9861883,1562.3916078914112,[5801.699 — 11926.274],5801.6986368328335,11926.273739767166,17.62628657921068,Regular (*)
PIT_por_Raca,PIT_por_Raca,Raca_pitPreta,Outro,Micro_2252013,Micro 2252013,3878.44835594,1047.1799670248356,[1825.976 — 5930.921],1825.9756205713225,5930.921091308677,26.99997191972499,Regular (*)
PIT_por_Raca,PIT_por_Raca,Raca_pitAmarela,Outro,Micro_2252013,Micro 2252013,0,0,[0.000 — 0.000],0,0,NA,NA
PIT_por_Raca,PIT_por_Raca,Raca_pitParda,Outro,Micro_2252013,Micro 2252013,28197.89680289,2787.2578723016964,[22734.871 — 33660.922],22734.871373178677,33660.922232601326,9.884630374333558,Boa (**)
PIT_por_Raca,PIT_por_Raca,Raca_pitIndígena,Outro,Micro_2252013,Micro 2252013,0,0,[0.000 — 0.000],0,0,NA,NA
PIT_por_Raca,PIT_por_Raca,Raca_pitBranca,Outro,Micro_2252020,Micro 2252020,31810.91356047,4229.415486810675,[23521.259 — 40100.568],23521.259206321076,40100.56791461892,13.295485773367982,Boa (**)
PIT_por_Raca,PIT_por_Raca,Raca_pitPreta,Outro,Micro_2252020,Micro 2252020,26551.86892035,5460.106103735503,[15850.061 — 37253.677],15850.060957028414,37253.676883671586,20.563923843231784,Regular (*)
PIT_por_Raca,PIT_por_Raca,Raca_pitAmarela,Outro,Micro_2252020,Micro 2252020,0,0,[0.000 — 0.000],0,0,NA,NA
PIT_por_Raca,PIT_por_Raca,Raca_pitParda,Outro,Micro_2252020,Micro 2252020,162268.18290124,15912.618894921528,[131079.450 — 193456.916],131079.44986719382,193456.9159352862,9.806370300335649,Boa (**)
PIT_por_Raca,PIT_por_Raca,Raca_pitIndígena,Outro,Micro_2252020,Micro 2252020,443.21418836,426.5805796441119,[-392.884 — 1279.312],-392.88374774245926,1279.3121244624592,96.24704958624261,Baixa
PIT_por_Raca,PIT_por_Raca,Raca_pitBranca,Outro,Micro_2252021,Micro 2252021,8586.27306604,3599.2947973053992,[1531.655 — 15640.891],1531.655263321417,15640.890868758583,41.91917458974315,Baixa
PIT_por_Raca,PIT_por_Raca,Raca_pitPreta,Outro,Micro_2252021,Micro 2252021,2847.08892545,1606.838181784631,[-302.314 — 5996.492],-302.31391084787674,5996.491761747877,56.437934460746085,Baixa
PIT_por_Raca,PIT_por_Raca,Raca_pitAmarela,Outro,Micro_2252021,Micro 2252021,0,0,[0.000 — 0.000],0,0,NA,NA
PIT_por_Raca,PIT_por_Raca,Raca_pitParda,Outro,Micro_2252021,Micro 2252021,35135.16219656,11062.65335658603,[13452.362 — 56817.963],13452.361617651379,56817.96277546862,31.485989148697165,Baixa
PIT_por_Raca,PIT_por_Raca,Raca_pitIndígena,Outro,Micro_2252021,Micro 2252021,0,0,[0.000 — 0.000],0,0,NA,NA
PIT_por_Raca,PIT_por_Raca,Raca_pitBranca,Outro,Micro_2252022,Micro 2252022,5057.03505262,1144.5475068306407,[2813.722 — 7300.348],2813.7219392319444,7300.348166008056,22.63277780203762,Regular (*)
PIT_por_Raca,PIT_por_Raca,Raca_pitPreta,Outro,Micro_2252022,Micro 2252022,2220.57573173,592.0785723249843,[1060.102 — 3381.050],1060.1017299730306,3381.049733486969,26.663291139532962,Regular (*)
PIT_por_Raca,PIT_por_Raca,Raca_pitAmarela,Outro,Micro_2252022,Micro 2252022,0,0,[0.000 — 0.000],0,0,NA,NA
PIT_por_Raca,PIT_por_Raca,Raca_pitParda,Outro,Micro_2252022,Micro 2252022,17257.01572331,3452.635624428588,[10489.850 — 24024.182],10489.849899429966,24024.181547190034,20.00714190556669,Regular (*)
PIT_por_Raca,PIT_por_Raca,Raca_pitIndígena,Outro,Micro_2252022,Micro 2252022,0,0,[0.000 — 0.000],0,0,NA,NA
PIT_por_Raca,PIT_por_Raca,Raca_pitBranca,Outro,Micro_2253010,Micro 2253010,8661.9216631,3855.705221825511,[1104.739 — 16219.104],1104.7394283219983,16219.103897878002,44.51327744339817,Baixa
PIT_por_Raca,PIT_por_Raca,Raca_pitPreta,Outro,Micro_2253010,Micro 2253010,9407.09783227,4396.313991107824,[790.322 — 18023.873],790.3224096986633,18023.873254841335,46.73400946279903,Baixa
PIT_por_Raca,PIT_por_Raca,Raca_pitAmarela,Outro,Micro_2253010,Micro 2253010,0,0,[0.000 — 0.000],0,0,NA,NA
PIT_por_Raca,PIT_por_Raca,Raca_pitParda,Outro,Micro_2253010,Micro 2253010,46471.62316473,12720.271215359631,[21539.892 — 71403.355],21539.891582625125,71403.35474683487,27.372125932140413,Regular (*)
PIT_por_Raca,PIT_por_Raca,Raca_pitIndígena,Outro,Micro_2253010,Micro 2253010,0,0,[0.000 — 0.000],0,0,NA,NA
PIT_por_Raca,PIT_por_Raca,Raca_pitBranca,Outro,Micro_2253011,Micro 2253011,26450.26166809,6534.564221341249,[13642.516 — 39258.008],13642.515794261151,39258.00754191885,24.70510236662289,Regular (*)
PIT_por_Raca,PIT_por_Raca,Raca_pitPreta,Outro,Micro_2253011,Micro 2253011,27881.73373926,3967.41687982552,[20105.597 — 35657.871],20105.59665480198,35657.87082371802,14.229448272217873,Boa (**)
PIT_por_Raca,PIT_por_Raca,Raca_pitAmarela,Outro,Micro_2253011,Micro 2253011,0,0,[0.000 — 0.000],0,0,NA,NA
PIT_por_Raca,PIT_por_Raca,Raca_pitParda,Outro,Micro_2253011,Micro 2253011,125267.43920641,11232.5559832351,[103251.629 — 147283.249],103251.6294792692,147283.24893355079,8.966860067065475,Boa (**)
PIT_por_Raca,PIT_por_Raca,Raca_pitIndígena,Outro,Micro_2253011,Micro 2253011,0,0,[0.000 — 0.000],0,0,NA,NA
PIT_por_Raca,PIT_por_Raca,Raca_pitBranca,Outro,Micro_2253012,Micro 2253012,6644.28647104,1212.137142456486,[4268.498 — 9020.075],4268.497671825287,9020.075270254712,18.243300431728006,Regular (*)
PIT_por_Raca,PIT_por_Raca,Raca_pitPreta,Outro,Micro_2253012,Micro 2253012,6334.00253264,1467.019657383621,[3458.644 — 9209.361],3458.644004168103,9209.361061111897,23.161021010393725,Regular (*)
PIT_por_Raca,PIT_por_Raca,Raca_pitAmarela,Outro,Micro_2253012,Micro 2253012,0,0,[0.000 — 0.000],0,0,NA,NA
PIT_por_Raca,PIT_por_Raca,Raca_pitParda,Outro,Micro_2253012,Micro 2253012,31450.71399039,3327.5448637074114,[24928.726 — 37972.702],24928.726057523472,37972.70192325652,10.580188623775499,Boa (**)
PIT_por_Raca,PIT_por_Raca,Raca_pitIndígena,Outro,Micro_2253012,Micro 2253012,69.83144364,69.41128207788422,[-66.215 — 205.878],-66.21466923265308,205.8775565126531,99.39832038374887,Baixa
PIT_por_Raca,PIT_por_Raca,Raca_pitBranca,Outro,Micro_2253020,Micro 2253020,14262.3895402,3082.3104003788153,[8221.061 — 20303.718],8221.061155457523,20303.717924942477,21.611458526574452,Regular (*)
PIT_por_Raca,PIT_por_Raca,Raca_pitPreta,Outro,Micro_2253020,Micro 2253020,27851.00908444,6638.3585042644445,[14839.826 — 40862.192],14839.826416081689,40862.19175279831,23.835253093121175,Regular (*)
PIT_por_Raca,PIT_por_Raca,Raca_pitAmarela,Outro,Micro_2253020,Micro 2253020,173.71324125,173.7496443732852,[-166.836 — 514.263],-166.836061721639,514.262544221639,100.02095587131024,Baixa
PIT_por_Raca,PIT_por_Raca,Raca_pitParda,Outro,Micro_2253020,Micro 2253020,76641.08446408,7585.851597349262,[61772.815 — 91509.354],61772.81533327545,91509.35359488457,9.897891777489898,Boa (**)
PIT_por_Raca,PIT_por_Raca,Raca_pitIndígena,Outro,Micro_2253020,Micro 2253020,776.01801735,465.51719835003144,[-136.396 — 1688.432],-136.3956914160616,1688.4317261160618,59.98793687029481,Baixa
PIT_por_Raca,PIT_por_Raca,Raca_pitBranca,Outro,Micro_2253021,Micro 2253021,2421.85446622,1019.1379131613256,[424.344 — 4419.365],424.3441564238019,4419.364776016198,42.08088996990737,Baixa
PIT_por_Raca,PIT_por_Raca,Raca_pitPreta,Outro,Micro_2253021,Micro 2253021,7606.52157518,2082.663154036115,[3524.502 — 11688.541],3524.5017932692144,11688.541357090784,27.379967748094252,Regular (*)
PIT_por_Raca,PIT_por_Raca,Raca_pitAmarela,Outro,Micro_2253021,Micro 2253021,0,0,[0.000 — 0.000],0,0,NA,NA
PIT_por_Raca,PIT_por_Raca,Raca_pitParda,Outro,Micro_2253021,Micro 2253021,18032.11564736,2490.409167008806,[13150.914 — 22913.318],13150.913680022739,22913.31761469726,13.810964923427694,Boa (**)
PIT_por_Raca,PIT_por_Raca,Raca_pitIndígena,Outro,Micro_2253021,Micro 2253021,0,0,[0.000 — 0.000],0,0,NA,NA
PIT_por_Raca,PIT_por_Raca,Raca_pitBranca,Outro,Micro_2253022,Micro 2253022,1329.17456283,410.3665994414709,[524.856 — 2133.493],524.8560279247171,2133.493097735283,30.87379272198398,Baixa
PIT_por_Raca,PIT_por_Raca,Raca_pitPreta,Outro,Micro_2253022,Micro 2253022,709.38243783,261.2916211093017,[197.251 — 1221.514],197.2508604557687,1221.5140152042313,36.83367492273877,Baixa
PIT_por_Raca,PIT_por_Raca,Raca_pitAmarela,Outro,Micro_2253022,Micro 2253022,0,0,[0.000 — 0.000],0,0,NA,NA
PIT_por_Raca,PIT_por_Raca,Raca_pitParda,Outro,Micro_2253022,Micro 2253022,5769.70560911,1202.7468485750303,[3412.322 — 8127.089],3412.321785902941,8127.08943231706,20.845896308400363,Regular (*)
PIT_por_Raca,PIT_por_Raca,Raca_pitIndígena,Outro,Micro_2253022,Micro 2253022,0,0,[0.000 — 0.000],0,0,NA,NA
PIT_por_Raca,PIT_por_Raca,Raca_pitBranca,Outro,Micro_2254020,Micro 2254020,3724.67353503,851.9467879094267,[2054.858 — 5394.489],2054.857830727524,5394.489239332476,22.873059340556804,Regular (*)
PIT_por_Raca,PIT_por_Raca,Raca_pitPreta,Outro,Micro_2254020,Micro 2254020,918.52109961,261.5367722254374,[405.909 — 1431.133],405.90902604814266,1431.1331731718574,28.473681479552816,Regular (*)
PIT_por_Raca,PIT_por_Raca,Raca_pitAmarela,Outro,Micro_2254020,Micro 2254020,0,0,[0.000 — 0.000],0,0,NA,NA
PIT_por_Raca,PIT_por_Raca,Raca_pitParda,Outro,Micro_2254020,Micro 2254020,9551.86888909,1048.1710603740266,[7497.454 — 11606.284],7497.453610756907,11606.284167423091,10.973465743140924,Boa (**)
PIT_por_Raca,PIT_por_Raca,Raca_pitIndígena,Outro,Micro_2254020,Micro 2254020,0,0,[0.000 — 0.000],0,0,NA,NA
PIT_por_Raca,PIT_por_Raca,Raca_pitBranca,Zona,Zona_Rural,Zona Rural,125843.39348438,9210.818852961334,[107790.189 — 143896.598],107790.18853257578,143896.5984361842,7.319270879408227,Boa (**)
PIT_por_Raca,PIT_por_Raca,Raca_pitPreta,Zona,Zona_Rural,Zona Rural,124921.98560759,11724.146492960075,[101942.658 — 147901.313],101942.65848138825,147901.31273379174,9.3851746239356455,Boa (**)
PIT_por_Raca,PIT_por_Raca,Raca_pitAmarela,Zona,Zona_Rural,Zona Rural,309.95209020000004,213.5928193054621,[-108.690 — 728.594],-108.68983563870563,728.5940160387057,68.9115595793011,Baixa
PIT_por_Raca,PIT_por_Raca,Raca_pitParda,Zona,Zona_Rural,Zona Rural,583716.93399529,24088.608769334747,[536503.261 — 630930.607],536503.2608073938,630930.6071831861,4.126762025637776,Excelente (***)
PIT_por_Raca,PIT_por_Raca,Raca_pitIndígena,Zona,Zona_Rural,Zona Rural,1219.23220571,607.9433984958172,[27.663 — 2410.801],27.663144658198462,2410.8012667618013,49.86280674416661,Baixa
PIT_por_Raca,PIT_por_Raca,Raca_pitBranca,Zona,Zona_Urbana,Zona Urbana,407550.88539996,17655.81967464525,[372945.479 — 442156.292],372945.4788376553,442156.2919622647,4.3321755165169815,Excelente (***)
PIT_por_Raca,PIT_por_Raca,Raca_pitPreta,Zona,Zona_Urbana,Zona Urbana,249854.16311577,11938.704893020613,[226454.302 — 273254.025],226454.3015254496,273254.0247060904,4.778269348863645,Excelente (***)
PIT_por_Raca,PIT_por_Raca,Raca_pitAmarela,Zona,Zona_Urbana,Zona Urbana,551.1683083400001,326.6451567922151,[-89.056 — 1191.393],-89.05619897274153,1191.3928156527418,59.264139800780605,Baixa
PIT_por_Raca,PIT_por_Raca,Raca_pitParda,Zona,Zona_Urbana,Zona Urbana,1246440.07493888,28339.387071027595,[1190894.876 — 1301985.274],1190894.8762796659,1301985.2735980942,2.2736261165557625,Excelente (***)
PIT_por_Raca,PIT_por_Raca,Raca_pitIndígena,Zona,Zona_Urbana,Zona Urbana,2956.8456718899997,1373.6304098566393,[264.530 — 5649.161],264.5300685709867,5649.161275209013,46.45593860090176,Baixa
PIT_por_Sexo,PIT_por_Sexo,Sexo_pitMasculino,Agregados nacionais,Brasil,Brasil,84560129.0000033,0.00161989543203312,[84560128.997 — 84560129.003],84560128.9968283,84560129.00317828,1.915672848646029e-9,Excelente (***)
PIT_por_Sexo,PIT_por_Sexo,Sexo_pitFeminino,Agregados nacionais,Brasil,Brasil,90839501.00000262,0.00138053195835345,[90839500.997 — 90839501.003],90839500.99729678,90839501.00270846,1.5197485049520584e-9,Excelente (***)
PIT_por_Sexo,PIT_por_Sexo,Sexo_pitMasculino,Agregados nacionais,Nordeste,Nordeste,22056533.29294989,69139.60178546078,[21921019.673 — 22192046.912],21921019.673450384,22192046.912449393,0.31346540667639927,Excelente (***)
PIT_por_Sexo,PIT_por_Sexo,Sexo_pitFeminino,Agregados nacionais,Nordeste,Nordeste,24374478.9239277,66684.43113568153,[24243777.439 — 24505180.409],24243777.438901763,24505180.408953633,0.27358300189227597,Excelente (***)
PIT_por_Sexo,PIT_por_Sexo,Sexo_pitMasculino,Agregados nacionais,Piauí,Piauí,1311401.75193326,13858.502448291412,[1284239.087 — 1338564.417],1284239.0871346088,1338564.416731911,1.0567701642811822,Excelente (***)
PIT_por_Sexo,PIT_por_Sexo,Sexo_pitFeminino,Agregados nacionais,Piauí,Piauí,1431962.88288475,11082.793842469997,[1410240.607 — 1453685.159],1410240.6069535087,1453685.1588159911,0.7739581783113847,Excelente (***)
PIT_por_Sexo,PIT_por_Sexo,Sexo_pitMasculino,Agregados nacionais,Teresina,Teresina,338779.29528948,6075.802478830639,[326870.722 — 350687.868],326870.722430972,350687.86814798805,1.7934397300280673,Excelente (***)
PIT_por_Sexo,PIT_por_Sexo,Sexo_pitFeminino,Agregados nacionais,Teresina,Teresina,407832.93392125,5511.163832873368,[397031.053 — 418634.815],397031.0528088182,418634.8150336818,1.3513287855113583,Excelente (***)
PIT_por_Sexo,PIT_por_Sexo,Sexo_pitMasculino,Estrato administrativo,Admin_Capital,Capital,338779.29528948,6075.802478830639,[326870.722 — 350687.868],326870.722430972,350687.86814798805,1.7934397300280673,Excelente (***)
PIT_por_Sexo,PIT_por_Sexo,Sexo_pitFeminino,Estrato administrativo,Admin_Capital,Capital,407832.93392125,5511.163832873368,[397031.053 — 418634.815],397031.0528088182,418634.8150336818,1.3513287855113583,Excelente (***)
PIT_por_Sexo,PIT_por_Sexo,Sexo_pitMasculino,Estrato administrativo,"Admin_Resto da RIDE (Região Integrada de Desenvolvimento Econômico, excluindo a capital)","Resto da RIDE (Região Integrada de Desenvolvimento Econômico, excluindo a capital)",87217.3554309,3283.1399679566684,[80782.401 — 93652.310],80782.40109370493,93652.30976809507,3.7643195574277795,Excelente (***)
PIT_por_Sexo,PIT_por_Sexo,Sexo_pitFeminino,Estrato administrativo,"Admin_Resto da RIDE (Região Integrada de Desenvolvimento Econômico, excluindo a capital)","Resto da RIDE (Região Integrada de Desenvolvimento Econômico, excluindo a capital)",90669.61955747,2539.2750373477015,[85692.640 — 95646.599],85692.6404842685,95646.59863067149,2.80057978597584,Excelente (***)
PIT_por_Sexo,PIT_por_Sexo,Sexo_pitMasculino,Estrato administrativo,"Admin_Resto da UF  (Unidade da Federação, excluindo a região metropolitana e a RIDE)","Resto da UF  (Unidade da Federação, excluindo a região metropolitana e a RIDE)",885405.10121288,12036.741004694331,[861813.089 — 908997.114],861813.088843679,908997.1135820809,1.359461447444305,Excelente (***)
PIT_por_Sexo,PIT_por_Sexo,Sexo_pitFeminino,Estrato administrativo,"Admin_Resto da UF  (Unidade da Federação, excluindo a região metropolitana e a RIDE)","Resto da UF  (Unidade da Federação, excluindo a região metropolitana e a RIDE)",933460.32940603,9720.08270137984,[914408.967 — 952511.692],914408.9673113255,952511.6915007345,1.041295746072554,Excelente (***)
PIT_por_Sexo,PIT_por_Sexo,Sexo_pitMasculino,Estrato agregado,Agreg_Alto Parnaíba e Chapadas Sul do Piauí,Alto Parnaíba e Chapadas Sul do Piauí,232398.42440988,14136.998460870334,[204689.907 — 260106.941],204689.90742657415,260106.94139318587,6.083087050511572,Boa (**)
PIT_por_Sexo,PIT_por_Sexo,Sexo_pitFeminino,Estrato agregado,Agreg_Alto Parnaíba e Chapadas Sul do Piauí,Alto Parnaíba e Chapadas Sul do Piauí,226008.51947127,12143.826045521451,[202206.620 — 249810.419],202206.62042204797,249810.41852049204,5.373171805173992,Boa (**)
PIT_por_Sexo,PIT_por_Sexo,Sexo_pitMasculino,Estrato agregado,Agreg_Baixo Parnaíba do Piauí,Baixo Parnaíba do Piauí,337499.71687066,14133.715521490829,[309797.634 — 365201.799],309797.634448538,365201.79929278203,4.1877710750516846,Excelente (***)
PIT_por_Sexo,PIT_por_Sexo,Sexo_pitFeminino,Estrato agregado,Agreg_Baixo Parnaíba do Piauí,Baixo Parnaíba do Piauí,375396.39672046,14402.460791091611,[347167.574 — 403625.220],347167.57356992044,403625.2198709995,3.8366007017953465,Excelente (***)
PIT_por_Sexo,PIT_por_Sexo,Sexo_pitMasculino,Estrato agregado,Agreg_Centro-Leste do Piauí,Centro-Leste do Piauí,315506.95993234,10807.053250083689,[294325.136 — 336688.784],294325.135562176,336688.78430250403,3.425297892763204,Excelente (***)
PIT_por_Sexo,PIT_por_Sexo,Sexo_pitFeminino,Estrato agregado,Agreg_Centro-Leste do Piauí,Centro-Leste do Piauí,332055.4132143,10341.172919021295,[311786.714 — 352324.112],311786.7142930183,352324.11213558173,3.114291322318353,Excelente (***)
PIT_por_Sexo,PIT_por_Sexo,Sexo_pitMasculino,Estrato agregado,Agreg_Entorno metropolitano de Teresina (PI),Entorno metropolitano de Teresina (PI),87217.3554309,3283.1399679566684,[80782.401 — 93652.310],80782.40109370493,93652.30976809507,3.7643195574277795,Excelente (***)
PIT_por_Sexo,PIT_por_Sexo,Sexo_pitFeminino,Estrato agregado,Agreg_Entorno metropolitano de Teresina (PI),Entorno metropolitano de Teresina (PI),90669.61955747,2539.2750373477015,[85692.640 — 95646.599],85692.6404842685,95646.59863067149,2.80057978597584,Excelente (***)
PIT_por_Sexo,PIT_por_Sexo,Sexo_pitMasculino,Estrato agregado,Agreg_Teresina,Teresina,338779.29528948,6075.802478830639,[326870.722 — 350687.868],326870.722430972,350687.86814798805,1.7934397300280673,Excelente (***)
PIT_por_Sexo,PIT_por_Sexo,Sexo_pitFeminino,Estrato agregado,Agreg_Teresina,Teresina,407832.93392125,5511.163832873368,[397031.053 — 418634.815],397031.0528088182,418634.8150336818,1.3513287855113583,Excelente (***)
PIT_por_Sexo,PIT_por_Sexo,Sexo_pitMasculino,Outro,Micro_2210011,Micro 2210011,160055.74571974,7268.915096480367,[145808.672 — 174302.819],145808.67213063847,174302.8193088415,4.541489631498981,Excelente (***)
PIT_por_Sexo,PIT_por_Sexo,Sexo_pitFeminino,Outro,Micro_2210011,Micro 2210011,202495.55498345,8314.147525228318,[186199.826 — 218791.284],186199.82583400252,218791.2841328975,4.105841990412004,Excelente (***)
PIT_por_Sexo,PIT_por_Sexo,Sexo_pitMasculino,Outro,Micro_2210012,Micro 2210012,71839.57147781,6859.155659405065,[58395.626 — 85283.517],58395.62638537607,85283.51657024393,9.547879418411815,Boa (**)
PIT_por_Sexo,PIT_por_Sexo,Sexo_pitFeminino,Outro,Micro_2210012,Micro 2210012,81561.81869301,7737.5189277050285,[66396.282 — 96727.356],66396.28159470815,96727.35579131186,9.486692488832581,Boa (**)
PIT_por_Sexo,PIT_por_Sexo,Sexo_pitMasculino,Outro,Micro_2210013,Micro 2210013,33531.40348068,3644.5865801587106,[26388.014 — 40674.793],26388.013783568924,40674.79317779107,10.869173973760555,Boa (**)
PIT_por_Sexo,PIT_por_Sexo,Sexo_pitFeminino,Outro,Micro_2210013,Micro 2210013,40438.20141449,4107.1500992514975,[32388.187 — 48488.216],32388.187219957068,48488.21560902294,10.156609234800944,Boa (**)
PIT_por_Sexo,PIT_por_Sexo,Sexo_pitMasculino,Outro,Micro_2210020,Micro 2210020,15042.84767245,1207.519247536787,[12676.110 — 17409.585],12676.109947277897,17409.5853976221,8.027198532019174,Boa (**)
PIT_por_Sexo,PIT_por_Sexo,Sexo_pitFeminino,Outro,Micro_2210020,Micro 2210020,16709.27435163,1476.6660280448048,[13815.009 — 19603.540],13815.008936662183,19603.539766597816,8.837403689530989,Boa (**)
PIT_por_Sexo,PIT_por_Sexo,Sexo_pitMasculino,Outro,Micro_2210030,Micro 2210030,58309.7269388,4597.051812458926,[49299.505 — 67319.948],49299.50538638051,67319.94849121949,7.883850694900085,Boa (**)
PIT_por_Sexo,PIT_por_Sexo,Sexo_pitFeminino,Outro,Micro_2210030,Micro 2210030,66628.08447867,4569.290402504958,[57672.275 — 75583.894],57672.275289760284,75583.89366757972,6.857904498166609,Boa (**)
PIT_por_Sexo,PIT_por_Sexo,Sexo_pitMasculino,Outro,Micro_2220010,Micro 2220010,55330.89327055,3693.993296783933,[48090.666 — 62571.120],48090.66640885349,62571.120132246506,6.676185903454536,Boa (**)
PIT_por_Sexo,PIT_por_Sexo,Sexo_pitFeminino,Outro,Micro_2220010,Micro 2220010,60410.09272016,4199.089250988746,[52179.878 — 68640.308],52179.87778822206,68640.30765209794,6.950973027703085,Boa (**)
PIT_por_Sexo,PIT_por_Sexo,Sexo_pitMasculino,Outro,Micro_2220020,Micro 2220020,31886.46216035,3680.514697896828,[24672.653 — 39100.271],24672.653352472218,39100.270968227785,11.542562104846658,Boa (**)
PIT_por_Sexo,PIT_por_Sexo,Sexo_pitFeminino,Outro,Micro_2220020,Micro 2220020,30259.52683731,3226.703093145353,[23935.189 — 36583.865],23935.18877474511,36583.86489987489,10.663428778955089,Boa (**)
PIT_por_Sexo,PIT_por_Sexo,Sexo_pitMasculino,Outro,Micro_2251011,Micro 2251011,43825.80008401,5166.2697581449975,[33699.911 — 53951.689],33699.91135804581,53951.68880997419,11.788192681575092,Boa (**)
PIT_por_Sexo,PIT_por_Sexo,Sexo_pitFeminino,Outro,Micro_2251011,Micro 2251011,49857.86654271,2972.101163898305,[44032.548 — 55683.185],44032.54826146932,55683.18482395068,5.961147899002656,Boa (**)
PIT_por_Sexo,PIT_por_Sexo,Sexo_pitMasculino,Outro,Micro_2251012,Micro 2251012,63577.84994389,7171.116766995582,[49522.461 — 77633.239],49522.461080578665,77633.23880720134,11.27926907456666,Boa (**)
PIT_por_Sexo,PIT_por_Sexo,Sexo_pitFeminino,Outro,Micro_2251012,Micro 2251012,77456.57238915,7826.262069485787,[62117.099 — 92796.046],62117.09873295785,92796.04604534214,10.10406454621542,Boa (**)
PIT_por_Sexo,PIT_por_Sexo,Sexo_pitMasculino,Outro,Micro_2251013,Micro 2251013,64212.17122074,4955.57284914874,[54499.248 — 73925.094],54499.24843640847,73925.09400507153,7.717497718794052,Boa (**)
PIT_por_Sexo,PIT_por_Sexo,Sexo_pitFeminino,Outro,Micro_2251013,Micro 2251013,68464.08904042,4114.418664547773,[60399.828 — 76528.350],60399.82845790637,76528.34962293365,6.009601124055989,Boa (**)
PIT_por_Sexo,PIT_por_Sexo,Sexo_pitMasculino,Outro,Micro_2251020,Micro 2251020,111639.32086077,6765.041180445538,[98379.840 — 124898.802],98379.84014709675,124898.80157444326,6.059729787215832,Boa (**)
PIT_por_Sexo,PIT_por_Sexo,Sexo_pitFeminino,Outro,Micro_2251020,Micro 2251020,103089.93785414,6431.942186659107,[90483.331 — 115696.545],90483.33116828815,115696.54453999184,6.239156139331019,Boa (**)
PIT_por_Sexo,PIT_por_Sexo,Sexo_pitMasculino,Outro,Micro_2251021,Micro 2251021,22693.09260045,4468.965626461304,[13933.920 — 31452.265],13933.919972585843,31452.265228314158,19.693065661630822,Regular (*)
PIT_por_Sexo,PIT_por_Sexo,Sexo_pitFeminino,Outro,Micro_2251021,Micro 2251021,21894.54315269,4609.117990118832,[12860.672 — 30928.414],12860.67189205709,30928.41441332291,21.051446280360263,Regular (*)
PIT_por_Sexo,PIT_por_Sexo,Sexo_pitMasculino,Outro,Micro_2251022,Micro 2251022,9558.72522248,2878.118511314241,[3917.613 — 15199.838],3917.612940304087,15199.837504655912,30.109857165321014,Baixa
PIT_por_Sexo,PIT_por_Sexo,Sexo_pitFeminino,Outro,Micro_2251022,Micro 2251022,11292.40423519,5090.009474902342,[1315.986 — 21268.823],1315.985664381411,21268.822805998592,45.07463042317046,Baixa
PIT_por_Sexo,PIT_por_Sexo,Sexo_pitMasculino,Outro,Micro_2252011,Micro 2252011,121128.53723378,9275.859851969512,[102947.852 — 139309.223],102947.85192391976,139309.22254364024,7.657864995155481,Boa (**)
PIT_por_Sexo,PIT_por_Sexo,Sexo_pitFeminino,Outro,Micro_2252011,Micro 2252011,150104.87345073,11250.711990061289,[128053.478 — 172156.269],128053.47795020987,172156.26895125012,7.495234319460114,Boa (**)
PIT_por_Sexo,PIT_por_Sexo,Sexo_pitMasculino,Outro,Micro_2252012,Micro 2252012,51457.5866814,5061.908670627393,[41536.246 — 61378.928],41536.24568697031,61378.927675829684,9.83705027203906,Boa (**)
PIT_por_Sexo,PIT_por_Sexo,Sexo_pitFeminino,Outro,Micro_2252012,Micro 2252012,57087.45461195,4424.459977421732,[48415.513 — 65759.396],48415.5130562034,65759.3961676966,7.7503192382579424,Boa (**)
PIT_por_Sexo,PIT_por_Sexo,Sexo_pitMasculino,Outro,Micro_2252013,Micro 2252013,19768.0352297,2461.141778207063,[14944.197 — 24591.873],14944.197344414155,24591.873114985843,12.450108215658078,Boa (**)
PIT_por_Sexo,PIT_por_Sexo,Sexo_pitFeminino,Outro,Micro_2252013,Micro 2252013,21172.29611743,1661.8649362890444,[17915.041 — 24429.551],17915.04084230347,24429.55139255653,7.849242836354066,Boa (**)
PIT_por_Sexo,PIT_por_Sexo,Sexo_pitMasculino,Outro,Micro_2252020,Micro 2252020,110077.85405199,8590.258540243278,[93240.947 — 126914.761],93240.94731311317,126914.76079086683,7.803802694215024,Boa (**)
PIT_por_Sexo,PIT_por_Sexo,Sexo_pitFeminino,Outro,Micro_2252020,Micro 2252020,110996.32551843,9468.641095145127,[92437.789 — 129554.862],92437.78897194556,129554.86206491446,8.530589684766582,Boa (**)
PIT_por_Sexo,PIT_por_Sexo,Sexo_pitMasculino,Outro,Micro_2252021,Micro 2252021,23553.58968068,6259.334220858602,[11285.295 — 35821.885],11285.294607797141,35821.88475356286,26.574863134313937,Regular (*)
PIT_por_Sexo,PIT_por_Sexo,Sexo_pitFeminino,Outro,Micro_2252021,Micro 2252021,23014.93450737,5307.837805377965,[12611.572 — 33418.297],12611.572408829186,33418.296605910815,23.06258053299371,Regular (*)
PIT_por_Sexo,PIT_por_Sexo,Sexo_pitMasculino,Outro,Micro_2252022,Micro 2252022,11514.11399311,1468.6998047651412,[8635.462 — 14392.766],8635.462375770323,14392.765610449678,12.755647596020026,Boa (**)
PIT_por_Sexo,PIT_por_Sexo,Sexo_pitFeminino,Outro,Micro_2252022,Micro 2252022,13020.51251455,2386.1319974686567,[8343.694 — 17697.331],8343.693799511435,17697.331229588566,18.325945271372625,Regular (*)
PIT_por_Sexo,PIT_por_Sexo,Sexo_pitMasculino,Outro,Micro_2253010,Micro 2253010,33752.2306043,10223.434263317926,[13714.299 — 53790.162],13714.299448196864,53790.161760403134,30.28965517323608,Baixa
PIT_por_Sexo,PIT_por_Sexo,Sexo_pitFeminino,Outro,Micro_2253010,Micro 2253010,30788.4120558,9485.924468253168,[12196.000 — 49380.824],12196.00009802379,49380.82401357621,30.810047790256807,Baixa
PIT_por_Sexo,PIT_por_Sexo,Sexo_pitMasculino,Outro,Micro_2253011,Micro 2253011,87220.86645337,9088.056046564992,[69408.277 — 105033.456],69408.27660210262,105033.4563046374,10.419589275031619,Boa (**)
PIT_por_Sexo,PIT_por_Sexo,Sexo_pitFeminino,Outro,Micro_2253011,Micro 2253011,92378.56816039,7399.228668200842,[77876.080 — 106881.056],77876.07997071635,106881.05635006365,8.009681049996482,Boa (**)
PIT_por_Sexo,PIT_por_Sexo,Sexo_pitMasculino,Outro,Micro_2253012,Micro 2253012,21140.66527604,1644.5407462273124,[17917.365 — 24363.965],17917.36541343447,24363.96513864553,7.779039707379362,Boa (**)
PIT_por_Sexo,PIT_por_Sexo,Sexo_pitFeminino,Outro,Micro_2253012,Micro 2253012,23358.16916167,2147.5327406452925,[19149.005 — 27567.333],19149.004990005225,27567.333333334776,9.193925798642319,Boa (**)
PIT_por_Sexo,PIT_por_Sexo,Sexo_pitMasculino,Outro,Micro_2253020,Micro 2253020,63847.56373604,5478.183471675452,[53110.324 — 74584.803],53110.32413155612,74584.80334052388,8.580097894296292,Boa (**)
PIT_por_Sexo,PIT_por_Sexo,Sexo_pitFeminino,Outro,Micro_2253020,Micro 2253020,55856.65061128,5365.506630689363,[45340.258 — 66373.044],45340.257615128845,66373.04360743114,9.605850998888615,Boa (**)
PIT_por_Sexo,PIT_por_Sexo,Sexo_pitMasculino,Outro,Micro_2253021,Micro 2253021,15055.72867848,1469.084128446124,[12176.324 — 17935.134],12176.323786725598,17935.133570234404,9.757642156144648,Boa (**)
PIT_por_Sexo,PIT_por_Sexo,Sexo_pitFeminino,Outro,Micro_2253021,Micro 2253021,13004.76301028,1928.7311247464177,[9224.450 — 16785.076],9224.45000577702,16785.07601478298,14.830959420189318,Boa (**)
PIT_por_Sexo,PIT_por_Sexo,Sexo_pitMasculino,Outro,Micro_2253022,Micro 2253022,4358.8199468,702.7673676627479,[2981.396 — 5736.244],2981.3959061810147,5736.243987418986,16.12288133577713,Regular (*)
PIT_por_Sexo,PIT_por_Sexo,Sexo_pitFeminino,Outro,Micro_2253022,Micro 2253022,3449.44266297,937.8481279508386,[1611.260 — 5287.625],1611.2603321863564,5287.624993753644,27.188395911568602,Regular (*)
PIT_por_Sexo,PIT_por_Sexo,Sexo_pitMasculino,Outro,Micro_2254020,Micro 2254020,7022.54971485,427.13939738707126,[6185.356 — 7859.743],6185.35649597134,7859.742933728659,6.0823976295082005,Boa (**)
PIT_por_Sexo,PIT_por_Sexo,Sexo_pitFeminino,Outro,Micro_2254020,Micro 2254020,7172.51380888,693.3286799333977,[5813.590 — 8531.438],5813.589596210541,8531.43802154946,9.666466993413318,Boa (**)
PIT_por_Sexo,PIT_por_Sexo,Sexo_pitMasculino,Zona,Zona_Rural,Zona Rural,426250.66831845,13748.459438878635,[399303.688 — 453197.649],399303.6878182479,453197.6488186521,3.2254399724734797,Excelente (***)
PIT_por_Sexo,PIT_por_Sexo,Sexo_pitFeminino,Zona,Zona_Rural,Zona Rural,409760.82906472,13589.715557332393,[383124.987 — 436396.672],383124.9865723485,436396.6715570915,3.316499429277061,Excelente (***)
PIT_por_Sexo,PIT_por_Sexo,Sexo_pitMasculino,Zona,Zona_Urbana,Zona Urbana,885151.08361481,16168.919208895855,[853460.002 — 916842.165],853460.0019653741,916842.1652642459,1.8266846765712215,Excelente (***)
PIT_por_Sexo,PIT_por_Sexo,Sexo_pitFeminino,Zona,Zona_Urbana,Zona Urbana,1022202.05382003,16208.740302681228,[990432.923 — 1053971.185],990432.9228267748,1053971.1848132852,1.5856689234880914,Excelente (***)
Percentual_Subremuneracao,Subremuneração (abaixo do salário-mínimo/hora),subremuneracao,Agregados nacionais,Brasil,Brasil,0.187291726035644,0.00138633726095513,[0.185 — 0.190],0.18457450500417194,0.19000894706711607,0.7402020848968482,Excelente (***)
Percentual_Subremuneracao,Subremuneração (abaixo do salário-mínimo/hora),subremuneracao,Agregados nacionais,Nordeste,Nordeste,0.3569294513850067,0.00320348584786697,[0.351 — 0.363],0.35065061912318746,0.36320828364682595,0.8975123334419068,Excelente (***)
Percentual_Subremuneracao,Subremuneração (abaixo do salário-mínimo/hora),subremuneracao,Agregados nacionais,Piauí,Piauí,0.3818222725855416,0.01200962858316882,[0.358 — 0.405],0.3582834005625307,0.40536114460855244,3.1453452156796966,Excelente (***)
Percentual_Subremuneracao,Subremuneração (abaixo do salário-mínimo/hora),subremuneracao,Agregados nacionais,Teresina,Teresina,0.2574263928047971,0.01810096165217697,[0.222 — 0.293],0.22194850796653026,0.292904277643064,7.031509650178985,Boa (**)
Percentual_Subremuneracao,Subremuneração (abaixo do salário-mínimo/hora),subremuneracao,Estrato administrativo,Admin_Capital,Capital,0.2574263928047971,0.01810096165217697,[0.222 — 0.293],0.22194850796653026,0.292904277643064,7.031509650178985,Boa (**)
Percentual_Subremuneracao,Subremuneração (abaixo do salário-mínimo/hora),subremuneracao,Estrato administrativo,"Admin_Resto da RIDE (Região Integrada de Desenvolvimento Econômico, excluindo a capital)","Resto da RIDE (Região Integrada de Desenvolvimento Econômico, excluindo a capital)",0.4104462870636342,0.03320080977439033,[0.345 — 0.476],0.34537269990582914,0.4755198742214392,8.088953614835109,Boa (**)
Percentual_Subremuneracao,Subremuneração (abaixo do salário-mínimo/hora),subremuneracao,Estrato administrativo,"Admin_Resto da UF  (Unidade da Federação, excluindo a região metropolitana e a RIDE)","Resto da UF  (Unidade da Federação, excluindo a região metropolitana e a RIDE)",0.4463775603631875,0.01634148706952381,[0.414 — 0.478],0.4143482457069208,0.47840687501945417,3.6609114168346264,Excelente (***)
Percentual_Subremuneracao,Subremuneração (abaixo do salário-mínimo/hora),subremuneracao,Estrato agregado,Agreg_Alto Parnaíba e Chapadas Sul do Piauí,Alto Parnaíba e Chapadas Sul do Piauí,0.343625386836427,0.02846445829423176,[0.288 — 0.399],0.28783504857973274,0.3994157250931213,8.28357257194779,Boa (**)
Percentual_Subremuneracao,Subremuneração (abaixo do salário-mínimo/hora),subremuneracao,Estrato agregado,Agreg_Baixo Parnaíba do Piauí,Baixo Parnaíba do Piauí,0.5304040900149335,0.02694555846057642,[0.478 — 0.583],0.47759079543220373,0.5832173845976633,5.080194321242464,Boa (**)
Percentual_Subremuneracao,Subremuneração (abaixo do salário-mínimo/hora),subremuneracao,Estrato agregado,Agreg_Centro-Leste do Piauí,Centro-Leste do Piauí,0.42890424840042657,0.02571847582882036,[0.378 — 0.479],0.37849603577593866,0.4793124610249145,5.996321072765289,Boa (**)
Percentual_Subremuneracao,Subremuneração (abaixo do salário-mínimo/hora),subremuneracao,Estrato agregado,Agreg_Entorno metropolitano de Teresina (PI),Entorno metropolitano de Teresina (PI),0.4104462870636342,0.03320080977439033,[0.345 — 0.476],0.34537269990582914,0.4755198742214392,8.088953614835109,Boa (**)
Percentual_Subremuneracao,Subremuneração (abaixo do salário-mínimo/hora),subremuneracao,Estrato agregado,Agreg_Teresina,Teresina,0.2574263928047971,0.01810096165217697,[0.222 — 0.293],0.22194850796653026,0.292904277643064,7.031509650178985,Boa (**)
Percentual_Subremuneracao,Subremuneração (abaixo do salário-mínimo/hora),subremuneracao,Outro,Micro_2210011,Micro 2210011,0.2510935522023455,0.02878938706982166,[0.195 — 0.308],0.19466635354549508,0.30752075085919595,11.465601891131607,Boa (**)
Percentual_Subremuneracao,Subremuneração (abaixo do salário-mínimo/hora),subremuneracao,Outro,Micro_2210012,Micro 2210012,0.1771540158389335,0.03138353729138277,[0.116 — 0.239],0.11564228274782329,0.23866574893004372,17.715397047457472,Regular (*)
Percentual_Subremuneracao,Subremuneração (abaixo do salário-mínimo/hora),subremuneracao,Outro,Micro_2210013,Micro 2210013,0.19131616923865816,0.04088955992296387,[0.111 — 0.271],0.11117263178964897,0.27145970668766733,21.372767438154177,Regular (*)
Percentual_Subremuneracao,Subremuneração (abaixo do salário-mínimo/hora),subremuneracao,Outro,Micro_2210020,Micro 2210020,0.4269740083437465,0.03716968956932379,[0.354 — 0.500],0.3541214167878719,0.4998265998996211,8.705375231974159,Boa (**)
Percentual_Subremuneracao,Subremuneração (abaixo do salário-mínimo/hora),subremuneracao,Outro,Micro_2210030,Micro 2210030,0.38984361319133337,0.03809038573979397,[0.315 — 0.465],0.3151864571413372,0.46450076924132955,9.770683538452479,Boa (**)
Percentual_Subremuneracao,Subremuneração (abaixo do salário-mínimo/hora),subremuneracao,Outro,Micro_2220010,Micro 2220010,0.3638390415732281,0.0337451687183094,[0.298 — 0.430],0.2976985108853417,0.4299795722611145,9.274751981644519,Boa (**)
Percentual_Subremuneracao,Subremuneração (abaixo do salário-mínimo/hora),subremuneracao,Outro,Micro_2220020,Micro 2220020,0.5335260397530871,0.06531277637052718,[0.406 — 0.662],0.4055129980668538,0.6615390814393204,12.241722334818666,Boa (**)
Percentual_Subremuneracao,Subremuneração (abaixo do salário-mínimo/hora),subremuneracao,Outro,Micro_2251011,Micro 2251011,0.29720955082860995,0.04665822287047631,[0.206 — 0.389],0.20575943400247637,0.3886596676547435,15.698762957110496,Regular (*)
Percentual_Subremuneracao,Subremuneração (abaixo do salário-mínimo/hora),subremuneracao,Outro,Micro_2251012,Micro 2251012,0.3618725000414571,0.06268693770065817,[0.239 — 0.485],0.2390061021481671,0.4847388979347471,17.32293492693603,Regular (*)
Percentual_Subremuneracao,Subremuneração (abaixo do salário-mínimo/hora),subremuneracao,Outro,Micro_2251013,Micro 2251013,0.4574348719741944,0.05854426597941233,[0.343 — 0.572],0.34268811065454624,0.5721816332938425,12.798382800757487,Boa (**)
Percentual_Subremuneracao,Subremuneração (abaixo do salário-mínimo/hora),subremuneracao,Outro,Micro_2251020,Micro 2251020,0.5204802183565359,0.04269605576753035,[0.437 — 0.604],0.43679594905217645,0.6041644876608954,8.203204322029196,Boa (**)
Percentual_Subremuneracao,Subremuneração (abaixo do salário-mínimo/hora),subremuneracao,Outro,Micro_2251021,Micro 2251021,0.5238061238506037,0.09210902627673304,[0.343 — 0.704],0.3432724323482069,0.7043398153530004,17.58456460944388,Regular (*)
Percentual_Subremuneracao,Subremuneração (abaixo do salário-mínimo/hora),subremuneracao,Outro,Micro_2251022,Micro 2251022,0.6033684107706778,0.08272773745919378,[0.441 — 0.766],0.441222045350658,0.7655147761906976,13.71098254108568,Boa (**)
Percentual_Subremuneracao,Subremuneração (abaixo do salário-mínimo/hora),subremuneracao,Outro,Micro_2252011,Micro 2252011,0.47527761038749894,0.05332203530638056,[0.371 — 0.580],0.37076642118699304,0.5797887995880049,11.21913469959305,Boa (**)
Percentual_Subremuneracao,Subremuneração (abaixo do salário-mínimo/hora),subremuneracao,Outro,Micro_2252012,Micro 2252012,0.44923735122116687,0.03945315632134477,[0.372 — 0.527],0.37190916483133113,0.5265655376110027,8.78225201312821,Boa (**)
Percentual_Subremuneracao,Subremuneração (abaixo do salário-mínimo/hora),subremuneracao,Outro,Micro_2252013,Micro 2252013,0.4565484552402541,0.07549038360001585,[0.309 — 0.605],0.308587303384223,0.6045096070962852,16.535021142561916,Regular (*)
Percentual_Subremuneracao,Subremuneração (abaixo do salário-mínimo/hora),subremuneracao,Outro,Micro_2252020,Micro 2252020,0.6700689210926704,0.03567885520693849,[0.600 — 0.740],0.600138364887071,0.7399994772982698,5.324654536843399,Boa (**)
Percentual_Subremuneracao,Subremuneração (abaixo do salário-mínimo/hora),subremuneracao,Outro,Micro_2252021,Micro 2252021,0.6738794764964164,0.08881299257249264,[0.500 — 0.848],0.49980601105433087,0.847952941938502,13.179358575251838,Boa (**)
Percentual_Subremuneracao,Subremuneração (abaixo do salário-mínimo/hora),subremuneracao,Outro,Micro_2252022,Micro 2252022,0.43990383384677434,0.2326526926386628,[-0.016 — 0.896],-0.016095443725004766,0.8959031114185534,52.88717095375431,Baixa
Percentual_Subremuneracao,Subremuneração (abaixo do salário-mínimo/hora),subremuneracao,Outro,Micro_2253010,Micro 2253010,0.29284011442654867,0.01843307205938924,[0.257 — 0.329],0.25671129319014574,0.3289689356629516,6.294585731700598,Boa (**)
Percentual_Subremuneracao,Subremuneração (abaixo do salário-mínimo/hora),subremuneracao,Outro,Micro_2253011,Micro 2253011,0.26621761485596385,0.04896068995179034,[0.170 — 0.362],0.1702546625504548,0.3621805671614729,18.391228536203496,Regular (*)
Percentual_Subremuneracao,Subremuneração (abaixo do salário-mínimo/hora),subremuneracao,Outro,Micro_2253012,Micro 2253012,0.35121448966345176,0.04171484033575797,[0.269 — 0.433],0.2694534026053661,0.4329755767215374,11.877311888735246,Boa (**)
Percentual_Subremuneracao,Subremuneração (abaixo do salário-mínimo/hora),subremuneracao,Outro,Micro_2253020,Micro 2253020,0.49766952753365856,0.08755159180693137,[0.326 — 0.669],0.3260684075920731,0.669270647475244,17.592315173649055,Regular (*)
Percentual_Subremuneracao,Subremuneração (abaixo do salário-mínimo/hora),subremuneracao,Outro,Micro_2253021,Micro 2253021,0.4623490972539327,0.09944898245560178,[0.267 — 0.657],0.2674290916409532,0.6572691028669122,21.50950073143154,Regular (*)
Percentual_Subremuneracao,Subremuneração (abaixo do salário-mínimo/hora),subremuneracao,Outro,Micro_2253022,Micro 2253022,0.5073447519931394,0.07599216725207254,[0.358 — 0.656],0.35840010417907725,0.6562893998072017,14.978408065429274,Boa (**)
Percentual_Subremuneracao,Subremuneração (abaixo do salário-mínimo/hora),subremuneracao,Outro,Micro_2254020,Micro 2254020,0.594897378804893,0.05402760155096631,[0.489 — 0.701],0.489003279764999,0.700791477844787,9.081835535988402,Boa (**)
Percentual_Subremuneracao,Subremuneração (abaixo do salário-mínimo/hora),subremuneracao,Zona,Zona_Rural,Zona Rural,0.5654707403574085,0.02249950874841312,[0.521 — 0.610],0.5213717032105188,0.6095697775042982,3.978898843500231,Excelente (***)
Percentual_Subremuneracao,Subremuneração (abaixo do salário-mínimo/hora),subremuneracao,Zona,Zona_Urbana,Zona Urbana,0.3292057159538799,0.01418768032892054,[0.301 — 0.357],0.3013978625091956,0.35701356939856416,4.309670106368434,Excelente (***)
Pessoas_Desocupadas,Pessoas_Desocupadas,desocup,Agregados nacionais,Brasil,Brasil,5861466.15739246,83967.47847614675,[5696889.900 — 6026042.415],5696889.899579212,6026042.415205708,1.4325337078035887,Excelente (***)
Pessoas_Desocupadas,Pessoas_Desocupadas,desocup,Agregados nacionais,Nordeste,Nordeste,1912370.22061737,40248.07306834096,[1833483.997 — 1991256.444],1833483.9974034217,1991256.4438313183,2.1046172249716206,Excelente (***)
Pessoas_Desocupadas,Pessoas_Desocupadas,desocup,Agregados nacionais,Piauí,Piauí,120546.77431139,9006.900405877488,[102893.250 — 138200.299],102893.24951587013,138200.2991069099,7.471705864655774,Boa (**)
Pessoas_Desocupadas,Pessoas_Desocupadas,desocup,Agregados nacionais,Teresina,Teresina,33239.49105581,3045.3071770490833,[27270.689 — 39208.293],27270.688988793798,39208.2931228262,9.161714214985814,Boa (**)
Pessoas_Desocupadas,Pessoas_Desocupadas,desocup,Estrato administrativo,Admin_Capital,Capital,33239.49105581,3045.3071770490833,[27270.689 — 39208.293],27270.688988793798,39208.2931228262,9.161714214985814,Boa (**)
Pessoas_Desocupadas,Pessoas_Desocupadas,desocup,Estrato administrativo,"Admin_Resto da RIDE (Região Integrada de Desenvolvimento Econômico, excluindo a capital)","Resto da RIDE (Região Integrada de Desenvolvimento Econômico, excluindo a capital)",15403.1663006,2574.9744199866327,[10356.216 — 20450.116],10356.2164374262,20450.1161637738,16.71717599962762,Regular (*)
Pessoas_Desocupadas,Pessoas_Desocupadas,desocup,Estrato administrativo,"Admin_Resto da UF  (Unidade da Federação, excluindo a região metropolitana e a RIDE)","Resto da UF  (Unidade da Federação, excluindo a região metropolitana e a RIDE)",71904.11695498,7432.500321219543,[57336.416 — 86471.818],57336.41632538969,86471.8175845703,10.336682565579824,Boa (**)
Pessoas_Desocupadas,Pessoas_Desocupadas,desocup,Estrato agregado,Agreg_Alto Parnaíba e Chapadas Sul do Piauí,Alto Parnaíba e Chapadas Sul do Piauí,23700.15719321,4189.588330829113,[15488.564 — 31911.750],15488.56406478494,31911.750321635063,17.677470645761847,Regular (*)
Pessoas_Desocupadas,Pessoas_Desocupadas,desocup,Estrato agregado,Agreg_Baixo Parnaíba do Piauí,Baixo Parnaíba do Piauí,22928.02360192,5008.277357867036,[13111.800 — 32744.247],13111.799980500607,32744.24722333939,21.843476109504884,Regular (*)
Pessoas_Desocupadas,Pessoas_Desocupadas,desocup,Estrato agregado,Agreg_Centro-Leste do Piauí,Centro-Leste do Piauí,25275.93615985,3609.919872697166,[18200.493 — 32351.379],18200.493209363554,32351.379110336446,14.282042215438912,Boa (**)
Pessoas_Desocupadas,Pessoas_Desocupadas,desocup,Estrato agregado,Agreg_Entorno metropolitano de Teresina (PI),Entorno metropolitano de Teresina (PI),15403.1663006,2574.9744199866327,[10356.216 — 20450.116],10356.2164374262,20450.1161637738,16.71717599962762,Regular (*)
Pessoas_Desocupadas,Pessoas_Desocupadas,desocup,Estrato agregado,Agreg_Teresina,Teresina,33239.49105581,3045.3071770490833,[27270.689 — 39208.293],27270.688988793798,39208.2931228262,9.161714214985814,Boa (**)
Pessoas_Desocupadas,Pessoas_Desocupadas,desocup,Outro,Micro_2210011,Micro 2210011,18850.76840546,2559.9181540590284,[13833.329 — 23868.208],13833.328823504304,23868.207987415695,13.579914086247886,Boa (**)
Pessoas_Desocupadas,Pessoas_Desocupadas,desocup,Outro,Micro_2210012,Micro 2210012,3621.153358,1019.171201470144,[1623.578 — 5618.729],1623.577803118518,5618.728912881482,28.144933415165895,Regular (*)
Pessoas_Desocupadas,Pessoas_Desocupadas,desocup,Outro,Micro_2210013,Micro 2210013,2321.5070693,606.3308670916042,[1133.099 — 3509.916],1133.0985698004556,3509.915568799544,26.11798495511065,Regular (*)
Pessoas_Desocupadas,Pessoas_Desocupadas,desocup,Outro,Micro_2210020,Micro 2210020,1678.78304973,564.9092985530912,[571.561 — 2786.005],571.5608245659412,2786.005274894059,33.64992865778255,Baixa
Pessoas_Desocupadas,Pessoas_Desocupadas,desocup,Outro,Micro_2210030,Micro 2210030,6767.27917332,1238.6477670419797,[4339.530 — 9195.029],4339.52954991772,9195.02879672228,18.303482615662567,Regular (*)
Pessoas_Desocupadas,Pessoas_Desocupadas,desocup,Outro,Micro_2220010,Micro 2220010,10228.5165002,2723.9025772563377,[4889.667 — 15567.366],4889.667448777577,15567.36555162242,26.630475467318032,Regular (*)
Pessoas_Desocupadas,Pessoas_Desocupadas,desocup,Outro,Micro_2220020,Micro 2220020,5174.6498004000005,1227.4042491615337,[2768.937 — 7580.362],2768.9374720433943,7580.362128756607,23.719561641961846,Regular (*)
Pessoas_Desocupadas,Pessoas_Desocupadas,desocup,Outro,Micro_2251011,Micro 2251011,2910.71877597,982.3464886430804,[985.320 — 4836.118],985.3196582295625,4836.117893710438,33.74927515337556,Baixa
Pessoas_Desocupadas,Pessoas_Desocupadas,desocup,Outro,Micro_2251012,Micro 2251012,4662.81089193,1697.5915034216014,[1335.532 — 7990.090],1335.5315452236614,7990.09023863634,36.4070416486255,Baixa
Pessoas_Desocupadas,Pessoas_Desocupadas,desocup,Outro,Micro_2251013,Micro 2251013,7233.21251706,2117.2491294676997,[3083.404 — 11383.021],3083.4042233033088,11383.020810816692,29.27121420079986,Regular (*)
Pessoas_Desocupadas,Pessoas_Desocupadas,desocup,Outro,Micro_2251020,Micro 2251020,8316.54217839,1901.7939560011353,[4589.026 — 12044.058],4589.026024627775,12044.058332152224,22.867604290432443,Regular (*)
Pessoas_Desocupadas,Pessoas_Desocupadas,desocup,Outro,Micro_2251021,Micro 2251021,882.20721378,460.7548904926231,[-20.872 — 1785.287],-20.87237158554126,1785.2867991455412,52.22751336598384,Baixa
Pessoas_Desocupadas,Pessoas_Desocupadas,desocup,Outro,Micro_2251022,Micro 2251022,1270.44458272,628.0528632097064,[39.461 — 2501.428],39.460970828975405,2501.4281946110245,49.435675648681666,Baixa
Pessoas_Desocupadas,Pessoas_Desocupadas,desocup,Outro,Micro_2252011,Micro 2252011,9382.15768811,3853.411877666201,[1829.470 — 16934.845],1829.4704078842478,16934.844968335754,41.071702328661836,Baixa
Pessoas_Desocupadas,Pessoas_Desocupadas,desocup,Outro,Micro_2252012,Micro 2252012,2318.47823993,1014.8710996093844,[329.331 — 4307.626],329.33088469560676,4307.625595164393,43.7731561215785,Baixa
Pessoas_Desocupadas,Pessoas_Desocupadas,desocup,Outro,Micro_2252013,Micro 2252013,1665.83280486,489.1949867648239,[707.011 — 2624.655],707.010630800945,2624.654978919055,29.366391713359064,Regular (*)
Pessoas_Desocupadas,Pessoas_Desocupadas,desocup,Outro,Micro_2252020,Micro 2252020,8054.54294564,2758.881403042309,[2647.135 — 13461.950],2647.1353956770736,13461.950495602927,34.25248858516196,Baixa
Pessoas_Desocupadas,Pessoas_Desocupadas,desocup,Outro,Micro_2252021,Micro 2252021,1256.41637795,1353.351806863766,[-1396.153 — 3908.986],-1396.153163502981,3908.985919402981,107.71523124140805,Baixa
Pessoas_Desocupadas,Pessoas_Desocupadas,desocup,Outro,Micro_2252022,Micro 2252022,250.59554543,251.83684734931884,[-243.005 — 744.196],-243.0046753746649,744.1957662346649,100.49534077598581,Baixa
Pessoas_Desocupadas,Pessoas_Desocupadas,desocup,Outro,Micro_2253010,Micro 2253010,3513.38819197,1415.8917015516072,[738.240 — 6288.536],738.2404569288501,6288.53592701115,40.29989355539159,Baixa
Pessoas_Desocupadas,Pessoas_Desocupadas,desocup,Outro,Micro_2253011,Micro 2253011,7427.24806271,2737.2920267278237,[2062.156 — 12792.340],2062.155690323466,12792.340435096536,36.854727398576486,Baixa
Pessoas_Desocupadas,Pessoas_Desocupadas,desocup,Outro,Micro_2253012,Micro 2253012,2674.74269184,518.2046528436589,[1659.062 — 3690.424],1659.0615722664288,3690.4238114135715,19.3740001393247,Regular (*)
Pessoas_Desocupadas,Pessoas_Desocupadas,desocup,Outro,Micro_2253020,Micro 2253020,7079.52258161,2523.772801020965,[2132.928 — 12026.117],2132.927891608909,12026.117271611092,35.64891236559934,Baixa
Pessoas_Desocupadas,Pessoas_Desocupadas,desocup,Outro,Micro_2253021,Micro 2253021,2044.02994901,622.8243433581629,[823.294 — 3264.766],823.2942360280008,3264.7656619919994,30.470411828350162,Baixa
Pessoas_Desocupadas,Pessoas_Desocupadas,desocup,Outro,Micro_2253022,Micro 2253022,396.2484437,215.3096781237169,[-25.759 — 818.255],-25.75852542248515,818.2554128224851,54.33704069932651,Baixa
Pessoas_Desocupadas,Pessoas_Desocupadas,desocup,Outro,Micro_2254020,Micro 2254020,564.97727237,137.8986259107651,[294.696 — 835.259],294.6959655849004,835.2585791550996,24.40781827068898,Regular (*)
Pessoas_Desocupadas,Pessoas_Desocupadas,desocup,Zona,Zona_Rural,Zona Rural,36968.95994073,4970.8593939566645,[27226.076 — 46711.844],27226.075528574933,46711.84435288506,13.446035273716465,Boa (**)
Pessoas_Desocupadas,Pessoas_Desocupadas,desocup,Zona,Zona_Urbana,Zona Urbana,83577.81437066,7177.006682842708,[69510.881 — 97644.747],69510.88127228829,97644.7474690317,8.587215084392296,Boa (**)
Pessoas_Fora_Forca,Pessoas_Fora_Forca,fora_ft,Agregados nacionais,Brasil,Brasil,66480915.99625346,174843.4356073198,[66138222.862 — 66823609.130],66138222.86246312,66823609.130043805,0.2629979340494844,Excelente (***)
Pessoas_Fora_Forca,Pessoas_Fora_Forca,fora_ft,Agregados nacionais,Nordeste,Nordeste,21269998.82893296,112126.9337029792,[21050230.039 — 21489767.619],21050230.03887512,21489767.618990798,0.5271600370304497,Excelente (***)
Pessoas_Fora_Forca,Pessoas_Fora_Forca,fora_ft,Agregados nacionais,Piauí,Piauí,1292555.05090809,22972.78169976639,[1247528.399 — 1337581.703],1247528.398776548,1337581.7030396322,1.7773155335725752,Excelente (***)
Pessoas_Fora_Forca,Pessoas_Fora_Forca,fora_ft,Agregados nacionais,Teresina,Teresina,281230.82423599,9578.831048007349,[262456.315 — 300005.333],262456.3153818956,300005.33309008443,3.4060388202572836,Excelente (***)
Pessoas_Fora_Forca,Pessoas_Fora_Forca,fora_ft,Estrato administrativo,Admin_Capital,Capital,281230.82423599,9578.831048007349,[262456.315 — 300005.333],262456.3153818956,300005.33309008443,3.4060388202572836,Excelente (***)
Pessoas_Fora_Forca,Pessoas_Fora_Forca,fora_ft,Estrato administrativo,"Admin_Resto da RIDE (Região Integrada de Desenvolvimento Econômico, excluindo a capital)","Resto da RIDE (Região Integrada de Desenvolvimento Econômico, excluindo a capital)",83708.60095356,4955.198760402598,[73996.411 — 93420.791],73996.41138317091,93420.7905239491,5.919581385850244,Boa (**)
Pessoas_Fora_Forca,Pessoas_Fora_Forca,fora_ft,Estrato administrativo,"Admin_Resto da UF  (Unidade da Federação, excluindo a região metropolitana e a RIDE)","Resto da UF  (Unidade da Federação, excluindo a região metropolitana e a RIDE)",927615.62571854,19426.80182922822,[889539.094 — 965692.157],889539.0941332527,965692.1573038273,2.0942728098375913,Excelente (***)
Pessoas_Fora_Forca,Pessoas_Fora_Forca,fora_ft,Estrato agregado,Agreg_Alto Parnaíba e Chapadas Sul do Piauí,Alto Parnaíba e Chapadas Sul do Piauí,221110.32370621,14679.527181377653,[192338.450 — 249882.197],192338.4504307098,249882.1969817102,6.639005784678958,Boa (**)
Pessoas_Fora_Forca,Pessoas_Fora_Forca,fora_ft,Estrato agregado,Agreg_Baixo Parnaíba do Piauí,Baixo Parnaíba do Piauí,368445.04667737,17573.852061210793,[334000.297 — 402889.797],334000.2966373968,402889.79671734315,4.769734922396552,Excelente (***)
Pessoas_Fora_Forca,Pessoas_Fora_Forca,fora_ft,Estrato agregado,Agreg_Centro-Leste do Piauí,Centro-Leste do Piauí,338060.25533496,16053.557594442877,[306595.282 — 369525.228],306595.282449852,369525.22822006803,4.748726696232463,Excelente (***)
Pessoas_Fora_Forca,Pessoas_Fora_Forca,fora_ft,Estrato agregado,Agreg_Entorno metropolitano de Teresina (PI),Entorno metropolitano de Teresina (PI),83708.60095356,4955.198760402598,[73996.411 — 93420.791],73996.41138317091,93420.7905239491,5.919581385850244,Boa (**)
Pessoas_Fora_Forca,Pessoas_Fora_Forca,fora_ft,Estrato agregado,Agreg_Teresina,Teresina,281230.82423599,9578.831048007349,[262456.315 — 300005.333],262456.3153818956,300005.33309008443,3.4060388202572836,Excelente (***)
Pessoas_Fora_Forca,Pessoas_Fora_Forca,fora_ft,Outro,Micro_2210011,Micro 2210011,129066.79304282,6220.843842388449,[116873.939 — 141259.647],116873.93911173864,141259.64697390137,4.81986396014704,Excelente (***)
Pessoas_Fora_Forca,Pessoas_Fora_Forca,fora_ft,Outro,Micro_2210012,Micro 2210012,61510.84820812,8023.765573440488,[45784.268 — 77237.429],45784.267684176644,77237.42873206336,13.044472328348217,Boa (**)
Pessoas_Fora_Forca,Pessoas_Fora_Forca,fora_ft,Outro,Micro_2210013,Micro 2210013,25580.81780023,2580.314463445176,[20523.401 — 30638.234],20523.401451877457,30638.234148582545,10.086911542843545,Boa (**)
Pessoas_Fora_Forca,Pessoas_Fora_Forca,fora_ft,Outro,Micro_2210020,Micro 2210020,15941.08975495,1572.6859566805842,[12858.625 — 19023.554],12858.625279856056,19023.554230043945,9.865611328060156,Boa (**)
Pessoas_Fora_Forca,Pessoas_Fora_Forca,fora_ft,Outro,Micro_2210030,Micro 2210030,49131.27542987,4687.35055539822,[39944.068 — 58318.483],39944.06834128949,58318.48251845052,9.540461782004716,Boa (**)
Pessoas_Fora_Forca,Pessoas_Fora_Forca,fora_ft,Outro,Micro_2220010,Micro 2220010,48321.24450532,4015.869998506014,[40450.139 — 56192.350],40450.13930824821,56192.34970239179,8.31077518722408,Boa (**)
Pessoas_Fora_Forca,Pessoas_Fora_Forca,fora_ft,Outro,Micro_2220020,Micro 2220020,35387.35644824,4265.13484381537,[27027.692 — 43747.021],27027.69215436188,43747.020742118126,12.05270828877498,Boa (**)
Pessoas_Fora_Forca,Pessoas_Fora_Forca,fora_ft,Outro,Micro_2251011,Micro 2251011,46588.56713168,4910.374806275234,[36964.233 — 56212.902],36964.23251138054,56212.90175197946,10.539870849421773,Boa (**)
Pessoas_Fora_Forca,Pessoas_Fora_Forca,fora_ft,Outro,Micro_2251012,Micro 2251012,56906.13127964,7580.954875322425,[42047.460 — 71764.803],42047.45972400805,71764.80283527196,13.321859534026617,Boa (**)
Pessoas_Fora_Forca,Pessoas_Fora_Forca,fora_ft,Outro,Micro_2251013,Micro 2251013,63738.54972749,7465.782990222347,[49105.615 — 78371.484],49105.615066654194,78371.4843883258,11.713135962681633,Boa (**)
Pessoas_Fora_Forca,Pessoas_Fora_Forca,fora_ft,Outro,Micro_2251020,Micro 2251020,129250.34512802,10462.109372036022,[108744.611 — 149756.079],108744.6107588294,149756.0794972106,8.09445372209529,Boa (**)
Pessoas_Fora_Forca,Pessoas_Fora_Forca,fora_ft,Outro,Micro_2251021,Micro 2251021,29587.42810647,5501.634082074559,[18804.225 — 40370.631],18804.225305603864,40370.63090733613,18.59449919836559,Regular (*)
Pessoas_Fora_Forca,Pessoas_Fora_Forca,fora_ft,Outro,Micro_2251022,Micro 2251022,11989.23396166,3827.438524623044,[4487.454 — 19491.013],4487.454453398834,19491.013469921167,31.923962255325826,Baixa
Pessoas_Fora_Forca,Pessoas_Fora_Forca,fora_ft,Outro,Micro_2252011,Micro 2252011,131968.35790239,11436.391718787909,[109553.030 — 154383.686],109553.03013356571,154383.6856712143,8.666010474455401,Boa (**)
Pessoas_Fora_Forca,Pessoas_Fora_Forca,fora_ft,Outro,Micro_2252012,Micro 2252012,46555.3089375,4901.701177710971,[36947.975 — 56162.643],36947.974629186494,56162.6432458135,10.528769520768194,Boa (**)
Pessoas_Fora_Forca,Pessoas_Fora_Forca,fora_ft,Outro,Micro_2252013,Micro 2252013,17189.83519694,2535.7945611242617,[12219.678 — 22159.993],12219.677857136447,22159.99253674355,14.751709554351425,Boa (**)
Pessoas_Fora_Forca,Pessoas_Fora_Forca,fora_ft,Outro,Micro_2252020,Micro 2252020,132514.36240891,12801.116307829652,[107424.174 — 157604.550],107424.17444556388,157604.5503722561,9.660172735335843,Boa (**)
Pessoas_Fora_Forca,Pessoas_Fora_Forca,fora_ft,Outro,Micro_2252021,Micro 2252021,22500.98774284,3735.187538189695,[15180.020 — 29821.955],15180.020167988197,29821.9553176918,16.600104763748703,Regular (*)
Pessoas_Fora_Forca,Pessoas_Fora_Forca,fora_ft,Outro,Micro_2252022,Micro 2252022,17716.19448879,1100.0694074855246,[15560.058 — 19872.331],15560.058450118371,19872.33052746163,6.209400151830566,Boa (**)
Pessoas_Fora_Forca,Pessoas_Fora_Forca,fora_ft,Outro,Micro_2253010,Micro 2253010,26480.83068235,9863.491112013362,[7148.388 — 45813.273],7148.388102803809,45813.27326189619,37.24766503864841,Baixa
Pessoas_Fora_Forca,Pessoas_Fora_Forca,fora_ft,Outro,Micro_2253011,Micro 2253011,73633.94569247,9362.04560859806,[55284.336 — 91983.555],55284.336299617804,91983.55508532221,12.714306588564964,Boa (**)
Pessoas_Fora_Forca,Pessoas_Fora_Forca,fora_ft,Outro,Micro_2253012,Micro 2253012,19453.77700118,2317.4379102545704,[14911.599 — 23995.955],14911.59869708104,23995.955305278956,11.91253456906596,Boa (**)
Pessoas_Fora_Forca,Pessoas_Fora_Forca,fora_ft,Outro,Micro_2253020,Micro 2253020,73641.45375567,8127.310912592608,[57711.924 — 89570.983],57711.92436698848,89570.9831443515,11.03632600675927,Boa (**)
Pessoas_Fora_Forca,Pessoas_Fora_Forca,fora_ft,Outro,Micro_2253021,Micro 2253021,16754.83100722,2839.111654886629,[11190.172 — 22319.490],11190.172163642208,22319.489850797792,16.94503306934697,Regular (*)
Pessoas_Fora_Forca,Pessoas_Fora_Forca,fora_ft,Outro,Micro_2253022,Micro 2253022,4325.74617211,1562.5753382356495,[1263.099 — 7388.394],1263.0985091681268,7388.393835051873,36.12267747724692,Baixa
Pessoas_Fora_Forca,Pessoas_Fora_Forca,fora_ft,Outro,Micro_2254020,Micro 2254020,6819.73939521,578.0013670775174,[5686.857 — 7952.622],5686.856715738066,7952.6220746819345,8.475417220245834,Boa (**)
Pessoas_Fora_Forca,Pessoas_Fora_Forca,fora_ft,Zona,Zona_Rural,Zona Rural,496428.76837009,19187.661567886324,[458820.952 — 534036.585],458820.9516970328,534036.5850431472,3.86513892635284,Excelente (***)
Pessoas_Fora_Forca,Pessoas_Fora_Forca,fora_ft,Zona,Zona_Urbana,Zona Urbana,796126.282538,21616.858458066807,[753757.240 — 838495.325],753757.2399601891,838495.325115811,2.715254970499609,Excelente (***)
Pessoas_Forca_Trabalho,Pessoas_Forca_Trabalho,ft,Agregados nacionais,Brasil,Brasil,108918714.00375246,174843.4356480711,[108576020.870 — 109261407.138],108576020.86988224,109261407.13762267,0.1605265332475808,Excelente (***)
Pessoas_Forca_Trabalho,Pessoas_Forca_Trabalho,ft,Agregados nacionais,Nordeste,Nordeste,25161013.38794463,109697.08566563408,[24946007.100 — 25376019.676],24946007.10003999,25376019.675849274,0.43598039544064277,Excelente (***)
Pessoas_Forca_Trabalho,Pessoas_Forca_Trabalho,ft,Agregados nacionais,Piauí,Piauí,1450809.58390992,22274.53960377983,[1407151.486 — 1494467.682],1407151.4862865114,1494467.6815333285,1.5353179253027907,Excelente (***)
Pessoas_Forca_Trabalho,Pessoas_Forca_Trabalho,ft,Agregados nacionais,Teresina,Teresina,465381.40497474,10128.662877045668,[445529.226 — 485233.584],445529.2257357305,485233.5842137495,2.176421913031835,Excelente (***)
Pessoas_Forca_Trabalho,Pessoas_Forca_Trabalho,ft,Estrato administrativo,Admin_Capital,Capital,465381.40497474,10128.662877045668,[445529.226 — 485233.584],445529.2257357305,485233.5842137495,2.176421913031835,Excelente (***)
Pessoas_Forca_Trabalho,Pessoas_Forca_Trabalho,ft,Estrato administrativo,"Admin_Resto da RIDE (Região Integrada de Desenvolvimento Econômico, excluindo a capital)","Resto da RIDE (Região Integrada de Desenvolvimento Econômico, excluindo a capital)",94178.37403481,3643.8862600595353,[87036.357 — 101320.391],87036.3569650933,101320.39110452669,3.8691326935764367,Excelente (***)
Pessoas_Forca_Trabalho,Pessoas_Forca_Trabalho,ft,Estrato administrativo,"Admin_Resto da UF  (Unidade da Federação, excluindo a região metropolitana e a RIDE)","Resto da UF  (Unidade da Federação, excluindo a região metropolitana e a RIDE)",891249.80490037,19462.132023438244,[853104.026 — 929395.584],853104.026134431,929395.5836663089,2.1836899056167374,Excelente (***)
Pessoas_Forca_Trabalho,Pessoas_Forca_Trabalho,ft,Estrato agregado,Agreg_Alto Parnaíba e Chapadas Sul do Piauí,Alto Parnaíba e Chapadas Sul do Piauí,237296.62017494,16575.929390694906,[204807.799 — 269785.442],204807.79856917798,269785.44178070204,6.985320472948492,Boa (**)
Pessoas_Forca_Trabalho,Pessoas_Forca_Trabalho,ft,Estrato agregado,Agreg_Baixo Parnaíba do Piauí,Baixo Parnaíba do Piauí,344451.06691375,17297.16171814805,[310548.630 — 378353.504],310548.62994617986,378353.5038813202,5.021660078782462,Boa (**)
Pessoas_Forca_Trabalho,Pessoas_Forca_Trabalho,ft,Estrato agregado,Agreg_Centro-Leste do Piauí,Centro-Leste do Piauí,309502.11781168,14812.34486229692,[280469.922 — 338534.314],280469.92188157805,338534.313741782,4.785862199272463,Excelente (***)
Pessoas_Forca_Trabalho,Pessoas_Forca_Trabalho,ft,Estrato agregado,Agreg_Entorno metropolitano de Teresina (PI),Entorno metropolitano de Teresina (PI),94178.37403481,3643.8862600595353,[87036.357 — 101320.391],87036.3569650933,101320.39110452669,3.8691326935764367,Excelente (***)
Pessoas_Forca_Trabalho,Pessoas_Forca_Trabalho,ft,Estrato agregado,Agreg_Teresina,Teresina,465381.40497474,10128.662877045668,[445529.226 — 485233.584],445529.2257357305,485233.5842137495,2.176421913031835,Excelente (***)
Pessoas_Forca_Trabalho,Pessoas_Forca_Trabalho,ft,Outro,Micro_2210011,Micro 2210011,233484.50766037,11923.38239926337,[210114.678 — 256854.337],210114.6781578138,256854.3371629262,5.106712440470481,Boa (**)
Pessoas_Forca_Trabalho,Pessoas_Forca_Trabalho,ft,Outro,Micro_2210012,Micro 2210012,91890.5419627,9893.813692486368,[72498.667 — 111282.417],72498.66712542671,111282.41679997327,10.766955424533728,Boa (**)
Pessoas_Forca_Trabalho,Pessoas_Forca_Trabalho,ft,Outro,Micro_2210013,Micro 2210013,48388.78709494,5895.009092341772,[36834.569 — 59943.005],36834.56927395013,59943.00491592987,12.182593212711899,Boa (**)
Pessoas_Forca_Trabalho,Pessoas_Forca_Trabalho,ft,Outro,Micro_2210020,Micro 2210020,15811.03226913,1551.3019552764415,[12770.480 — 18851.584],12770.480436788175,18851.584101471824,9.811515964743531,Boa (**)
Pessoas_Forca_Trabalho,Pessoas_Forca_Trabalho,ft,Outro,Micro_2210030,Micro 2210030,75806.5359876,6005.258162222362,[64036.230 — 87576.842],64036.22998964417,87576.84198555583,7.921821098915097,Boa (**)
Pessoas_Forca_Trabalho,Pessoas_Forca_Trabalho,ft,Outro,Micro_2220010,Micro 2220010,67419.74148539,5374.430246446173,[56885.858 — 77953.625],56885.8582023555,77953.6247684245,7.971597232556615,Boa (**)
Pessoas_Forca_Trabalho,Pessoas_Forca_Trabalho,ft,Outro,Micro_2220020,Micro 2220020,26758.63254942,2937.2954750158888,[21001.533 — 32515.732],21001.533418388855,32515.731680451143,10.97700142034932,Boa (**)
Pessoas_Forca_Trabalho,Pessoas_Forca_Trabalho,ft,Outro,Micro_2251011,Micro 2251011,47095.09949504,4216.51906493614,[38830.722 — 55359.477],38830.72212776516,55359.476862314834,8.953201310000884,Boa (**)
Pessoas_Forca_Trabalho,Pessoas_Forca_Trabalho,ft,Outro,Micro_2251012,Micro 2251012,84128.2910534,10083.35198408173,[64364.921 — 103891.661],64364.92116459981,103891.6609422002,11.985685026790065,Boa (**)
Pessoas_Forca_Trabalho,Pessoas_Forca_Trabalho,ft,Outro,Micro_2251013,Micro 2251013,68937.71053367,7944.752754034848,[53365.995 — 84509.426],53365.9951357617,84509.42593157831,11.524538155578195,Boa (**)
Pessoas_Forca_Trabalho,Pessoas_Forca_Trabalho,ft,Outro,Micro_2251020,Micro 2251020,85478.91358689,7130.635402969415,[71502.868 — 99454.959],71502.86819706995,99454.95897671006,8.341981786795952,Boa (**)
Pessoas_Forca_Trabalho,Pessoas_Forca_Trabalho,ft,Outro,Micro_2251021,Micro 2251021,15000.20764667,4008.1303916718216,[7144.272 — 22856.143],7144.27207899323,22856.14321434677,26.720499382964302,Regular (*)
Pessoas_Forca_Trabalho,Pessoas_Forca_Trabalho,ft,Outro,Micro_2251022,Micro 2251022,8861.89549601,4444.720363367185,[150.244 — 17573.547],150.24358381031743,17573.547408209684,50.15541387695654,Baixa
Pessoas_Forca_Trabalho,Pessoas_Forca_Trabalho,ft,Outro,Micro_2252011,Micro 2252011,139265.05278212,11675.443172243113,[116381.184 — 162148.921],116381.18416452351,162148.92139971652,8.383613073776182,Boa (**)
Pessoas_Forca_Trabalho,Pessoas_Forca_Trabalho,ft,Outro,Micro_2252012,Micro 2252012,61989.73235585,6616.503088769967,[49021.386 — 74958.078],49021.38630186087,74958.07840983913,10.67354679124625,Boa (**)
Pessoas_Forca_Trabalho,Pessoas_Forca_Trabalho,ft,Outro,Micro_2252013,Micro 2252013,23750.49615019,2290.231987770852,[19261.641 — 28239.351],19261.64145415913,28239.35084622087,9.642880608843745,Boa (**)
Pessoas_Forca_Trabalho,Pessoas_Forca_Trabalho,ft,Outro,Micro_2252020,Micro 2252020,88559.81716151,9949.651776436782,[69058.500 — 108061.135],69058.49967969391,108061.13464332609,11.234950675531785,Boa (**)
Pessoas_Forca_Trabalho,Pessoas_Forca_Trabalho,ft,Outro,Micro_2252021,Micro 2252021,24067.53644521,8504.61986790924,[7398.482 — 40736.591],7398.481504107891,40736.59138631211,35.33647860997363,Baixa
Pessoas_Forca_Trabalho,Pessoas_Forca_Trabalho,ft,Outro,Micro_2252022,Micro 2252022,6818.43201887,3183.8718931997246,[578.043 — 13058.821],578.0431081985398,13058.82092954146,46.6950742397719,Baixa
Pessoas_Forca_Trabalho,Pessoas_Forca_Trabalho,ft,Outro,Micro_2253010,Micro 2253010,38059.81197775,11281.75173802017,[15947.579 — 60172.045],15947.578571230471,60172.045384269535,29.64216361503717,Regular (*)
Pessoas_Forca_Trabalho,Pessoas_Forca_Trabalho,ft,Outro,Micro_2253011,Micro 2253011,105965.48892129,11459.387376049366,[83505.090 — 128425.888],83505.08966423324,128425.88817834677,10.814263674620776,Boa (**)
Pessoas_Forca_Trabalho,Pessoas_Forca_Trabalho,ft,Outro,Micro_2253012,Micro 2253012,25045.05743653,2631.4641573705817,[19887.388 — 30202.727],19887.38768808366,30202.727184976342,10.506920034179693,Boa (**)
Pessoas_Forca_Trabalho,Pessoas_Forca_Trabalho,ft,Outro,Micro_2253020,Micro 2253020,46062.76059165,5401.428038180113,[35475.962 — 56649.560],35475.96163681698,56649.559546483026,11.726236050123433,Boa (**)
Pessoas_Forca_Trabalho,Pessoas_Forca_Trabalho,ft,Outro,Micro_2253021,Micro 2253021,11305.66068154,1170.8609483041662,[9010.773 — 13600.548],9010.773222863834,13600.548140216164,10.35641331617143,Boa (**)
Pessoas_Forca_Trabalho,Pessoas_Forca_Trabalho,ft,Outro,Micro_2253022,Micro 2253022,3482.51643766,891.128015837016,[1735.906 — 5229.127],1735.9055266194487,5229.127348700551,25.588623393140097,Regular (*)
Pessoas_Forca_Trabalho,Pessoas_Forca_Trabalho,ft,Outro,Micro_2254020,Micro 2254020,7375.32412852,709.6777040867909,[5984.356 — 8766.292],5984.35582850989,8766.29242853011,9.622325632340734,Boa (**)
Pessoas_Forca_Trabalho,Pessoas_Forca_Trabalho,ft,Zona,Zona_Rural,Zona Rural,339582.72901308,16154.68782659054,[307919.541 — 371245.917],307919.54087296256,371245.91715319746,4.757217151043125,Excelente (***)
Pessoas_Forca_Trabalho,Pessoas_Forca_Trabalho,ft,Zona,Zona_Urbana,Zona Urbana,1111226.85489684,22220.085050330053,[1067675.488 — 1154778.222],1067675.488198193,1154778.2215954869,1.9995993574500899,Excelente (***)
Pessoas_Idade_Trabalhar,Pessoas_Idade_Trabalhar,pit,Agregados nacionais,Brasil,Brasil,175399630.0000059,0.00299820298177973,[175399629.994 — 175399630.006],175399629.99412942,175399630.00588238,1.7093553628246704e-9,Excelente (***)
Pessoas_Idade_Trabalhar,Pessoas_Idade_Trabalhar,pit,Agregados nacionais,Nordeste,Nordeste,46431012.21687759,70832.0780904815,[46292181.344 — 46569843.090],46292181.343820244,46569843.08993493,0.1525533791071093,Excelente (***)
Pessoas_Idade_Trabalhar,Pessoas_Idade_Trabalhar,pit,Agregados nacionais,Piauí,Piauí,2743364.63481801,15487.731206970144,[2713008.682 — 2773720.588],2713008.6816523485,2773720.5879836716,0.5645524116774062,Excelente (***)
Pessoas_Idade_Trabalhar,Pessoas_Idade_Trabalhar,pit,Agregados nacionais,Teresina,Teresina,746612.22921073,7714.926745162277,[731490.973 — 761733.486],731490.9727902119,761733.485631248,1.0333244545589613,Excelente (***)
Pessoas_Idade_Trabalhar,Pessoas_Idade_Trabalhar,pit,Estrato administrativo,Admin_Capital,Capital,746612.22921073,7714.926745162277,[731490.973 — 761733.486],731490.9727902119,761733.485631248,1.0333244545589613,Excelente (***)
Pessoas_Idade_Trabalhar,Pessoas_Idade_Trabalhar,pit,Estrato administrativo,"Admin_Resto da RIDE (Região Integrada de Desenvolvimento Econômico, excluindo a capital)","Resto da RIDE (Região Integrada de Desenvolvimento Econômico, excluindo a capital)",177886.97498837,2727.69904542381,[172540.685 — 183233.265],172540.68485933932,183233.26511740068,1.5333888530074464,Excelente (***)
Pessoas_Idade_Trabalhar,Pessoas_Idade_Trabalhar,pit,Estrato administrativo,"Admin_Resto da UF  (Unidade da Federação, excluindo a região metropolitana e a RIDE)","Resto da UF  (Unidade da Federação, excluindo a região metropolitana e a RIDE)",1818865.43061891,13426.556365052871,[1792549.380 — 1845181.481],1792549.3801434063,1845181.4810944134,0.7381830529641867,Excelente (***)
Pessoas_Idade_Trabalhar,Pessoas_Idade_Trabalhar,pit,Estrato agregado,Agreg_Alto Parnaíba e Chapadas Sul do Piauí,Alto Parnaíba e Chapadas Sul do Piauí,458406.94388115,24289.843046330738,[410798.852 — 506015.036],410798.85151034174,506015.0362519582,5.298751114169052,Boa (**)
Pessoas_Idade_Trabalhar,Pessoas_Idade_Trabalhar,pit,Estrato agregado,Agreg_Baixo Parnaíba do Piauí,Baixo Parnaíba do Piauí,712896.11359112,26349.990236007223,[661250.133 — 764542.094],661250.1327285458,764542.0944536942,3.696189351246794,Excelente (***)
Pessoas_Idade_Trabalhar,Pessoas_Idade_Trabalhar,pit,Estrato agregado,Agreg_Centro-Leste do Piauí,Centro-Leste do Piauí,647562.37314664,19169.08224704301,[609990.972 — 685133.774],609990.9719424357,685133.7743508443,2.9601908699383594,Excelente (***)
Pessoas_Idade_Trabalhar,Pessoas_Idade_Trabalhar,pit,Estrato agregado,Agreg_Entorno metropolitano de Teresina (PI),Entorno metropolitano de Teresina (PI),177886.97498837,2727.69904542381,[172540.685 — 183233.265],172540.68485933932,183233.26511740068,1.5333888530074464,Excelente (***)
Pessoas_Idade_Trabalhar,Pessoas_Idade_Trabalhar,pit,Estrato agregado,Agreg_Teresina,Teresina,746612.22921073,7714.926745162277,[731490.973 — 761733.486],731490.9727902119,761733.485631248,1.0333244545589613,Excelente (***)
Pessoas_Idade_Trabalhar,Pessoas_Idade_Trabalhar,pit,Outro,Micro_2210011,Micro 2210011,362551.30070319,14273.84811082355,[334574.558 — 390528.043],334574.5584059758,390528.04300040414,3.937056102995236,Excelente (***)
Pessoas_Idade_Trabalhar,Pessoas_Idade_Trabalhar,pit,Outro,Micro_2210012,Micro 2210012,153401.39017082,14096.816818227451,[125771.629 — 181031.151],125771.6292070942,181031.1511345458,9.189497437102723,Boa (**)
Pessoas_Idade_Trabalhar,Pessoas_Idade_Trabalhar,pit,Outro,Micro_2210013,Micro 2210013,73969.60489517,7225.956102304864,[59806.731 — 88132.479],59806.73093465247,88132.47885568754,9.76881803349567,Boa (**)
Pessoas_Idade_Trabalhar,Pessoas_Idade_Trabalhar,pit,Outro,Micro_2210020,Micro 2210020,31752.12202408,2452.140197643467,[26945.927 — 36558.317],26945.927236698804,36558.3168114612,7.722760059261005,Boa (**)
Pessoas_Idade_Trabalhar,Pessoas_Idade_Trabalhar,pit,Outro,Micro_2210030,Micro 2210030,124937.81141747,8363.048743970578,[108546.236 — 141329.387],108546.23587928768,141329.38695565233,6.693769203324764,Boa (**)
Pessoas_Idade_Trabalhar,Pessoas_Idade_Trabalhar,pit,Outro,Micro_2220010,Micro 2220010,115740.98599071,6215.993619160391,[103557.638 — 127924.333],103557.63849715564,127924.33348426437,5.3706071068543695,Boa (**)
Pessoas_Idade_Trabalhar,Pessoas_Idade_Trabalhar,pit,Outro,Micro_2220020,Micro 2220020,62145.98899766,6727.18238762196,[48960.712 — 75331.266],48960.711517920965,75331.26647739904,10.824805423685929,Boa (**)
Pessoas_Idade_Trabalhar,Pessoas_Idade_Trabalhar,pit,Outro,Micro_2251011,Micro 2251011,93683.66662672,7741.467325893817,[78510.391 — 108856.943],78510.39066796812,108856.94258547189,8.263411974191277,Boa (**)
Pessoas_Idade_Trabalhar,Pessoas_Idade_Trabalhar,pit,Outro,Micro_2251012,Micro 2251012,141034.42233304,14229.384533236143,[113144.829 — 168924.016],113144.82864789717,168924.01601818285,10.089298979531918,Boa (**)
Pessoas_Idade_Trabalhar,Pessoas_Idade_Trabalhar,pit,Outro,Micro_2251013,Micro 2251013,132676.26026116,8250.346751317324,[116505.581 — 148846.940],116505.58062857804,148846.93989374195,6.218404660394661,Boa (**)
Pessoas_Idade_Trabalhar,Pessoas_Idade_Trabalhar,pit,Outro,Micro_2251020,Micro 2251020,214729.25871491001,12271.963040510193,[190676.211 — 238782.306],190676.21115551004,238782.30627431,5.715086576442445,Boa (**)
Pessoas_Idade_Trabalhar,Pessoas_Idade_Trabalhar,pit,Outro,Micro_2251021,Micro 2251021,44587.63575314,8972.25136657792,[27002.023 — 62173.248],27002.023074647273,62173.248431632725,20.122734060744783,Regular (*)
Pessoas_Idade_Trabalhar,Pessoas_Idade_Trabalhar,pit,Outro,Micro_2251022,Micro 2251022,20851.12945767,7938.194898791909,[5292.267 — 36409.991],5292.267456037858,36409.99145930214,38.07081489234089,Baixa
Pessoas_Idade_Trabalhar,Pessoas_Idade_Trabalhar,pit,Outro,Micro_2252011,Micro 2252011,271233.41068451,19061.187130386075,[233873.484 — 308593.337],233873.48390895332,308593.3374600667,7.027595561432302,Boa (**)
Pessoas_Idade_Trabalhar,Pessoas_Idade_Trabalhar,pit,Outro,Micro_2252012,Micro 2252012,108545.04129335,8741.81910118946,[91411.076 — 125679.007],91411.07585501866,125679.00673168135,8.053632848656925,Boa (**)
Pessoas_Idade_Trabalhar,Pessoas_Idade_Trabalhar,pit,Outro,Micro_2252013,Micro 2252013,40940.33134713,3758.6046220289945,[33573.466 — 48307.196],33573.46628795317,48307.19640630683,9.18068930649356,Boa (**)
Pessoas_Idade_Trabalhar,Pessoas_Idade_Trabalhar,pit,Outro,Micro_2252020,Micro 2252020,221074.17957042,17158.82091833938,[187442.891 — 254705.469],187442.89057047482,254705.4685703652,7.761567158897307,Boa (**)
Pessoas_Idade_Trabalhar,Pessoas_Idade_Trabalhar,pit,Outro,Micro_2252021,Micro 2252021,46568.52418805,11047.701101185146,[24915.030 — 68222.018],24915.030029727117,68222.01834637289,23.723537075328036,Regular (*)
Pessoas_Idade_Trabalhar,Pessoas_Idade_Trabalhar,pit,Outro,Micro_2252022,Micro 2252022,24534.62650766,3664.97044323037,[17351.284 — 31717.969],17351.284438928473,31717.968576391526,14.937950826706587,Boa (**)
Pessoas_Idade_Trabalhar,Pessoas_Idade_Trabalhar,pit,Outro,Micro_2253010,Micro 2253010,64540.6426601,19549.50425342027,[26223.614 — 102857.671],26223.614323396272,102857.67099680373,30.290222482563024,Baixa
Pessoas_Idade_Trabalhar,Pessoas_Idade_Trabalhar,pit,Outro,Micro_2253011,Micro 2253011,179599.43461376,14308.527798638082,[151554.720 — 207644.149],151554.72012842936,207644.14909909066,7.966911382215362,Boa (**)
Pessoas_Idade_Trabalhar,Pessoas_Idade_Trabalhar,pit,Outro,Micro_2253012,Micro 2253012,44498.83443771,3411.239665424895,[37812.805 — 51184.864],37812.80469347721,51184.864181942794,7.665907901924912,Boa (**)
Pessoas_Idade_Trabalhar,Pessoas_Idade_Trabalhar,pit,Outro,Micro_2253020,Micro 2253020,119704.21434732,9973.6774756972045,[100155.806 — 139252.622],100155.80649495347,139252.6221996865,8.33193512031141,Boa (**)
Pessoas_Idade_Trabalhar,Pessoas_Idade_Trabalhar,pit,Outro,Micro_2253021,Micro 2253021,28060.49168876,3386.61541802455,[21422.725 — 34698.258],21422.725469431884,34698.25790808812,12.068981027089782,Boa (**)
Pessoas_Idade_Trabalhar,Pessoas_Idade_Trabalhar,pit,Outro,Micro_2253022,Micro 2253022,7808.26260977,1569.5297825427083,[4731.984 — 10884.541],4731.984235986292,10884.540983553708,20.100883653411604,Regular (*)
Pessoas_Idade_Trabalhar,Pessoas_Idade_Trabalhar,pit,Outro,Micro_2254020,Micro 2254020,14195.06352373,1046.7935332463574,[12143.348 — 16246.779],12143.348198567139,16246.77884889286,7.3743490580117825,Boa (**)
Pessoas_Idade_Trabalhar,Pessoas_Idade_Trabalhar,pit,Zona,Zona_Rural,Zona Rural,836011.49738317,25425.764464654112,[786176.999 — 885845.996],786176.9990324479,885845.995733892,3.0413175589379122,Excelente (***)
Pessoas_Idade_Trabalhar,Pessoas_Idade_Trabalhar,pit,Zona,Zona_Urbana,Zona Urbana,1907353.13743484,27487.36749817845,[1853477.897 — 1961228.378],1853477.8971384102,1961228.3777312697,1.4411262895525285,Excelente (***)
Pessoas_Ocupadas,Pessoas_Ocupadas,ocup,Agregados nacionais,Brasil,Brasil,103057247.84635998,175381.8540639561,[102713499.412 — 103400996.280],102713499.41239463,103400996.28032534,0.1701790584641065,Excelente (***)
Pessoas_Ocupadas,Pessoas_Ocupadas,ocup,Agregados nacionais,Nordeste,Nordeste,23248643.16732726,113270.6541562106,[23026632.685 — 23470653.649],23026632.685181085,23470653.649473432,0.48721404230332366,Excelente (***)
Pessoas_Ocupadas,Pessoas_Ocupadas,ocup,Agregados nacionais,Piauí,Piauí,1330262.80959853,23324.556780656338,[1284546.678 — 1375978.941],1284546.6783084436,1375978.9408886163,1.7533796038164542,Excelente (***)
Pessoas_Ocupadas,Pessoas_Ocupadas,ocup,Agregados nacionais,Teresina,Teresina,432141.91391893,10691.454564411397,[411186.663 — 453097.165],411186.66297268367,453097.1648651763,2.474061001733129,Excelente (***)
Pessoas_Ocupadas,Pessoas_Ocupadas,ocup,Estrato administrativo,Admin_Capital,Capital,432141.91391893,10691.454564411397,[411186.663 — 453097.165],411186.66297268367,453097.1648651763,2.474061001733129,Excelente (***)
Pessoas_Ocupadas,Pessoas_Ocupadas,ocup,Estrato administrativo,"Admin_Resto da RIDE (Região Integrada de Desenvolvimento Econômico, excluindo a capital)","Resto da RIDE (Região Integrada de Desenvolvimento Econômico, excluindo a capital)",78775.20773421,2488.3117468247524,[73898.117 — 83652.299],73898.11671043347,83652.29875798651,3.158749838172936,Excelente (***)
Pessoas_Ocupadas,Pessoas_Ocupadas,ocup,Estrato administrativo,"Admin_Resto da UF  (Unidade da Federação, excluindo a região metropolitana e a RIDE)","Resto da UF  (Unidade da Federação, excluindo a região metropolitana e a RIDE)",819345.68794539,19907.5836970101,[780326.824 — 858364.552],780326.8238992502,858364.5519915298,2.4296928622314242,Excelente (***)
Pessoas_Ocupadas,Pessoas_Ocupadas,ocup,Estrato agregado,Agreg_Alto Parnaíba e Chapadas Sul do Piauí,Alto Parnaíba e Chapadas Sul do Piauí,213596.46298173,16102.05047440007,[182036.444 — 245156.482],182036.44405190586,245156.48191155415,7.538537974656144,Boa (**)
Pessoas_Ocupadas,Pessoas_Ocupadas,ocup,Estrato agregado,Agreg_Baixo Parnaíba do Piauí,Baixo Parnaíba do Piauí,321523.04331183,16034.893148480798,[290094.653 — 352951.434],290094.6527408077,352951.4338828524,4.987167632936751,Excelente (***)
Pessoas_Ocupadas,Pessoas_Ocupadas,ocup,Estrato agregado,Agreg_Centro-Leste do Piauí,Centro-Leste do Piauí,284226.18165183,13911.433151797131,[256959.773 — 311492.591],256959.7726743076,311492.5906293524,4.8944939100783795,Excelente (***)
Pessoas_Ocupadas,Pessoas_Ocupadas,ocup,Estrato agregado,Agreg_Entorno metropolitano de Teresina (PI),Entorno metropolitano de Teresina (PI),78775.20773421,2488.3117468247524,[73898.117 — 83652.299],73898.11671043347,83652.29875798651,3.158749838172936,Excelente (***)
Pessoas_Ocupadas,Pessoas_Ocupadas,ocup,Estrato agregado,Agreg_Teresina,Teresina,432141.91391893,10691.454564411397,[411186.663 — 453097.165],411186.66297268367,453097.1648651763,2.474061001733129,Excelente (***)
Pessoas_Ocupadas,Pessoas_Ocupadas,ocup,Outro,Micro_2210011,Micro 2210011,214633.73925491,11888.757169985798,[191331.775 — 237935.703],191331.77520173785,237935.70330808216,5.539090550841172,Boa (**)
Pessoas_Ocupadas,Pessoas_Ocupadas,ocup,Outro,Micro_2210012,Micro 2210012,88269.3886047,9963.54756992272,[68740.835 — 107797.942],68740.83536765147,107797.94184174853,11.28765898055875,Boa (**)
Pessoas_Ocupadas,Pessoas_Ocupadas,ocup,Outro,Micro_2210013,Micro 2210013,46067.28002564,5797.837191613955,[34703.519 — 57431.041],34703.519130076646,57431.040921203356,12.585586100127925,Boa (**)
Pessoas_Ocupadas,Pessoas_Ocupadas,ocup,Outro,Micro_2210020,Micro 2210020,14132.2492194,1275.6368165578056,[11632.001 — 16632.497],11632.001058946702,16632.4973798533,9.026424575124809,Boa (**)
Pessoas_Ocupadas,Pessoas_Ocupadas,ocup,Outro,Micro_2210030,Micro 2210030,69039.25681428,5563.688255559358,[58134.428 — 79944.086],58134.427833383656,79944.08579517635,8.058731383111544,Boa (**)
Pessoas_Ocupadas,Pessoas_Ocupadas,ocup,Outro,Micro_2220010,Micro 2220010,57191.22498519,3366.8906946801926,[50592.119 — 63790.331],50592.11922361682,63790.330746763175,5.887075675598955,Boa (**)
Pessoas_Ocupadas,Pessoas_Ocupadas,ocup,Outro,Micro_2220020,Micro 2220020,21583.98274902,2377.9544431051554,[16923.192 — 26244.773],16923.192040533897,26244.773457506104,11.01721804894013,Boa (**)
Pessoas_Ocupadas,Pessoas_Ocupadas,ocup,Outro,Micro_2251011,Micro 2251011,44184.38071907,4075.802138192688,[36195.809 — 52172.953],36195.808528212336,52172.95290992767,9.224531546808732,Boa (**)
Pessoas_Ocupadas,Pessoas_Ocupadas,ocup,Outro,Micro_2251012,Micro 2251012,79465.48016147,10065.609989626591,[59736.885 — 99194.076],59736.884581801874,99194.07574113812,12.66664464768068,Boa (**)
Pessoas_Ocupadas,Pessoas_Ocupadas,ocup,Outro,Micro_2251013,Micro 2251013,61704.49801661,7523.98065217549,[46957.496 — 76451.500],46957.49593834604,76451.50009487396,12.193569178944035,Boa (**)
Pessoas_Ocupadas,Pessoas_Ocupadas,ocup,Outro,Micro_2251020,Micro 2251020,77162.3714085,7185.531259766242,[63078.730 — 91246.013],63078.73013935816,91246.01267764183,9.312221914131975,Boa (**)
Pessoas_Ocupadas,Pessoas_Ocupadas,ocup,Outro,Micro_2251021,Micro 2251021,14118.00043289,4055.983468911793,[6168.273 — 22067.728],6168.272833822885,22067.728031957115,28.72916379477345,Regular (*)
Pessoas_Ocupadas,Pessoas_Ocupadas,ocup,Outro,Micro_2251022,Micro 2251022,7591.45091329,3858.0239145601704,[29.724 — 15153.178],29.724040752066685,15153.177785827935,50.820639672530945,Baixa
Pessoas_Ocupadas,Pessoas_Ocupadas,ocup,Outro,Micro_2252011,Micro 2252011,129882.89509401,10127.704498077996,[110032.594 — 149733.196],110032.59427777713,149733.19591024288,7.797566023414787,Boa (**)
Pessoas_Ocupadas,Pessoas_Ocupadas,ocup,Outro,Micro_2252012,Micro 2252012,59671.25411592,6391.127090712073,[47144.645 — 72197.863],47144.645018124334,72197.86321371567,10.710562707960502,Boa (**)
Pessoas_Ocupadas,Pessoas_Ocupadas,ocup,Outro,Micro_2252013,Micro 2252013,22084.66334533,2159.1685663082726,[17852.693 — 26316.634],17852.692955365783,26316.633735294214,9.776778267099319,Boa (**)
Pessoas_Ocupadas,Pessoas_Ocupadas,ocup,Outro,Micro_2252020,Micro 2252020,80505.27421587,9350.823812418825,[62177.660 — 98832.889],62177.6595435291,98832.8888882109,11.615169196672952,Boa (**)
Pessoas_Ocupadas,Pessoas_Ocupadas,ocup,Outro,Micro_2252021,Micro 2252021,22811.12006726,7245.358711993255,[8610.217 — 37012.023],8610.21699175322,37012.023142766775,31.762397859595964,Baixa
Pessoas_Ocupadas,Pessoas_Ocupadas,ocup,Outro,Micro_2252022,Micro 2252022,6567.83647344,3404.7565725873483,[-105.486 — 13241.159],-105.48640883120243,13241.159355711203,51.83984994687386,Baixa
Pessoas_Ocupadas,Pessoas_Ocupadas,ocup,Outro,Micro_2253010,Micro 2253010,34546.42378578,10074.091849067228,[14801.204 — 54291.644],14801.203761608238,54291.64380995177,29.161026656582393,Regular (*)
Pessoas_Ocupadas,Pessoas_Ocupadas,ocup,Outro,Micro_2253011,Micro 2253011,98538.24085858,11158.716667868694,[76667.156 — 120409.326],76667.15618955737,120409.32552760263,11.324249926364576,Boa (**)
Pessoas_Ocupadas,Pessoas_Ocupadas,ocup,Outro,Micro_2253012,Micro 2253012,22370.31474469,2681.853439313901,[17113.882 — 27626.747],17113.882003634753,27626.747485745247,11.988447502512175,Boa (**)
Pessoas_Ocupadas,Pessoas_Ocupadas,ocup,Outro,Micro_2253020,Micro 2253020,38983.23801004,5720.159804642291,[27771.725 — 50194.751],27771.724792941106,50194.751227138884,14.673382963131704,Boa (**)
Pessoas_Ocupadas,Pessoas_Ocupadas,ocup,Outro,Micro_2253021,Micro 2253021,9261.63073253,1685.9589554946049,[5957.151 — 12566.110],5957.151179760574,12566.110285299426,18.20369440527296,Regular (*)
Pessoas_Ocupadas,Pessoas_Ocupadas,ocup,Outro,Micro_2253022,Micro 2253022,3086.26799396,703.7966015320633,[1706.827 — 4465.709],1706.8266549571558,4465.709332962844,22.80413116778688,Regular (*)
Pessoas_Ocupadas,Pessoas_Ocupadas,ocup,Outro,Micro_2254020,Micro 2254020,6810.34685615,710.3032680579477,[5418.152 — 8202.541],5418.152450756423,8202.541261543578,10.429766398997975,Boa (**)
Pessoas_Ocupadas,Pessoas_Ocupadas,ocup,Zona,Zona_Rural,Zona Rural,302613.76907235,15298.061483583691,[272629.569 — 332597.970],272629.568564526,332597.969580174,5.055309125714691,Boa (**)
Pessoas_Ocupadas,Pessoas_Ocupadas,ocup,Zona,Zona_Urbana,Zona Urbana,1027649.04052618,21191.263740229148,[986114.164 — 1069183.917],986114.1635953308,1069183.917457029,2.0621109838606704,Excelente (***)
Pessoas_Subutilizadas,Pessoas_Subutilizadas,subutil,Agregados nacionais,Brasil,Brasil,14658722.92582126,137304.2103450844,[14389606.674 — 14927839.178],14389606.673544895,14927839.178097624,0.9366723898111464,Excelente (***)
Pessoas_Subutilizadas,Pessoas_Subutilizadas,subutil,Agregados nacionais,Nordeste,Nordeste,5864109.07571649,79191.31903658467,[5708894.090 — 6019324.061],5708894.090404784,6019324.061028196,1.3504407577362276,Excelente (***)
Pessoas_Subutilizadas,Pessoas_Subutilizadas,subutil,Agregados nacionais,Piauí,Piauí,429104.52918289,19593.56624648524,[390701.139 — 467507.919],390701.1393397789,467507.9190260011,4.566152280843021,Excelente (***)
Pessoas_Subutilizadas,Pessoas_Subutilizadas,subutil,Agregados nacionais,Teresina,Teresina,44087.81791647,3744.06505469109,[36749.450 — 51426.185],36749.450409275465,51426.18542366453,8.492289325329503,Boa (**)
Pessoas_Subutilizadas,Pessoas_Subutilizadas,subutil,Estrato administrativo,Admin_Capital,Capital,44087.81791647,3744.06505469109,[36749.450 — 51426.185],36749.450409275465,51426.18542366453,8.492289325329503,Boa (**)
Pessoas_Subutilizadas,Pessoas_Subutilizadas,subutil,Estrato administrativo,"Admin_Resto da RIDE (Região Integrada de Desenvolvimento Econômico, excluindo a capital)","Resto da RIDE (Região Integrada de Desenvolvimento Econômico, excluindo a capital)",25063.78782989,2840.485687195179,[19496.436 — 30631.140],19496.435882987447,30631.139776792552,11.333026382419888,Boa (**)
Pessoas_Subutilizadas,Pessoas_Subutilizadas,subutil,Estrato administrativo,"Admin_Resto da UF  (Unidade da Federação, excluindo a região metropolitana e a RIDE)","Resto da UF  (Unidade da Federação, excluindo a região metropolitana e a RIDE)",359952.92343653,18299.2864954956,[324086.322 — 395819.525],324086.32190535864,395819.52496770135,5.083799937166585,Boa (**)
Pessoas_Subutilizadas,Pessoas_Subutilizadas,subutil,Estrato agregado,Agreg_Alto Parnaíba e Chapadas Sul do Piauí,Alto Parnaíba e Chapadas Sul do Piauí,90221.05923988,11135.48264397844,[68395.513 — 112046.605],68395.51325768227,112046.60522207775,12.342442815231626,Boa (**)
Pessoas_Subutilizadas,Pessoas_Subutilizadas,subutil,Estrato agregado,Agreg_Baixo Parnaíba do Piauí,Baixo Parnaíba do Piauí,120484.63251829,15319.418656258733,[90458.572 — 150510.693],90458.57195202289,150510.69308455713,12.714832037964003,Boa (**)
Pessoas_Subutilizadas,Pessoas_Subutilizadas,subutil,Estrato agregado,Agreg_Centro-Leste do Piauí,Centro-Leste do Piauí,149247.23167836,9198.693328314215,[131217.793 — 167276.671],131217.79275486415,167276.67060185585,6.163392931895817,Boa (**)
Pessoas_Subutilizadas,Pessoas_Subutilizadas,subutil,Estrato agregado,Agreg_Entorno metropolitano de Teresina (PI),Entorno metropolitano de Teresina (PI),25063.78782989,2840.485687195179,[19496.436 — 30631.140],19496.435882987447,30631.139776792552,11.333026382419888,Boa (**)
Pessoas_Subutilizadas,Pessoas_Subutilizadas,subutil,Estrato agregado,Agreg_Teresina,Teresina,44087.81791647,3744.06505469109,[36749.450 — 51426.185],36749.450409275465,51426.18542366453,8.492289325329503,Boa (**)
Pessoas_Subutilizadas,Pessoas_Subutilizadas,subutil,Outro,Micro_2210011,Micro 2210011,24037.49664242,3311.4734218161516,[17547.009 — 30527.985],17547.008735660344,30527.984549179655,13.776282410258368,Boa (**)
Pessoas_Subutilizadas,Pessoas_Subutilizadas,subutil,Outro,Micro_2210012,Micro 2210012,4536.20273263,1398.0119576617749,[1796.099 — 7276.306],1796.0992956129217,7276.3061696470795,30.818992008570024,Baixa
Pessoas_Subutilizadas,Pessoas_Subutilizadas,subutil,Outro,Micro_2210013,Micro 2210013,3007.7282159300003,750.5409024563095,[1536.668 — 4478.788],1536.6680471156337,4478.788384744366,24.953747432403546,Regular (*)
Pessoas_Subutilizadas,Pessoas_Subutilizadas,subutil,Outro,Micro_2210020,Micro 2210020,3034.66838834,763.0863430926571,[1539.019 — 4530.318],1539.0191558783922,4530.317620801608,25.145625335032882,Regular (*)
Pessoas_Subutilizadas,Pessoas_Subutilizadas,subutil,Outro,Micro_2210030,Micro 2210030,9471.72193715,1177.9759637917623,[7162.889 — 11780.555],7162.889048118146,11780.554826181853,12.436766742185531,Boa (**)
Pessoas_Subutilizadas,Pessoas_Subutilizadas,subutil,Outro,Micro_2220010,Micro 2220010,15987.37476367,2934.713099963617,[10235.337 — 21739.412],10235.33708774131,21739.41243959869,18.356441525549975,Regular (*)
Pessoas_Subutilizadas,Pessoas_Subutilizadas,subutil,Outro,Micro_2220020,Micro 2220020,9076.41306622,2083.615239814627,[4992.527 — 13160.299],4992.527196183331,13160.29893625667,22.95637301445975,Regular (*)
Pessoas_Subutilizadas,Pessoas_Subutilizadas,subutil,Outro,Micro_2251011,Micro 2251011,14328.86352461,2569.7282176210956,[9292.196 — 19365.531],9292.196218072653,19365.53083114735,17.933929046135137,Regular (*)
Pessoas_Subutilizadas,Pessoas_Subutilizadas,subutil,Outro,Micro_2251012,Micro 2251012,25000.3197157,5163.994214926536,[14878.891 — 35121.748],14878.89105444399,35121.748376956006,20.65571270148033,Regular (*)
Pessoas_Subutilizadas,Pessoas_Subutilizadas,subutil,Outro,Micro_2251013,Micro 2251013,31044.13339333,3244.704796768028,[24684.512 — 37403.755],24684.511991664665,37403.75479499534,10.45190972367478,Boa (**)
Pessoas_Subutilizadas,Pessoas_Subutilizadas,subutil,Outro,Micro_2251020,Micro 2251020,60680.00675914,6611.377078027136,[47721.708 — 73638.306],47721.70768620681,73638.30583207318,10.895478479872267,Boa (**)
Pessoas_Subutilizadas,Pessoas_Subutilizadas,subutil,Outro,Micro_2251021,Micro 2251021,12389.2657462,2749.5335399309165,[7000.180 — 17778.351],7000.180007935404,17778.351484464598,22.192869184150364,Regular (*)
Pessoas_Subutilizadas,Pessoas_Subutilizadas,subutil,Outro,Micro_2251022,Micro 2251022,5804.64253938,1513.6405347941648,[2837.907 — 8771.378],2837.907091183437,8771.377987576563,26.076378080567185,Regular (*)
Pessoas_Subutilizadas,Pessoas_Subutilizadas,subutil,Outro,Micro_2252011,Micro 2252011,46567.75642938,11550.193566723492,[23929.377 — 69206.136],23929.377038601957,69206.13582015804,24.80298483831696,Regular (*)
Pessoas_Subutilizadas,Pessoas_Subutilizadas,subutil,Outro,Micro_2252012,Micro 2252012,11714.56278021,3121.2967338540934,[5596.821 — 17832.304],5596.821181855978,17832.304378564026,26.64458582378385,Regular (*)
Pessoas_Subutilizadas,Pessoas_Subutilizadas,subutil,Outro,Micro_2252013,Micro 2252013,7014.06931941,1236.31720418043,[4590.888 — 9437.251],4590.887599216358,9437.251039603643,17.626247302107142,Regular (*)
Pessoas_Subutilizadas,Pessoas_Subutilizadas,subutil,Outro,Micro_2252020,Micro 2252020,46848.66557546,8246.19954091363,[30686.114 — 63011.217],30686.114475269285,63011.216675650714,17.60178105314724,Regular (*)
Pessoas_Subutilizadas,Pessoas_Subutilizadas,subutil,Outro,Micro_2252021,Micro 2252021,6240.87566577,2608.730011071114,[1127.765 — 11353.986],1127.7648440706162,11353.986487469383,41.80070475333286,Baixa
Pessoas_Subutilizadas,Pessoas_Subutilizadas,subutil,Outro,Micro_2252022,Micro 2252022,2098.70274806,1136.2740865637709,[-128.394 — 4325.800],-128.39446160499074,4325.79995772499,54.141735298823065,Baixa
Pessoas_Subutilizadas,Pessoas_Subutilizadas,subutil,Outro,Micro_2253010,Micro 2253010,15310.94840042,5830.4775718456685,[3883.212 — 26738.684],3883.2123596024903,26738.68444123751,38.080446876078106,Baixa
Pessoas_Subutilizadas,Pessoas_Subutilizadas,subutil,Outro,Micro_2253011,Micro 2253011,29845.02356647,7193.345354172633,[15746.067 — 43943.980],15746.066672291641,43943.98046064836,24.10232760631539,Regular (*)
Pessoas_Subutilizadas,Pessoas_Subutilizadas,subutil,Outro,Micro_2253012,Micro 2253012,4895.40986347,831.2495194823283,[3266.161 — 6524.659],3266.160805284637,6524.658921655364,16.98018230680109,Regular (*)
Pessoas_Subutilizadas,Pessoas_Subutilizadas,subutil,Outro,Micro_2253020,Micro 2253020,29923.27756236,6425.579838424164,[17329.141 — 42517.414],17329.141079048637,42517.414045671365,21.473516144858394,Regular (*)
Pessoas_Subutilizadas,Pessoas_Subutilizadas,subutil,Outro,Micro_2253021,Micro 2253021,6290.43206746,327.30023947119946,[5648.924 — 6931.941],5648.9235980964495,6931.940536823551,5.203144012385135,Boa (**)
Pessoas_Subutilizadas,Pessoas_Subutilizadas,subutil,Outro,Micro_2253022,Micro 2253022,1376.81244924,156.84625148127986,[1069.394 — 1684.231],1069.3937963366914,1684.2311021433086,11.391983822332442,Boa (**)
Pessoas_Subutilizadas,Pessoas_Subutilizadas,subutil,Outro,Micro_2254020,Micro 2254020,2579.15533046,234.56595730747392,[2119.406 — 3038.905],2119.4060541373515,3038.904606782649,9.09468129108914,Boa (**)
Pessoas_Subutilizadas,Pessoas_Subutilizadas,subutil,Zona,Zona_Rural,Zona Rural,186342.91789809,12540.581483684187,[161763.378 — 210922.458],161763.378190069,210922.457606111,6.729840674998214,Boa (**)
Pessoas_Subutilizadas,Pessoas_Subutilizadas,subutil,Zona,Zona_Urbana,Zona Urbana,242761.6112848,16871.944624704098,[209692.600 — 275830.623],209692.59982037995,275830.62274922,6.950005206923134,Boa (**)
Proporcao_Ocupados_Escolarizados,Ocupados com Ensino Médio Completo ou Mais,"!is.na(medio_completo_ou_mais) & medio_completo_ou_mais == 1/VD4002 == ""Pessoas ocupadas""",Agregados nacionais,Brasil,Brasil,0.7327813715693663,0.00182331910033125,[0.729 — 0.736],0.729207666132717,0.7363550770060155,0.24882170468202894,Excelente (***)
Proporcao_Ocupados_Escolarizados,Ocupados com Ensino Médio Completo ou Mais,"!is.na(medio_completo_ou_mais) & medio_completo_ou_mais == 1/VD4002 == ""Pessoas ocupadas""",Agregados nacionais,Nordeste,Nordeste,0.6937079200855699,0.0035638028778002,[0.687 — 0.701],0.6867228664450815,0.7006929737260583,0.5137324765386273,Excelente (***)
Proporcao_Ocupados_Escolarizados,Ocupados com Ensino Médio Completo ou Mais,"!is.na(medio_completo_ou_mais) & medio_completo_ou_mais == 1/VD4002 == ""Pessoas ocupadas""",Agregados nacionais,Piauí,Piauí,0.6698990805637454,0.01016994841042118,[0.650 — 0.690],0.6499659816793198,0.6898321794481709,1.5181314179238437,Excelente (***)
Proporcao_Ocupados_Escolarizados,Ocupados com Ensino Médio Completo ou Mais,"!is.na(medio_completo_ou_mais) & medio_completo_ou_mais == 1/VD4002 == ""Pessoas ocupadas""",Agregados nacionais,Teresina,Teresina,0.840872655354786,0.01338374355224798,[0.815 — 0.867],0.8146405179923799,0.867104792717192,1.5916492785225642,Excelente (***)
Proporcao_Ocupados_Escolarizados,Ocupados com Ensino Médio Completo ou Mais,"!is.na(medio_completo_ou_mais) & medio_completo_ou_mais == 1/VD4002 == ""Pessoas ocupadas""",Estrato administrativo,Admin_Capital,Capital,0.840872655354786,0.01338374355224798,[0.815 — 0.867],0.8146405179923799,0.867104792717192,1.5916492785225642,Excelente (***)
Proporcao_Ocupados_Escolarizados,Ocupados com Ensino Médio Completo ou Mais,"!is.na(medio_completo_ou_mais) & medio_completo_ou_mais == 1/VD4002 == ""Pessoas ocupadas""",Estrato administrativo,"Admin_Resto da RIDE (Região Integrada de Desenvolvimento Econômico, excluindo a capital)","Resto da RIDE (Região Integrada de Desenvolvimento Econômico, excluindo a capital)",0.7199824458639847,0.02482426014805196,[0.671 — 0.769],0.6713268959738029,0.7686379957541666,3.4478979717710545,Excelente (***)
Proporcao_Ocupados_Escolarizados,Ocupados com Ensino Médio Completo ou Mais,"!is.na(medio_completo_ou_mais) & medio_completo_ou_mais == 1/VD4002 == ""Pessoas ocupadas""",Estrato administrativo,"Admin_Resto da UF  (Unidade da Federação, excluindo a região metropolitana e a RIDE)","Resto da UF  (Unidade da Federação, excluindo a região metropolitana e a RIDE)",0.5749084356010741,0.01491251103906221,[0.546 — 0.604],0.5456799139645121,0.604136957237636,2.5938932385765034,Excelente (***)
Proporcao_Ocupados_Escolarizados,Ocupados com Ensino Médio Completo ou Mais,"!is.na(medio_completo_ou_mais) & medio_completo_ou_mais == 1/VD4002 == ""Pessoas ocupadas""",Estrato agregado,Agreg_Alto Parnaíba e Chapadas Sul do Piauí,Alto Parnaíba e Chapadas Sul do Piauí,0.6092915056934335,0.02555044237032112,[0.559 — 0.659],0.5592126386476041,0.6593703727392629,4.193467680341647,Excelente (***)
Proporcao_Ocupados_Escolarizados,Ocupados com Ensino Médio Completo ou Mais,"!is.na(medio_completo_ou_mais) & medio_completo_ou_mais == 1/VD4002 == ""Pessoas ocupadas""",Estrato agregado,Agreg_Baixo Parnaíba do Piauí,Baixo Parnaíba do Piauí,0.5415110806052883,0.02657007194493402,[0.489 — 0.594],0.4894337395932176,0.593588421617359,4.906653417919837,Excelente (***)
Proporcao_Ocupados_Escolarizados,Ocupados com Ensino Médio Completo ou Mais,"!is.na(medio_completo_ou_mais) & medio_completo_ou_mais == 1/VD4002 == ""Pessoas ocupadas""",Estrato agregado,Agreg_Centro-Leste do Piauí,Centro-Leste do Piauí,0.5868493378744164,0.02338016609387036,[0.541 — 0.633],0.5410242123304305,0.6326744634184023,3.9840150759228816,Excelente (***)
Proporcao_Ocupados_Escolarizados,Ocupados com Ensino Médio Completo ou Mais,"!is.na(medio_completo_ou_mais) & medio_completo_ou_mais == 1/VD4002 == ""Pessoas ocupadas""",Estrato agregado,Agreg_Entorno metropolitano de Teresina (PI),Entorno metropolitano de Teresina (PI),0.7199824458639847,0.02482426014805196,[0.671 — 0.769],0.6713268959738029,0.7686379957541666,3.4478979717710545,Excelente (***)
Proporcao_Ocupados_Escolarizados,Ocupados com Ensino Médio Completo ou Mais,"!is.na(medio_completo_ou_mais) & medio_completo_ou_mais == 1/VD4002 == ""Pessoas ocupadas""",Estrato agregado,Agreg_Teresina,Teresina,0.840872655354786,0.01338374355224798,[0.815 — 0.867],0.8146405179923799,0.867104792717192,1.5916492785225642,Excelente (***)
Proporcao_Ocupados_Escolarizados,Ocupados com Ensino Médio Completo ou Mais,"!is.na(medio_completo_ou_mais) & medio_completo_ou_mais == 1/VD4002 == ""Pessoas ocupadas""",Outro,Micro_2210011,Micro 2210011,0.8640836955214968,0.02061895360940907,[0.824 — 0.904],0.823670546447055,0.9044968445959386,2.3862218111828857,Excelente (***)
Proporcao_Ocupados_Escolarizados,Ocupados com Ensino Médio Completo ou Mais,"!is.na(medio_completo_ou_mais) & medio_completo_ou_mais == 1/VD4002 == ""Pessoas ocupadas""",Outro,Micro_2210012,Micro 2210012,0.8883031552440704,0.0279811558551385,[0.833 — 0.943],0.833460089767999,0.9431462207201419,3.149955698114163,Excelente (***)
Proporcao_Ocupados_Escolarizados,Ocupados com Ensino Médio Completo ou Mais,"!is.na(medio_completo_ou_mais) & medio_completo_ou_mais == 1/VD4002 == ""Pessoas ocupadas""",Outro,Micro_2210013,Micro 2210013,0.9140802497660592,0.02398742567034638,[0.867 — 0.961],0.8670648954521802,0.9610956040799381,2.6242144140501327,Excelente (***)
Proporcao_Ocupados_Escolarizados,Ocupados com Ensino Médio Completo ou Mais,"!is.na(medio_completo_ou_mais) & medio_completo_ou_mais == 1/VD4002 == ""Pessoas ocupadas""",Outro,Micro_2210020,Micro 2210020,0.6742099885041885,0.03697894829657918,[0.602 — 0.747],0.6017312498428933,0.7466887271654836,5.484782030391034,Boa (**)
Proporcao_Ocupados_Escolarizados,Ocupados com Ensino Médio Completo ou Mais,"!is.na(medio_completo_ou_mais) & medio_completo_ou_mais == 1/VD4002 == ""Pessoas ocupadas""",Outro,Micro_2210030,Micro 2210030,0.6933378983532039,0.03538013078665553,[0.624 — 0.763],0.6239928420113591,0.7626829546950488,5.102869880716082,Boa (**)
Proporcao_Ocupados_Escolarizados,Ocupados com Ensino Médio Completo ou Mais,"!is.na(medio_completo_ou_mais) & medio_completo_ou_mais == 1/VD4002 == ""Pessoas ocupadas""",Outro,Micro_2220010,Micro 2220010,0.7849268041166239,0.03130223100746803,[0.724 — 0.846],0.7235744313419865,0.8462791768912612,3.9879171972852094,Excelente (***)
Proporcao_Ocupados_Escolarizados,Ocupados com Ensino Médio Completo ou Mais,"!is.na(medio_completo_ou_mais) & medio_completo_ou_mais == 1/VD4002 == ""Pessoas ocupadas""",Outro,Micro_2220020,Micro 2220020,0.5478989408160522,0.04165459634412359,[0.466 — 0.630],0.46625593198156995,0.6295419496505344,7.602605743694697,Boa (**)
Proporcao_Ocupados_Escolarizados,Ocupados com Ensino Médio Completo ou Mais,"!is.na(medio_completo_ou_mais) & medio_completo_ou_mais == 1/VD4002 == ""Pessoas ocupadas""",Outro,Micro_2251011,Micro 2251011,0.6548998981382365,0.05253725208294256,[0.552 — 0.758],0.551926884055669,0.7578729122208039,8.022180524427718,Boa (**)
Proporcao_Ocupados_Escolarizados,Ocupados com Ensino Médio Completo ou Mais,"!is.na(medio_completo_ou_mais) & medio_completo_ou_mais == 1/VD4002 == ""Pessoas ocupadas""",Outro,Micro_2251012,Micro 2251012,0.6986916048151005,0.05415756970601954,[0.593 — 0.805],0.5925427681913022,0.8048404414388988,7.751283875859882,Boa (**)
Proporcao_Ocupados_Escolarizados,Ocupados com Ensino Médio Completo ou Mais,"!is.na(medio_completo_ou_mais) & medio_completo_ou_mais == 1/VD4002 == ""Pessoas ocupadas""",Outro,Micro_2251013,Micro 2251013,0.6298691026697579,0.04785884643377239,[0.536 — 0.724],0.536065763659564,0.7236724416799518,7.598221000350434,Boa (**)
Proporcao_Ocupados_Escolarizados,Ocupados com Ensino Médio Completo ou Mais,"!is.na(medio_completo_ou_mais) & medio_completo_ou_mais == 1/VD4002 == ""Pessoas ocupadas""",Outro,Micro_2251020,Micro 2251020,0.4182198953147406,0.03718270217899572,[0.345 — 0.491],0.34534179904390894,0.4910979915855722,8.890706203972687,Boa (**)
Proporcao_Ocupados_Escolarizados,Ocupados com Ensino Médio Completo ou Mais,"!is.na(medio_completo_ou_mais) & medio_completo_ou_mais == 1/VD4002 == ""Pessoas ocupadas""",Outro,Micro_2251021,Micro 2251021,0.5102808990596758,0.05684789729502253,[0.399 — 0.622],0.3988590203614316,0.6217027777579199,11.140510530529253,Boa (**)
Proporcao_Ocupados_Escolarizados,Ocupados com Ensino Médio Completo ou Mais,"!is.na(medio_completo_ou_mais) & medio_completo_ou_mais == 1/VD4002 == ""Pessoas ocupadas""",Outro,Micro_2251022,Micro 2251022,0.5267760561263916,0.1231754075081166,[0.285 — 0.768],0.285352257410483,0.7681998548423001,23.382878943640257,Regular (*)
Proporcao_Ocupados_Escolarizados,Ocupados com Ensino Médio Completo ou Mais,"!is.na(medio_completo_ou_mais) & medio_completo_ou_mais == 1/VD4002 == ""Pessoas ocupadas""",Outro,Micro_2252011,Micro 2252011,0.6674561511186091,0.05094986194140637,[0.568 — 0.767],0.5675944217134526,0.7673178805237656,7.633439568429779,Boa (**)
Proporcao_Ocupados_Escolarizados,Ocupados com Ensino Médio Completo ou Mais,"!is.na(medio_completo_ou_mais) & medio_completo_ou_mais == 1/VD4002 == ""Pessoas ocupadas""",Outro,Micro_2252012,Micro 2252012,0.6153341348050181,0.04940637192790333,[0.518 — 0.712],0.5184976458263275,0.7121706237837087,8.029194080636987,Boa (**)
Proporcao_Ocupados_Escolarizados,Ocupados com Ensino Médio Completo ou Mais,"!is.na(medio_completo_ou_mais) & medio_completo_ou_mais == 1/VD4002 == ""Pessoas ocupadas""",Outro,Micro_2252013,Micro 2252013,0.5490881411363802,0.08564139442820737,[0.381 — 0.717],0.38123100805709376,0.7169452742156666,15.597021318101302,Regular (*)
Proporcao_Ocupados_Escolarizados,Ocupados com Ensino Médio Completo ou Mais,"!is.na(medio_completo_ou_mais) & medio_completo_ou_mais == 1/VD4002 == ""Pessoas ocupadas""",Outro,Micro_2252020,Micro 2252020,0.35557686385939913,0.03809106357326711,[0.281 — 0.430],0.2809183792557956,0.43023534846300265,10.712469635912232,Boa (**)
Proporcao_Ocupados_Escolarizados,Ocupados com Ensino Médio Completo ou Mais,"!is.na(medio_completo_ou_mais) & medio_completo_ou_mais == 1/VD4002 == ""Pessoas ocupadas""",Outro,Micro_2252021,Micro 2252021,0.31554620909785935,0.10296791096485748,[0.114 — 0.517],0.11372910360673869,0.51736331458898,32.63164252844006,Baixa
Proporcao_Ocupados_Escolarizados,Ocupados com Ensino Médio Completo ou Mais,"!is.na(medio_completo_ou_mais) & medio_completo_ou_mais == 1/VD4002 == ""Pessoas ocupadas""",Outro,Micro_2252022,Micro 2252022,0.41858406774248913,0.554212023374118,[-0.668 — 1.505],-0.6676714980707822,1.5048396335557603,132.401604858756,Baixa
Proporcao_Ocupados_Escolarizados,Ocupados com Ensino Médio Completo ou Mais,"!is.na(medio_completo_ou_mais) & medio_completo_ou_mais == 1/VD4002 == ""Pessoas ocupadas""",Outro,Micro_2253010,Micro 2253010,0.7520727003790323,0.06363754700454498,[0.627 — 0.877],0.6273431082501242,0.8768022925079404,8.461621725196606,Boa (**)
Proporcao_Ocupados_Escolarizados,Ocupados com Ensino Médio Completo ou Mais,"!is.na(medio_completo_ou_mais) & medio_completo_ou_mais == 1/VD4002 == ""Pessoas ocupadas""",Outro,Micro_2253011,Micro 2253011,0.6755766823640585,0.04454674041456941,[0.588 — 0.763],0.5882650711515025,0.7628882935766146,6.593883651917372,Boa (**)
Proporcao_Ocupados_Escolarizados,Ocupados com Ensino Médio Completo ou Mais,"!is.na(medio_completo_ou_mais) & medio_completo_ou_mais == 1/VD4002 == ""Pessoas ocupadas""",Outro,Micro_2253012,Micro 2253012,0.7277764671802167,0.06311839274627434,[0.604 — 0.851],0.604064417397519,0.8514885169629144,8.672771873323647,Boa (**)
Proporcao_Ocupados_Escolarizados,Ocupados com Ensino Médio Completo ou Mais,"!is.na(medio_completo_ou_mais) & medio_completo_ou_mais == 1/VD4002 == ""Pessoas ocupadas""",Outro,Micro_2253020,Micro 2253020,0.3689448744169429,0.05635507220189114,[0.258 — 0.479],0.25848893290123626,0.47940081593264955,15.274659199684267,Regular (*)
Proporcao_Ocupados_Escolarizados,Ocupados com Ensino Médio Completo ou Mais,"!is.na(medio_completo_ou_mais) & medio_completo_ou_mais == 1/VD4002 == ""Pessoas ocupadas""",Outro,Micro_2253021,Micro 2253021,0.3890058415593746,0.12425840710464624,[0.145 — 0.633],0.145459363634268,0.6325523194844812,31.942555568456793,Baixa
Proporcao_Ocupados_Escolarizados,Ocupados com Ensino Médio Completo ou Mais,"!is.na(medio_completo_ou_mais) & medio_completo_ou_mais == 1/VD4002 == ""Pessoas ocupadas""",Outro,Micro_2253022,Micro 2253022,0.3663781519922846,0.02400183154717074,[0.319 — 0.413],0.3193345621598299,0.41342174182473923,6.551108852057365,Boa (**)
Proporcao_Ocupados_Escolarizados,Ocupados com Ensino Médio Completo ou Mais,"!is.na(medio_completo_ou_mais) & medio_completo_ou_mais == 1/VD4002 == ""Pessoas ocupadas""",Outro,Micro_2254020,Micro 2254020,0.3221754205703372,0.05423866934617354,[0.216 — 0.428],0.21586762865183706,0.42848321248883736,16.835135731384007,Regular (*)
Proporcao_Ocupados_Escolarizados,Ocupados com Ensino Médio Completo ou Mais,"!is.na(medio_completo_ou_mais) & medio_completo_ou_mais == 1/VD4002 == ""Pessoas ocupadas""",Zona,Zona_Rural,Zona Rural,0.41211361137815106,0.019686768677648,[0.374 — 0.451],0.373527544769961,0.45069967798634114,4.777024619937542,Excelente (***)
Proporcao_Ocupados_Escolarizados,Ocupados com Ensino Médio Completo ou Mais,"!is.na(medio_completo_ou_mais) & medio_completo_ou_mais == 1/VD4002 == ""Pessoas ocupadas""",Zona,Zona_Urbana,Zona Urbana,0.7458096583641142,0.01134491151338276,[0.724 — 0.768],0.7235736317978839,0.7680456849303444,1.5211537402541955,Excelente (***)
Rendimento_Formal,Rendimento Médio — Setor Formal,VD4019_real,Agregados nacionais,Brasil,Brasil,4512.7869981760605,39.49748374990041,[4435.372 — 4590.202],4435.3719300262555,4590.202066325865,0.8752348330613469,Excelente (***)
Rendimento_Formal,Rendimento Médio — Setor Formal,VD4019_real,Agregados nacionais,Nordeste,Nordeste,3649.934675379274,64.80352437243987,[3522.920 — 3776.950],3522.9197676092917,3776.949583149256,1.7754707997809844,Excelente (***)
Rendimento_Formal,Rendimento Médio — Setor Formal,VD4019_real,Agregados nacionais,Piauí,Piauí,3674.680904015243,151.88492273715508,[3376.986 — 3972.375],3376.986455450419,3972.375352580067,4.133281955752778,Excelente (***)
Rendimento_Formal,Rendimento Médio — Setor Formal,VD4019_real,Agregados nacionais,Teresina,Teresina,4547.857155764295,320.56027252535165,[3919.559 — 5176.155],3919.559021614606,5176.155289913984,7.048600286819684,Boa (**)
Rendimento_Formal,Rendimento Médio — Setor Formal,VD4019_real,Estrato administrativo,Admin_Capital,Capital,4547.857155764295,320.56027252535165,[3919.559 — 5176.155],3919.559021614606,5176.155289913984,7.048600286819684,Boa (**)
Rendimento_Formal,Rendimento Médio — Setor Formal,VD4019_real,Estrato administrativo,"Admin_Resto da RIDE (Região Integrada de Desenvolvimento Econômico, excluindo a capital)","Resto da RIDE (Região Integrada de Desenvolvimento Econômico, excluindo a capital)",2674.9367537436747,290.2581303717761,[2106.031 — 3243.843],2106.030818214994,3243.8426892723555,10.851027784696177,Boa (**)
Rendimento_Formal,Rendimento Médio — Setor Formal,VD4019_real,Estrato administrativo,"Admin_Resto da UF  (Unidade da Federação, excluindo a região metropolitana e a RIDE)","Resto da UF  (Unidade da Federação, excluindo a região metropolitana e a RIDE)",3097.1935770972914,145.386010979967,[2812.237 — 3382.150],2812.236995576556,3382.1501586180266,4.694120898837188,Excelente (***)
Rendimento_Formal,Rendimento Médio — Setor Formal,VD4019_real,Estrato agregado,Agreg_Alto Parnaíba e Chapadas Sul do Piauí,Alto Parnaíba e Chapadas Sul do Piauí,3509.2992500485475,211.5186773682312,[3094.723 — 3923.876],3094.7226424068144,3923.8758576902806,6.027376473103714,Boa (**)
Rendimento_Formal,Rendimento Médio — Setor Formal,VD4019_real,Estrato agregado,Agreg_Baixo Parnaíba do Piauí,Baixo Parnaíba do Piauí,2780.6362764491323,142.40369296349007,[2501.525 — 3059.748],2501.5250382406916,3059.747514657573,5.121262862374051,Boa (**)
Rendimento_Formal,Rendimento Médio — Setor Formal,VD4019_real,Estrato agregado,Agreg_Centro-Leste do Piauí,Centro-Leste do Piauí,3049.8409381928113,364.02211404412526,[2336.358 — 3763.324],2336.357594666326,3763.324281719297,11.935773747591808,Boa (**)
Rendimento_Formal,Rendimento Médio — Setor Formal,VD4019_real,Estrato agregado,Agreg_Entorno metropolitano de Teresina (PI),Entorno metropolitano de Teresina (PI),2674.9367537436747,290.2581303717761,[2106.031 — 3243.843],2106.030818214994,3243.8426892723555,10.851027784696177,Boa (**)
Rendimento_Formal,Rendimento Médio — Setor Formal,VD4019_real,Estrato agregado,Agreg_Teresina,Teresina,4547.857155764295,320.56027252535165,[3919.559 — 5176.155],3919.559021614606,5176.155289913984,7.048600286819684,Boa (**)
Rendimento_Formal,Rendimento Médio — Setor Formal,VD4019_real,Outro,Micro_2210011,Micro 2210011,3968.358588392514,516.0274789302596,[2956.945 — 4979.772],2956.944729689205,4979.772447095823,13.003549639884984,Boa (**)
Rendimento_Formal,Rendimento Médio — Setor Formal,VD4019_real,Outro,Micro_2210012,Micro 2210012,5647.968996351267,739.8387923966378,[4197.885 — 7098.053],4197.884963253857,7098.053029448678,13.09920066619687,Boa (**)
Rendimento_Formal,Rendimento Médio — Setor Formal,VD4019_real,Outro,Micro_2210013,Micro 2210013,7587.547625373914,1093.2601771384386,[5444.758 — 9730.338],5444.757678182575,9730.337572565255,14.40861041164882,Boa (**)
Rendimento_Formal,Rendimento Médio — Setor Formal,VD4019_real,Outro,Micro_2210020,Micro 2210020,2509.7024760861827,310.4101477420603,[1901.299 — 3118.106],1901.2985865117446,3118.106365660621,12.36840425109422,Boa (**)
Rendimento_Formal,Rendimento Médio — Setor Formal,VD4019_real,Outro,Micro_2210030,Micro 2210030,2896.8988789916903,183.175512055777,[2537.875 — 3255.923],2537.874875362367,3255.9228826210133,6.32315865024374,Boa (**)
Rendimento_Formal,Rendimento Médio — Setor Formal,VD4019_real,Outro,Micro_2220010,Micro 2220010,2861.1661959206526,361.6959259173414,[2152.242 — 3570.090],2152.2421811226636,3570.0902107186416,12.641555965292559,Boa (**)
Rendimento_Formal,Rendimento Médio — Setor Formal,VD4019_real,Outro,Micro_2220020,Micro 2220020,1785.3364063887032,97.0932109031314,[1595.034 — 1975.639],1595.0337130185655,1975.6390997588408,5.438370637359438,Boa (**)
Rendimento_Formal,Rendimento Médio — Setor Formal,VD4019_real,Outro,Micro_2251011,Micro 2251011,4192.030502366057,1457.0440837419835,[1336.224 — 7047.837],1336.224098231769,7047.836906500344,34.75747809849194,Baixa
Rendimento_Formal,Rendimento Médio — Setor Formal,VD4019_real,Outro,Micro_2251012,Micro 2251012,3690.597252987266,610.2926486084343,[2494.424 — 4886.771],2494.423661714735,4886.770844259798,16.53641963003271,Regular (*)
Rendimento_Formal,Rendimento Médio — Setor Formal,VD4019_real,Outro,Micro_2251013,Micro 2251013,2612.6096215976404,380.01619018983155,[1867.778 — 3357.441],1867.7778888255707,3357.44135436971,14.545463931861635,Boa (**)
Rendimento_Formal,Rendimento Médio — Setor Formal,VD4019_real,Outro,Micro_2251020,Micro 2251020,1914.05539368654,149.90327599811943,[1620.245 — 2207.866],1620.2449727302258,2207.865814642854,7.831710434952475,Boa (**)
Rendimento_Formal,Rendimento Médio — Setor Formal,VD4019_real,Outro,Micro_2251021,Micro 2251021,1792.358800858054,429.9504628132626,[949.656 — 2635.062],949.6558937440594,2635.0617079720487,23.987968402723432,Regular (*)
Rendimento_Formal,Rendimento Médio — Setor Formal,VD4019_real,Outro,Micro_2251022,Micro 2251022,2183.6784944954675,450.9523119660389,[1299.812 — 3067.545],1299.8119630420313,3067.5450259489035,20.651039660956595,Regular (*)
Rendimento_Formal,Rendimento Médio — Setor Formal,VD4019_real,Outro,Micro_2252011,Micro 2252011,2699.481109052331,230.25898755110543,[2248.173 — 3150.789],2248.173493452164,3150.7887246524974,8.529749913009736,Boa (**)
Rendimento_Formal,Rendimento Médio — Setor Formal,VD4019_real,Outro,Micro_2252012,Micro 2252012,3447.247502027842,335.4934384485247,[2789.680 — 4104.815],2789.680362668734,4104.814641386951,9.73221209823695,Boa (**)
Rendimento_Formal,Rendimento Médio — Setor Formal,VD4019_real,Outro,Micro_2252013,Micro 2252013,3189.388847339423,600.6157247498239,[2012.182 — 4366.596],2012.1820268297683,4366.595667849078,18.831686993915948,Regular (*)
Rendimento_Formal,Rendimento Médio — Setor Formal,VD4019_real,Outro,Micro_2252020,Micro 2252020,2068.7368986602905,210.6449991522749,[1655.873 — 2481.601],1655.8727003218319,2481.601096998749,10.182300092809681,Boa (**)
Rendimento_Formal,Rendimento Médio — Setor Formal,VD4019_real,Outro,Micro_2252021,Micro 2252021,2497.324957051877,398.2617765184297,[1716.732 — 3277.918],1716.7318750757547,3277.918039027999,15.94753519736505,Regular (*)
Rendimento_Formal,Rendimento Médio — Setor Formal,VD4019_real,Outro,Micro_2252022,Micro 2252022,2794.9127761753143,1904.1510017787305,[-937.223 — 6527.049],-937.2231873109972,6527.048739661626,68.12917447765426,Baixa
Rendimento_Formal,Rendimento Médio — Setor Formal,VD4019_real,Outro,Micro_2253010,Micro 2253010,4128.5743276601515,900.1160265066337,[2364.347 — 5892.802],2364.3469157071495,5892.801739613154,21.802102979620326,Regular (*)
Rendimento_Formal,Rendimento Médio — Setor Formal,VD4019_real,Outro,Micro_2253011,Micro 2253011,3427.6032767503743,307.3427264260683,[2825.212 — 4029.995],2825.2115329552807,4029.995020545468,8.966694847994553,Boa (**)
Rendimento_Formal,Rendimento Médio — Setor Formal,VD4019_real,Outro,Micro_2253012,Micro 2253012,3976.0602764186233,497.4987045074662,[3000.963 — 4951.158],3000.9628155839896,4951.157737253257,12.512353181817975,Boa (**)
Rendimento_Formal,Rendimento Médio — Setor Formal,VD4019_real,Outro,Micro_2253020,Micro 2253020,2989.356598327197,455.72466542316647,[2096.136 — 3882.577],2096.1362540977907,3882.576942556603,15.24490807413822,Regular (*)
Rendimento_Formal,Rendimento Médio — Setor Formal,VD4019_real,Outro,Micro_2253021,Micro 2253021,2294.101359327118,514.63470487244,[1285.417 — 3302.785],1285.4173377771358,3302.7853808771006,22.432954096822787,Regular (*)
Rendimento_Formal,Rendimento Médio — Setor Formal,VD4019_real,Outro,Micro_2253022,Micro 2253022,1654.6979342661066,41.5233418685507,[1573.312 — 1736.084],1573.3121842037472,1736.083684328466,2.5094212670886775,Excelente (***)
Rendimento_Formal,Rendimento Médio — Setor Formal,VD4019_real,Outro,Micro_2254020,Micro 2254020,2560.50579663444,419.3827517300552,[1738.516 — 3382.496],1738.5156032435316,3382.495990025348,16.378902648113396,Regular (*)
Rendimento_Formal,Rendimento Médio — Setor Formal,VD4019_real,Zona,Zona_Rural,Zona Rural,2226.3084219213088,119.97415713992086,[1991.159 — 2461.458],1991.159073927064,2461.457769915554,5.388927965173078,Boa (**)
Rendimento_Formal,Rendimento Médio — Setor Formal,VD4019_real,Zona,Zona_Urbana,Zona Urbana,3917.3490059757146,173.1745947607527,[3577.927 — 4256.771],3577.9268002446393,4256.7712117067895,4.420708864504638,Excelente (***)
Rendimento_Informal,Rendimento Médio — Setor Informal,VD4019_real,Agregados nacionais,Brasil,Brasil,2399.0185475765466,22.29974857807007,[2355.311 — 2442.726],2355.311040363529,2442.726054789564,0.9295363139479247,Excelente (***)
Rendimento_Informal,Rendimento Médio — Setor Informal,VD4019_real,Agregados nacionais,Nordeste,Nordeste,1549.3214686166602,21.500437377377963,[1507.181 — 1591.462],1507.1806113569994,1591.462325876321,1.3877324888923805,Excelente (***)
Rendimento_Informal,Rendimento Médio — Setor Informal,VD4019_real,Agregados nacionais,Piauí,Piauí,1352.8084682388526,45.89687653943704,[1262.851 — 1442.766],1262.850590221556,1442.766346256149,3.392710617726076,Excelente (***)
Rendimento_Informal,Rendimento Médio — Setor Informal,VD4019_real,Agregados nacionais,Teresina,Teresina,2142.380857126193,141.10743166032194,[1865.810 — 2418.951],1865.810291071962,2418.951423180424,6.586477431916777,Boa (**)
Rendimento_Informal,Rendimento Médio — Setor Informal,VD4019_real,Estrato administrativo,Admin_Capital,Capital,2142.380857126193,141.10743166032194,[1865.810 — 2418.951],1865.810291071962,2418.951423180424,6.586477431916777,Boa (**)
Rendimento_Informal,Rendimento Médio — Setor Informal,VD4019_real,Estrato administrativo,"Admin_Resto da RIDE (Região Integrada de Desenvolvimento Econômico, excluindo a capital)","Resto da RIDE (Região Integrada de Desenvolvimento Econômico, excluindo a capital)",1276.0706529455174,94.89718045414205,[1090.072 — 1462.069],1090.072179255399,1462.0691266356357,7.4366713343883895,Boa (**)
Rendimento_Informal,Rendimento Médio — Setor Informal,VD4019_real,Estrato administrativo,"Admin_Resto da UF  (Unidade da Federação, excluindo a região metropolitana e a RIDE)","Resto da UF  (Unidade da Federação, excluindo a região metropolitana e a RIDE)",1082.5771847250307,37.24096181076243,[1009.585 — 1155.569],1009.5848995759363,1155.5694698741252,3.440028326499551,Excelente (***)
Rendimento_Informal,Rendimento Médio — Setor Informal,VD4019_real,Estrato agregado,Agreg_Alto Parnaíba e Chapadas Sul do Piauí,Alto Parnaíba e Chapadas Sul do Piauí,1277.1404389554543,92.93490613825604,[1094.988 — 1459.293],1094.9880229244725,1459.2928549864362,7.276796137961577,Boa (**)
Rendimento_Informal,Rendimento Médio — Setor Informal,VD4019_real,Estrato agregado,Agreg_Baixo Parnaíba do Piauí,Baixo Parnaíba do Piauí,932.0490339676376,42.073641564143934,[849.585 — 1014.513],849.5846965019155,1014.5133714333597,4.514101729717023,Excelente (***)
Rendimento_Informal,Rendimento Médio — Setor Informal,VD4019_real,Estrato agregado,Agreg_Centro-Leste do Piauí,Centro-Leste do Piauí,1141.6705398706608,69.8274691669812,[1004.809 — 1278.532],1004.8087003033777,1278.532379437944,6.116253921634162,Boa (**)
Rendimento_Informal,Rendimento Médio — Setor Informal,VD4019_real,Estrato agregado,Agreg_Entorno metropolitano de Teresina (PI),Entorno metropolitano de Teresina (PI),1276.0706529455174,94.89718045414205,[1090.072 — 1462.069],1090.072179255399,1462.0691266356357,7.4366713343883895,Boa (**)
Rendimento_Informal,Rendimento Médio — Setor Informal,VD4019_real,Estrato agregado,Agreg_Teresina,Teresina,2142.380857126193,141.10743166032194,[1865.810 — 2418.951],1865.810291071962,2418.951423180424,6.586477431916777,Boa (**)
Rendimento_Informal,Rendimento Médio — Setor Informal,VD4019_real,Outro,Micro_2210011,Micro 2210011,2095.8359617882916,249.9089450706358,[1606.014 — 2585.657],1606.0144294498455,2585.6574941267377,11.924069899888476,Boa (**)
Rendimento_Informal,Rendimento Médio — Setor Informal,VD4019_real,Outro,Micro_2210012,Micro 2210012,2802.6009383716755,339.4027023437599,[2137.372 — 3467.830],2137.371641777906,3467.830234965445,12.110275769084502,Boa (**)
Rendimento_Informal,Rendimento Médio — Setor Informal,VD4019_real,Outro,Micro_2210013,Micro 2210013,2932.3654934637384,564.8851580130665,[1825.191 — 4039.540],1825.190583758128,4039.540403169349,19.263804572526826,Regular (*)
Rendimento_Informal,Rendimento Médio — Setor Informal,VD4019_real,Outro,Micro_2210020,Micro 2210020,1409.3017624848026,109.79547872254804,[1194.103 — 1624.501],1194.1026241886084,1624.5009007809967,7.790771405051161,Boa (**)
Rendimento_Informal,Rendimento Médio — Setor Informal,VD4019_real,Outro,Micro_2210030,Micro 2210030,1398.7378156250977,70.97481478417204,[1259.627 — 1537.848],1259.6271786481204,1537.848452602075,5.074204328454028,Boa (**)
Rendimento_Informal,Rendimento Médio — Setor Informal,VD4019_real,Outro,Micro_2220010,Micro 2220010,1404.7580996044878,140.0676016730799,[1130.226 — 1679.291],1130.2256003252512,1679.2905988837244,9.97094102625329,Boa (**)
Rendimento_Informal,Rendimento Médio — Setor Informal,VD4019_real,Outro,Micro_2220020,Micro 2220020,1043.826158278236,73.4455647327535,[899.873 — 1187.779],899.8728514020393,1187.779465154433,7.036187410162246,Boa (**)
Rendimento_Informal,Rendimento Médio — Setor Informal,VD4019_real,Outro,Micro_2251011,Micro 2251011,1393.2926189938207,110.14923636900326,[1177.400 — 1609.185],1177.4001157105743,1609.1851222770672,7.905678596686212,Boa (**)
Rendimento_Informal,Rendimento Médio — Setor Informal,VD4019_real,Outro,Micro_2251012,Micro 2251012,1526.2900062800538,237.72967030762783,[1060.340 — 1992.240],1060.3398524771032,1992.2401600830044,15.575655303347876,Regular (*)
Rendimento_Informal,Rendimento Médio — Setor Informal,VD4019_real,Outro,Micro_2251013,Micro 2251013,1105.2980735612382,119.7906264589202,[870.508 — 1340.088],870.5084457017546,1340.0877014207217,10.837857164896551,Boa (**)
Rendimento_Informal,Rendimento Médio — Setor Informal,VD4019_real,Outro,Micro_2251020,Micro 2251020,826.4551663087177,84.75995445400967,[660.326 — 992.585],660.3256555788587,992.5846770385767,10.25584422595866,Boa (**)
Rendimento_Informal,Rendimento Médio — Setor Informal,VD4019_real,Outro,Micro_2251021,Micro 2251021,954.2512151139132,112.56803136173647,[733.618 — 1174.885],733.6178736449097,1174.8845565829167,11.79647765481742,Boa (**)
Rendimento_Informal,Rendimento Médio — Setor Informal,VD4019_real,Outro,Micro_2251022,Micro 2251022,711.908438622769,54.9549579786444,[604.197 — 819.620],604.196720984626,819.620156260912,7.719385667763423,Boa (**)
Rendimento_Informal,Rendimento Médio — Setor Informal,VD4019_real,Outro,Micro_2252011,Micro 2252011,931.0950708749052,66.79340695300638,[800.180 — 1062.010],800.1799932470127,1062.0101485027976,7.17363984004811,Boa (**)
Rendimento_Informal,Rendimento Médio — Setor Informal,VD4019_real,Outro,Micro_2252012,Micro 2252012,1217.0354897813593,81.55527049629005,[1057.187 — 1376.884],1057.1871596086307,1376.8838199540878,6.701141518144345,Boa (**)
Rendimento_Informal,Rendimento Médio — Setor Informal,VD4019_real,Outro,Micro_2252013,Micro 2252013,1265.6894908067975,179.9239033528285,[913.039 — 1618.340],913.0386402352536,1618.3403413783412,14.215485287638622,Boa (**)
Rendimento_Informal,Rendimento Médio — Setor Informal,VD4019_real,Outro,Micro_2252020,Micro 2252020,731.4260899831016,62.65354501345694,[608.625 — 854.227],608.6251417567261,854.2270382094772,8.565943418138728,Boa (**)
Rendimento_Informal,Rendimento Médio — Setor Informal,VD4019_real,Outro,Micro_2252021,Micro 2252021,738.1289433648756,78.31483426072019,[584.632 — 891.626],584.631868213864,891.6260185158872,10.609912396025258,Boa (**)
Rendimento_Informal,Rendimento Médio — Setor Informal,VD4019_real,Outro,Micro_2252022,Micro 2252022,1316.0906980964312,543.8218652251271,[250.200 — 2381.982],250.19984225518215,2381.9815539376805,41.32100211723256,Baixa
Rendimento_Informal,Rendimento Médio — Setor Informal,VD4019_real,Outro,Micro_2253010,Micro 2253010,1609.2576085297246,360.54963637801853,[902.580 — 2315.935],902.5803212288083,2315.934895830641,22.40471845321456,Regular (*)
Rendimento_Informal,Rendimento Médio — Setor Informal,VD4019_real,Outro,Micro_2253011,Micro 2253011,1481.0323696528887,182.45954228513017,[1123.412 — 1838.653],1123.4116667740336,1838.6530725317439,12.31975384359043,Boa (**)
Rendimento_Informal,Rendimento Médio — Setor Informal,VD4019_real,Outro,Micro_2253012,Micro 2253012,1469.3870097179547,189.88036529705977,[1097.221 — 1841.553],1097.2214937357176,1841.5525257001918,12.922420304607623,Boa (**)
Rendimento_Informal,Rendimento Médio — Setor Informal,VD4019_real,Outro,Micro_2253020,Micro 2253020,822.7648846805591,111.20193024723405,[604.809 — 1040.721],604.8091013959804,1040.7206679651379,13.515638831670426,Boa (**)
Rendimento_Informal,Rendimento Médio — Setor Informal,VD4019_real,Outro,Micro_2253021,Micro 2253021,1038.002080591084,342.47087334855763,[366.759 — 1709.245],366.759168827911,1709.244992354257,32.99327426719026,Baixa
Rendimento_Informal,Rendimento Médio — Setor Informal,VD4019_real,Outro,Micro_2253022,Micro 2253022,1225.3618819715036,279.21965076933685,[678.091 — 1772.632],678.0913664636034,1772.6323974794038,22.786709369488143,Regular (*)
Rendimento_Informal,Rendimento Médio — Setor Informal,VD4019_real,Outro,Micro_2254020,Micro 2254020,904.177164482028,63.58775777002032,[779.545 — 1028.809],779.5451592527883,1028.809169711268,7.032665750461366,Boa (**)
Rendimento_Informal,Rendimento Médio — Setor Informal,VD4019_real,Zona,Zona_Rural,Zona Rural,855.1063782912864,34.683719434522196,[787.126 — 923.086],787.1262881996229,923.08646838295,4.056070719976248,Excelente (***)
Rendimento_Informal,Rendimento Médio — Setor Informal,VD4019_real,Zona,Zona_Urbana,Zona Urbana,1572.8697733921208,62.13892572855555,[1451.077 — 1694.662],1451.0774789641519,1694.6620678200898,3.9506719996623736,Excelente (***)
Rendimento_Medio_Habitual,Rendimento Médio Habitual,VD4019_real,Agregados nacionais,Brasil,Brasil,3738.160899117367,30.369804376455495,[3678.636 — 3797.686],3678.6360825395145,3797.6857156952196,0.8124263560625825,Excelente (***)
Rendimento_Medio_Habitual,Rendimento Médio Habitual,VD4019_real,Agregados nacionais,Nordeste,Nordeste,2644.5781739906724,41.26517654383652,[2563.698 — 2725.458],2563.6984279647527,2725.457920016592,1.5603689446459927,Excelente (***)
Rendimento_Medio_Habitual,Rendimento Médio Habitual,VD4019_real,Agregados nacionais,Piauí,Piauí,2547.147450397073,97.57390007067065,[2355.903 — 2738.392],2355.9026062585585,2738.3922945355876,3.8307126686152353,Excelente (***)
Rendimento_Medio_Habitual,Rendimento Médio Habitual,VD4019_real,Agregados nacionais,Teresina,Teresina,3690.017734610598,246.41929144820537,[3207.036 — 4173.000],3207.0359233721156,4172.99954584908,6.67799748323458,Boa (**)
Rendimento_Medio_Habitual,Rendimento Médio Habitual,VD4019_real,Estrato administrativo,Admin_Capital,Capital,3690.017734610598,246.41929144820537,[3207.036 — 4173.000],3207.0359233721156,4172.99954584908,6.67799748323458,Boa (**)
Rendimento_Medio_Habitual,Rendimento Médio Habitual,VD4019_real,Estrato administrativo,"Admin_Resto da RIDE (Região Integrada de Desenvolvimento Econômico, excluindo a capital)","Resto da RIDE (Região Integrada de Desenvolvimento Econômico, excluindo a capital)",1900.4403001283913,130.25819015414433,[1645.134 — 2155.746],1645.1342474262683,2155.7463528305143,6.854105869326401,Boa (**)
Rendimento_Medio_Habitual,Rendimento Médio Habitual,VD4019_real,Estrato administrativo,"Admin_Resto da UF  (Unidade da Federação, excluindo a região metropolitana e a RIDE)","Resto da UF  (Unidade da Federação, excluindo a região metropolitana e a RIDE)",1991.560243815387,89.27514229943245,[1816.581 — 2166.540],1816.5809649084993,2166.5395227222743,4.482673450460183,Excelente (***)
Rendimento_Medio_Habitual,Rendimento Médio Habitual,VD4019_real,Estrato agregado,Agreg_Alto Parnaíba e Chapadas Sul do Piauí,Alto Parnaíba e Chapadas Sul do Piauí,2462.8056666849993,158.7019142768381,[2151.750 — 2773.861],2151.749914702397,2773.861418667602,6.443947909639782,Boa (**)
Rendimento_Medio_Habitual,Rendimento Médio Habitual,VD4019_real,Estrato agregado,Agreg_Baixo Parnaíba do Piauí,Baixo Parnaíba do Piauí,1677.572032941648,88.17844172635938,[1504.742 — 1850.402],1504.7422871579838,1850.4017787253124,5.256313290567746,Boa (**)
Rendimento_Medio_Habitual,Rendimento Médio Habitual,VD4019_real,Estrato agregado,Agreg_Centro-Leste do Piauí,Centro-Leste do Piauí,1990.6566152523185,214.90338283341347,[1569.446 — 2411.867],1569.445984898828,2411.867245605809,10.795602877303587,Boa (**)
Rendimento_Medio_Habitual,Rendimento Médio Habitual,VD4019_real,Estrato agregado,Agreg_Entorno metropolitano de Teresina (PI),Entorno metropolitano de Teresina (PI),1900.4403001283913,130.25819015414433,[1645.134 — 2155.746],1645.1342474262683,2155.7463528305143,6.854105869326401,Boa (**)
Rendimento_Medio_Habitual,Rendimento Médio Habitual,VD4019_real,Estrato agregado,Agreg_Teresina,Teresina,3690.017734610598,246.41929144820537,[3207.036 — 4173.000],3207.0359233721156,4172.99954584908,6.67799748323458,Boa (**)
Rendimento_Medio_Habitual,Rendimento Médio Habitual,VD4019_real,Outro,Micro_2210011,Micro 2210011,3301.425577125361,402.3898158936211,[2512.742 — 4090.110],2512.7415379738636,4090.1096162768586,12.188365495247439,Boa (**)
Rendimento_Medio_Habitual,Rendimento Médio Habitual,VD4019_real,Outro,Micro_2210012,Micro 2210012,4785.4885258516115,616.8358468569161,[3576.490 — 5994.487],3576.490266012056,5994.486785691167,12.889715303353396,Boa (**)
Rendimento_Medio_Habitual,Rendimento Médio Habitual,VD4019_real,Outro,Micro_2210013,Micro 2210013,6034.168737817399,816.6520729400341,[4433.531 — 7634.807],4433.530674854932,7634.8068007798665,13.533795762486795,Boa (**)
Rendimento_Medio_Habitual,Rendimento Médio Habitual,VD4019_real,Outro,Micro_2210020,Micro 2210020,1953.271210150864,162.53904443794465,[1634.695 — 2271.848],1634.6946830524923,2271.8477372492353,8.3213761403563975,Boa (**)
Rendimento_Medio_Habitual,Rendimento Médio Habitual,VD4019_real,Outro,Micro_2210030,Micro 2210030,2280.390094293248,147.0084092191058,[1992.254 — 2568.527],1992.2536122238005,2568.5265763626953,6.446634266084529,Boa (**)
Rendimento_Medio_Habitual,Rendimento Médio Habitual,VD4019_real,Outro,Micro_2220010,Micro 2220010,2145.8329092490853,177.79622845562722,[1797.352 — 2494.314],1797.352301476056,2494.313517022115,8.285651118932899,Boa (**)
Rendimento_Medio_Habitual,Rendimento Médio Habitual,VD4019_real,Outro,Micro_2220020,Micro 2220020,1252.4109792664294,67.83621485523662,[1119.452 — 1385.370],1119.4519981501658,1385.369960382693,5.416450029444017,Boa (**)
Rendimento_Medio_Habitual,Rendimento Médio Habitual,VD4019_real,Outro,Micro_2251011,Micro 2251011,2596.030432949158,763.8862715272356,[1098.813 — 4093.248],1098.813340755776,4093.2475251425394,29.425166278171904,Regular (*)
Rendimento_Medio_Habitual,Rendimento Médio Habitual,VD4019_real,Outro,Micro_2251012,Micro 2251012,2735.1115969233974,491.69976232484834,[1771.380 — 3698.843],1771.3800627666947,3698.8431310801,17.977319933780365,Regular (*)
Rendimento_Medio_Habitual,Rendimento Médio Habitual,VD4019_real,Outro,Micro_2251013,Micro 2251013,1778.6828160165576,212.65838157656245,[1361.872 — 2195.493],1361.8723881264953,2195.49324390662,11.955947382053239,Boa (**)
Rendimento_Medio_Habitual,Rendimento Médio Habitual,VD4019_real,Outro,Micro_2251020,Micro 2251020,1206.7499518184582,95.11997164225237,[1020.315 — 1393.185],1020.3148073996435,1393.1850962372728,7.882326533256998,Boa (**)
Rendimento_Medio_Habitual,Rendimento Médio Habitual,VD4019_real,Outro,Micro_2251021,Micro 2251021,1229.1079212956554,128.88249268616357,[976.498 — 1481.718],976.4982356307748,1481.717606960536,10.485856486084884,Boa (**)
Rendimento_Medio_Habitual,Rendimento Médio Habitual,VD4019_real,Outro,Micro_2251022,Micro 2251022,1409.0681087957223,365.6046130032118,[692.483 — 2125.653],692.4830673094272,2125.6531502820176,25.946553663447848,Regular (*)
Rendimento_Medio_Habitual,Rendimento Médio Habitual,VD4019_real,Outro,Micro_2252011,Micro 2252011,1757.578522461382,173.4777964002781,[1417.562 — 2097.595],1417.5620415168369,2097.595003405927,9.870272888709005,Boa (**)
Rendimento_Medio_Habitual,Rendimento Médio Habitual,VD4019_real,Outro,Micro_2252012,Micro 2252012,2249.07948775431,226.171788091797,[1805.783 — 2692.376],1805.7827830943877,2692.376192414232,10.05619362602555,Boa (**)
Rendimento_Medio_Habitual,Rendimento Médio Habitual,VD4019_real,Outro,Micro_2252013,Micro 2252013,2099.1923783011607,416.0927423931448,[1283.651 — 2914.734],1283.6506032105967,2914.7341533917247,19.82156312561888,Regular (*)
Rendimento_Medio_Habitual,Rendimento Médio Habitual,VD4019_real,Outro,Micro_2252020,Micro 2252020,1112.791721619719,64.60641736467369,[986.163 — 1239.420],986.1631435849587,1239.4202996544795,5.805796009215102,Boa (**)
Rendimento_Medio_Habitual,Rendimento Médio Habitual,VD4019_real,Outro,Micro_2252021,Micro 2252021,1161.1664824045483,206.3971858041211,[756.628 — 1565.705],756.6279982284709,1565.7049665806258,17.774986527057944,Regular (*)
Rendimento_Medio_Habitual,Rendimento Médio Habitual,VD4019_real,Outro,Micro_2252022,Micro 2252022,2008.313806291371,2147.745919078627,[-2201.268 — 6217.896],-2201.268195102738,6217.895807685481,106.94274531950447,Baixa
Rendimento_Medio_Habitual,Rendimento Médio Habitual,VD4019_real,Outro,Micro_2253010,Micro 2253010,3182.805094586188,639.0914804592883,[1930.186 — 4435.424],1930.185792885983,4435.424396286393,20.079504131319727,Regular (*)
Rendimento_Medio_Habitual,Rendimento Médio Habitual,VD4019_real,Outro,Micro_2253011,Micro 2253011,2639.0188365477743,271.73532324220974,[2106.418 — 3171.620],2106.417602993043,3171.6200701025055,10.29683151476401,Boa (**)
Rendimento_Medio_Habitual,Rendimento Médio Habitual,VD4019_real,Outro,Micro_2253012,Micro 2253012,2891.0244394780125,343.89693642050025,[2216.986 — 3565.062],2216.986444093832,3565.062434862193,11.895331347755484,Boa (**)
Rendimento_Medio_Habitual,Rendimento Médio Habitual,VD4019_real,Outro,Micro_2253020,Micro 2253020,1636.5141183533483,322.4578519833182,[1004.497 — 2268.532],1004.4967284660446,2268.531508240652,19.703945622404625,Regular (*)
Rendimento_Medio_Habitual,Rendimento Médio Habitual,VD4019_real,Outro,Micro_2253021,Micro 2253021,1457.8856209781443,175.43362533083135,[1114.036 — 1801.736],1114.0357153297148,1801.7355266265738,12.03342860416766,Boa (**)
Rendimento_Medio_Habitual,Rendimento Médio Habitual,VD4019_real,Outro,Micro_2253022,Micro 2253022,1349.975821375368,168.71333418173722,[1019.298 — 1680.654],1019.297686379163,1680.653956371573,12.497507844981289,Boa (**)
Rendimento_Medio_Habitual,Rendimento Médio Habitual,VD4019_real,Outro,Micro_2254020,Micro 2254020,1343.8309186590889,175.0700317373511,[1000.694 — 1686.968],1000.6936564538807,1686.968180864297,13.027682970119539,Boa (**)
Rendimento_Medio_Habitual,Rendimento Médio Habitual,VD4019_real,Zona,Zona_Rural,Zona Rural,1309.59851986351,58.9259734525054,[1194.104 — 1425.093],1194.1036118965994,1425.0934278304208,4.4995449031697765,Excelente (***)
Rendimento_Medio_Habitual,Rendimento Médio Habitual,VD4019_real,Zona,Zona_Urbana,Zona Urbana,2901.7137812676356,124.42934451890872,[2657.832 — 3145.595],2657.8322660105746,3145.5952965246966,4.288132941373385,Excelente (***)
Taxa_Composta_Subutilizacao,Taxa_Composta_Subutilizacao,subutil/ft_ampliada,Agregados nacionais,Brasil,Brasil,0.12899123670409937,0.00115663769471794,[0.127 — 0.131],0.1267242268224522,0.13125824658574653,0.896679281687344,Excelente (***)
Taxa_Composta_Subutilizacao,Taxa_Composta_Subutilizacao,subutil/ft_ampliada,Agregados nacionais,Nordeste,Nordeste,0.21393296446840424,0.00278878805239693,[0.208 — 0.219],0.20846693988570625,0.21939898905110222,1.303580333833408,Excelente (***)
Taxa_Composta_Subutilizacao,Taxa_Composta_Subutilizacao,subutil/ft_ampliada,Agregados nacionais,Piauí,Piauí,0.26637023819901057,0.0116739001898207,[0.243 — 0.289],0.243489393826962,0.28925108257105914,4.382584281468748,Excelente (***)
Taxa_Composta_Subutilizacao,Taxa_Composta_Subutilizacao,subutil/ft_ampliada,Agregados nacionais,Teresina,Teresina,0.09368477040939446,0.00843670352942321,[0.077 — 0.110],0.07714883149172497,0.11022070932706396,9.005416240607236,Boa (**)
Taxa_Composta_Subutilizacao,Taxa_Composta_Subutilizacao,subutil/ft_ampliada,Estrato administrativo,Admin_Capital,Capital,0.09368477040939446,0.00843670352942321,[0.077 — 0.110],0.07714883149172497,0.11022070932706396,9.005416240607236,Boa (**)
Taxa_Composta_Subutilizacao,Taxa_Composta_Subutilizacao,subutil/ft_ampliada,Estrato administrativo,"Admin_Resto da RIDE (Região Integrada de Desenvolvimento Econômico, excluindo a capital)","Resto da RIDE (Região Integrada de Desenvolvimento Econômico, excluindo a capital)",0.2536892565171179,0.02352917457800741,[0.208 — 0.300],0.20757207434422337,0.2998064386900124,9.274801345960725,Boa (**)
Taxa_Composta_Subutilizacao,Taxa_Composta_Subutilizacao,subutil/ft_ampliada,Estrato administrativo,"Admin_Resto da UF  (Unidade da Federação, excluindo a região metropolitana e a RIDE)","Resto da UF  (Unidade da Federação, excluindo a região metropolitana e a RIDE)",0.3455974885804417,0.01654241575700859,[0.313 — 0.378],0.3131743536967049,0.37802062346417853,4.7866134169427434,Excelente (***)
Taxa_Composta_Subutilizacao,Taxa_Composta_Subutilizacao,subutil/ft_ampliada,Estrato agregado,Agreg_Alto Parnaíba e Chapadas Sul do Piauí,Alto Parnaíba e Chapadas Sul do Piauí,0.3326409110069247,0.03195195742611554,[0.270 — 0.395],0.2700150744517383,0.39526674756211116,9.60554049993279,Boa (**)
Taxa_Composta_Subutilizacao,Taxa_Composta_Subutilizacao,subutil/ft_ampliada,Estrato agregado,Agreg_Baixo Parnaíba do Piauí,Baixo Parnaíba do Piauí,0.30309092495404066,0.03281784845639935,[0.239 — 0.367],0.23876794197949794,0.3674139079285834,10.827723879022674,Boa (**)
Taxa_Composta_Subutilizacao,Taxa_Composta_Subutilizacao,subutil/ft_ampliada,Estrato agregado,Agreg_Centro-Leste do Piauí,Centro-Leste do Piauí,0.40035023427704186,0.02132669324359553,[0.359 — 0.442],0.35854991551959464,0.4421505530344891,5.327009057983337,Boa (**)
Taxa_Composta_Subutilizacao,Taxa_Composta_Subutilizacao,subutil/ft_ampliada,Estrato agregado,Agreg_Entorno metropolitano de Teresina (PI),Entorno metropolitano de Teresina (PI),0.2536892565171179,0.02352917457800741,[0.208 — 0.300],0.20757207434422337,0.2998064386900124,9.274801345960725,Boa (**)
Taxa_Composta_Subutilizacao,Taxa_Composta_Subutilizacao,subutil/ft_ampliada,Estrato agregado,Agreg_Teresina,Teresina,0.09368477040939446,0.00843670352942321,[0.077 — 0.110],0.07714883149172497,0.11022070932706396,9.005416240607236,Boa (**)
Taxa_Composta_Subutilizacao,Taxa_Composta_Subutilizacao,subutil/ft_ampliada,Outro,Micro_2210011,Micro 2210011,0.10193606237478738,0.01421546996904344,[0.074 — 0.130],0.07407374123546223,0.12979838351411252,13.945476838979276,Boa (**)
Taxa_Composta_Subutilizacao,Taxa_Composta_Subutilizacao,subutil/ft_ampliada,Outro,Micro_2210012,Micro 2210012,0.04916686599981714,0.01638945488961521,[0.017 — 0.081],0.017043534416171333,0.08129019758346295,33.33434937601304,Baixa
Taxa_Composta_Subutilizacao,Taxa_Composta_Subutilizacao,subutil/ft_ampliada,Outro,Micro_2210013,Micro 2210013,0.0617918393147551,0.01556908404883545,[0.031 — 0.092],0.031276434579037615,0.09230724405047258,25.19601976812778,Regular (*)
Taxa_Composta_Subutilizacao,Taxa_Composta_Subutilizacao,subutil/ft_ampliada,Outro,Micro_2210020,Micro 2210020,0.1828047843589501,0.03838345683077899,[0.108 — 0.258],0.10757320897062327,0.2580363597472769,20.99696513161842,Regular (*)
Taxa_Composta_Subutilizacao,Taxa_Composta_Subutilizacao,subutil/ft_ampliada,Outro,Micro_2210030,Micro 2210030,0.12261001235746534,0.01468189208147324,[0.094 — 0.151],0.0938335038777778,0.1513865208371529,11.974464237609471,Boa (**)
Taxa_Composta_Subutilizacao,Taxa_Composta_Subutilizacao,subutil/ft_ampliada,Outro,Micro_2220010,Micro 2220010,0.22665924123133285,0.027542429363005,[0.173 — 0.281],0.17267607967984305,0.28064240278282265,12.151469851120988,Boa (**)
Taxa_Composta_Subutilizacao,Taxa_Composta_Subutilizacao,subutil/ft_ampliada,Outro,Micro_2220020,Micro 2220020,0.321148538386235,0.05531005524062794,[0.213 — 0.430],0.21274083011460426,0.4295562466578658,17.22257729042139,Regular (*)
Taxa_Composta_Subutilizacao,Taxa_Composta_Subutilizacao,subutil/ft_ampliada,Outro,Micro_2251011,Micro 2251011,0.2773354651128588,0.04293415392594867,[0.193 — 0.361],0.1931845234179994,0.36148640680771815,15.480946120063319,Regular (*)
Taxa_Composta_Subutilizacao,Taxa_Composta_Subutilizacao,subutil/ft_ampliada,Outro,Micro_2251012,Micro 2251012,0.2689024815230572,0.04877367485141901,[0.173 — 0.364],0.17330607881427593,0.3644988842318384,18.138053087188368,Regular (*)
Taxa_Composta_Subutilizacao,Taxa_Composta_Subutilizacao,subutil/ft_ampliada,Outro,Micro_2251013,Micro 2251013,0.4059167427686221,0.05212649017520848,[0.304 — 0.508],0.30374882202521347,0.5080846635120307,12.841670392719243,Boa (**)
Taxa_Composta_Subutilizacao,Taxa_Composta_Subutilizacao,subutil/ft_ampliada,Outro,Micro_2251020,Micro 2251020,0.5202061694289172,0.03811568701855945,[0.445 — 0.595],0.44549942287254063,0.5949129159852937,7.327034790918163,Boa (**)
Taxa_Composta_Subutilizacao,Taxa_Composta_Subutilizacao,subutil/ft_ampliada,Outro,Micro_2251021,Micro 2251021,0.5330209330849169,0.0523963748317154,[0.430 — 0.636],0.43032403841475475,0.6357178277550791,9.830078253862498,Boa (**)
Taxa_Composta_Subutilizacao,Taxa_Composta_Subutilizacao,subutil/ft_ampliada,Outro,Micro_2251022,Micro 2251022,0.4925379906906277,0.13107075662443102,[0.236 — 0.749],0.2356393077067429,0.7494366736745125,26.61129884430763,Regular (*)
Taxa_Composta_Subutilizacao,Taxa_Composta_Subutilizacao,subutil/ft_ampliada,Outro,Micro_2252011,Micro 2252011,0.29500412613363264,0.06488692625611789,[0.168 — 0.422],0.16782575067164157,0.4221825015956237,21.995260577041908,Regular (*)
Taxa_Composta_Subutilizacao,Taxa_Composta_Subutilizacao,subutil/ft_ampliada,Outro,Micro_2252012,Micro 2252012,0.1810831370649576,0.03609927205039667,[0.110 — 0.252],0.11032856384618013,0.2518377102837351,19.93519255050637,Regular (*)
Taxa_Composta_Subutilizacao,Taxa_Composta_Subutilizacao,subutil/ft_ampliada,Outro,Micro_2252013,Micro 2252013,0.2615178166819051,0.04272593961913178,[0.178 — 0.345],0.17777497502840683,0.34526065833540337,16.33767831241154,Regular (*)
Taxa_Composta_Subutilizacao,Taxa_Composta_Subutilizacao,subutil/ft_ampliada,Outro,Micro_2252020,Micro 2252020,0.4123794718693806,0.05782851050987026,[0.299 — 0.526],0.29903559127003493,0.5257233524687264,14.023130261000766,Boa (**)
Taxa_Composta_Subutilizacao,Taxa_Composta_Subutilizacao,subutil/ft_ampliada,Outro,Micro_2252021,Micro 2252021,0.2381070307010377,0.04880198166044041,[0.142 — 0.334],0.1424551466465745,0.3337589147555009,20.495817161197216,Regular (*)
Taxa_Composta_Subutilizacao,Taxa_Composta_Subutilizacao,subutil/ft_ampliada,Outro,Micro_2252022,Micro 2252022,0.25173876676083823,0.24893851751034865,[-0.236 — 0.740],-0.23618072755944514,0.7396582610811215,98.88763686001928,Baixa
Taxa_Composta_Subutilizacao,Taxa_Composta_Subutilizacao,subutil/ft_ampliada,Outro,Micro_2253010,Micro 2253010,0.34997956229630833,0.04840282899626651,[0.255 — 0.445],0.255110017463626,0.4448491071289907,13.830187305419425,Boa (**)
Taxa_Composta_Subutilizacao,Taxa_Composta_Subutilizacao,subutil/ft_ampliada,Outro,Micro_2253011,Micro 2253011,0.2567469726262659,0.0547623151121758,[0.149 — 0.364],0.14941283500640132,0.36408111024613043,21.329293409776888,Regular (*)
Taxa_Composta_Subutilizacao,Taxa_Composta_Subutilizacao,subutil/ft_ampliada,Outro,Micro_2253012,Micro 2253012,0.1917378308245594,0.03412299211677349,[0.125 — 0.259],0.12485676627568335,0.2586188953734354,17.79669247848961,Regular (*)
Taxa_Composta_Subutilizacao,Taxa_Composta_Subutilizacao,subutil/ft_ampliada,Outro,Micro_2253020,Micro 2253020,0.4955892942454712,0.07891646837074501,[0.341 — 0.650],0.340913016238811,0.6502655722521314,15.923763746933716,Regular (*)
Taxa_Composta_Subutilizacao,Taxa_Composta_Subutilizacao,subutil/ft_ampliada,Outro,Micro_2253021,Micro 2253021,0.4895450024242308,0.04328535517033488,[0.405 — 0.574],0.40470570629037445,0.5743842985580871,8.841956297375205,Boa (**)
Taxa_Composta_Subutilizacao,Taxa_Composta_Subutilizacao,subutil/ft_ampliada,Outro,Micro_2253022,Micro 2253022,0.34390533221264435,0.0733038516684172,[0.200 — 0.488],0.20022978294254665,0.48758088148274203,21.315125065607237,Regular (*)
Taxa_Composta_Subutilizacao,Taxa_Composta_Subutilizacao,subutil/ft_ampliada,Outro,Micro_2254020,Micro 2254020,0.30444946783418847,0.01952409554457334,[0.266 — 0.343],0.2661822405668247,0.3427166951015522,6.412918269644241,Boa (**)
Taxa_Composta_Subutilizacao,Taxa_Composta_Subutilizacao,subutil/ft_ampliada,Zona,Zona_Rural,Zona Rural,0.43295857434187857,0.02213133155437838,[0.390 — 0.476],0.38958116449529695,0.4763359841884602,5.111651059923978,Boa (**)
Taxa_Composta_Subutilizacao,Taxa_Composta_Subutilizacao,subutil/ft_ampliada,Zona,Zona_Urbana,Zona Urbana,0.20563635788050852,0.01286977250013924,[0.180 — 0.231],0.1804116037802356,0.23086111198078144,6.2585102327175175,Boa (**)
Taxa_Desocupacao,Taxa de Desocupação,desocup/ft,Agregados nacionais,Brasil,Brasil,0.05381505107736143,7.554165418845942e-4,[0.052 — 0.055],0.05233443465526763,0.055295667499455234,1.4037272598675985,Excelente (***)
Taxa_Desocupacao,Taxa de Desocupação,desocup/ft,Agregados nacionais,Nordeste,Nordeste,0.07600529402896156,0.00160364748068099,[0.073 — 0.079],0.07286214496682682,0.0791484430910963,2.1099155015043105,Excelente (***)
Taxa_Desocupacao,Taxa de Desocupação,desocup/ft,Agregados nacionais,Piauí,Piauí,0.08308931485448108,0.00624163378447624,[0.071 — 0.095],0.07085571263690765,0.09532291707205451,7.511957217853533,Boa (**)
Taxa_Desocupacao,Taxa de Desocupação,desocup/ft,Agregados nacionais,Teresina,Teresina,0.0714241925020923,0.00681610151130897,[0.058 — 0.085],0.05806463353992672,0.08478375146425787,9.543127156963378,Boa (**)
Taxa_Desocupacao,Taxa de Desocupação,desocup/ft,Estrato administrativo,Admin_Capital,Capital,0.0714241925020923,0.00681610151130897,[0.058 — 0.085],0.05806463353992672,0.08478375146425787,9.543127156963378,Boa (**)
Taxa_Desocupacao,Taxa de Desocupação,desocup/ft,Estrato administrativo,"Admin_Resto da RIDE (Região Integrada de Desenvolvimento Econômico, excluindo a capital)","Resto da RIDE (Região Integrada de Desenvolvimento Econômico, excluindo a capital)",0.16355311353014776,0.02338505992312417,[0.118 — 0.209],0.11771839608082438,0.20938783097947114,14.298144143134028,Boa (**)
Taxa_Desocupacao,Taxa de Desocupação,desocup/ft,Estrato administrativo,"Admin_Resto da UF  (Unidade da Federação, excluindo a região metropolitana e a RIDE)","Resto da UF  (Unidade da Federação, excluindo a região metropolitana e a RIDE)",0.0806778487463657,0.00830813885964729,[0.064 — 0.097],0.06439389658145701,0.09696180091127439,10.297918187886173,Boa (**)
Taxa_Desocupacao,Taxa de Desocupação,desocup/ft,Estrato agregado,Agreg_Alto Parnaíba e Chapadas Sul do Piauí,Alto Parnaíba e Chapadas Sul do Piauí,0.09987566268637856,0.01763268132501331,[0.065 — 0.134],0.06531560728935247,0.13443571808340465,17.654632620943925,Regular (*)
Taxa_Desocupacao,Taxa de Desocupação,desocup/ft,Estrato agregado,Agreg_Baixo Parnaíba do Piauí,Baixo Parnaíba do Piauí,0.06656395001865718,0.01361133512742805,[0.040 — 0.093],0.03988573316889821,0.09324216686841616,20.44850872523781,Regular (*)
Taxa_Desocupacao,Taxa de Desocupação,desocup/ft,Estrato agregado,Agreg_Centro-Leste do Piauí,Centro-Leste do Piauí,0.08166644008306728,0.01078249991561424,[0.061 — 0.103],0.060532740248463376,0.10280013991767119,13.203097753063297,Boa (**)
Taxa_Desocupacao,Taxa de Desocupação,desocup/ft,Estrato agregado,Agreg_Entorno metropolitano de Teresina (PI),Entorno metropolitano de Teresina (PI),0.16355311353014776,0.02338505992312417,[0.118 — 0.209],0.11771839608082438,0.20938783097947114,14.298144143134028,Boa (**)
Taxa_Desocupacao,Taxa de Desocupação,desocup/ft,Estrato agregado,Agreg_Teresina,Teresina,0.0714241925020923,0.00681610151130897,[0.058 — 0.085],0.05806463353992672,0.08478375146425787,9.543127156963378,Boa (**)
Taxa_Desocupacao,Taxa de Desocupação,desocup/ft,Outro,Micro_2210011,Micro 2210011,0.08073669895426469,0.01132127937149434,[0.059 — 0.103],0.05854699138613578,0.1029264065223936,14.022469977262212,Boa (**)
Taxa_Desocupacao,Taxa de Desocupação,desocup/ft,Outro,Micro_2210012,Micro 2210012,0.03940724780434847,0.01212031742502102,[0.016 — 0.063],0.01565142565130727,0.06316306995738967,30.75656916006091,Baixa
Taxa_Desocupacao,Taxa de Desocupação,desocup/ft,Outro,Micro_2210013,Micro 2210013,0.04797613680097303,0.01309935223205748,[0.022 — 0.074],0.022301406426140365,0.07365086717580568,27.30389127911568,Regular (*)
Taxa_Desocupacao,Taxa de Desocupação,desocup/ft,Outro,Micro_2210020,Micro 2210020,0.10617795354245864,0.0309226291712058,[0.046 — 0.167],0.04556960036689527,0.166786306718022,29.123399104542358,Regular (*)
Taxa_Desocupacao,Taxa de Desocupação,desocup/ft,Outro,Micro_2210030,Micro 2210030,0.08927039186208104,0.0145744397838381,[0.061 — 0.118],0.060704489885758356,0.11783629383840372,16.326174311360692,Regular (*)
Taxa_Desocupacao,Taxa de Desocupação,desocup/ft,Outro,Micro_2220010,Micro 2220010,0.151713967969108,0.03162850265509082,[0.090 — 0.214],0.08972210276512999,0.213705833173086,20.847455958393375,Regular (*)
Taxa_Desocupacao,Taxa de Desocupação,desocup/ft,Outro,Micro_2220020,Micro 2220020,0.1933824454909286,0.03568894122624064,[0.123 — 0.263],0.12343212068749694,0.26333277029436025,18.45510906413415,Regular (*)
Taxa_Desocupacao,Taxa de Desocupação,desocup/ft,Outro,Micro_2251011,Micro 2251011,0.06180513062248767,0.01962483802024344,[0.023 — 0.100],0.02334044810281053,0.10026981314216482,31.75276521962884,Baixa
Taxa_Desocupacao,Taxa de Desocupação,desocup/ft,Outro,Micro_2251012,Micro 2251012,0.05542500428268898,0.02052210988399895,[0.015 — 0.096],0.015201668910051043,0.09564833965532693,37.02680793550911,Baixa
Taxa_Desocupacao,Taxa de Desocupação,desocup/ft,Outro,Micro_2251013,Micro 2251013,0.10492388652111116,0.0301830581782159,[0.046 — 0.164],0.045765092491808004,0.1640826805504143,28.766622338320392,Regular (*)
Taxa_Desocupacao,Taxa de Desocupação,desocup/ft,Outro,Micro_2251020,Micro 2251020,0.09729349414269482,0.02285694204705903,[0.052 — 0.142],0.05249388773045913,0.14209310055493052,23.492775389006027,Regular (*)
Taxa_Desocupacao,Taxa de Desocupação,desocup/ft,Outro,Micro_2251021,Micro 2251021,0.05881300009709181,0.03905841108066644,[-0.018 — 0.135],-0.017741485621014408,0.13536748581519803,66.4111863298703,Baixa
Taxa_Desocupacao,Taxa de Desocupação,desocup/ft,Outro,Micro_2251022,Micro 2251022,0.14336036610813205,0.03911899758477565,[0.067 — 0.220],0.06668713084197178,0.22003360137429231,27.28717751409023,Regular (*)
Taxa_Desocupacao,Taxa de Desocupação,desocup/ft,Outro,Micro_2252011,Micro 2252011,0.06736907429883629,0.02503016899290551,[0.018 — 0.116],0.01830994307274149,0.11642820552493109,37.153796832470164,Baixa
Taxa_Desocupacao,Taxa de Desocupação,desocup/ft,Outro,Micro_2252012,Micro 2252012,0.03740100419567636,0.01583731996417749,[0.006 — 0.068],0.006359857065888479,0.06844215132546425,42.34463834532101,Baixa
Taxa_Desocupacao,Taxa de Desocupação,desocup/ft,Outro,Micro_2252013,Micro 2252013,0.07013886338735176,0.01911379768851024,[0.033 — 0.108],0.03267581991787169,0.10760190685683182,27.25136502847444,Regular (*)
Taxa_Desocupacao,Taxa de Desocupação,desocup/ft,Outro,Micro_2252020,Micro 2252020,0.09095031136921404,0.02867621635230701,[0.035 — 0.147],0.0347449273186923,0.14715569541973578,31.529541703156482,Baixa
Taxa_Desocupacao,Taxa de Desocupação,desocup/ft,Outro,Micro_2252021,Micro 2252021,0.05220378000923547,0.03920917839103543,[-0.025 — 0.129],-0.024646209637193973,0.12905376965566492,75.10792970183167,Baixa
Taxa_Desocupacao,Taxa de Desocupação,desocup/ft,Outro,Micro_2252022,Micro 2252022,0.03675266465024175,0.16348577672181097,[-0.284 — 0.357],-0.28367945772450776,0.35718478702499123,444.82700309659214,Baixa
Taxa_Desocupacao,Taxa de Desocupação,desocup/ft,Outro,Micro_2253010,Micro 2253010,0.09231228451743136,0.02164873044018604,[0.050 — 0.135],0.04988077285466672,0.134743796180196,23.45162461676279,Regular (*)
Taxa_Desocupacao,Taxa de Desocupação,desocup/ft,Outro,Micro_2253011,Micro 2253011,0.07009119797698361,0.02496385175956439,[0.021 — 0.119],0.021162048528237408,0.11902034742572981,35.61624352284856,Baixa
Taxa_Desocupacao,Taxa de Desocupação,desocup/ft,Outro,Micro_2253012,Micro 2253012,0.10679722730197048,0.02392772228186176,[0.060 — 0.154],0.05989889162952143,0.15369556297441955,22.404816011005448,Regular (*)
Taxa_Desocupacao,Taxa de Desocupação,desocup/ft,Outro,Micro_2253020,Micro 2253020,0.15369297216835362,0.05628294754650109,[0.043 — 0.264],0.04337839497721149,0.2640075493594958,36.62037811647585,Baixa
Taxa_Desocupacao,Taxa de Desocupação,desocup/ft,Outro,Micro_2253021,Micro 2253021,0.18079703668689737,0.07047953044570154,[0.043 — 0.319],0.042657157013322344,0.3189369163604724,38.982680102084494,Baixa
Taxa_Desocupacao,Taxa de Desocupação,desocup/ft,Outro,Micro_2253022,Micro 2253022,0.1137822177707366,0.04648943991950399,[0.023 — 0.205],0.022662915528508784,0.2049015200129644,40.8582648768343,Baixa
Taxa_Desocupacao,Taxa de Desocupação,desocup/ft,Outro,Micro_2254020,Micro 2254020,0.07660372107379823,0.01948053746103098,[0.038 — 0.115],0.038421867650177514,0.11478557449741894,25.430275694132256,Regular (*)
Taxa_Desocupacao,Taxa de Desocupação,desocup/ft,Zona,Zona_Rural,Zona Rural,0.10886584264215048,0.01380320938114209,[0.082 — 0.136],0.08181155225511198,0.13592013302918898,12.67910030009522,Boa (**)
Taxa_Desocupacao,Taxa de Desocupação,desocup/ft,Zona,Zona_Urbana,Zona Urbana,0.07521219812350458,0.00617366986225719,[0.063 — 0.087],0.06311180519348049,0.08731259105352866,8.208335903332488,Boa (**)
Taxa_Informalidade,Taxa de Informalidade,"informal/VD4002 == ""Pessoas ocupadas""",Agregados nacionais,Brasil,Brasil,0.3743463193188893,0.00174050775077426,[0.371 — 0.378],0.3709349241273717,0.37775771451040685,0.46494586989423486,Excelente (***)
Taxa_Informalidade,Taxa de Informalidade,"informal/VD4002 == ""Pessoas ocupadas""",Agregados nacionais,Nordeste,Nordeste,0.4874305473394203,0.00321618974657211,[0.481 — 0.494],0.481126815436139,0.49373427924270163,0.6598252333849994,Excelente (***)
Taxa_Informalidade,Taxa de Informalidade,"informal/VD4002 == ""Pessoas ocupadas""",Agregados nacionais,Piauí,Piauí,0.4947373600832246,0.01072150761731226,[0.474 — 0.516],0.4737232051532926,0.5157515150131566,2.167110972882398,Excelente (***)
Taxa_Informalidade,Taxa de Informalidade,"informal/VD4002 == ""Pessoas ocupadas""",Agregados nacionais,Teresina,Teresina,0.357414370931526,0.01743524621590502,[0.323 — 0.392],0.32324128834835214,0.39158745351469987,4.87816037459929,Excelente (***)
Taxa_Informalidade,Taxa de Informalidade,"informal/VD4002 == ""Pessoas ocupadas""",Estrato administrativo,Admin_Capital,Capital,0.357414370931526,0.01743524621590502,[0.323 — 0.392],0.32324128834835214,0.39158745351469987,4.87816037459929,Excelente (***)
Taxa_Informalidade,Taxa de Informalidade,"informal/VD4002 == ""Pessoas ocupadas""",Estrato administrativo,"Admin_Resto da RIDE (Região Integrada de Desenvolvimento Econômico, excluindo a capital)","Resto da RIDE (Região Integrada de Desenvolvimento Econômico, excluindo a capital)",0.5585424608126075,0.04002474748630465,[0.480 — 0.637],0.4800939557394504,0.6369909658857646,7.16592744409687,Boa (**)
Taxa_Informalidade,Taxa de Informalidade,"informal/VD4002 == ""Pessoas ocupadas""",Estrato administrativo,"Admin_Resto da UF  (Unidade da Federação, excluindo a região metropolitana e a RIDE)","Resto da UF  (Unidade da Federação, excluindo a região metropolitana e a RIDE)",0.5610302082567838,0.01349824951919078,[0.535 — 0.587],0.5345736391991699,0.5874867773143978,2.4059755286853686,Excelente (***)
Taxa_Informalidade,Taxa de Informalidade,"informal/VD4002 == ""Pessoas ocupadas""",Estrato agregado,Agreg_Alto Parnaíba e Chapadas Sul do Piauí,Alto Parnaíba e Chapadas Sul do Piauí,0.4804577304384856,0.02873428630194196,[0.424 — 0.537],0.4241385292866794,0.5367769315902918,5.980606509487912,Boa (**)
Taxa_Informalidade,Taxa de Informalidade,"informal/VD4002 == ""Pessoas ocupadas""",Estrato agregado,Agreg_Baixo Parnaíba do Piauí,Baixo Parnaíba do Piauí,0.60769728723307,0.02214790798774388,[0.564 — 0.651],0.5642873875770921,0.651107186889048,3.644562589473844,Excelente (***)
Taxa_Informalidade,Taxa de Informalidade,"informal/VD4002 == ""Pessoas ocupadas""",Estrato agregado,Agreg_Centro-Leste do Piauí,Centro-Leste do Piauí,0.5687897151674983,0.02482685147474851,[0.520 — 0.617],0.5201290862769913,0.6174503440580054,4.3648559059190175,Excelente (***)
Taxa_Informalidade,Taxa de Informalidade,"informal/VD4002 == ""Pessoas ocupadas""",Estrato agregado,Agreg_Entorno metropolitano de Teresina (PI),Entorno metropolitano de Teresina (PI),0.5585424608126075,0.04002474748630465,[0.480 — 0.637],0.4800939557394504,0.6369909658857646,7.16592744409687,Boa (**)
Taxa_Informalidade,Taxa de Informalidade,"informal/VD4002 == ""Pessoas ocupadas""",Estrato agregado,Agreg_Teresina,Teresina,0.357414370931526,0.01743524621590502,[0.323 — 0.392],0.32324128834835214,0.39158745351469987,4.87816037459929,Excelente (***)
Taxa_Informalidade,Taxa de Informalidade,"informal/VD4002 == ""Pessoas ocupadas""",Outro,Micro_2210011,Micro 2210011,0.35666515112716035,0.02257714289041115,[0.312 — 0.401],0.3124139510619545,0.4009163511923662,6.33006696030188,Boa (**)
Taxa_Informalidade,Taxa de Informalidade,"informal/VD4002 == ""Pessoas ocupadas""",Outro,Micro_2210012,Micro 2210012,0.3031173658117458,0.0412892916211339,[0.222 — 0.384],0.22219035423432337,0.38404437738916825,13.621552665107629,Boa (**)
Taxa_Informalidade,Taxa de Informalidade,"informal/VD4002 == ""Pessoas ocupadas""",Outro,Micro_2210013,Micro 2210013,0.33368810146191036,0.05999278134965372,[0.216 — 0.451],0.21610225001658906,0.45127395290723166,17.97869959606628,Regular (*)
Taxa_Informalidade,Taxa de Informalidade,"informal/VD4002 == ""Pessoas ocupadas""",Outro,Micro_2210020,Micro 2210020,0.5056624001217124,0.05329804744841748,[0.401 — 0.610],0.4011982271228141,0.6101265731206106,10.540243339348287,Boa (**)
Taxa_Informalidade,Taxa de Informalidade,"informal/VD4002 == ""Pessoas ocupadas""",Outro,Micro_2210030,Micro 2210030,0.4146498928690496,0.04166695913602405,[0.333 — 0.496],0.33298265296244245,0.4963171327756567,10.048708525576028,Boa (**)
Taxa_Informalidade,Taxa de Informalidade,"informal/VD4002 == ""Pessoas ocupadas""",Outro,Micro_2220010,Micro 2220010,0.4971939733685272,0.05047469314750623,[0.398 — 0.596],0.398263574799415,0.5961243719376395,10.15191169867493,Boa (**)
Taxa_Informalidade,Taxa de Informalidade,"informal/VD4002 == ""Pessoas ocupadas""",Outro,Micro_2220020,Micro 2220020,0.7210979626731159,0.03820955965529517,[0.646 — 0.796],0.6462072257487373,0.7959886995974944,5.298802885762155,Boa (**)
Taxa_Informalidade,Taxa de Informalidade,"informal/VD4002 == ""Pessoas ocupadas""",Outro,Micro_2251011,Micro 2251011,0.5756272030517062,0.07237797838716484,[0.434 — 0.717],0.4337663654128632,0.7174880406905493,12.573759197524135,Boa (**)
Taxa_Informalidade,Taxa de Informalidade,"informal/VD4002 == ""Pessoas ocupadas""",Outro,Micro_2251012,Micro 2251012,0.45259302422686937,0.04101059102268124,[0.372 — 0.533],0.3722122658224141,0.5329737826313246,9.061251240612147,Boa (**)
Taxa_Informalidade,Taxa de Informalidade,"informal/VD4002 == ""Pessoas ocupadas""",Outro,Micro_2251013,Micro 2251013,0.5637365604124408,0.05345566897949357,[0.459 — 0.669],0.45896344921263343,0.6685096716122482,9.482384633770133,Boa (**)
Taxa_Informalidade,Taxa de Informalidade,"informal/VD4002 == ""Pessoas ocupadas""",Outro,Micro_2251020,Micro 2251020,0.6720661862658545,0.04622961275759298,[0.581 — 0.763],0.5814561452609722,0.7626762272707367,6.878729164229306,Boa (**)
Taxa_Informalidade,Taxa de Informalidade,"informal/VD4002 == ""Pessoas ocupadas""",Outro,Micro_2251021,Micro 2251021,0.6787408456509333,0.06464671058649427,[0.552 — 0.805],0.5520332929014046,0.805448398400462,9.524505707991699,Boa (**)
Taxa_Informalidade,Taxa de Informalidade,"informal/VD4002 == ""Pessoas ocupadas""",Outro,Micro_2251022,Micro 2251022,0.5321656912366407,0.22535825383879757,[0.090 — 0.974],0.09046351371259748,0.9738678687606839,42.34738494981001,Baixa
Taxa_Informalidade,Taxa de Informalidade,"informal/VD4002 == ""Pessoas ocupadas""",Outro,Micro_2252011,Micro 2252011,0.5433603898912838,0.04458218035920663,[0.456 — 0.631],0.45597931638723876,0.6307414633953288,8.204900686287914,Boa (**)
Taxa_Informalidade,Taxa de Informalidade,"informal/VD4002 == ""Pessoas ocupadas""",Outro,Micro_2252012,Micro 2252012,0.5436371231979068,0.03392776589323868,[0.477 — 0.610],0.47713870204715897,0.6101355443486546,6.240884672051277,Boa (**)
Taxa_Informalidade,Taxa de Informalidade,"informal/VD4002 == ""Pessoas ocupadas""",Outro,Micro_2252013,Micro 2252013,0.5760633445617008,0.06109650501895702,[0.456 — 0.696],0.45631419472454504,0.6958124943988566,10.605865760377869,Boa (**)
Taxa_Informalidade,Taxa de Informalidade,"informal/VD4002 == ""Pessoas ocupadas""",Outro,Micro_2252020,Micro 2252020,0.7255075358243571,0.0330716075248544,[0.661 — 0.790],0.6606871850756425,0.7903278865730717,4.558409925718665,Excelente (***)
Taxa_Informalidade,Taxa de Informalidade,"informal/VD4002 == ""Pessoas ocupadas""",Outro,Micro_2252021,Micro 2252021,0.7714998845829981,0.09799819952583518,[0.579 — 0.964],0.5794234135123612,0.9635763556536351,12.702296070828837,Boa (**)
Taxa_Informalidade,Taxa de Informalidade,"informal/VD4002 == ""Pessoas ocupadas""",Outro,Micro_2252022,Micro 2252022,0.5554077249093562,0.21992975330081851,[0.124 — 0.986],0.12434540843975189,0.9864700413789604,39.59789240178673,Baixa
Taxa_Informalidade,Taxa de Informalidade,"informal/VD4002 == ""Pessoas ocupadas""",Outro,Micro_2253010,Micro 2253010,0.3851050483797456,0.11525995526043636,[0.159 — 0.611],0.1591955360692903,0.6110145606902009,29.929484369361077,Regular (*)
Taxa_Informalidade,Taxa de Informalidade,"informal/VD4002 == ""Pessoas ocupadas""",Outro,Micro_2253011,Micro 2253011,0.4180023812164852,0.04283614831604497,[0.334 — 0.502],0.33404353051703706,0.5019612319159333,10.247823993581498,Boa (**)
Taxa_Informalidade,Taxa de Informalidade,"informal/VD4002 == ""Pessoas ocupadas""",Outro,Micro_2253012,Micro 2253012,0.4387167979529473,0.03271490783782561,[0.375 — 0.503],0.37459557859080916,0.5028380173150855,7.456953549641448,Boa (**)
Taxa_Informalidade,Taxa de Informalidade,"informal/VD4002 == ""Pessoas ocupadas""",Outro,Micro_2253020,Micro 2253020,0.6355596774582702,0.06699692192083553,[0.504 — 0.767],0.5042457104934326,0.7668736444231079,10.541405362399574,Boa (**)
Taxa_Informalidade,Taxa de Informalidade,"informal/VD4002 == ""Pessoas ocupadas""",Outro,Micro_2253021,Micro 2253021,0.6749503380019101,0.0796919400164901,[0.519 — 0.831],0.5187541355695895,0.8311465404342306,11.80708202212421,Boa (**)
Taxa_Informalidade,Taxa de Informalidade,"informal/VD4002 == ""Pessoas ocupadas""",Outro,Micro_2253022,Micro 2253022,0.7097519792762335,0.13787287722878705,[0.440 — 0.980],0.43952113990781083,0.9799828186446561,19.425500915035464,Regular (*)
Taxa_Informalidade,Taxa de Informalidade,"informal/VD4002 == ""Pessoas ocupadas""",Outro,Micro_2254020,Micro 2254020,0.7486869285601181,0.05909573436190031,[0.633 — 0.865],0.6328592892107935,0.8645145679094427,7.893250450566006,Boa (**)
Taxa_Informalidade,Taxa de Informalidade,"informal/VD4002 == ""Pessoas ocupadas""",Zona,Zona_Rural,Zona Rural,0.681268773115179,0.02061981081127834,[0.641 — 0.722],0.6408539439250734,0.7216836023052845,3.0266778142482456,Excelente (***)
Taxa_Informalidade,Taxa de Informalidade,"informal/VD4002 == ""Pessoas ocupadas""",Zona,Zona_Urbana,Zona Urbana,0.43980909982903427,0.0126599359688019,[0.415 — 0.465],0.4149956253301825,0.464622574327886,2.8785070553845205,Excelente (***)
Taxa_Nem_Nem,Taxa de Nem-Nem (14 a 29 anos),nem_nem/V2009 >= 14 & V2009 <= 29,Agregados nacionais,Brasil,Brasil,0.17884341339110071,0.00163627952215682,[0.176 — 0.182],0.17563630552767334,0.18205052125452809,0.9149229994724768,Excelente (***)
Taxa_Nem_Nem,Taxa de Nem-Nem (14 a 29 anos),nem_nem/V2009 >= 14 & V2009 <= 29,Agregados nacionais,Nordeste,Nordeste,0.2449048305666222,0.00318481709083996,[0.239 — 0.251],0.2386625890685759,0.2511470720646685,1.3004304910897153,Excelente (***)
Taxa_Nem_Nem,Taxa de Nem-Nem (14 a 29 anos),nem_nem/V2009 >= 14 & V2009 <= 29,Agregados nacionais,Piauí,Piauí,0.24267433762071888,0.00983426587223701,[0.223 — 0.262],0.22339917651113433,0.26194949873030343,4.052453987783085,Excelente (***)
Taxa_Nem_Nem,Taxa de Nem-Nem (14 a 29 anos),nem_nem/V2009 >= 14 & V2009 <= 29,Agregados nacionais,Teresina,Teresina,0.17710929595719155,0.01632862415154454,[0.145 — 0.209],0.14510519262016425,0.20911339929421885,9.219518412794816,Boa (**)
Taxa_Nem_Nem,Taxa de Nem-Nem (14 a 29 anos),nem_nem/V2009 >= 14 & V2009 <= 29,Estrato administrativo,Admin_Capital,Capital,0.17710929595719155,0.01632862415154454,[0.145 — 0.209],0.14510519262016425,0.20911339929421885,9.219518412794816,Boa (**)
Taxa_Nem_Nem,Taxa de Nem-Nem (14 a 29 anos),nem_nem/V2009 >= 14 & V2009 <= 29,Estrato administrativo,"Admin_Resto da RIDE (Região Integrada de Desenvolvimento Econômico, excluindo a capital)","Resto da RIDE (Região Integrada de Desenvolvimento Econômico, excluindo a capital)",0.3152393009345286,0.02773342729974766,[0.261 — 0.370],0.26088178342702323,0.369596818442034,8.797579241399077,Boa (**)
Taxa_Nem_Nem,Taxa de Nem-Nem (14 a 29 anos),nem_nem/V2009 >= 14 & V2009 <= 29,Estrato administrativo,"Admin_Resto da UF  (Unidade da Federação, excluindo a região metropolitana e a RIDE)","Resto da UF  (Unidade da Federação, excluindo a região metropolitana e a RIDE)",0.2622617277253385,0.0128547123674907,[0.237 — 0.287],0.23706649148505674,0.28745696396562026,4.9014823775404945,Excelente (***)
Taxa_Nem_Nem,Taxa de Nem-Nem (14 a 29 anos),nem_nem/V2009 >= 14 & V2009 <= 29,Estrato agregado,Agreg_Alto Parnaíba e Chapadas Sul do Piauí,Alto Parnaíba e Chapadas Sul do Piauí,0.3021948343679694,0.03620941834096492,[0.231 — 0.373],0.23122437441967814,0.37316529431626067,11.982143380013671,Boa (**)
Taxa_Nem_Nem,Taxa de Nem-Nem (14 a 29 anos),nem_nem/V2009 >= 14 & V2009 <= 29,Estrato agregado,Agreg_Baixo Parnaíba do Piauí,Baixo Parnaíba do Piauí,0.2447096882223278,0.01798352621611401,[0.209 — 0.280],0.20946197683874435,0.27995739960591126,7.348922859063639,Boa (**)
Taxa_Nem_Nem,Taxa de Nem-Nem (14 a 29 anos),nem_nem/V2009 >= 14 & V2009 <= 29,Estrato agregado,Agreg_Centro-Leste do Piauí,Centro-Leste do Piauí,0.2559941494150941,0.01712486660198684,[0.222 — 0.290],0.22242941087519985,0.2895588879549883,6.689553898444335,Boa (**)
Taxa_Nem_Nem,Taxa de Nem-Nem (14 a 29 anos),nem_nem/V2009 >= 14 & V2009 <= 29,Estrato agregado,Agreg_Entorno metropolitano de Teresina (PI),Entorno metropolitano de Teresina (PI),0.3152393009345286,0.02773342729974766,[0.261 — 0.370],0.26088178342702323,0.369596818442034,8.797579241399077,Boa (**)
Taxa_Nem_Nem,Taxa de Nem-Nem (14 a 29 anos),nem_nem/V2009 >= 14 & V2009 <= 29,Estrato agregado,Agreg_Teresina,Teresina,0.17710929595719155,0.01632862415154454,[0.145 — 0.209],0.14510519262016425,0.20911339929421885,9.219518412794816,Boa (**)
Taxa_Nem_Nem,Taxa de Nem-Nem (14 a 29 anos),nem_nem/V2009 >= 14 & V2009 <= 29,Outro,Micro_2210011,Micro 2210011,0.18881863997944104,0.02859348296472972,[0.133 — 0.245],0.1327754133685708,0.24486186659031128,15.143358181079494,Regular (*)
Taxa_Nem_Nem,Taxa de Nem-Nem (14 a 29 anos),nem_nem/V2009 >= 14 & V2009 <= 29,Outro,Micro_2210012,Micro 2210012,0.1353672713473574,0.0337372726338294,[0.069 — 0.201],0.06924221698505179,0.20149232570966302,24.922769217426502,Regular (*)
Taxa_Nem_Nem,Taxa de Nem-Nem (14 a 29 anos),nem_nem/V2009 >= 14 & V2009 <= 29,Outro,Micro_2210013,Micro 2210013,0.1136179044343304,0.04494671897562123,[0.026 — 0.202],0.02552233524211278,0.201713473626548,39.5595387887125,Baixa
Taxa_Nem_Nem,Taxa de Nem-Nem (14 a 29 anos),nem_nem/V2009 >= 14 & V2009 <= 29,Outro,Micro_2210020,Micro 2210020,0.23967137873113373,0.06093047006250085,[0.120 — 0.359],0.12024765740863205,0.35909510005363543,25.42250575979429,Regular (*)
Taxa_Nem_Nem,Taxa de Nem-Nem (14 a 29 anos),nem_nem/V2009 >= 14 & V2009 <= 29,Outro,Micro_2210030,Micro 2210030,0.1947289289288028,0.01730271687983893,[0.161 — 0.229],0.1608156038443185,0.2286422540132871,8.885540004261609,Boa (**)
Taxa_Nem_Nem,Taxa de Nem-Nem (14 a 29 anos),nem_nem/V2009 >= 14 & V2009 <= 29,Outro,Micro_2220010,Micro 2220010,0.30372429745066293,0.03496544923864725,[0.235 — 0.372],0.2351920169429143,0.37225657795841155,11.512233144378925,Boa (**)
Taxa_Nem_Nem,Taxa de Nem-Nem (14 a 29 anos),nem_nem/V2009 >= 14 & V2009 <= 29,Outro,Micro_2220020,Micro 2220020,0.34277659702137614,0.05027067036606544,[0.244 — 0.441],0.2442460831038879,0.4413071109388644,14.665724207224823,Boa (**)
Taxa_Nem_Nem,Taxa de Nem-Nem (14 a 29 anos),nem_nem/V2009 >= 14 & V2009 <= 29,Outro,Micro_2251011,Micro 2251011,0.15536736962700726,0.05579566958338532,[0.046 — 0.265],0.04600785724357204,0.2647268820104425,35.91208998217245,Baixa
Taxa_Nem_Nem,Taxa de Nem-Nem (14 a 29 anos),nem_nem/V2009 >= 14 & V2009 <= 29,Outro,Micro_2251012,Micro 2251012,0.15931202181189832,0.03658430985036751,[0.088 — 0.231],0.08760677450517801,0.23101726911861864,22.963935448363753,Regular (*)
Taxa_Nem_Nem,Taxa de Nem-Nem (14 a 29 anos),nem_nem/V2009 >= 14 & V2009 <= 29,Outro,Micro_2251013,Micro 2251013,0.22523592329243405,0.03197406952589006,[0.163 — 0.288],0.16256674702168955,0.28790509956317856,14.19581257665398,Boa (**)
Taxa_Nem_Nem,Taxa de Nem-Nem (14 a 29 anos),nem_nem/V2009 >= 14 & V2009 <= 29,Outro,Micro_2251020,Micro 2251020,0.3661710601166066,0.02807102647366836,[0.311 — 0.421],0.3111518482282166,0.4211902720049966,7.66609640443163,Boa (**)
Taxa_Nem_Nem,Taxa de Nem-Nem (14 a 29 anos),nem_nem/V2009 >= 14 & V2009 <= 29,Outro,Micro_2251021,Micro 2251021,0.27247268825099097,0.02811628541884884,[0.217 — 0.328],0.21736476883004724,0.3275806076719347,10.318937138003806,Boa (**)
Taxa_Nem_Nem,Taxa de Nem-Nem (14 a 29 anos),nem_nem/V2009 >= 14 & V2009 <= 29,Outro,Micro_2251022,Micro 2251022,0.497890717903422,0.07300053000650242,[0.355 — 0.641],0.3548096790906773,0.6409717567161667,14.66195841406761,Boa (**)
Taxa_Nem_Nem,Taxa de Nem-Nem (14 a 29 anos),nem_nem/V2009 >= 14 & V2009 <= 29,Outro,Micro_2252011,Micro 2252011,0.23798254274920885,0.031088076289907,[0.177 — 0.299],0.17704991322099112,0.2989151722774266,13.06317510972571,Boa (**)
Taxa_Nem_Nem,Taxa de Nem-Nem (14 a 29 anos),nem_nem/V2009 >= 14 & V2009 <= 29,Outro,Micro_2252012,Micro 2252012,0.1904026431860328,0.0399692404029316,[0.112 — 0.269],0.11206293199628688,0.26874235437577876,20.991956694571552,Regular (*)
Taxa_Nem_Nem,Taxa de Nem-Nem (14 a 29 anos),nem_nem/V2009 >= 14 & V2009 <= 29,Outro,Micro_2252013,Micro 2252013,0.16450505224626102,0.0391435070325345,[0.088 — 0.241],0.08778377846249341,0.24122632603002864,23.79471420363272,Regular (*)
Taxa_Nem_Nem,Taxa de Nem-Nem (14 a 29 anos),nem_nem/V2009 >= 14 & V2009 <= 29,Outro,Micro_2252020,Micro 2252020,0.3054234124168451,0.03202239150584686,[0.243 — 0.368],0.24265952506538527,0.368187299768305,10.48458965619255,Boa (**)
Taxa_Nem_Nem,Taxa de Nem-Nem (14 a 29 anos),nem_nem/V2009 >= 14 & V2009 <= 29,Outro,Micro_2252021,Micro 2252021,0.15638688534631523,0.07960152171233531,[0.000 — 0.312],3.6790279013801386e-4,0.3124058679024925,50.90038179100475,Baixa
Taxa_Nem_Nem,Taxa de Nem-Nem (14 a 29 anos),nem_nem/V2009 >= 14 & V2009 <= 29,Outro,Micro_2252022,Micro 2252022,0.33455705399212554,0.14772599736161793,[0.045 — 0.624],0.045014099163354415,0.6241000088208967,44.15569649447444,Baixa
Taxa_Nem_Nem,Taxa de Nem-Nem (14 a 29 anos),nem_nem/V2009 >= 14 & V2009 <= 29,Outro,Micro_2253010,Micro 2253010,0.30564777496281437,0.04338062761590526,[0.221 — 0.391],0.22062174483564007,0.39067380508998867,14.19301273211723,Boa (**)
Taxa_Nem_Nem,Taxa de Nem-Nem (14 a 29 anos),nem_nem/V2009 >= 14 & V2009 <= 29,Outro,Micro_2253011,Micro 2253011,0.2366262429429243,0.0705807354960966,[0.098 — 0.375],0.09828800137057497,0.37496448451527364,29.82794072976982,Regular (*)
Taxa_Nem_Nem,Taxa de Nem-Nem (14 a 29 anos),nem_nem/V2009 >= 14 & V2009 <= 29,Outro,Micro_2253012,Micro 2253012,0.2374046898567044,0.05738536761298936,[0.125 — 0.350],0.12492936933524526,0.3498800103781635,24.17196039708681,Regular (*)
Taxa_Nem_Nem,Taxa de Nem-Nem (14 a 29 anos),nem_nem/V2009 >= 14 & V2009 <= 29,Outro,Micro_2253020,Micro 2253020,0.3938454447836274,0.08326315253441899,[0.231 — 0.557],0.23064966581616617,0.5570412237510886,21.14107288460896,Regular (*)
Taxa_Nem_Nem,Taxa de Nem-Nem (14 a 29 anos),nem_nem/V2009 >= 14 & V2009 <= 29,Outro,Micro_2253021,Micro 2253021,0.4688240310013367,0.23002050077986075,[0.018 — 0.920],0.01798384947280962,0.9196642125298637,49.063291463232375,Baixa
Taxa_Nem_Nem,Taxa de Nem-Nem (14 a 29 anos),nem_nem/V2009 >= 14 & V2009 <= 29,Outro,Micro_2253022,Micro 2253022,0.2935559307413941,0.1034339749473208,[0.091 — 0.496],0.0908253398446453,0.49628652163814285,35.23484423772047,Baixa
Taxa_Nem_Nem,Taxa de Nem-Nem (14 a 29 anos),nem_nem/V2009 >= 14 & V2009 <= 29,Outro,Micro_2254020,Micro 2254020,0.32200143404783527,0.0471816377429778,[0.230 — 0.414],0.22952542407159876,0.4144774440240718,14.652617272495963,Boa (**)
Taxa_Nem_Nem,Taxa de Nem-Nem (14 a 29 anos),nem_nem/V2009 >= 14 & V2009 <= 29,Zona,Zona_Rural,Zona Rural,0.33414863994135063,0.0190049559192006,[0.297 — 0.371],0.2968989263397175,0.3713983535429838,5.687575422284025,Boa (**)
Taxa_Nem_Nem,Taxa de Nem-Nem (14 a 29 anos),nem_nem/V2009 >= 14 & V2009 <= 29,Zona,Zona_Urbana,Zona Urbana,0.20644971506362245,0.01147623388510693,[0.184 — 0.229],0.18395629664881286,0.22894313347843204,5.55885188873729,Boa (**)
Taxa_Participacao,Taxa_Participacao,ft/pit,Agregados nacionais,Brasil,Brasil,0.6209745938674374,9.968289877362658e-4,[0.619 — 0.623],0.6190208090514743,0.6229283786834005,0.1605265332238478,Excelente (***)
Taxa_Participacao,Taxa_Participacao,ft/pit,Agregados nacionais,Nordeste,Nordeste,0.5419010309406662,0.00226661112876028,[0.537 — 0.546],0.5374584731282961,0.5463435887530363,0.41827031124590275,Excelente (***)
Taxa_Participacao,Taxa_Participacao,ft/pit,Agregados nacionais,Piauí,Piauí,0.5288431459298752,0.00775927136580625,[0.514 — 0.544],0.513634974052895,0.54405131780685545,1.4672160215224064,Excelente (***)
Taxa_Participacao,Taxa_Participacao,ft/pit,Agregados nacionais,Teresina,Teresina,0.6233241122593332,0.01212107276876561,[0.600 — 0.647],0.5995668096325526,0.6470814148861137,1.9445858952625683,Excelente (***)
Taxa_Participacao,Taxa_Participacao,ft/pit,Estrato administrativo,Admin_Capital,Capital,0.6233241122593332,0.01212107276876561,[0.600 — 0.647],0.5995668096325526,0.6470814148861137,1.9445858952625683,Excelente (***)
Taxa_Participacao,Taxa_Participacao,ft/pit,Estrato administrativo,"Admin_Resto da RIDE (Região Integrada de Desenvolvimento Econômico, excluindo a capital)","Resto da RIDE (Região Integrada de Desenvolvimento Econômico, excluindo a capital)",0.5294281610048586,0.02338098361430074,[0.484 — 0.575],0.4836014331208291,0.575254888888888,4.416271240638855,Excelente (***)
Taxa_Participacao,Taxa_Participacao,ft/pit,Estrato administrativo,"Admin_Resto da UF  (Unidade da Federação, excluindo a região metropolitana e a RIDE)","Resto da UF  (Unidade da Federação, excluindo a região metropolitana e a RIDE)",0.49000315795605737,0.01003446105230769,[0.470 — 0.510],0.4703356142935343,0.5096707016185804,2.0478359964381214,Excelente (***)
Taxa_Participacao,Taxa_Participacao,ft/pit,Estrato agregado,Agreg_Alto Parnaíba e Chapadas Sul do Piauí,Alto Parnaíba e Chapadas Sul do Piauí,0.5176549424968206,0.02141599560179864,[0.476 — 0.560],0.4756795911172953,0.559630293876346,4.137117960953337,Excelente (***)
Taxa_Participacao,Taxa_Participacao,ft/pit,Estrato agregado,Agreg_Baixo Parnaíba do Piauí,Baixo Parnaíba do Piauí,0.4831714752639389,0.01612159685526881,[0.452 — 0.515],0.451573145427612,0.5147698051002657,3.336620160878117,Excelente (***)
Taxa_Participacao,Taxa_Participacao,ft/pit,Estrato agregado,Agreg_Centro-Leste do Piauí,Centro-Leste do Piauí,0.4779495082577837,0.01854716434181795,[0.442 — 0.514],0.4415970661478205,0.5143019503677468,3.8805698136244287,Excelente (***)
Taxa_Participacao,Taxa_Participacao,ft/pit,Estrato agregado,Agreg_Entorno metropolitano de Teresina (PI),Entorno metropolitano de Teresina (PI),0.5294281610048586,0.02338098361430074,[0.484 — 0.575],0.4836014331208291,0.575254888888888,4.416271240638855,Excelente (***)
Taxa_Participacao,Taxa_Participacao,ft/pit,Estrato agregado,Agreg_Teresina,Teresina,0.6233241122593332,0.01212107276876561,[0.600 — 0.647],0.5995668096325526,0.6470814148861137,1.9445858952625683,Excelente (***)
Taxa_Participacao,Taxa_Participacao,ft/pit,Outro,Micro_2210011,Micro 2210011,0.6440040546193403,0.01478162581222922,[0.615 — 0.673],0.615032068027371,0.6729760412113096,2.2952690602183217,Excelente (***)
Taxa_Participacao,Taxa_Participacao,ft/pit,Outro,Micro_2210012,Micro 2210012,0.5990202687236102,0.03562684077855779,[0.529 — 0.669],0.529191660797637,0.6688488766495835,5.947518412769455,Boa (**)
Taxa_Participacao,Taxa_Participacao,ft/pit,Outro,Micro_2210013,Micro 2210013,0.654171225647572,0.02922420321779197,[0.597 — 0.711],0.5968917873406998,0.7114506639544442,4.467362988774472,Excelente (***)
Taxa_Participacao,Taxa_Participacao,ft/pit,Outro,Micro_2210020,Micro 2210020,0.4979519874967511,0.03041437437268652,[0.438 — 0.558],0.43833981372628555,0.5575641612672168,6.107892956825474,Boa (**)
Taxa_Participacao,Taxa_Participacao,ft/pit,Outro,Micro_2210030,Micro 2210030,0.6067541533467266,0.02625198408298365,[0.555 — 0.658],0.5553002645440785,0.6582080421493746,4.3266261859409285,Excelente (***)
Taxa_Participacao,Taxa_Participacao,ft/pit,Outro,Micro_2220010,Micro 2220010,0.5825053321284257,0.0302204860654167,[0.523 — 0.642],0.523273179440209,0.6417374848166424,5.188018786882787,Boa (**)
Taxa_Participacao,Taxa_Participacao,ft/pit,Outro,Micro_2220020,Micro 2220020,0.4305769846293306,0.02089332158533169,[0.390 — 0.472],0.38962607432208046,0.4715278949365807,4.852400925079183,Excelente (***)
Taxa_Participacao,Taxa_Participacao,ft/pit,Outro,Micro_2251011,Micro 2251011,0.502703418758033,0.02614331079330356,[0.451 — 0.554],0.4514625296031581,0.553944307912908,5.200543664073858,Boa (**)
Taxa_Participacao,Taxa_Participacao,ft/pit,Outro,Micro_2251012,Micro 2251012,0.5965089207423324,0.03627187729172405,[0.525 — 0.668],0.5254160412505533,0.6676018002341115,6.080693185038221,Boa (**)
Taxa_Participacao,Taxa_Participacao,ft/pit,Outro,Micro_2251013,Micro 2251013,0.5195934102903789,0.04866386674520325,[0.424 — 0.615],0.4242122314697805,0.6149745891109772,9.365759030317006,Boa (**)
Taxa_Participacao,Taxa_Participacao,ft/pit,Outro,Micro_2251020,Micro 2251020,0.3980776262091882,0.02895313505737381,[0.341 — 0.455],0.34132948149673553,0.45482577092164084,7.273238471875095,Boa (**)
Taxa_Participacao,Taxa_Participacao,ft/pit,Outro,Micro_2251021,Micro 2251021,0.3364207900530729,0.0371783744932055,[0.264 — 0.409],0.2635511760463901,0.4092904040597557,11.051152482978335,Boa (**)
Taxa_Participacao,Taxa_Participacao,ft/pit,Outro,Micro_2251022,Micro 2251022,0.4250079360928906,0.07437205256410796,[0.279 — 0.571],0.279238713067239,0.5707771591185422,17.498979724428736,Regular (*)
Taxa_Participacao,Taxa_Participacao,ft/pit,Outro,Micro_2252011,Micro 2252011,0.5134509514541652,0.0245418480935896,[0.465 — 0.562],0.46534892919072957,0.5615529737176008,4.779784324887048,Excelente (***)
Taxa_Participacao,Taxa_Participacao,ft/pit,Outro,Micro_2252012,Micro 2252012,0.5710968609640926,0.03463498117247692,[0.503 — 0.639],0.5032122978660378,0.6389814240621474,6.064642189419173,Boa (**)
Taxa_Participacao,Taxa_Participacao,ft/pit,Outro,Micro_2252013,Micro 2252013,0.5801246684793858,0.03826519506300856,[0.505 — 0.655],0.505124886155889,0.6551244508028826,6.596029636751824,Boa (**)
Taxa_Participacao,Taxa_Participacao,ft/pit,Outro,Micro_2252020,Micro 2252020,0.40058869531301616,0.03422525878469466,[0.334 — 0.468],0.3335071880950146,0.4676702025310177,8.543740546135824,Boa (**)
Taxa_Participacao,Taxa_Participacao,ft/pit,Outro,Micro_2252021,Micro 2252021,0.516819823364426,0.07734914268248913,[0.365 — 0.668],0.36521550370674727,0.6684241430221047,14.9663652951539,Boa (**)
Taxa_Participacao,Taxa_Participacao,ft/pit,Outro,Micro_2252022,Micro 2252022,0.27791056924144353,0.09880042411105176,[0.084 — 0.472],0.08426173798378209,0.47155940049910494,35.551157475128555,Baixa
Taxa_Participacao,Taxa_Participacao,ft/pit,Outro,Micro_2253010,Micro 2253010,0.589703021368877,0.06777346153562541,[0.457 — 0.723],0.45686703675905116,0.7225390059787028,11.492812327517493,Boa (**)
Taxa_Participacao,Taxa_Participacao,ft/pit,Outro,Micro_2253011,Micro 2253011,0.5900101475774437,0.04194824503443408,[0.508 — 0.672],0.507791587309953,0.6722287078449345,7.10974975713075,Boa (**)
Taxa_Participacao,Taxa_Participacao,ft/pit,Outro,Micro_2253012,Micro 2253012,0.5628250212168674,0.03973796552838157,[0.485 — 0.641],0.4849386087812395,0.6407114336524953,7.0604475690269215,Boa (**)
Taxa_Participacao,Taxa_Participacao,ft/pit,Outro,Micro_2253020,Micro 2253020,0.384804836177276,0.03809980172084448,[0.310 — 0.459],0.31012922480442084,0.4594804475501312,9.901071436454673,Boa (**)
Taxa_Participacao,Taxa_Participacao,ft/pit,Outro,Micro_2253021,Micro 2253021,0.4029031567564666,0.04508502694734004,[0.315 — 0.491],0.31453650393968013,0.49126980957325306,11.19004063167257,Boa (**)
Taxa_Participacao,Taxa_Participacao,ft/pit,Outro,Micro_2253022,Micro 2253022,0.4460040103290765,0.11978180627733466,[0.211 — 0.681],0.21123167002550056,0.6807763506326524,26.85666574812986,Regular (*)
Taxa_Participacao,Taxa_Participacao,ft/pit,Outro,Micro_2254020,Micro 2254020,0.5195696458977174,0.02680866763778798,[0.467 — 0.572],0.4670246573276529,0.5721146344677818,5.159783264757068,Boa (**)
Taxa_Participacao,Taxa_Participacao,ft/pit,Zona,Zona_Rural,Zona Rural,0.4061938502951458,0.0145475115114108,[0.378 — 0.435],0.37768072773278066,0.434706972857511,3.5814209153684593,Excelente (***)
Taxa_Participacao,Taxa_Participacao,ft/pit,Zona,Zona_Urbana,Zona Urbana,0.5826015293587983,0.00899179781163625,[0.565 — 0.600],0.5649776056479913,0.6002254530696053,1.5433872653119323,Excelente (***)
Taxa_Subocupacao,Subocupação por Insuficiência de Horas,"!is.na(VD4004A) & VD4004A == ""Pessoas subocupadas""/VD4002 == ""Pessoas ocupadas""",Agregados nacionais,Brasil,Brasil,0.03953860469336481,6.735465923529747e-4,[0.038 — 0.041],0.038218453372352974,0.04085875601437664,1.703516342006895,Excelente (***)
Taxa_Subocupacao,Subocupação por Insuficiência de Horas,"!is.na(VD4004A) & VD4004A == ""Pessoas subocupadas""/VD4002 == ""Pessoas ocupadas""",Agregados nacionais,Nordeste,Nordeste,0.07319940709507577,0.00177058710562742,[0.070 — 0.077],0.06972905636804604,0.07666975782210551,2.4188544359760664,Excelente (***)
Taxa_Subocupacao,Subocupação por Insuficiência de Horas,"!is.na(VD4004A) & VD4004A == ""Pessoas subocupadas""/VD4002 == ""Pessoas ocupadas""",Agregados nacionais,Piauí,Piauí,0.11158293654189068,0.00675848914558867,[0.098 — 0.125],0.09833629781653688,0.12482957526724447,6.056919951243069,Boa (**)
Taxa_Subocupacao,Subocupação por Insuficiência de Horas,"!is.na(VD4004A) & VD4004A == ""Pessoas subocupadas""/VD4002 == ""Pessoas ocupadas""",Agregados nacionais,Teresina,Teresina,0.01303331260778053,0.00290828688722962,[0.007 — 0.019],0.007333070308810476,0.018733554906750584,22.31425712518744,Regular (*)
Taxa_Subocupacao,Subocupação por Insuficiência de Horas,"!is.na(VD4004A) & VD4004A == ""Pessoas subocupadas""/VD4002 == ""Pessoas ocupadas""",Estrato administrativo,Admin_Capital,Capital,0.01303331260778053,0.00290828688722962,[0.007 — 0.019],0.007333070308810476,0.018733554906750584,22.31425712518744,Regular (*)
Taxa_Subocupacao,Subocupação por Insuficiência de Horas,"!is.na(VD4004A) & VD4004A == ""Pessoas subocupadas""/VD4002 == ""Pessoas ocupadas""",Estrato administrativo,"Admin_Resto da RIDE (Região Integrada de Desenvolvimento Econômico, excluindo a capital)","Resto da RIDE (Região Integrada de Desenvolvimento Econômico, excluindo a capital)",0.06400233300686657,0.01864255600902535,[0.027 — 0.101],0.027462923229176886,0.10054174278455626,29.127931956832352,Regular (*)
Taxa_Subocupacao,Subocupação por Insuficiência de Horas,"!is.na(VD4004A) & VD4004A == ""Pessoas subocupadas""/VD4002 == ""Pessoas ocupadas""",Estrato administrativo,"Admin_Resto da UF  (Unidade da Federação, excluindo a região metropolitana e a RIDE)","Resto da UF  (Unidade da Federação, excluindo a região metropolitana e a RIDE)",0.16813488489797462,0.01116680227084418,[0.146 — 0.190],0.14624795244712002,0.19002181734882923,6.641573685092342,Boa (**)
Taxa_Subocupacao,Subocupação por Insuficiência de Horas,"!is.na(VD4004A) & VD4004A == ""Pessoas subocupadas""/VD4002 == ""Pessoas ocupadas""",Estrato agregado,Agreg_Alto Parnaíba e Chapadas Sul do Piauí,Alto Parnaíba e Chapadas Sul do Piauí,0.1525818078276309,0.019348676955049,[0.115 — 0.191],0.11465840099573485,0.19050521465952694,12.680854441642792,Boa (**)
Taxa_Subocupacao,Subocupação por Insuficiência de Horas,"!is.na(VD4004A) & VD4004A == ""Pessoas subocupadas""/VD4002 == ""Pessoas ocupadas""",Estrato agregado,Agreg_Baixo Parnaíba do Piauí,Baixo Parnaíba do Piauí,0.13836617376945912,0.02096015520726111,[0.097 — 0.179],0.09728426956322735,0.1794480779756909,15.148323203750785,Regular (*)
Taxa_Subocupacao,Subocupação por Insuficiência de Horas,"!is.na(VD4004A) & VD4004A == ""Pessoas subocupadas""/VD4002 == ""Pessoas ocupadas""",Estrato agregado,Agreg_Centro-Leste do Piauí,Centro-Leste do Piauí,0.21349808392941655,0.01831441705418644,[0.178 — 0.249],0.17760182650321113,0.24939434135562197,8.578258276191963,Boa (**)
Taxa_Subocupacao,Subocupação por Insuficiência de Horas,"!is.na(VD4004A) & VD4004A == ""Pessoas subocupadas""/VD4002 == ""Pessoas ocupadas""",Estrato agregado,Agreg_Entorno metropolitano de Teresina (PI),Entorno metropolitano de Teresina (PI),0.06400233300686657,0.01864255600902535,[0.027 — 0.101],0.027462923229176886,0.10054174278455626,29.127931956832352,Regular (*)
Taxa_Subocupacao,Subocupação por Insuficiência de Horas,"!is.na(VD4004A) & VD4004A == ""Pessoas subocupadas""/VD4002 == ""Pessoas ocupadas""",Estrato agregado,Agreg_Teresina,Teresina,0.01303331260778053,0.00290828688722962,[0.007 — 0.019],0.007333070308810476,0.018733554906750584,22.31425712518744,Regular (*)
Taxa_Subocupacao,Subocupação por Insuficiência de Horas,"!is.na(VD4004A) & VD4004A == ""Pessoas subocupadas""/VD4002 == ""Pessoas ocupadas""",Outro,Micro_2210011,Micro 2210011,0.01333289626017888,0.00451722160307655,[0.004 — 0.022],0.004479141918148842,0.022186650602208917,33.88027263489669,Baixa
Taxa_Subocupacao,Subocupação por Insuficiência de Horas,"!is.na(VD4004A) & VD4004A == ""Pessoas subocupadas""/VD4002 == ""Pessoas ocupadas""",Outro,Micro_2210012,Micro 2210012,0.00616538644860425,0.00442179815679223,[-0.003 — 0.015],-0.002501337938708519,0.014832110835917019,71.71972419982299,Baixa
Taxa_Subocupacao,Subocupação por Insuficiência de Horas,"!is.na(VD4004A) & VD4004A == ""Pessoas subocupadas""/VD4002 == ""Pessoas ocupadas""",Outro,Micro_2210013,Micro 2210013,0.00867946470786767,0.00595529134515503,[-0.003 — 0.020],-0.0029929063286361877,0.02035183574437153,68.61357866639794,Baixa
Taxa_Subocupacao,Subocupação por Insuficiência de Horas,"!is.na(VD4004A) & VD4004A == ""Pessoas subocupadas""/VD4002 == ""Pessoas ocupadas""",Outro,Micro_2210020,Micro 2210020,0.04007299260138888,0.02644930394358054,[-0.012 — 0.092],-0.011767643128028978,0.09191362833080674,66.00281692629025,Baixa
Taxa_Subocupacao,Subocupação por Insuficiência de Horas,"!is.na(VD4004A) & VD4004A == ""Pessoas subocupadas""/VD4002 == ""Pessoas ocupadas""",Outro,Micro_2210030,Micro 2210030,0.01825302866584952,0.00808248805970123,[0.002 — 0.034],0.0024113520688351063,0.03409470526286393,44.280257307781206,Baixa
Taxa_Subocupacao,Subocupação por Insuficiência de Horas,"!is.na(VD4004A) & VD4004A == ""Pessoas subocupadas""/VD4002 == ""Pessoas ocupadas""",Outro,Micro_2220010,Micro 2220010,0.04622655585965531,0.01966044824803356,[0.008 — 0.085],0.007692077293509535,0.08476103442580107,42.53063608658852,Baixa
Taxa_Subocupacao,Subocupação por Insuficiência de Horas,"!is.na(VD4004A) & VD4004A == ""Pessoas subocupadas""/VD4002 == ""Pessoas ocupadas""",Outro,Micro_2220020,Micro 2220020,0.11110292986769928,0.04629104183482695,[0.020 — 0.202],0.020372487871438458,0.2018333718639601,41.665005495309664,Baixa
Taxa_Subocupacao,Subocupação por Insuficiência de Horas,"!is.na(VD4004A) & VD4004A == ""Pessoas subocupadas""/VD4002 == ""Pessoas ocupadas""",Outro,Micro_2251011,Micro 2251011,0.1549657608862854,0.04130972049385233,[0.074 — 0.236],0.07399870871833482,0.23593281305423597,26.657321112478254,Regular (*)
Taxa_Subocupacao,Subocupação por Insuficiência de Horas,"!is.na(VD4004A) & VD4004A == ""Pessoas subocupadas""/VD4002 == ""Pessoas ocupadas""",Outro,Micro_2251012,Micro 2251012,0.14464273090849686,0.03050439471916924,[0.085 — 0.204],0.08485411725892515,0.20443134455806855,21.08947648289825,Regular (*)
Taxa_Subocupacao,Subocupação por Insuficiência de Horas,"!is.na(VD4004A) & VD4004A == ""Pessoas subocupadas""/VD4002 == ""Pessoas ocupadas""",Outro,Micro_2251013,Micro 2251013,0.2636690330936726,0.04508968051203006,[0.175 — 0.352],0.1752932592900937,0.35204480689725154,17.1008631476307,Regular (*)
Taxa_Subocupacao,Subocupação por Insuficiência de Horas,"!is.na(VD4004A) & VD4004A == ""Pessoas subocupadas""/VD4002 == ""Pessoas ocupadas""",Outro,Micro_2251020,Micro 2251020,0.2746974320083568,0.03794463591411362,[0.200 — 0.349],0.2003259456166941,0.34906891840001947,13.813247410685397,Boa (**)
Taxa_Subocupacao,Subocupação por Insuficiência de Horas,"!is.na(VD4004A) & VD4004A == ""Pessoas subocupadas""/VD4002 == ""Pessoas ocupadas""",Outro,Micro_2251021,Micro 2251021,0.23117848993307435,0.07759360370232084,[0.079 — 0.383],0.079095026676525515,0.3832619531896232,33.564369991682184,Baixa
Taxa_Subocupacao,Subocupação por Insuficiência de Horas,"!is.na(VD4004A) & VD4004A == ""Pessoas subocupadas""/VD4002 == ""Pessoas ocupadas""",Outro,Micro_2251022,Micro 2251022,0.2122026920281901,0.15935766287377237,[-0.100 — 0.525],-0.10013832720440374,0.5245437112607839,75.09690916296316,Baixa
Taxa_Subocupacao,Subocupação por Insuficiência de Horas,"!is.na(VD4004A) & VD4004A == ""Pessoas subocupadas""/VD4002 == ""Pessoas ocupadas""",Outro,Micro_2252011,Micro 2252011,0.14317557327175426,0.04243128985326507,[0.060 — 0.226],0.06001024515935473,0.2263409013841538,29.63584421815333,Regular (*)
Taxa_Subocupacao,Subocupação por Insuficiência de Horas,"!is.na(VD4004A) & VD4004A == ""Pessoas subocupadas""/VD4002 == ""Pessoas ocupadas""",Outro,Micro_2252012,Micro 2252012,0.11218449952426966,0.02492321834327736,[0.063 — 0.161],0.06333499157144604,0.1610340074770933,22.21627626719103,Regular (*)
Taxa_Subocupacao,Subocupação por Insuficiência de Horas,"!is.na(VD4004A) & VD4004A == ""Pessoas subocupadas""/VD4002 == ""Pessoas ocupadas""",Outro,Micro_2252013,Micro 2252013,0.1031537213014265,0.02852052166868153,[0.047 — 0.159],0.0472534988308107,0.1590539437720423,27.648563046350443,Regular (*)
Taxa_Subocupacao,Subocupação por Insuficiência de Horas,"!is.na(VD4004A) & VD4004A == ""Pessoas subocupadas""/VD4002 == ""Pessoas ocupadas""",Outro,Micro_2252020,Micro 2252020,0.170774187541365,0.04068553708118858,[0.091 — 0.251],0.09103053486223539,0.2505178402204946,23.82417253271002,Regular (*)
Taxa_Subocupacao,Subocupação por Insuficiência de Horas,"!is.na(VD4004A) & VD4004A == ""Pessoas subocupadas""/VD4002 == ""Pessoas ocupadas""",Outro,Micro_2252021,Micro 2252021,0.12457152918626176,0.0213408428946613,[0.083 — 0.166],0.08274347711272562,0.1663995812597979,17.131396743755197,Regular (*)
Taxa_Subocupacao,Subocupação por Insuficiência de Horas,"!is.na(VD4004A) & VD4004A == ""Pessoas subocupadas""/VD4002 == ""Pessoas ocupadas""",Outro,Micro_2252022,Micro 2252022,0.05020091880230824,0.03832722425955152,[-0.025 — 0.125],-0.024920440746412732,0.12532227835102921,76.34765493134607,Baixa
Taxa_Subocupacao,Subocupação por Insuficiência de Horas,"!is.na(VD4004A) & VD4004A == ""Pessoas subocupadas""/VD4002 == ""Pessoas ocupadas""",Outro,Micro_2253010,Micro 2253010,0.17684176985939393,0.04477574187359454,[0.089 — 0.265],0.08908131578714863,0.26460222393163924,25.31966396241992,Regular (*)
Taxa_Subocupacao,Subocupação por Insuficiência de Horas,"!is.na(VD4004A) & VD4004A == ""Pessoas subocupadas""/VD4002 == ""Pessoas ocupadas""",Outro,Micro_2253011,Micro 2253011,0.12320416780895788,0.0304317925865088,[0.064 — 0.183],0.06355785433940063,0.1828504812785151,24.700294744652442,Regular (*)
Taxa_Subocupacao,Subocupação por Insuficiência de Horas,"!is.na(VD4004A) & VD4004A == ""Pessoas subocupadas""/VD4002 == ""Pessoas ocupadas""",Outro,Micro_2253012,Micro 2253012,0.0775105538379419,0.02148194565352899,[0.035 — 0.120],0.03540594035702509,0.11961516731885873,27.714865382646046,Regular (*)
Taxa_Subocupacao,Subocupação por Insuficiência de Horas,"!is.na(VD4004A) & VD4004A == ""Pessoas subocupadas""/VD4002 == ""Pessoas ocupadas""",Outro,Micro_2253020,Micro 2253020,0.21874352279648537,0.05215442632927893,[0.117 — 0.321],0.11652084719109868,0.32096619840187207,23.842729449777753,Regular (*)
Taxa_Subocupacao,Subocupação por Insuficiência de Horas,"!is.na(VD4004A) & VD4004A == ""Pessoas subocupadas""/VD4002 == ""Pessoas ocupadas""",Outro,Micro_2253021,Micro 2253021,0.2917968502682631,0.10291597542136602,[0.090 — 0.494],0.09008153844238567,0.4935121620941405,35.26973486065745,Baixa
Taxa_Subocupacao,Subocupação por Insuficiência de Horas,"!is.na(VD4004A) & VD4004A == ""Pessoas subocupadas""/VD4002 == ""Pessoas ocupadas""",Outro,Micro_2253022,Micro 2253022,0.14892320812045365,0.05752260300339992,[0.036 — 0.262],0.03617890623378982,0.26166751000711747,38.625680798438,Baixa
Taxa_Subocupacao,Subocupação por Insuficiência de Horas,"!is.na(VD4004A) & VD4004A == ""Pessoas subocupadas""/VD4002 == ""Pessoas ocupadas""",Outro,Micro_2254020,Micro 2254020,0.13478959224830728,0.01848610630903312,[0.099 — 0.171],0.09855682388260237,0.1710223606140122,13.714787618749009,Boa (**)
Taxa_Subocupacao,Subocupação por Insuficiência de Horas,"!is.na(VD4004A) & VD4004A == ""Pessoas subocupadas""/VD4002 == ""Pessoas ocupadas""",Zona,Zona_Rural,Zona Rural,0.1935217675688402,0.01710972266079662,[0.160 — 0.227],0.15998671115367885,0.22705682398400157,8.841239347770163,Boa (**)
Taxa_Subocupacao,Subocupação por Insuficiência de Horas,"!is.na(VD4004A) & VD4004A == ""Pessoas subocupadas""/VD4002 == ""Pessoas ocupadas""",Zona,Zona_Urbana,Zona Urbana,0.08745425300052177,0.00724381946256542,[0.073 — 0.102],0.07325636685389356,0.10165213914714999,8.282981346284213,Boa (**)
